Copyright 1986-2022 Xilinx, Inc. All Rights Reserved. Copyright 2022-2026 Advanced Micro Devices, Inc. All Rights Reserved.
------------------------------------------------------------------------------------------------------------------------------------------------------------------------------------------------------------------------------------------
| Tool Version : Vivado v.2025.2.1 (win64) Build 6403652 Thu Mar 19 19:48:24 GMT 2026
| Date         : Fri Apr 10 15:25:30 2026
| Host         : DESKTOP-Q1F9NDB running 64-bit major release  (build 9200)
| Command      : report_timing_summary -max_paths 10 -routable_nets -report_unconstrained -file LedControl_timing_summary_routed.rpt -pb LedControl_timing_summary_routed.pb -rpx LedControl_timing_summary_routed.rpx -warn_on_violation
| Design       : LedControl
| Device       : 7a35t-cpg236
| Speed File   : -1  PRODUCTION 1.23 2018-06-13
| Design State : Routed
------------------------------------------------------------------------------------------------------------------------------------------------------------------------------------------------------------------------------------------

Timing Summary Report

------------------------------------------------------------------------------------------------
| Timer Settings
| --------------
------------------------------------------------------------------------------------------------

  Enable Multi Corner Analysis               :  Yes
  Enable Pessimism Removal                   :  Yes
  Pessimism Removal Resolution               :  Nearest Common Node
  Enable Input Delay Default Clock           :  No
  Enable Preset / Clear Arcs                 :  No
  Disable Flight Delays                      :  No
  Ignore I/O Paths                           :  No
  Timing Early Launch at Borrowing Latches   :  No
  Borrow Time for Max Delay Exceptions       :  Yes
  Merge Timing Exceptions                    :  Yes
  Inter-SLR Compensation                     :  Conservative

  Corner  Analyze    Analyze    
  Name    Max Paths  Min Paths  
  ------  ---------  ---------  
  Slow    Yes        Yes        
  Fast    Yes        Yes        


------------------------------------------------------------------------------------------------
| Report Methodology
| ------------------
------------------------------------------------------------------------------------------------

Rule       Severity  Description                    Violations  
---------  --------  -----------------------------  ----------  
TIMING-18  Warning   Missing input or output delay  8           

Note: This report is based on the most recent report_methodology run and may not be up-to-date. Run report_methodology on the current design for the latest report.



check_timing report

Table of Contents
-----------------
1. checking no_clock (0)
2. checking constant_clock (0)
3. checking pulse_width_clock (0)
4. checking unconstrained_internal_endpoints (0)
5. checking no_input_delay (4)
6. checking no_output_delay (4)
7. checking multiple_clock (0)
8. checking generated_clocks (0)
9. checking loops (0)
10. checking partial_input_delay (0)
11. checking partial_output_delay (0)
12. checking latch_loops (0)

1. checking no_clock (0)
------------------------
 There are 0 register/latch pins with no clock.


2. checking constant_clock (0)
------------------------------
 There are 0 register/latch pins with constant_clock.


3. checking pulse_width_clock (0)
---------------------------------
 There are 0 register/latch pins which need pulse_width check


4. checking unconstrained_internal_endpoints (0)
------------------------------------------------
 There are 0 pins that are not constrained for maximum delay.

 There are 0 pins that are not constrained for maximum delay due to constant clock.


5. checking no_input_delay (4)
------------------------------
 There are 4 input ports with no input delay specified. (HIGH)

 There are 0 input ports with no input delay but user has a false path constraint.


6. checking no_output_delay (4)
-------------------------------
 There are 4 ports with no output delay specified. (HIGH)

 There are 0 ports with no output delay but user has a false path constraint

 There are 0 ports with no output delay but with a timing clock defined on it or propagating through it


7. checking multiple_clock (0)
------------------------------
 There are 0 register/latch pins with multiple clocks.


8. checking generated_clocks (0)
--------------------------------
 There are 0 generated clocks that are not connected to a clock source.


9. checking loops (0)
---------------------
 There are 0 combinational loops in the design.


10. checking partial_input_delay (0)
------------------------------------
 There are 0 input ports with partial input delay specified.


11. checking partial_output_delay (0)
-------------------------------------
 There are 0 ports with partial output delay specified.


12. checking latch_loops (0)
----------------------------
 There are 0 combinational latch loops in the design through latch input



------------------------------------------------------------------------------------------------
| Design Timing Summary
| ---------------------
------------------------------------------------------------------------------------------------

    WNS(ns)      TNS(ns)  TNS Failing Endpoints  TNS Total Endpoints      WHS(ns)      THS(ns)  THS Failing Endpoints  THS Total Endpoints     WPWS(ns)     TPWS(ns)  TPWS Failing Endpoints  TPWS Total Endpoints  
    -------      -------  ---------------------  -------------------      -------      -------  ---------------------  -------------------     --------     --------  ----------------------  --------------------  
      5.907        0.000                      0                  164        0.252        0.000                      0                  164        4.500        0.000                       0                    89  


All user specified timing constraints are met.


------------------------------------------------------------------------------------------------
| Clock Summary
| -------------
------------------------------------------------------------------------------------------------

Clock        Waveform(ns)       Period(ns)      Frequency(MHz)
-----        ------------       ----------      --------------
sys_clk_pin  {0.000 5.000}      10.000          100.000         


------------------------------------------------------------------------------------------------
| Intra Clock Table
| -----------------
------------------------------------------------------------------------------------------------

Clock             WNS(ns)      TNS(ns)  TNS Failing Endpoints  TNS Total Endpoints      WHS(ns)      THS(ns)  THS Failing Endpoints  THS Total Endpoints     WPWS(ns)     TPWS(ns)  TPWS Failing Endpoints  TPWS Total Endpoints  
-----             -------      -------  ---------------------  -------------------      -------      -------  ---------------------  -------------------     --------     --------  ----------------------  --------------------  
sys_clk_pin         5.907        0.000                      0                  164        0.252        0.000                      0                  164        4.500        0.000                       0                    89  


------------------------------------------------------------------------------------------------
| Inter Clock Table
| -----------------
------------------------------------------------------------------------------------------------

From Clock    To Clock          WNS(ns)      TNS(ns)  TNS Failing Endpoints  TNS Total Endpoints      WHS(ns)      THS(ns)  THS Failing Endpoints  THS Total Endpoints  
----------    --------          -------      -------  ---------------------  -------------------      -------      -------  ---------------------  -------------------  


------------------------------------------------------------------------------------------------
| Other Path Groups Table
| -----------------------
------------------------------------------------------------------------------------------------

Path Group    From Clock    To Clock          WNS(ns)      TNS(ns)  TNS Failing Endpoints  TNS Total Endpoints      WHS(ns)      THS(ns)  THS Failing Endpoints  THS Total Endpoints  
----------    ----------    --------          -------      -------  ---------------------  -------------------      -------      -------  ---------------------  -------------------  


------------------------------------------------------------------------------------------------
| User Ignored Path Table
| -----------------------
------------------------------------------------------------------------------------------------

Path Group    From Clock    To Clock    
----------    ----------    --------    


------------------------------------------------------------------------------------------------
| Unconstrained Path Table
| ------------------------
------------------------------------------------------------------------------------------------

Path Group    From Clock    To Clock    
----------    ----------    --------    
(none)        sys_clk_pin                 
(none)                      sys_clk_pin   


------------------------------------------------------------------------------------------------
| Timing Details
| --------------
------------------------------------------------------------------------------------------------


---------------------------------------------------------------------------------------------------
From Clock:  sys_clk_pin
  To Clock:  sys_clk_pin

Setup :            0  Failing Endpoints,  Worst Slack        5.907ns,  Total Violation        0.000ns
Hold  :            0  Failing Endpoints,  Worst Slack        0.252ns,  Total Violation        0.000ns
PW    :            0  Failing Endpoints,  Worst Slack        4.500ns,  Total Violation        0.000ns
---------------------------------------------------------------------------------------------------


Max Delay Paths
--------------------------------------------------------------------------------------
Slack (MET) :             5.907ns  (required time - arrival time)
  Source:                 d3/r_count_reg[5]/C
                            (rising edge-triggered cell FDRE clocked by sys_clk_pin  {rise@0.000ns fall@5.000ns period=10.000ns})
  Destination:            d3/r_count_reg[1]/R
                            (rising edge-triggered cell FDRE clocked by sys_clk_pin  {rise@0.000ns fall@5.000ns period=10.000ns})
  Path Group:             sys_clk_pin
  Path Type:              Setup (Max at Slow Process Corner)
  Requirement:            10.000ns  (sys_clk_pin rise@10.000ns - sys_clk_pin rise@0.000ns)
  Data Path Delay:        3.512ns  (logic 0.766ns (21.813%)  route 2.746ns (78.187%))
  Logic Levels:           2  (LUT4=1 LUT6=1)
  Clock Path Skew:        -0.022ns (DCD - SCD + CPR)
    Destination Clock Delay (DCD):    4.852ns = ( 14.852 - 10.000 ) 
    Source Clock Delay      (SCD):    5.148ns
    Clock Pessimism Removal (CPR):    0.274ns
  Clock Uncertainty:      0.035ns  ((TSJ^2 + TIJ^2)^1/2 + DJ) / 2 + PE
    Total System Jitter     (TSJ):    0.071ns
    Total Input Jitter      (TIJ):    0.000ns
    Discrete Jitter          (DJ):    0.000ns
    Phase Error              (PE):    0.000ns

    Location             Delay type                Incr(ns)  Path(ns)    Netlist Resource(s)
  -------------------------------------------------------------------    -------------------
                         (clock sys_clk_pin rise edge)
                                                      0.000     0.000 r  
    W5                                                0.000     0.000 r  clk (IN)
                         net (fo=0)                   0.000     0.000    clk
    W5                   IBUF (Prop_ibuf_I_O)         1.458     1.458 r  clk_IBUF_inst/O
                         net (fo=1, routed)           1.967     3.425    clk_IBUF
    BUFGCTRL_X0Y0        BUFG (Prop_bufg_I_O)         0.096     3.521 r  clk_IBUF_BUFG_inst/O
                         net (fo=88, routed)          1.627     5.148    d3/clk_IBUF_BUFG
    SLICE_X2Y18          FDRE                                         r  d3/r_count_reg[5]/C
  -------------------------------------------------------------------    -------------------
    SLICE_X2Y18          FDRE (Prop_fdre_C_Q)         0.518     5.666 r  d3/r_count_reg[5]/Q
                         net (fo=2, routed)           1.096     6.762    d3/r_count_reg_n_0_[5]
    SLICE_X4Y18          LUT4 (Prop_lut4_I0_O)        0.124     6.886 f  d3/r_count[18]_i_4__2/O
                         net (fo=3, routed)           0.828     7.714    d3/r_count[18]_i_4__2_n_0
    SLICE_X4Y19          LUT6 (Prop_lut6_I4_O)        0.124     7.838 r  d3/r_count[18]_i_1__2/O
                         net (fo=19, routed)          0.822     8.660    d3/r_count[18]_i_1__2_n_0
    SLICE_X2Y17          FDRE                                         r  d3/r_count_reg[1]/R
  -------------------------------------------------------------------    -------------------

                         (clock sys_clk_pin rise edge)
                                                     10.000    10.000 r  
    W5                                                0.000    10.000 r  clk (IN)
                         net (fo=0)                   0.000    10.000    clk
    W5                   IBUF (Prop_ibuf_I_O)         1.388    11.388 r  clk_IBUF_inst/O
                         net (fo=1, routed)           1.862    13.250    clk_IBUF
    BUFGCTRL_X0Y0        BUFG (Prop_bufg_I_O)         0.091    13.341 r  clk_IBUF_BUFG_inst/O
                         net (fo=88, routed)          1.511    14.852    d3/clk_IBUF_BUFG
    SLICE_X2Y17          FDRE                                         r  d3/r_count_reg[1]/C
                         clock pessimism              0.274    15.126    
                         clock uncertainty           -0.035    15.091    
    SLICE_X2Y17          FDRE (Setup_fdre_C_R)       -0.524    14.567    d3/r_count_reg[1]
  -------------------------------------------------------------------
                         required time                         14.567    
                         arrival time                          -8.660    
  -------------------------------------------------------------------
                         slack                                  5.907    

Slack (MET) :             5.907ns  (required time - arrival time)
  Source:                 d3/r_count_reg[5]/C
                            (rising edge-triggered cell FDRE clocked by sys_clk_pin  {rise@0.000ns fall@5.000ns period=10.000ns})
  Destination:            d3/r_count_reg[2]/R
                            (rising edge-triggered cell FDRE clocked by sys_clk_pin  {rise@0.000ns fall@5.000ns period=10.000ns})
  Path Group:             sys_clk_pin
  Path Type:              Setup (Max at Slow Process Corner)
  Requirement:            10.000ns  (sys_clk_pin rise@10.000ns - sys_clk_pin rise@0.000ns)
  Data Path Delay:        3.512ns  (logic 0.766ns (21.813%)  route 2.746ns (78.187%))
  Logic Levels:           2  (LUT4=1 LUT6=1)
  Clock Path Skew:        -0.022ns (DCD - SCD + CPR)
    Destination Clock Delay (DCD):    4.852ns = ( 14.852 - 10.000 ) 
    Source Clock Delay      (SCD):    5.148ns
    Clock Pessimism Removal (CPR):    0.274ns
  Clock Uncertainty:      0.035ns  ((TSJ^2 + TIJ^2)^1/2 + DJ) / 2 + PE
    Total System Jitter     (TSJ):    0.071ns
    Total Input Jitter      (TIJ):    0.000ns
    Discrete Jitter          (DJ):    0.000ns
    Phase Error              (PE):    0.000ns

    Location             Delay type                Incr(ns)  Path(ns)    Netlist Resource(s)
  -------------------------------------------------------------------    -------------------
                         (clock sys_clk_pin rise edge)
                                                      0.000     0.000 r  
    W5                                                0.000     0.000 r  clk (IN)
                         net (fo=0)                   0.000     0.000    clk
    W5                   IBUF (Prop_ibuf_I_O)         1.458     1.458 r  clk_IBUF_inst/O
                         net (fo=1, routed)           1.967     3.425    clk_IBUF
    BUFGCTRL_X0Y0        BUFG (Prop_bufg_I_O)         0.096     3.521 r  clk_IBUF_BUFG_inst/O
                         net (fo=88, routed)          1.627     5.148    d3/clk_IBUF_BUFG
    SLICE_X2Y18          FDRE                                         r  d3/r_count_reg[5]/C
  -------------------------------------------------------------------    -------------------
    SLICE_X2Y18          FDRE (Prop_fdre_C_Q)         0.518     5.666 r  d3/r_count_reg[5]/Q
                         net (fo=2, routed)           1.096     6.762    d3/r_count_reg_n_0_[5]
    SLICE_X4Y18          LUT4 (Prop_lut4_I0_O)        0.124     6.886 f  d3/r_count[18]_i_4__2/O
                         net (fo=3, routed)           0.828     7.714    d3/r_count[18]_i_4__2_n_0
    SLICE_X4Y19          LUT6 (Prop_lut6_I4_O)        0.124     7.838 r  d3/r_count[18]_i_1__2/O
                         net (fo=19, routed)          0.822     8.660    d3/r_count[18]_i_1__2_n_0
    SLICE_X2Y17          FDRE                                         r  d3/r_count_reg[2]/R
  -------------------------------------------------------------------    -------------------

                         (clock sys_clk_pin rise edge)
                                                     10.000    10.000 r  
    W5                                                0.000    10.000 r  clk (IN)
                         net (fo=0)                   0.000    10.000    clk
    W5                   IBUF (Prop_ibuf_I_O)         1.388    11.388 r  clk_IBUF_inst/O
                         net (fo=1, routed)           1.862    13.250    clk_IBUF
    BUFGCTRL_X0Y0        BUFG (Prop_bufg_I_O)         0.091    13.341 r  clk_IBUF_BUFG_inst/O
                         net (fo=88, routed)          1.511    14.852    d3/clk_IBUF_BUFG
    SLICE_X2Y17          FDRE                                         r  d3/r_count_reg[2]/C
                         clock pessimism              0.274    15.126    
                         clock uncertainty           -0.035    15.091    
    SLICE_X2Y17          FDRE (Setup_fdre_C_R)       -0.524    14.567    d3/r_count_reg[2]
  -------------------------------------------------------------------
                         required time                         14.567    
                         arrival time                          -8.660    
  -------------------------------------------------------------------
                         slack                                  5.907    

Slack (MET) :             5.907ns  (required time - arrival time)
  Source:                 d3/r_count_reg[5]/C
                            (rising edge-triggered cell FDRE clocked by sys_clk_pin  {rise@0.000ns fall@5.000ns period=10.000ns})
  Destination:            d3/r_count_reg[3]/R
                            (rising edge-triggered cell FDRE clocked by sys_clk_pin  {rise@0.000ns fall@5.000ns period=10.000ns})
  Path Group:             sys_clk_pin
  Path Type:              Setup (Max at Slow Process Corner)
  Requirement:            10.000ns  (sys_clk_pin rise@10.000ns - sys_clk_pin rise@0.000ns)
  Data Path Delay:        3.512ns  (logic 0.766ns (21.813%)  route 2.746ns (78.187%))
  Logic Levels:           2  (LUT4=1 LUT6=1)
  Clock Path Skew:        -0.022ns (DCD - SCD + CPR)
    Destination Clock Delay (DCD):    4.852ns = ( 14.852 - 10.000 ) 
    Source Clock Delay      (SCD):    5.148ns
    Clock Pessimism Removal (CPR):    0.274ns
  Clock Uncertainty:      0.035ns  ((TSJ^2 + TIJ^2)^1/2 + DJ) / 2 + PE
    Total System Jitter     (TSJ):    0.071ns
    Total Input Jitter      (TIJ):    0.000ns
    Discrete Jitter          (DJ):    0.000ns
    Phase Error              (PE):    0.000ns

    Location             Delay type                Incr(ns)  Path(ns)    Netlist Resource(s)
  -------------------------------------------------------------------    -------------------
                         (clock sys_clk_pin rise edge)
                                                      0.000     0.000 r  
    W5                                                0.000     0.000 r  clk (IN)
                         net (fo=0)                   0.000     0.000    clk
    W5                   IBUF (Prop_ibuf_I_O)         1.458     1.458 r  clk_IBUF_inst/O
                         net (fo=1, routed)           1.967     3.425    clk_IBUF
    BUFGCTRL_X0Y0        BUFG (Prop_bufg_I_O)         0.096     3.521 r  clk_IBUF_BUFG_inst/O
                         net (fo=88, routed)          1.627     5.148    d3/clk_IBUF_BUFG
    SLICE_X2Y18          FDRE                                         r  d3/r_count_reg[5]/C
  -------------------------------------------------------------------    -------------------
    SLICE_X2Y18          FDRE (Prop_fdre_C_Q)         0.518     5.666 r  d3/r_count_reg[5]/Q
                         net (fo=2, routed)           1.096     6.762    d3/r_count_reg_n_0_[5]
    SLICE_X4Y18          LUT4 (Prop_lut4_I0_O)        0.124     6.886 f  d3/r_count[18]_i_4__2/O
                         net (fo=3, routed)           0.828     7.714    d3/r_count[18]_i_4__2_n_0
    SLICE_X4Y19          LUT6 (Prop_lut6_I4_O)        0.124     7.838 r  d3/r_count[18]_i_1__2/O
                         net (fo=19, routed)          0.822     8.660    d3/r_count[18]_i_1__2_n_0
    SLICE_X2Y17          FDRE                                         r  d3/r_count_reg[3]/R
  -------------------------------------------------------------------    -------------------

                         (clock sys_clk_pin rise edge)
                                                     10.000    10.000 r  
    W5                                                0.000    10.000 r  clk (IN)
                         net (fo=0)                   0.000    10.000    clk
    W5                   IBUF (Prop_ibuf_I_O)         1.388    11.388 r  clk_IBUF_inst/O
                         net (fo=1, routed)           1.862    13.250    clk_IBUF
    BUFGCTRL_X0Y0        BUFG (Prop_bufg_I_O)         0.091    13.341 r  clk_IBUF_BUFG_inst/O
                         net (fo=88, routed)          1.511    14.852    d3/clk_IBUF_BUFG
    SLICE_X2Y17          FDRE                                         r  d3/r_count_reg[3]/C
                         clock pessimism              0.274    15.126    
                         clock uncertainty           -0.035    15.091    
    SLICE_X2Y17          FDRE (Setup_fdre_C_R)       -0.524    14.567    d3/r_count_reg[3]
  -------------------------------------------------------------------
                         required time                         14.567    
                         arrival time                          -8.660    
  -------------------------------------------------------------------
                         slack                                  5.907    

Slack (MET) :             5.907ns  (required time - arrival time)
  Source:                 d3/r_count_reg[5]/C
                            (rising edge-triggered cell FDRE clocked by sys_clk_pin  {rise@0.000ns fall@5.000ns period=10.000ns})
  Destination:            d3/r_count_reg[4]/R
                            (rising edge-triggered cell FDRE clocked by sys_clk_pin  {rise@0.000ns fall@5.000ns period=10.000ns})
  Path Group:             sys_clk_pin
  Path Type:              Setup (Max at Slow Process Corner)
  Requirement:            10.000ns  (sys_clk_pin rise@10.000ns - sys_clk_pin rise@0.000ns)
  Data Path Delay:        3.512ns  (logic 0.766ns (21.813%)  route 2.746ns (78.187%))
  Logic Levels:           2  (LUT4=1 LUT6=1)
  Clock Path Skew:        -0.022ns (DCD - SCD + CPR)
    Destination Clock Delay (DCD):    4.852ns = ( 14.852 - 10.000 ) 
    Source Clock Delay      (SCD):    5.148ns
    Clock Pessimism Removal (CPR):    0.274ns
  Clock Uncertainty:      0.035ns  ((TSJ^2 + TIJ^2)^1/2 + DJ) / 2 + PE
    Total System Jitter     (TSJ):    0.071ns
    Total Input Jitter      (TIJ):    0.000ns
    Discrete Jitter          (DJ):    0.000ns
    Phase Error              (PE):    0.000ns

    Location             Delay type                Incr(ns)  Path(ns)    Netlist Resource(s)
  -------------------------------------------------------------------    -------------------
                         (clock sys_clk_pin rise edge)
                                                      0.000     0.000 r  
    W5                                                0.000     0.000 r  clk (IN)
                         net (fo=0)                   0.000     0.000    clk
    W5                   IBUF (Prop_ibuf_I_O)         1.458     1.458 r  clk_IBUF_inst/O
                         net (fo=1, routed)           1.967     3.425    clk_IBUF
    BUFGCTRL_X0Y0        BUFG (Prop_bufg_I_O)         0.096     3.521 r  clk_IBUF_BUFG_inst/O
                         net (fo=88, routed)          1.627     5.148    d3/clk_IBUF_BUFG
    SLICE_X2Y18          FDRE                                         r  d3/r_count_reg[5]/C
  -------------------------------------------------------------------    -------------------
    SLICE_X2Y18          FDRE (Prop_fdre_C_Q)         0.518     5.666 r  d3/r_count_reg[5]/Q
                         net (fo=2, routed)           1.096     6.762    d3/r_count_reg_n_0_[5]
    SLICE_X4Y18          LUT4 (Prop_lut4_I0_O)        0.124     6.886 f  d3/r_count[18]_i_4__2/O
                         net (fo=3, routed)           0.828     7.714    d3/r_count[18]_i_4__2_n_0
    SLICE_X4Y19          LUT6 (Prop_lut6_I4_O)        0.124     7.838 r  d3/r_count[18]_i_1__2/O
                         net (fo=19, routed)          0.822     8.660    d3/r_count[18]_i_1__2_n_0
    SLICE_X2Y17          FDRE                                         r  d3/r_count_reg[4]/R
  -------------------------------------------------------------------    -------------------

                         (clock sys_clk_pin rise edge)
                                                     10.000    10.000 r  
    W5                                                0.000    10.000 r  clk (IN)
                         net (fo=0)                   0.000    10.000    clk
    W5                   IBUF (Prop_ibuf_I_O)         1.388    11.388 r  clk_IBUF_inst/O
                         net (fo=1, routed)           1.862    13.250    clk_IBUF
    BUFGCTRL_X0Y0        BUFG (Prop_bufg_I_O)         0.091    13.341 r  clk_IBUF_BUFG_inst/O
                         net (fo=88, routed)          1.511    14.852    d3/clk_IBUF_BUFG
    SLICE_X2Y17          FDRE                                         r  d3/r_count_reg[4]/C
                         clock pessimism              0.274    15.126    
                         clock uncertainty           -0.035    15.091    
    SLICE_X2Y17          FDRE (Setup_fdre_C_R)       -0.524    14.567    d3/r_count_reg[4]
  -------------------------------------------------------------------
                         required time                         14.567    
                         arrival time                          -8.660    
  -------------------------------------------------------------------
                         slack                                  5.907    

Slack (MET) :             5.992ns  (required time - arrival time)
  Source:                 d2/r_count_reg[17]/C
                            (rising edge-triggered cell FDRE clocked by sys_clk_pin  {rise@0.000ns fall@5.000ns period=10.000ns})
  Destination:            d2/r_count_reg[0]/R
                            (rising edge-triggered cell FDRE clocked by sys_clk_pin  {rise@0.000ns fall@5.000ns period=10.000ns})
  Path Group:             sys_clk_pin
  Path Type:              Setup (Max at Slow Process Corner)
  Requirement:            10.000ns  (sys_clk_pin rise@10.000ns - sys_clk_pin rise@0.000ns)
  Data Path Delay:        3.429ns  (logic 0.704ns (20.530%)  route 2.725ns (79.470%))
  Logic Levels:           2  (LUT2=1 LUT6=1)
  Clock Path Skew:        -0.019ns (DCD - SCD + CPR)
    Destination Clock Delay (DCD):    4.853ns = ( 14.853 - 10.000 ) 
    Source Clock Delay      (SCD):    5.146ns
    Clock Pessimism Removal (CPR):    0.274ns
  Clock Uncertainty:      0.035ns  ((TSJ^2 + TIJ^2)^1/2 + DJ) / 2 + PE
    Total System Jitter     (TSJ):    0.071ns
    Total Input Jitter      (TIJ):    0.000ns
    Discrete Jitter          (DJ):    0.000ns
    Phase Error              (PE):    0.000ns

    Location             Delay type                Incr(ns)  Path(ns)    Netlist Resource(s)
  -------------------------------------------------------------------    -------------------
                         (clock sys_clk_pin rise edge)
                                                      0.000     0.000 r  
    W5                                                0.000     0.000 r  clk (IN)
                         net (fo=0)                   0.000     0.000    clk
    W5                   IBUF (Prop_ibuf_I_O)         1.458     1.458 r  clk_IBUF_inst/O
                         net (fo=1, routed)           1.967     3.425    clk_IBUF
    BUFGCTRL_X0Y0        BUFG (Prop_bufg_I_O)         0.096     3.521 r  clk_IBUF_BUFG_inst/O
                         net (fo=88, routed)          1.625     5.146    d2/clk_IBUF_BUFG
    SLICE_X3Y20          FDRE                                         r  d2/r_count_reg[17]/C
  -------------------------------------------------------------------    -------------------
    SLICE_X3Y20          FDRE (Prop_fdre_C_Q)         0.456     5.602 r  d2/r_count_reg[17]/Q
                         net (fo=2, routed)           0.958     6.560    d2/r_count_reg_n_0_[17]
    SLICE_X3Y21          LUT2 (Prop_lut2_I0_O)        0.124     6.684 f  d2/r_count[18]_i_3__1/O
                         net (fo=3, routed)           0.948     7.633    d2/r_count[18]_i_3__1_n_0
    SLICE_X5Y18          LUT6 (Prop_lut6_I3_O)        0.124     7.757 r  d2/r_count[18]_i_1__1/O
                         net (fo=19, routed)          0.819     8.575    d2/r_count[18]_i_1__1_n_0
    SLICE_X2Y16          FDRE                                         r  d2/r_count_reg[0]/R
  -------------------------------------------------------------------    -------------------

                         (clock sys_clk_pin rise edge)
                                                     10.000    10.000 r  
    W5                                                0.000    10.000 r  clk (IN)
                         net (fo=0)                   0.000    10.000    clk
    W5                   IBUF (Prop_ibuf_I_O)         1.388    11.388 r  clk_IBUF_inst/O
                         net (fo=1, routed)           1.862    13.250    clk_IBUF
    BUFGCTRL_X0Y0        BUFG (Prop_bufg_I_O)         0.091    13.341 r  clk_IBUF_BUFG_inst/O
                         net (fo=88, routed)          1.512    14.853    d2/clk_IBUF_BUFG
    SLICE_X2Y16          FDRE                                         r  d2/r_count_reg[0]/C
                         clock pessimism              0.274    15.127    
                         clock uncertainty           -0.035    15.092    
    SLICE_X2Y16          FDRE (Setup_fdre_C_R)       -0.524    14.568    d2/r_count_reg[0]
  -------------------------------------------------------------------
                         required time                         14.568    
                         arrival time                          -8.575    
  -------------------------------------------------------------------
                         slack                                  5.992    

Slack (MET) :             6.031ns  (required time - arrival time)
  Source:                 d3/r_count_reg[5]/C
                            (rising edge-triggered cell FDRE clocked by sys_clk_pin  {rise@0.000ns fall@5.000ns period=10.000ns})
  Destination:            d3/r_count_reg[17]/R
                            (rising edge-triggered cell FDRE clocked by sys_clk_pin  {rise@0.000ns fall@5.000ns period=10.000ns})
  Path Group:             sys_clk_pin
  Path Type:              Setup (Max at Slow Process Corner)
  Requirement:            10.000ns  (sys_clk_pin rise@10.000ns - sys_clk_pin rise@0.000ns)
  Data Path Delay:        3.384ns  (logic 0.766ns (22.639%)  route 2.618ns (77.361%))
  Logic Levels:           2  (LUT4=1 LUT6=1)
  Clock Path Skew:        -0.026ns (DCD - SCD + CPR)
    Destination Clock Delay (DCD):    4.848ns = ( 14.848 - 10.000 ) 
    Source Clock Delay      (SCD):    5.148ns
    Clock Pessimism Removal (CPR):    0.274ns
  Clock Uncertainty:      0.035ns  ((TSJ^2 + TIJ^2)^1/2 + DJ) / 2 + PE
    Total System Jitter     (TSJ):    0.071ns
    Total Input Jitter      (TIJ):    0.000ns
    Discrete Jitter          (DJ):    0.000ns
    Phase Error              (PE):    0.000ns

    Location             Delay type                Incr(ns)  Path(ns)    Netlist Resource(s)
  -------------------------------------------------------------------    -------------------
                         (clock sys_clk_pin rise edge)
                                                      0.000     0.000 r  
    W5                                                0.000     0.000 r  clk (IN)
                         net (fo=0)                   0.000     0.000    clk
    W5                   IBUF (Prop_ibuf_I_O)         1.458     1.458 r  clk_IBUF_inst/O
                         net (fo=1, routed)           1.967     3.425    clk_IBUF
    BUFGCTRL_X0Y0        BUFG (Prop_bufg_I_O)         0.096     3.521 r  clk_IBUF_BUFG_inst/O
                         net (fo=88, routed)          1.627     5.148    d3/clk_IBUF_BUFG
    SLICE_X2Y18          FDRE                                         r  d3/r_count_reg[5]/C
  -------------------------------------------------------------------    -------------------
    SLICE_X2Y18          FDRE (Prop_fdre_C_Q)         0.518     5.666 r  d3/r_count_reg[5]/Q
                         net (fo=2, routed)           1.096     6.762    d3/r_count_reg_n_0_[5]
    SLICE_X4Y18          LUT4 (Prop_lut4_I0_O)        0.124     6.886 f  d3/r_count[18]_i_4__2/O
                         net (fo=3, routed)           0.828     7.714    d3/r_count[18]_i_4__2_n_0
    SLICE_X4Y19          LUT6 (Prop_lut6_I4_O)        0.124     7.838 r  d3/r_count[18]_i_1__2/O
                         net (fo=19, routed)          0.694     8.532    d3/r_count[18]_i_1__2_n_0
    SLICE_X2Y21          FDRE                                         r  d3/r_count_reg[17]/R
  -------------------------------------------------------------------    -------------------

                         (clock sys_clk_pin rise edge)
                                                     10.000    10.000 r  
    W5                                                0.000    10.000 r  clk (IN)
                         net (fo=0)                   0.000    10.000    clk
    W5                   IBUF (Prop_ibuf_I_O)         1.388    11.388 r  clk_IBUF_inst/O
                         net (fo=1, routed)           1.862    13.250    clk_IBUF
    BUFGCTRL_X0Y0        BUFG (Prop_bufg_I_O)         0.091    13.341 r  clk_IBUF_BUFG_inst/O
                         net (fo=88, routed)          1.507    14.848    d3/clk_IBUF_BUFG
    SLICE_X2Y21          FDRE                                         r  d3/r_count_reg[17]/C
                         clock pessimism              0.274    15.122    
                         clock uncertainty           -0.035    15.087    
    SLICE_X2Y21          FDRE (Setup_fdre_C_R)       -0.524    14.563    d3/r_count_reg[17]
  -------------------------------------------------------------------
                         required time                         14.563    
                         arrival time                          -8.532    
  -------------------------------------------------------------------
                         slack                                  6.031    

Slack (MET) :             6.031ns  (required time - arrival time)
  Source:                 d3/r_count_reg[5]/C
                            (rising edge-triggered cell FDRE clocked by sys_clk_pin  {rise@0.000ns fall@5.000ns period=10.000ns})
  Destination:            d3/r_count_reg[18]/R
                            (rising edge-triggered cell FDRE clocked by sys_clk_pin  {rise@0.000ns fall@5.000ns period=10.000ns})
  Path Group:             sys_clk_pin
  Path Type:              Setup (Max at Slow Process Corner)
  Requirement:            10.000ns  (sys_clk_pin rise@10.000ns - sys_clk_pin rise@0.000ns)
  Data Path Delay:        3.384ns  (logic 0.766ns (22.639%)  route 2.618ns (77.361%))
  Logic Levels:           2  (LUT4=1 LUT6=1)
  Clock Path Skew:        -0.026ns (DCD - SCD + CPR)
    Destination Clock Delay (DCD):    4.848ns = ( 14.848 - 10.000 ) 
    Source Clock Delay      (SCD):    5.148ns
    Clock Pessimism Removal (CPR):    0.274ns
  Clock Uncertainty:      0.035ns  ((TSJ^2 + TIJ^2)^1/2 + DJ) / 2 + PE
    Total System Jitter     (TSJ):    0.071ns
    Total Input Jitter      (TIJ):    0.000ns
    Discrete Jitter          (DJ):    0.000ns
    Phase Error              (PE):    0.000ns

    Location             Delay type                Incr(ns)  Path(ns)    Netlist Resource(s)
  -------------------------------------------------------------------    -------------------
                         (clock sys_clk_pin rise edge)
                                                      0.000     0.000 r  
    W5                                                0.000     0.000 r  clk (IN)
                         net (fo=0)                   0.000     0.000    clk
    W5                   IBUF (Prop_ibuf_I_O)         1.458     1.458 r  clk_IBUF_inst/O
                         net (fo=1, routed)           1.967     3.425    clk_IBUF
    BUFGCTRL_X0Y0        BUFG (Prop_bufg_I_O)         0.096     3.521 r  clk_IBUF_BUFG_inst/O
                         net (fo=88, routed)          1.627     5.148    d3/clk_IBUF_BUFG
    SLICE_X2Y18          FDRE                                         r  d3/r_count_reg[5]/C
  -------------------------------------------------------------------    -------------------
    SLICE_X2Y18          FDRE (Prop_fdre_C_Q)         0.518     5.666 r  d3/r_count_reg[5]/Q
                         net (fo=2, routed)           1.096     6.762    d3/r_count_reg_n_0_[5]
    SLICE_X4Y18          LUT4 (Prop_lut4_I0_O)        0.124     6.886 f  d3/r_count[18]_i_4__2/O
                         net (fo=3, routed)           0.828     7.714    d3/r_count[18]_i_4__2_n_0
    SLICE_X4Y19          LUT6 (Prop_lut6_I4_O)        0.124     7.838 r  d3/r_count[18]_i_1__2/O
                         net (fo=19, routed)          0.694     8.532    d3/r_count[18]_i_1__2_n_0
    SLICE_X2Y21          FDRE                                         r  d3/r_count_reg[18]/R
  -------------------------------------------------------------------    -------------------

                         (clock sys_clk_pin rise edge)
                                                     10.000    10.000 r  
    W5                                                0.000    10.000 r  clk (IN)
                         net (fo=0)                   0.000    10.000    clk
    W5                   IBUF (Prop_ibuf_I_O)         1.388    11.388 r  clk_IBUF_inst/O
                         net (fo=1, routed)           1.862    13.250    clk_IBUF
    BUFGCTRL_X0Y0        BUFG (Prop_bufg_I_O)         0.091    13.341 r  clk_IBUF_BUFG_inst/O
                         net (fo=88, routed)          1.507    14.848    d3/clk_IBUF_BUFG
    SLICE_X2Y21          FDRE                                         r  d3/r_count_reg[18]/C
                         clock pessimism              0.274    15.122    
                         clock uncertainty           -0.035    15.087    
    SLICE_X2Y21          FDRE (Setup_fdre_C_R)       -0.524    14.563    d3/r_count_reg[18]
  -------------------------------------------------------------------
                         required time                         14.563    
                         arrival time                          -8.532    
  -------------------------------------------------------------------
                         slack                                  6.031    

Slack (MET) :             6.050ns  (required time - arrival time)
  Source:                 d3/r_count_reg[5]/C
                            (rising edge-triggered cell FDRE clocked by sys_clk_pin  {rise@0.000ns fall@5.000ns period=10.000ns})
  Destination:            d3/r_count_reg[13]/R
                            (rising edge-triggered cell FDRE clocked by sys_clk_pin  {rise@0.000ns fall@5.000ns period=10.000ns})
  Path Group:             sys_clk_pin
  Path Type:              Setup (Max at Slow Process Corner)
  Requirement:            10.000ns  (sys_clk_pin rise@10.000ns - sys_clk_pin rise@0.000ns)
  Data Path Delay:        3.365ns  (logic 0.766ns (22.761%)  route 2.599ns (77.239%))
  Logic Levels:           2  (LUT4=1 LUT6=1)
  Clock Path Skew:        -0.025ns (DCD - SCD + CPR)
    Destination Clock Delay (DCD):    4.849ns = ( 14.849 - 10.000 ) 
    Source Clock Delay      (SCD):    5.148ns
    Clock Pessimism Removal (CPR):    0.274ns
  Clock Uncertainty:      0.035ns  ((TSJ^2 + TIJ^2)^1/2 + DJ) / 2 + PE
    Total System Jitter     (TSJ):    0.071ns
    Total Input Jitter      (TIJ):    0.000ns
    Discrete Jitter          (DJ):    0.000ns
    Phase Error              (PE):    0.000ns

    Location             Delay type                Incr(ns)  Path(ns)    Netlist Resource(s)
  -------------------------------------------------------------------    -------------------
                         (clock sys_clk_pin rise edge)
                                                      0.000     0.000 r  
    W5                                                0.000     0.000 r  clk (IN)
                         net (fo=0)                   0.000     0.000    clk
    W5                   IBUF (Prop_ibuf_I_O)         1.458     1.458 r  clk_IBUF_inst/O
                         net (fo=1, routed)           1.967     3.425    clk_IBUF
    BUFGCTRL_X0Y0        BUFG (Prop_bufg_I_O)         0.096     3.521 r  clk_IBUF_BUFG_inst/O
                         net (fo=88, routed)          1.627     5.148    d3/clk_IBUF_BUFG
    SLICE_X2Y18          FDRE                                         r  d3/r_count_reg[5]/C
  -------------------------------------------------------------------    -------------------
    SLICE_X2Y18          FDRE (Prop_fdre_C_Q)         0.518     5.666 r  d3/r_count_reg[5]/Q
                         net (fo=2, routed)           1.096     6.762    d3/r_count_reg_n_0_[5]
    SLICE_X4Y18          LUT4 (Prop_lut4_I0_O)        0.124     6.886 f  d3/r_count[18]_i_4__2/O
                         net (fo=3, routed)           0.828     7.714    d3/r_count[18]_i_4__2_n_0
    SLICE_X4Y19          LUT6 (Prop_lut6_I4_O)        0.124     7.838 r  d3/r_count[18]_i_1__2/O
                         net (fo=19, routed)          0.676     8.514    d3/r_count[18]_i_1__2_n_0
    SLICE_X2Y20          FDRE                                         r  d3/r_count_reg[13]/R
  -------------------------------------------------------------------    -------------------

                         (clock sys_clk_pin rise edge)
                                                     10.000    10.000 r  
    W5                                                0.000    10.000 r  clk (IN)
                         net (fo=0)                   0.000    10.000    clk
    W5                   IBUF (Prop_ibuf_I_O)         1.388    11.388 r  clk_IBUF_inst/O
                         net (fo=1, routed)           1.862    13.250    clk_IBUF
    BUFGCTRL_X0Y0        BUFG (Prop_bufg_I_O)         0.091    13.341 r  clk_IBUF_BUFG_inst/O
                         net (fo=88, routed)          1.508    14.849    d3/clk_IBUF_BUFG
    SLICE_X2Y20          FDRE                                         r  d3/r_count_reg[13]/C
                         clock pessimism              0.274    15.123    
                         clock uncertainty           -0.035    15.088    
    SLICE_X2Y20          FDRE (Setup_fdre_C_R)       -0.524    14.564    d3/r_count_reg[13]
  -------------------------------------------------------------------
                         required time                         14.564    
                         arrival time                          -8.514    
  -------------------------------------------------------------------
                         slack                                  6.050    

Slack (MET) :             6.050ns  (required time - arrival time)
  Source:                 d3/r_count_reg[5]/C
                            (rising edge-triggered cell FDRE clocked by sys_clk_pin  {rise@0.000ns fall@5.000ns period=10.000ns})
  Destination:            d3/r_count_reg[14]/R
                            (rising edge-triggered cell FDRE clocked by sys_clk_pin  {rise@0.000ns fall@5.000ns period=10.000ns})
  Path Group:             sys_clk_pin
  Path Type:              Setup (Max at Slow Process Corner)
  Requirement:            10.000ns  (sys_clk_pin rise@10.000ns - sys_clk_pin rise@0.000ns)
  Data Path Delay:        3.365ns  (logic 0.766ns (22.761%)  route 2.599ns (77.239%))
  Logic Levels:           2  (LUT4=1 LUT6=1)
  Clock Path Skew:        -0.025ns (DCD - SCD + CPR)
    Destination Clock Delay (DCD):    4.849ns = ( 14.849 - 10.000 ) 
    Source Clock Delay      (SCD):    5.148ns
    Clock Pessimism Removal (CPR):    0.274ns
  Clock Uncertainty:      0.035ns  ((TSJ^2 + TIJ^2)^1/2 + DJ) / 2 + PE
    Total System Jitter     (TSJ):    0.071ns
    Total Input Jitter      (TIJ):    0.000ns
    Discrete Jitter          (DJ):    0.000ns
    Phase Error              (PE):    0.000ns

    Location             Delay type                Incr(ns)  Path(ns)    Netlist Resource(s)
  -------------------------------------------------------------------    -------------------
                         (clock sys_clk_pin rise edge)
                                                      0.000     0.000 r  
    W5                                                0.000     0.000 r  clk (IN)
                         net (fo=0)                   0.000     0.000    clk
    W5                   IBUF (Prop_ibuf_I_O)         1.458     1.458 r  clk_IBUF_inst/O
                         net (fo=1, routed)           1.967     3.425    clk_IBUF
    BUFGCTRL_X0Y0        BUFG (Prop_bufg_I_O)         0.096     3.521 r  clk_IBUF_BUFG_inst/O
                         net (fo=88, routed)          1.627     5.148    d3/clk_IBUF_BUFG
    SLICE_X2Y18          FDRE                                         r  d3/r_count_reg[5]/C
  -------------------------------------------------------------------    -------------------
    SLICE_X2Y18          FDRE (Prop_fdre_C_Q)         0.518     5.666 r  d3/r_count_reg[5]/Q
                         net (fo=2, routed)           1.096     6.762    d3/r_count_reg_n_0_[5]
    SLICE_X4Y18          LUT4 (Prop_lut4_I0_O)        0.124     6.886 f  d3/r_count[18]_i_4__2/O
                         net (fo=3, routed)           0.828     7.714    d3/r_count[18]_i_4__2_n_0
    SLICE_X4Y19          LUT6 (Prop_lut6_I4_O)        0.124     7.838 r  d3/r_count[18]_i_1__2/O
                         net (fo=19, routed)          0.676     8.514    d3/r_count[18]_i_1__2_n_0
    SLICE_X2Y20          FDRE                                         r  d3/r_count_reg[14]/R
  -------------------------------------------------------------------    -------------------

                         (clock sys_clk_pin rise edge)
                                                     10.000    10.000 r  
    W5                                                0.000    10.000 r  clk (IN)
                         net (fo=0)                   0.000    10.000    clk
    W5                   IBUF (Prop_ibuf_I_O)         1.388    11.388 r  clk_IBUF_inst/O
                         net (fo=1, routed)           1.862    13.250    clk_IBUF
    BUFGCTRL_X0Y0        BUFG (Prop_bufg_I_O)         0.091    13.341 r  clk_IBUF_BUFG_inst/O
                         net (fo=88, routed)          1.508    14.849    d3/clk_IBUF_BUFG
    SLICE_X2Y20          FDRE                                         r  d3/r_count_reg[14]/C
                         clock pessimism              0.274    15.123    
                         clock uncertainty           -0.035    15.088    
    SLICE_X2Y20          FDRE (Setup_fdre_C_R)       -0.524    14.564    d3/r_count_reg[14]
  -------------------------------------------------------------------
                         required time                         14.564    
                         arrival time                          -8.514    
  -------------------------------------------------------------------
                         slack                                  6.050    

Slack (MET) :             6.050ns  (required time - arrival time)
  Source:                 d3/r_count_reg[5]/C
                            (rising edge-triggered cell FDRE clocked by sys_clk_pin  {rise@0.000ns fall@5.000ns period=10.000ns})
  Destination:            d3/r_count_reg[15]/R
                            (rising edge-triggered cell FDRE clocked by sys_clk_pin  {rise@0.000ns fall@5.000ns period=10.000ns})
  Path Group:             sys_clk_pin
  Path Type:              Setup (Max at Slow Process Corner)
  Requirement:            10.000ns  (sys_clk_pin rise@10.000ns - sys_clk_pin rise@0.000ns)
  Data Path Delay:        3.365ns  (logic 0.766ns (22.761%)  route 2.599ns (77.239%))
  Logic Levels:           2  (LUT4=1 LUT6=1)
  Clock Path Skew:        -0.025ns (DCD - SCD + CPR)
    Destination Clock Delay (DCD):    4.849ns = ( 14.849 - 10.000 ) 
    Source Clock Delay      (SCD):    5.148ns
    Clock Pessimism Removal (CPR):    0.274ns
  Clock Uncertainty:      0.035ns  ((TSJ^2 + TIJ^2)^1/2 + DJ) / 2 + PE
    Total System Jitter     (TSJ):    0.071ns
    Total Input Jitter      (TIJ):    0.000ns
    Discrete Jitter          (DJ):    0.000ns
    Phase Error              (PE):    0.000ns

    Location             Delay type                Incr(ns)  Path(ns)    Netlist Resource(s)
  -------------------------------------------------------------------    -------------------
                         (clock sys_clk_pin rise edge)
                                                      0.000     0.000 r  
    W5                                                0.000     0.000 r  clk (IN)
                         net (fo=0)                   0.000     0.000    clk
    W5                   IBUF (Prop_ibuf_I_O)         1.458     1.458 r  clk_IBUF_inst/O
                         net (fo=1, routed)           1.967     3.425    clk_IBUF
    BUFGCTRL_X0Y0        BUFG (Prop_bufg_I_O)         0.096     3.521 r  clk_IBUF_BUFG_inst/O
                         net (fo=88, routed)          1.627     5.148    d3/clk_IBUF_BUFG
    SLICE_X2Y18          FDRE                                         r  d3/r_count_reg[5]/C
  -------------------------------------------------------------------    -------------------
    SLICE_X2Y18          FDRE (Prop_fdre_C_Q)         0.518     5.666 r  d3/r_count_reg[5]/Q
                         net (fo=2, routed)           1.096     6.762    d3/r_count_reg_n_0_[5]
    SLICE_X4Y18          LUT4 (Prop_lut4_I0_O)        0.124     6.886 f  d3/r_count[18]_i_4__2/O
                         net (fo=3, routed)           0.828     7.714    d3/r_count[18]_i_4__2_n_0
    SLICE_X4Y19          LUT6 (Prop_lut6_I4_O)        0.124     7.838 r  d3/r_count[18]_i_1__2/O
                         net (fo=19, routed)          0.676     8.514    d3/r_count[18]_i_1__2_n_0
    SLICE_X2Y20          FDRE                                         r  d3/r_count_reg[15]/R
  -------------------------------------------------------------------    -------------------

                         (clock sys_clk_pin rise edge)
                                                     10.000    10.000 r  
    W5                                                0.000    10.000 r  clk (IN)
                         net (fo=0)                   0.000    10.000    clk
    W5                   IBUF (Prop_ibuf_I_O)         1.388    11.388 r  clk_IBUF_inst/O
                         net (fo=1, routed)           1.862    13.250    clk_IBUF
    BUFGCTRL_X0Y0        BUFG (Prop_bufg_I_O)         0.091    13.341 r  clk_IBUF_BUFG_inst/O
                         net (fo=88, routed)          1.508    14.849    d3/clk_IBUF_BUFG
    SLICE_X2Y20          FDRE                                         r  d3/r_count_reg[15]/C
                         clock pessimism              0.274    15.123    
                         clock uncertainty           -0.035    15.088    
    SLICE_X2Y20          FDRE (Setup_fdre_C_R)       -0.524    14.564    d3/r_count_reg[15]
  -------------------------------------------------------------------
                         required time                         14.564    
                         arrival time                          -8.514    
  -------------------------------------------------------------------
                         slack                                  6.050    





Min Delay Paths
--------------------------------------------------------------------------------------
Slack (MET) :             0.252ns  (arrival time - required time)
  Source:                 d0/r_count_reg[4]/C
                            (rising edge-triggered cell FDRE clocked by sys_clk_pin  {rise@0.000ns fall@5.000ns period=10.000ns})
  Destination:            d0/r_count_reg[4]/D
                            (rising edge-triggered cell FDRE clocked by sys_clk_pin  {rise@0.000ns fall@5.000ns period=10.000ns})
  Path Group:             sys_clk_pin
  Path Type:              Hold (Min at Fast Process Corner)
  Requirement:            0.000ns  (sys_clk_pin rise@0.000ns - sys_clk_pin rise@0.000ns)
  Data Path Delay:        0.357ns  (logic 0.249ns (69.714%)  route 0.108ns (30.286%))
  Logic Levels:           1  (CARRY4=1)
  Clock Path Skew:        0.000ns (DCD - SCD - CPR)
    Destination Clock Delay (DCD):    1.994ns
    Source Clock Delay      (SCD):    1.479ns
    Clock Pessimism Removal (CPR):    0.515ns

    Location             Delay type                Incr(ns)  Path(ns)    Netlist Resource(s)
  -------------------------------------------------------------------    -------------------
                         (clock sys_clk_pin rise edge)
                                                      0.000     0.000 r  
    W5                                                0.000     0.000 r  clk (IN)
                         net (fo=0)                   0.000     0.000    clk
    W5                   IBUF (Prop_ibuf_I_O)         0.226     0.226 r  clk_IBUF_inst/O
                         net (fo=1, routed)           0.631     0.858    clk_IBUF
    BUFGCTRL_X0Y0        BUFG (Prop_bufg_I_O)         0.026     0.884 r  clk_IBUF_BUFG_inst/O
                         net (fo=88, routed)          0.596     1.479    d0/clk_IBUF_BUFG
    SLICE_X3Y1           FDRE                                         r  d0/r_count_reg[4]/C
  -------------------------------------------------------------------    -------------------
    SLICE_X3Y1           FDRE (Prop_fdre_C_Q)         0.141     1.620 r  d0/r_count_reg[4]/Q
                         net (fo=1, routed)           0.108     1.728    d0/r_count_reg_n_0_[4]
    SLICE_X3Y1           CARRY4 (Prop_carry4_S[3]_O[3])
                                                      0.108     1.836 r  d0/r_count0_carry/O[3]
                         net (fo=1, routed)           0.000     1.836    d0/r_count0[4]
    SLICE_X3Y1           FDRE                                         r  d0/r_count_reg[4]/D
  -------------------------------------------------------------------    -------------------

                         (clock sys_clk_pin rise edge)
                                                      0.000     0.000 r  
    W5                                                0.000     0.000 r  clk (IN)
                         net (fo=0)                   0.000     0.000    clk
    W5                   IBUF (Prop_ibuf_I_O)         0.414     0.414 r  clk_IBUF_inst/O
                         net (fo=1, routed)           0.685     1.099    clk_IBUF
    BUFGCTRL_X0Y0        BUFG (Prop_bufg_I_O)         0.029     1.128 r  clk_IBUF_BUFG_inst/O
                         net (fo=88, routed)          0.867     1.994    d0/clk_IBUF_BUFG
    SLICE_X3Y1           FDRE                                         r  d0/r_count_reg[4]/C
                         clock pessimism             -0.515     1.479    
    SLICE_X3Y1           FDRE (Hold_fdre_C_D)         0.105     1.584    d0/r_count_reg[4]
  -------------------------------------------------------------------
                         required time                         -1.584    
                         arrival time                           1.836    
  -------------------------------------------------------------------
                         slack                                  0.252    

Slack (MET) :             0.252ns  (arrival time - required time)
  Source:                 d1/r_count_reg[4]/C
                            (rising edge-triggered cell FDRE clocked by sys_clk_pin  {rise@0.000ns fall@5.000ns period=10.000ns})
  Destination:            d1/r_count_reg[4]/D
                            (rising edge-triggered cell FDRE clocked by sys_clk_pin  {rise@0.000ns fall@5.000ns period=10.000ns})
  Path Group:             sys_clk_pin
  Path Type:              Hold (Min at Fast Process Corner)
  Requirement:            0.000ns  (sys_clk_pin rise@0.000ns - sys_clk_pin rise@0.000ns)
  Data Path Delay:        0.357ns  (logic 0.249ns (69.714%)  route 0.108ns (30.286%))
  Logic Levels:           1  (CARRY4=1)
  Clock Path Skew:        0.000ns (DCD - SCD - CPR)
    Destination Clock Delay (DCD):    1.992ns
    Source Clock Delay      (SCD):    1.477ns
    Clock Pessimism Removal (CPR):    0.515ns

    Location             Delay type                Incr(ns)  Path(ns)    Netlist Resource(s)
  -------------------------------------------------------------------    -------------------
                         (clock sys_clk_pin rise edge)
                                                      0.000     0.000 r  
    W5                                                0.000     0.000 r  clk (IN)
                         net (fo=0)                   0.000     0.000    clk
    W5                   IBUF (Prop_ibuf_I_O)         0.226     0.226 r  clk_IBUF_inst/O
                         net (fo=1, routed)           0.631     0.858    clk_IBUF
    BUFGCTRL_X0Y0        BUFG (Prop_bufg_I_O)         0.026     0.884 r  clk_IBUF_BUFG_inst/O
                         net (fo=88, routed)          0.594     1.477    d1/clk_IBUF_BUFG
    SLICE_X3Y40          FDRE                                         r  d1/r_count_reg[4]/C
  -------------------------------------------------------------------    -------------------
    SLICE_X3Y40          FDRE (Prop_fdre_C_Q)         0.141     1.618 r  d1/r_count_reg[4]/Q
                         net (fo=1, routed)           0.108     1.726    d1/r_count_reg_n_0_[4]
    SLICE_X3Y40          CARRY4 (Prop_carry4_S[3]_O[3])
                                                      0.108     1.834 r  d1/r_count0_carry/O[3]
                         net (fo=1, routed)           0.000     1.834    d1/r_count0_carry_n_4
    SLICE_X3Y40          FDRE                                         r  d1/r_count_reg[4]/D
  -------------------------------------------------------------------    -------------------

                         (clock sys_clk_pin rise edge)
                                                      0.000     0.000 r  
    W5                                                0.000     0.000 r  clk (IN)
                         net (fo=0)                   0.000     0.000    clk
    W5                   IBUF (Prop_ibuf_I_O)         0.414     0.414 r  clk_IBUF_inst/O
                         net (fo=1, routed)           0.685     1.099    clk_IBUF
    BUFGCTRL_X0Y0        BUFG (Prop_bufg_I_O)         0.029     1.128 r  clk_IBUF_BUFG_inst/O
                         net (fo=88, routed)          0.865     1.992    d1/clk_IBUF_BUFG
    SLICE_X3Y40          FDRE                                         r  d1/r_count_reg[4]/C
                         clock pessimism             -0.515     1.477    
    SLICE_X3Y40          FDRE (Hold_fdre_C_D)         0.105     1.582    d1/r_count_reg[4]
  -------------------------------------------------------------------
                         required time                         -1.582    
                         arrival time                           1.834    
  -------------------------------------------------------------------
                         slack                                  0.252    

Slack (MET) :             0.252ns  (arrival time - required time)
  Source:                 d2/r_count_reg[4]/C
                            (rising edge-triggered cell FDRE clocked by sys_clk_pin  {rise@0.000ns fall@5.000ns period=10.000ns})
  Destination:            d2/r_count_reg[4]/D
                            (rising edge-triggered cell FDRE clocked by sys_clk_pin  {rise@0.000ns fall@5.000ns period=10.000ns})
  Path Group:             sys_clk_pin
  Path Type:              Hold (Min at Fast Process Corner)
  Requirement:            0.000ns  (sys_clk_pin rise@0.000ns - sys_clk_pin rise@0.000ns)
  Data Path Delay:        0.357ns  (logic 0.249ns (69.714%)  route 0.108ns (30.286%))
  Logic Levels:           1  (CARRY4=1)
  Clock Path Skew:        0.000ns (DCD - SCD - CPR)
    Destination Clock Delay (DCD):    1.986ns
    Source Clock Delay      (SCD):    1.473ns
    Clock Pessimism Removal (CPR):    0.513ns

    Location             Delay type                Incr(ns)  Path(ns)    Netlist Resource(s)
  -------------------------------------------------------------------    -------------------
                         (clock sys_clk_pin rise edge)
                                                      0.000     0.000 r  
    W5                                                0.000     0.000 r  clk (IN)
                         net (fo=0)                   0.000     0.000    clk
    W5                   IBUF (Prop_ibuf_I_O)         0.226     0.226 r  clk_IBUF_inst/O
                         net (fo=1, routed)           0.631     0.858    clk_IBUF
    BUFGCTRL_X0Y0        BUFG (Prop_bufg_I_O)         0.026     0.884 r  clk_IBUF_BUFG_inst/O
                         net (fo=88, routed)          0.590     1.473    d2/clk_IBUF_BUFG
    SLICE_X3Y16          FDRE                                         r  d2/r_count_reg[4]/C
  -------------------------------------------------------------------    -------------------
    SLICE_X3Y16          FDRE (Prop_fdre_C_Q)         0.141     1.614 r  d2/r_count_reg[4]/Q
                         net (fo=1, routed)           0.108     1.722    d2/r_count_reg_n_0_[4]
    SLICE_X3Y16          CARRY4 (Prop_carry4_S[3]_O[3])
                                                      0.108     1.830 r  d2/r_count0_carry/O[3]
                         net (fo=1, routed)           0.000     1.830    d2/r_count0_carry_n_4
    SLICE_X3Y16          FDRE                                         r  d2/r_count_reg[4]/D
  -------------------------------------------------------------------    -------------------

                         (clock sys_clk_pin rise edge)
                                                      0.000     0.000 r  
    W5                                                0.000     0.000 r  clk (IN)
                         net (fo=0)                   0.000     0.000    clk
    W5                   IBUF (Prop_ibuf_I_O)         0.414     0.414 r  clk_IBUF_inst/O
                         net (fo=1, routed)           0.685     1.099    clk_IBUF
    BUFGCTRL_X0Y0        BUFG (Prop_bufg_I_O)         0.029     1.128 r  clk_IBUF_BUFG_inst/O
                         net (fo=88, routed)          0.859     1.986    d2/clk_IBUF_BUFG
    SLICE_X3Y16          FDRE                                         r  d2/r_count_reg[4]/C
                         clock pessimism             -0.513     1.473    
    SLICE_X3Y16          FDRE (Hold_fdre_C_D)         0.105     1.578    d2/r_count_reg[4]
  -------------------------------------------------------------------
                         required time                         -1.578    
                         arrival time                           1.830    
  -------------------------------------------------------------------
                         slack                                  0.252    

Slack (MET) :             0.254ns  (arrival time - required time)
  Source:                 d3/r_count_reg[3]/C
                            (rising edge-triggered cell FDRE clocked by sys_clk_pin  {rise@0.000ns fall@5.000ns period=10.000ns})
  Destination:            d3/r_count_reg[3]/D
                            (rising edge-triggered cell FDRE clocked by sys_clk_pin  {rise@0.000ns fall@5.000ns period=10.000ns})
  Path Group:             sys_clk_pin
  Path Type:              Hold (Min at Fast Process Corner)
  Requirement:            0.000ns  (sys_clk_pin rise@0.000ns - sys_clk_pin rise@0.000ns)
  Data Path Delay:        0.388ns  (logic 0.274ns (70.550%)  route 0.114ns (29.450%))
  Logic Levels:           1  (CARRY4=1)
  Clock Path Skew:        0.000ns (DCD - SCD - CPR)
    Destination Clock Delay (DCD):    1.985ns
    Source Clock Delay      (SCD):    1.472ns
    Clock Pessimism Removal (CPR):    0.513ns

    Location             Delay type                Incr(ns)  Path(ns)    Netlist Resource(s)
  -------------------------------------------------------------------    -------------------
                         (clock sys_clk_pin rise edge)
                                                      0.000     0.000 r  
    W5                                                0.000     0.000 r  clk (IN)
                         net (fo=0)                   0.000     0.000    clk
    W5                   IBUF (Prop_ibuf_I_O)         0.226     0.226 r  clk_IBUF_inst/O
                         net (fo=1, routed)           0.631     0.858    clk_IBUF
    BUFGCTRL_X0Y0        BUFG (Prop_bufg_I_O)         0.026     0.884 r  clk_IBUF_BUFG_inst/O
                         net (fo=88, routed)          0.589     1.472    d3/clk_IBUF_BUFG
    SLICE_X2Y17          FDRE                                         r  d3/r_count_reg[3]/C
  -------------------------------------------------------------------    -------------------
    SLICE_X2Y17          FDRE (Prop_fdre_C_Q)         0.164     1.636 r  d3/r_count_reg[3]/Q
                         net (fo=1, routed)           0.114     1.751    d3/r_count_reg_n_0_[3]
    SLICE_X2Y17          CARRY4 (Prop_carry4_S[2]_O[2])
                                                      0.110     1.861 r  d3/r_count0_carry/O[2]
                         net (fo=1, routed)           0.000     1.861    d3/r_count0_carry_n_5
    SLICE_X2Y17          FDRE                                         r  d3/r_count_reg[3]/D
  -------------------------------------------------------------------    -------------------

                         (clock sys_clk_pin rise edge)
                                                      0.000     0.000 r  
    W5                                                0.000     0.000 r  clk (IN)
                         net (fo=0)                   0.000     0.000    clk
    W5                   IBUF (Prop_ibuf_I_O)         0.414     0.414 r  clk_IBUF_inst/O
                         net (fo=1, routed)           0.685     1.099    clk_IBUF
    BUFGCTRL_X0Y0        BUFG (Prop_bufg_I_O)         0.029     1.128 r  clk_IBUF_BUFG_inst/O
                         net (fo=88, routed)          0.858     1.985    d3/clk_IBUF_BUFG
    SLICE_X2Y17          FDRE                                         r  d3/r_count_reg[3]/C
                         clock pessimism             -0.513     1.472    
    SLICE_X2Y17          FDRE (Hold_fdre_C_D)         0.134     1.606    d3/r_count_reg[3]
  -------------------------------------------------------------------
                         required time                         -1.606    
                         arrival time                           1.861    
  -------------------------------------------------------------------
                         slack                                  0.254    

Slack (MET) :             0.256ns  (arrival time - required time)
  Source:                 d0/r_count_reg[3]/C
                            (rising edge-triggered cell FDRE clocked by sys_clk_pin  {rise@0.000ns fall@5.000ns period=10.000ns})
  Destination:            d0/r_count_reg[3]/D
                            (rising edge-triggered cell FDRE clocked by sys_clk_pin  {rise@0.000ns fall@5.000ns period=10.000ns})
  Path Group:             sys_clk_pin
  Path Type:              Hold (Min at Fast Process Corner)
  Requirement:            0.000ns  (sys_clk_pin rise@0.000ns - sys_clk_pin rise@0.000ns)
  Data Path Delay:        0.361ns  (logic 0.252ns (69.733%)  route 0.109ns (30.267%))
  Logic Levels:           1  (CARRY4=1)
  Clock Path Skew:        0.000ns (DCD - SCD - CPR)
    Destination Clock Delay (DCD):    1.994ns
    Source Clock Delay      (SCD):    1.479ns
    Clock Pessimism Removal (CPR):    0.515ns

    Location             Delay type                Incr(ns)  Path(ns)    Netlist Resource(s)
  -------------------------------------------------------------------    -------------------
                         (clock sys_clk_pin rise edge)
                                                      0.000     0.000 r  
    W5                                                0.000     0.000 r  clk (IN)
                         net (fo=0)                   0.000     0.000    clk
    W5                   IBUF (Prop_ibuf_I_O)         0.226     0.226 r  clk_IBUF_inst/O
                         net (fo=1, routed)           0.631     0.858    clk_IBUF
    BUFGCTRL_X0Y0        BUFG (Prop_bufg_I_O)         0.026     0.884 r  clk_IBUF_BUFG_inst/O
                         net (fo=88, routed)          0.596     1.479    d0/clk_IBUF_BUFG
    SLICE_X3Y1           FDRE                                         r  d0/r_count_reg[3]/C
  -------------------------------------------------------------------    -------------------
    SLICE_X3Y1           FDRE (Prop_fdre_C_Q)         0.141     1.620 r  d0/r_count_reg[3]/Q
                         net (fo=1, routed)           0.109     1.730    d0/r_count_reg_n_0_[3]
    SLICE_X3Y1           CARRY4 (Prop_carry4_S[2]_O[2])
                                                      0.111     1.841 r  d0/r_count0_carry/O[2]
                         net (fo=1, routed)           0.000     1.841    d0/r_count0[3]
    SLICE_X3Y1           FDRE                                         r  d0/r_count_reg[3]/D
  -------------------------------------------------------------------    -------------------

                         (clock sys_clk_pin rise edge)
                                                      0.000     0.000 r  
    W5                                                0.000     0.000 r  clk (IN)
                         net (fo=0)                   0.000     0.000    clk
    W5                   IBUF (Prop_ibuf_I_O)         0.414     0.414 r  clk_IBUF_inst/O
                         net (fo=1, routed)           0.685     1.099    clk_IBUF
    BUFGCTRL_X0Y0        BUFG (Prop_bufg_I_O)         0.029     1.128 r  clk_IBUF_BUFG_inst/O
                         net (fo=88, routed)          0.867     1.994    d0/clk_IBUF_BUFG
    SLICE_X3Y1           FDRE                                         r  d0/r_count_reg[3]/C
                         clock pessimism             -0.515     1.479    
    SLICE_X3Y1           FDRE (Hold_fdre_C_D)         0.105     1.584    d0/r_count_reg[3]
  -------------------------------------------------------------------
                         required time                         -1.584    
                         arrival time                           1.841    
  -------------------------------------------------------------------
                         slack                                  0.256    

Slack (MET) :             0.256ns  (arrival time - required time)
  Source:                 d2/r_count_reg[3]/C
                            (rising edge-triggered cell FDRE clocked by sys_clk_pin  {rise@0.000ns fall@5.000ns period=10.000ns})
  Destination:            d2/r_count_reg[3]/D
                            (rising edge-triggered cell FDRE clocked by sys_clk_pin  {rise@0.000ns fall@5.000ns period=10.000ns})
  Path Group:             sys_clk_pin
  Path Type:              Hold (Min at Fast Process Corner)
  Requirement:            0.000ns  (sys_clk_pin rise@0.000ns - sys_clk_pin rise@0.000ns)
  Data Path Delay:        0.361ns  (logic 0.252ns (69.733%)  route 0.109ns (30.267%))
  Logic Levels:           1  (CARRY4=1)
  Clock Path Skew:        0.000ns (DCD - SCD - CPR)
    Destination Clock Delay (DCD):    1.986ns
    Source Clock Delay      (SCD):    1.473ns
    Clock Pessimism Removal (CPR):    0.513ns

    Location             Delay type                Incr(ns)  Path(ns)    Netlist Resource(s)
  -------------------------------------------------------------------    -------------------
                         (clock sys_clk_pin rise edge)
                                                      0.000     0.000 r  
    W5                                                0.000     0.000 r  clk (IN)
                         net (fo=0)                   0.000     0.000    clk
    W5                   IBUF (Prop_ibuf_I_O)         0.226     0.226 r  clk_IBUF_inst/O
                         net (fo=1, routed)           0.631     0.858    clk_IBUF
    BUFGCTRL_X0Y0        BUFG (Prop_bufg_I_O)         0.026     0.884 r  clk_IBUF_BUFG_inst/O
                         net (fo=88, routed)          0.590     1.473    d2/clk_IBUF_BUFG
    SLICE_X3Y16          FDRE                                         r  d2/r_count_reg[3]/C
  -------------------------------------------------------------------    -------------------
    SLICE_X3Y16          FDRE (Prop_fdre_C_Q)         0.141     1.614 r  d2/r_count_reg[3]/Q
                         net (fo=1, routed)           0.109     1.724    d2/r_count_reg_n_0_[3]
    SLICE_X3Y16          CARRY4 (Prop_carry4_S[2]_O[2])
                                                      0.111     1.835 r  d2/r_count0_carry/O[2]
                         net (fo=1, routed)           0.000     1.835    d2/r_count0_carry_n_5
    SLICE_X3Y16          FDRE                                         r  d2/r_count_reg[3]/D
  -------------------------------------------------------------------    -------------------

                         (clock sys_clk_pin rise edge)
                                                      0.000     0.000 r  
    W5                                                0.000     0.000 r  clk (IN)
                         net (fo=0)                   0.000     0.000    clk
    W5                   IBUF (Prop_ibuf_I_O)         0.414     0.414 r  clk_IBUF_inst/O
                         net (fo=1, routed)           0.685     1.099    clk_IBUF
    BUFGCTRL_X0Y0        BUFG (Prop_bufg_I_O)         0.029     1.128 r  clk_IBUF_BUFG_inst/O
                         net (fo=88, routed)          0.859     1.986    d2/clk_IBUF_BUFG
    SLICE_X3Y16          FDRE                                         r  d2/r_count_reg[3]/C
                         clock pessimism             -0.513     1.473    
    SLICE_X3Y16          FDRE (Hold_fdre_C_D)         0.105     1.578    d2/r_count_reg[3]
  -------------------------------------------------------------------
                         required time                         -1.578    
                         arrival time                           1.835    
  -------------------------------------------------------------------
                         slack                                  0.256    

Slack (MET) :             0.256ns  (arrival time - required time)
  Source:                 d1/r_count_reg[3]/C
                            (rising edge-triggered cell FDRE clocked by sys_clk_pin  {rise@0.000ns fall@5.000ns period=10.000ns})
  Destination:            d1/r_count_reg[3]/D
                            (rising edge-triggered cell FDRE clocked by sys_clk_pin  {rise@0.000ns fall@5.000ns period=10.000ns})
  Path Group:             sys_clk_pin
  Path Type:              Hold (Min at Fast Process Corner)
  Requirement:            0.000ns  (sys_clk_pin rise@0.000ns - sys_clk_pin rise@0.000ns)
  Data Path Delay:        0.361ns  (logic 0.252ns (69.733%)  route 0.109ns (30.267%))
  Logic Levels:           1  (CARRY4=1)
  Clock Path Skew:        0.000ns (DCD - SCD - CPR)
    Destination Clock Delay (DCD):    1.992ns
    Source Clock Delay      (SCD):    1.477ns
    Clock Pessimism Removal (CPR):    0.515ns

    Location             Delay type                Incr(ns)  Path(ns)    Netlist Resource(s)
  -------------------------------------------------------------------    -------------------
                         (clock sys_clk_pin rise edge)
                                                      0.000     0.000 r  
    W5                                                0.000     0.000 r  clk (IN)
                         net (fo=0)                   0.000     0.000    clk
    W5                   IBUF (Prop_ibuf_I_O)         0.226     0.226 r  clk_IBUF_inst/O
                         net (fo=1, routed)           0.631     0.858    clk_IBUF
    BUFGCTRL_X0Y0        BUFG (Prop_bufg_I_O)         0.026     0.884 r  clk_IBUF_BUFG_inst/O
                         net (fo=88, routed)          0.594     1.477    d1/clk_IBUF_BUFG
    SLICE_X3Y40          FDRE                                         r  d1/r_count_reg[3]/C
  -------------------------------------------------------------------    -------------------
    SLICE_X3Y40          FDRE (Prop_fdre_C_Q)         0.141     1.618 r  d1/r_count_reg[3]/Q
                         net (fo=1, routed)           0.109     1.728    d1/r_count_reg_n_0_[3]
    SLICE_X3Y40          CARRY4 (Prop_carry4_S[2]_O[2])
                                                      0.111     1.839 r  d1/r_count0_carry/O[2]
                         net (fo=1, routed)           0.000     1.839    d1/r_count0_carry_n_5
    SLICE_X3Y40          FDRE                                         r  d1/r_count_reg[3]/D
  -------------------------------------------------------------------    -------------------

                         (clock sys_clk_pin rise edge)
                                                      0.000     0.000 r  
    W5                                                0.000     0.000 r  clk (IN)
                         net (fo=0)                   0.000     0.000    clk
    W5                   IBUF (Prop_ibuf_I_O)         0.414     0.414 r  clk_IBUF_inst/O
                         net (fo=1, routed)           0.685     1.099    clk_IBUF
    BUFGCTRL_X0Y0        BUFG (Prop_bufg_I_O)         0.029     1.128 r  clk_IBUF_BUFG_inst/O
                         net (fo=88, routed)          0.865     1.992    d1/clk_IBUF_BUFG
    SLICE_X3Y40          FDRE                                         r  d1/r_count_reg[3]/C
                         clock pessimism             -0.515     1.477    
    SLICE_X3Y40          FDRE (Hold_fdre_C_D)         0.105     1.582    d1/r_count_reg[3]
  -------------------------------------------------------------------
                         required time                         -1.582    
                         arrival time                           1.839    
  -------------------------------------------------------------------
                         slack                                  0.256    

Slack (MET) :             0.258ns  (arrival time - required time)
  Source:                 d3/retValue_reg/C
                            (rising edge-triggered cell FDRE clocked by sys_clk_pin  {rise@0.000ns fall@5.000ns period=10.000ns})
  Destination:            r_led_state_reg[3]/D
                            (rising edge-triggered cell FDRE clocked by sys_clk_pin  {rise@0.000ns fall@5.000ns period=10.000ns})
  Path Group:             sys_clk_pin
  Path Type:              Hold (Min at Fast Process Corner)
  Requirement:            0.000ns  (sys_clk_pin rise@0.000ns - sys_clk_pin rise@0.000ns)
  Data Path Delay:        0.387ns  (logic 0.186ns (48.052%)  route 0.201ns (51.948%))
  Logic Levels:           1  (LUT2=1)
  Clock Path Skew:        0.037ns (DCD - SCD - CPR)
    Destination Clock Delay (DCD):    1.983ns
    Source Clock Delay      (SCD):    1.468ns
    Clock Pessimism Removal (CPR):    0.478ns

    Location             Delay type                Incr(ns)  Path(ns)    Netlist Resource(s)
  -------------------------------------------------------------------    -------------------
                         (clock sys_clk_pin rise edge)
                                                      0.000     0.000 r  
    W5                                                0.000     0.000 r  clk (IN)
                         net (fo=0)                   0.000     0.000    clk
    W5                   IBUF (Prop_ibuf_I_O)         0.226     0.226 r  clk_IBUF_inst/O
                         net (fo=1, routed)           0.631     0.858    clk_IBUF
    BUFGCTRL_X0Y0        BUFG (Prop_bufg_I_O)         0.026     0.884 r  clk_IBUF_BUFG_inst/O
                         net (fo=88, routed)          0.585     1.468    d3/clk_IBUF_BUFG
    SLICE_X4Y19          FDRE                                         r  d3/retValue_reg/C
  -------------------------------------------------------------------    -------------------
    SLICE_X4Y19          FDRE (Prop_fdre_C_Q)         0.141     1.609 r  d3/retValue_reg/Q
                         net (fo=1, routed)           0.201     1.810    d3/p_0_in[3]
    SLICE_X0Y19          LUT2 (Prop_lut2_I0_O)        0.045     1.855 r  d3/r_led_state[3]_i_1/O
                         net (fo=1, routed)           0.000     1.855    d3_n_0
    SLICE_X0Y19          FDRE                                         r  r_led_state_reg[3]/D
  -------------------------------------------------------------------    -------------------

                         (clock sys_clk_pin rise edge)
                                                      0.000     0.000 r  
    W5                                                0.000     0.000 r  clk (IN)
                         net (fo=0)                   0.000     0.000    clk
    W5                   IBUF (Prop_ibuf_I_O)         0.414     0.414 r  clk_IBUF_inst/O
                         net (fo=1, routed)           0.685     1.099    clk_IBUF
    BUFGCTRL_X0Y0        BUFG (Prop_bufg_I_O)         0.029     1.128 r  clk_IBUF_BUFG_inst/O
                         net (fo=88, routed)          0.856     1.983    clk_IBUF_BUFG
    SLICE_X0Y19          FDRE                                         r  r_led_state_reg[3]/C
                         clock pessimism             -0.478     1.505    
    SLICE_X0Y19          FDRE (Hold_fdre_C_D)         0.092     1.597    r_led_state_reg[3]
  -------------------------------------------------------------------
                         required time                         -1.597    
                         arrival time                           1.855    
  -------------------------------------------------------------------
                         slack                                  0.258    

Slack (MET) :             0.259ns  (arrival time - required time)
  Source:                 d3/r_count_reg[0]/C
                            (rising edge-triggered cell FDRE clocked by sys_clk_pin  {rise@0.000ns fall@5.000ns period=10.000ns})
  Destination:            d3/r_count_reg[1]/D
                            (rising edge-triggered cell FDRE clocked by sys_clk_pin  {rise@0.000ns fall@5.000ns period=10.000ns})
  Path Group:             sys_clk_pin
  Path Type:              Hold (Min at Fast Process Corner)
  Requirement:            0.000ns  (sys_clk_pin rise@0.000ns - sys_clk_pin rise@0.000ns)
  Data Path Delay:        0.430ns  (logic 0.299ns (69.527%)  route 0.131ns (30.473%))
  Logic Levels:           1  (CARRY4=1)
  Clock Path Skew:        0.037ns (DCD - SCD - CPR)
    Destination Clock Delay (DCD):    1.985ns
    Source Clock Delay      (SCD):    1.470ns
    Clock Pessimism Removal (CPR):    0.478ns

    Location             Delay type                Incr(ns)  Path(ns)    Netlist Resource(s)
  -------------------------------------------------------------------    -------------------
                         (clock sys_clk_pin rise edge)
                                                      0.000     0.000 r  
    W5                                                0.000     0.000 r  clk (IN)
                         net (fo=0)                   0.000     0.000    clk
    W5                   IBUF (Prop_ibuf_I_O)         0.226     0.226 r  clk_IBUF_inst/O
                         net (fo=1, routed)           0.631     0.858    clk_IBUF
    BUFGCTRL_X0Y0        BUFG (Prop_bufg_I_O)         0.026     0.884 r  clk_IBUF_BUFG_inst/O
                         net (fo=88, routed)          0.587     1.470    d3/clk_IBUF_BUFG
    SLICE_X4Y17          FDRE                                         r  d3/r_count_reg[0]/C
  -------------------------------------------------------------------    -------------------
    SLICE_X4Y17          FDRE (Prop_fdre_C_Q)         0.141     1.611 r  d3/r_count_reg[0]/Q
                         net (fo=2, routed)           0.131     1.742    d3/r_count_reg_n_0_[0]
    SLICE_X2Y17          CARRY4 (Prop_carry4_CYINIT_O[0])
                                                      0.158     1.900 r  d3/r_count0_carry/O[0]
                         net (fo=1, routed)           0.000     1.900    d3/r_count0_carry_n_7
    SLICE_X2Y17          FDRE                                         r  d3/r_count_reg[1]/D
  -------------------------------------------------------------------    -------------------

                         (clock sys_clk_pin rise edge)
                                                      0.000     0.000 r  
    W5                                                0.000     0.000 r  clk (IN)
                         net (fo=0)                   0.000     0.000    clk
    W5                   IBUF (Prop_ibuf_I_O)         0.414     0.414 r  clk_IBUF_inst/O
                         net (fo=1, routed)           0.685     1.099    clk_IBUF
    BUFGCTRL_X0Y0        BUFG (Prop_bufg_I_O)         0.029     1.128 r  clk_IBUF_BUFG_inst/O
                         net (fo=88, routed)          0.858     1.985    d3/clk_IBUF_BUFG
    SLICE_X2Y17          FDRE                                         r  d3/r_count_reg[1]/C
                         clock pessimism             -0.478     1.507    
    SLICE_X2Y17          FDRE (Hold_fdre_C_D)         0.134     1.641    d3/r_count_reg[1]
  -------------------------------------------------------------------
                         required time                         -1.641    
                         arrival time                           1.900    
  -------------------------------------------------------------------
                         slack                                  0.259    

Slack (MET) :             0.261ns  (arrival time - required time)
  Source:                 d0/r_count_reg[16]/C
                            (rising edge-triggered cell FDRE clocked by sys_clk_pin  {rise@0.000ns fall@5.000ns period=10.000ns})
  Destination:            d0/r_count_reg[16]/D
                            (rising edge-triggered cell FDRE clocked by sys_clk_pin  {rise@0.000ns fall@5.000ns period=10.000ns})
  Path Group:             sys_clk_pin
  Path Type:              Hold (Min at Fast Process Corner)
  Requirement:            0.000ns  (sys_clk_pin rise@0.000ns - sys_clk_pin rise@0.000ns)
  Data Path Delay:        0.366ns  (logic 0.249ns (67.994%)  route 0.117ns (32.006%))
  Logic Levels:           1  (CARRY4=1)
  Clock Path Skew:        0.000ns (DCD - SCD - CPR)
    Destination Clock Delay (DCD):    1.993ns
    Source Clock Delay      (SCD):    1.478ns
    Clock Pessimism Removal (CPR):    0.515ns

    Location             Delay type                Incr(ns)  Path(ns)    Netlist Resource(s)
  -------------------------------------------------------------------    -------------------
                         (clock sys_clk_pin rise edge)
                                                      0.000     0.000 r  
    W5                                                0.000     0.000 r  clk (IN)
                         net (fo=0)                   0.000     0.000    clk
    W5                   IBUF (Prop_ibuf_I_O)         0.226     0.226 r  clk_IBUF_inst/O
                         net (fo=1, routed)           0.631     0.858    clk_IBUF
    BUFGCTRL_X0Y0        BUFG (Prop_bufg_I_O)         0.026     0.884 r  clk_IBUF_BUFG_inst/O
                         net (fo=88, routed)          0.595     1.478    d0/clk_IBUF_BUFG
    SLICE_X3Y4           FDRE                                         r  d0/r_count_reg[16]/C
  -------------------------------------------------------------------    -------------------
    SLICE_X3Y4           FDRE (Prop_fdre_C_Q)         0.141     1.619 r  d0/r_count_reg[16]/Q
                         net (fo=2, routed)           0.117     1.736    d0/r_count_reg_n_0_[16]
    SLICE_X3Y4           CARRY4 (Prop_carry4_S[3]_O[3])
                                                      0.108     1.844 r  d0/r_count0_carry__2/O[3]
                         net (fo=1, routed)           0.000     1.844    d0/r_count0[16]
    SLICE_X3Y4           FDRE                                         r  d0/r_count_reg[16]/D
  -------------------------------------------------------------------    -------------------

                         (clock sys_clk_pin rise edge)
                                                      0.000     0.000 r  
    W5                                                0.000     0.000 r  clk (IN)
                         net (fo=0)                   0.000     0.000    clk
    W5                   IBUF (Prop_ibuf_I_O)         0.414     0.414 r  clk_IBUF_inst/O
                         net (fo=1, routed)           0.685     1.099    clk_IBUF
    BUFGCTRL_X0Y0        BUFG (Prop_bufg_I_O)         0.029     1.128 r  clk_IBUF_BUFG_inst/O
                         net (fo=88, routed)          0.866     1.993    d0/clk_IBUF_BUFG
    SLICE_X3Y4           FDRE                                         r  d0/r_count_reg[16]/C
                         clock pessimism             -0.515     1.478    
    SLICE_X3Y4           FDRE (Hold_fdre_C_D)         0.105     1.583    d0/r_count_reg[16]
  -------------------------------------------------------------------
                         required time                         -1.583    
                         arrival time                           1.844    
  -------------------------------------------------------------------
                         slack                                  0.261    





Pulse Width Checks
--------------------------------------------------------------------------------------
Clock Name:         sys_clk_pin
Waveform(ns):       { 0.000 5.000 }
Period(ns):         10.000
Sources:            { clk }

Check Type        Corner  Lib Pin  Reference Pin  Required(ns)  Actual(ns)  Slack(ns)  Location       Pin
Min Period        n/a     BUFG/I   n/a            2.155         10.000      7.845      BUFGCTRL_X0Y0  clk_IBUF_BUFG_inst/I
Min Period        n/a     FDRE/C   n/a            1.000         10.000      9.000      SLICE_X0Y3     r_led_state_reg[0]/C
Min Period        n/a     FDRE/C   n/a            1.000         10.000      9.000      SLICE_X0Y43    r_led_state_reg[1]/C
Min Period        n/a     FDRE/C   n/a            1.000         10.000      9.000      SLICE_X0Y19    r_led_state_reg[2]/C
Min Period        n/a     FDRE/C   n/a            1.000         10.000      9.000      SLICE_X0Y19    r_led_state_reg[3]/C
Min Period        n/a     FDRE/C   n/a            1.000         10.000      9.000      SLICE_X2Y1     d0/r_count_reg[0]/C
Min Period        n/a     FDRE/C   n/a            1.000         10.000      9.000      SLICE_X3Y3     d0/r_count_reg[10]/C
Min Period        n/a     FDRE/C   n/a            1.000         10.000      9.000      SLICE_X3Y3     d0/r_count_reg[11]/C
Min Period        n/a     FDRE/C   n/a            1.000         10.000      9.000      SLICE_X3Y3     d0/r_count_reg[12]/C
Min Period        n/a     FDRE/C   n/a            1.000         10.000      9.000      SLICE_X3Y4     d0/r_count_reg[13]/C
Low Pulse Width   Slow    FDRE/C   n/a            0.500         5.000       4.500      SLICE_X0Y3     r_led_state_reg[0]/C
Low Pulse Width   Fast    FDRE/C   n/a            0.500         5.000       4.500      SLICE_X0Y3     r_led_state_reg[0]/C
Low Pulse Width   Slow    FDRE/C   n/a            0.500         5.000       4.500      SLICE_X0Y43    r_led_state_reg[1]/C
Low Pulse Width   Fast    FDRE/C   n/a            0.500         5.000       4.500      SLICE_X0Y43    r_led_state_reg[1]/C
Low Pulse Width   Slow    FDRE/C   n/a            0.500         5.000       4.500      SLICE_X0Y19    r_led_state_reg[2]/C
Low Pulse Width   Fast    FDRE/C   n/a            0.500         5.000       4.500      SLICE_X0Y19    r_led_state_reg[2]/C
Low Pulse Width   Slow    FDRE/C   n/a            0.500         5.000       4.500      SLICE_X0Y19    r_led_state_reg[3]/C
Low Pulse Width   Fast    FDRE/C   n/a            0.500         5.000       4.500      SLICE_X0Y19    r_led_state_reg[3]/C
Low Pulse Width   Slow    FDRE/C   n/a            0.500         5.000       4.500      SLICE_X2Y1     d0/r_count_reg[0]/C
Low Pulse Width   Fast    FDRE/C   n/a            0.500         5.000       4.500      SLICE_X2Y1     d0/r_count_reg[0]/C
High Pulse Width  Slow    FDRE/C   n/a            0.500         5.000       4.500      SLICE_X0Y3     r_led_state_reg[0]/C
High Pulse Width  Fast    FDRE/C   n/a            0.500         5.000       4.500      SLICE_X0Y3     r_led_state_reg[0]/C
High Pulse Width  Slow    FDRE/C   n/a            0.500         5.000       4.500      SLICE_X0Y43    r_led_state_reg[1]/C
High Pulse Width  Fast    FDRE/C   n/a            0.500         5.000       4.500      SLICE_X0Y43    r_led_state_reg[1]/C
High Pulse Width  Slow    FDRE/C   n/a            0.500         5.000       4.500      SLICE_X0Y19    r_led_state_reg[2]/C
High Pulse Width  Fast    FDRE/C   n/a            0.500         5.000       4.500      SLICE_X0Y19    r_led_state_reg[2]/C
High Pulse Width  Slow    FDRE/C   n/a            0.500         5.000       4.500      SLICE_X0Y19    r_led_state_reg[3]/C
High Pulse Width  Fast    FDRE/C   n/a            0.500         5.000       4.500      SLICE_X0Y19    r_led_state_reg[3]/C
High Pulse Width  Slow    FDRE/C   n/a            0.500         5.000       4.500      SLICE_X2Y1     d0/r_count_reg[0]/C
High Pulse Width  Fast    FDRE/C   n/a            0.500         5.000       4.500      SLICE_X2Y1     d0/r_count_reg[0]/C



--------------------------------------------------------------------------------------
Path Group:  (none)
From Clock:  sys_clk_pin
  To Clock:  

Max Delay             4 Endpoints
Min Delay             4 Endpoints
--------------------------------------------------------------------------------------


Max Delay Paths
--------------------------------------------------------------------------------------
Slack:                    inf
  Source:                 r_led_state_reg[3]/C
                            (rising edge-triggered cell FDRE clocked by sys_clk_pin  {rise@0.000ns fall@5.000ns period=10.000ns})
  Destination:            led[3]
                            (output port)
  Path Group:             (none)
  Path Type:              Max at Slow Process Corner
  Data Path Delay:        5.665ns  (logic 3.965ns (69.997%)  route 1.700ns (30.003%))
  Logic Levels:           1  (OBUF=1)
  Clock Uncertainty:      0.025ns  ((TSJ^2 + TIJ^2)^1/2 + DJ) / 2 + PE
    Total System Jitter     (TSJ):    0.050ns
    Total Input Jitter      (TIJ):    0.000ns
    Discrete Jitter          (DJ):    0.000ns
    Phase Error              (PE):    0.000ns

    Location             Delay type                Incr(ns)  Path(ns)    Netlist Resource(s)
  -------------------------------------------------------------------    -------------------
                         (clock sys_clk_pin rise edge)
                                                      0.000     0.000 r  
    W5                                                0.000     0.000 r  clk (IN)
                         net (fo=0)                   0.000     0.000    clk
    W5                   IBUF (Prop_ibuf_I_O)         1.458     1.458 r  clk_IBUF_inst/O
                         net (fo=1, routed)           1.967     3.425    clk_IBUF
    BUFGCTRL_X0Y0        BUFG (Prop_bufg_I_O)         0.096     3.521 r  clk_IBUF_BUFG_inst/O
                         net (fo=88, routed)          1.626     5.147    clk_IBUF_BUFG
    SLICE_X0Y19          FDRE                                         r  r_led_state_reg[3]/C
  -------------------------------------------------------------------    -------------------
    SLICE_X0Y19          FDRE (Prop_fdre_C_Q)         0.456     5.603 r  r_led_state_reg[3]/Q
                         net (fo=2, routed)           1.700     7.303    led_OBUF[3]
    V19                  OBUF (Prop_obuf_I_O)         3.509    10.812 r  led_OBUF[3]_inst/O
                         net (fo=0)                   0.000    10.812    led[3]
    V19                                                               r  led[3] (OUT)
  -------------------------------------------------------------------    -------------------

Slack:                    inf
  Source:                 r_led_state_reg[2]/C
                            (rising edge-triggered cell FDRE clocked by sys_clk_pin  {rise@0.000ns fall@5.000ns period=10.000ns})
  Destination:            led[2]
                            (output port)
  Path Group:             (none)
  Path Type:              Max at Slow Process Corner
  Data Path Delay:        5.640ns  (logic 3.957ns (70.158%)  route 1.683ns (29.842%))
  Logic Levels:           1  (OBUF=1)
  Clock Uncertainty:      0.025ns  ((TSJ^2 + TIJ^2)^1/2 + DJ) / 2 + PE
    Total System Jitter     (TSJ):    0.050ns
    Total Input Jitter      (TIJ):    0.000ns
    Discrete Jitter          (DJ):    0.000ns
    Phase Error              (PE):    0.000ns

    Location             Delay type                Incr(ns)  Path(ns)    Netlist Resource(s)
  -------------------------------------------------------------------    -------------------
                         (clock sys_clk_pin rise edge)
                                                      0.000     0.000 r  
    W5                                                0.000     0.000 r  clk (IN)
                         net (fo=0)                   0.000     0.000    clk
    W5                   IBUF (Prop_ibuf_I_O)         1.458     1.458 r  clk_IBUF_inst/O
                         net (fo=1, routed)           1.967     3.425    clk_IBUF
    BUFGCTRL_X0Y0        BUFG (Prop_bufg_I_O)         0.096     3.521 r  clk_IBUF_BUFG_inst/O
                         net (fo=88, routed)          1.626     5.147    clk_IBUF_BUFG
    SLICE_X0Y19          FDRE                                         r  r_led_state_reg[2]/C
  -------------------------------------------------------------------    -------------------
    SLICE_X0Y19          FDRE (Prop_fdre_C_Q)         0.456     5.603 r  r_led_state_reg[2]/Q
                         net (fo=2, routed)           1.683     7.286    led_OBUF[2]
    U19                  OBUF (Prop_obuf_I_O)         3.501    10.787 r  led_OBUF[2]_inst/O
                         net (fo=0)                   0.000    10.787    led[2]
    U19                                                               r  led[2] (OUT)
  -------------------------------------------------------------------    -------------------

Slack:                    inf
  Source:                 r_led_state_reg[1]/C
                            (rising edge-triggered cell FDRE clocked by sys_clk_pin  {rise@0.000ns fall@5.000ns period=10.000ns})
  Destination:            led[1]
                            (output port)
  Path Group:             (none)
  Path Type:              Max at Slow Process Corner
  Data Path Delay:        5.530ns  (logic 3.986ns (72.075%)  route 1.544ns (27.925%))
  Logic Levels:           1  (OBUF=1)
  Clock Uncertainty:      0.025ns  ((TSJ^2 + TIJ^2)^1/2 + DJ) / 2 + PE
    Total System Jitter     (TSJ):    0.050ns
    Total Input Jitter      (TIJ):    0.000ns
    Discrete Jitter          (DJ):    0.000ns
    Phase Error              (PE):    0.000ns

    Location             Delay type                Incr(ns)  Path(ns)    Netlist Resource(s)
  -------------------------------------------------------------------    -------------------
                         (clock sys_clk_pin rise edge)
                                                      0.000     0.000 r  
    W5                                                0.000     0.000 r  clk (IN)
                         net (fo=0)                   0.000     0.000    clk
    W5                   IBUF (Prop_ibuf_I_O)         1.458     1.458 r  clk_IBUF_inst/O
                         net (fo=1, routed)           1.967     3.425    clk_IBUF
    BUFGCTRL_X0Y0        BUFG (Prop_bufg_I_O)         0.096     3.521 r  clk_IBUF_BUFG_inst/O
                         net (fo=88, routed)          1.638     5.159    clk_IBUF_BUFG
    SLICE_X0Y43          FDRE                                         r  r_led_state_reg[1]/C
  -------------------------------------------------------------------    -------------------
    SLICE_X0Y43          FDRE (Prop_fdre_C_Q)         0.456     5.615 r  r_led_state_reg[1]/Q
                         net (fo=2, routed)           1.544     7.159    led_OBUF[1]
    E19                  OBUF (Prop_obuf_I_O)         3.530    10.689 r  led_OBUF[1]_inst/O
                         net (fo=0)                   0.000    10.689    led[1]
    E19                                                               r  led[1] (OUT)
  -------------------------------------------------------------------    -------------------

Slack:                    inf
  Source:                 r_led_state_reg[0]/C
                            (rising edge-triggered cell FDRE clocked by sys_clk_pin  {rise@0.000ns fall@5.000ns period=10.000ns})
  Destination:            led[0]
                            (output port)
  Path Group:             (none)
  Path Type:              Max at Slow Process Corner
  Data Path Delay:        5.505ns  (logic 3.961ns (71.949%)  route 1.544ns (28.051%))
  Logic Levels:           1  (OBUF=1)
  Clock Uncertainty:      0.025ns  ((TSJ^2 + TIJ^2)^1/2 + DJ) / 2 + PE
    Total System Jitter     (TSJ):    0.050ns
    Total Input Jitter      (TIJ):    0.000ns
    Discrete Jitter          (DJ):    0.000ns
    Phase Error              (PE):    0.000ns

    Location             Delay type                Incr(ns)  Path(ns)    Netlist Resource(s)
  -------------------------------------------------------------------    -------------------
                         (clock sys_clk_pin rise edge)
                                                      0.000     0.000 r  
    W5                                                0.000     0.000 r  clk (IN)
                         net (fo=0)                   0.000     0.000    clk
    W5                   IBUF (Prop_ibuf_I_O)         1.458     1.458 r  clk_IBUF_inst/O
                         net (fo=1, routed)           1.967     3.425    clk_IBUF
    BUFGCTRL_X0Y0        BUFG (Prop_bufg_I_O)         0.096     3.521 r  clk_IBUF_BUFG_inst/O
                         net (fo=88, routed)          1.638     5.159    clk_IBUF_BUFG
    SLICE_X0Y3           FDRE                                         r  r_led_state_reg[0]/C
  -------------------------------------------------------------------    -------------------
    SLICE_X0Y3           FDRE (Prop_fdre_C_Q)         0.456     5.615 r  r_led_state_reg[0]/Q
                         net (fo=2, routed)           1.544     7.159    led_OBUF[0]
    U16                  OBUF (Prop_obuf_I_O)         3.505    10.664 r  led_OBUF[0]_inst/O
                         net (fo=0)                   0.000    10.664    led[0]
    U16                                                               r  led[0] (OUT)
  -------------------------------------------------------------------    -------------------





Min Delay Paths
--------------------------------------------------------------------------------------
Slack:                    inf
  Source:                 r_led_state_reg[0]/C
                            (rising edge-triggered cell FDRE clocked by sys_clk_pin  {rise@0.000ns fall@5.000ns period=10.000ns})
  Destination:            led[0]
                            (output port)
  Path Group:             (none)
  Path Type:              Min at Fast Process Corner
  Data Path Delay:        1.644ns  (logic 1.347ns (81.922%)  route 0.297ns (18.078%))
  Logic Levels:           1  (OBUF=1)
  Clock Uncertainty:      0.025ns  ((TSJ^2 + TIJ^2)^1/2 + DJ) / 2 + PE
    Total System Jitter     (TSJ):    0.050ns
    Total Input Jitter      (TIJ):    0.000ns
    Discrete Jitter          (DJ):    0.000ns
    Phase Error              (PE):    0.000ns

    Location             Delay type                Incr(ns)  Path(ns)    Netlist Resource(s)
  -------------------------------------------------------------------    -------------------
                         (clock sys_clk_pin rise edge)
                                                      0.000     0.000 r  
    W5                                                0.000     0.000 r  clk (IN)
                         net (fo=0)                   0.000     0.000    clk
    W5                   IBUF (Prop_ibuf_I_O)         0.226     0.226 r  clk_IBUF_inst/O
                         net (fo=1, routed)           0.631     0.858    clk_IBUF
    BUFGCTRL_X0Y0        BUFG (Prop_bufg_I_O)         0.026     0.884 r  clk_IBUF_BUFG_inst/O
                         net (fo=88, routed)          0.595     1.478    clk_IBUF_BUFG
    SLICE_X0Y3           FDRE                                         r  r_led_state_reg[0]/C
  -------------------------------------------------------------------    -------------------
    SLICE_X0Y3           FDRE (Prop_fdre_C_Q)         0.141     1.619 r  r_led_state_reg[0]/Q
                         net (fo=2, routed)           0.297     1.916    led_OBUF[0]
    U16                  OBUF (Prop_obuf_I_O)         1.206     3.122 r  led_OBUF[0]_inst/O
                         net (fo=0)                   0.000     3.122    led[0]
    U16                                                               r  led[0] (OUT)
  -------------------------------------------------------------------    -------------------

Slack:                    inf
  Source:                 r_led_state_reg[1]/C
                            (rising edge-triggered cell FDRE clocked by sys_clk_pin  {rise@0.000ns fall@5.000ns period=10.000ns})
  Destination:            led[1]
                            (output port)
  Path Group:             (none)
  Path Type:              Min at Fast Process Corner
  Data Path Delay:        1.669ns  (logic 1.372ns (82.190%)  route 0.297ns (17.810%))
  Logic Levels:           1  (OBUF=1)
  Clock Uncertainty:      0.025ns  ((TSJ^2 + TIJ^2)^1/2 + DJ) / 2 + PE
    Total System Jitter     (TSJ):    0.050ns
    Total Input Jitter      (TIJ):    0.000ns
    Discrete Jitter          (DJ):    0.000ns
    Phase Error              (PE):    0.000ns

    Location             Delay type                Incr(ns)  Path(ns)    Netlist Resource(s)
  -------------------------------------------------------------------    -------------------
                         (clock sys_clk_pin rise edge)
                                                      0.000     0.000 r  
    W5                                                0.000     0.000 r  clk (IN)
                         net (fo=0)                   0.000     0.000    clk
    W5                   IBUF (Prop_ibuf_I_O)         0.226     0.226 r  clk_IBUF_inst/O
                         net (fo=1, routed)           0.631     0.858    clk_IBUF
    BUFGCTRL_X0Y0        BUFG (Prop_bufg_I_O)         0.026     0.884 r  clk_IBUF_BUFG_inst/O
                         net (fo=88, routed)          0.595     1.478    clk_IBUF_BUFG
    SLICE_X0Y43          FDRE                                         r  r_led_state_reg[1]/C
  -------------------------------------------------------------------    -------------------
    SLICE_X0Y43          FDRE (Prop_fdre_C_Q)         0.141     1.619 r  r_led_state_reg[1]/Q
                         net (fo=2, routed)           0.297     1.916    led_OBUF[1]
    E19                  OBUF (Prop_obuf_I_O)         1.231     3.147 r  led_OBUF[1]_inst/O
                         net (fo=0)                   0.000     3.147    led[1]
    E19                                                               r  led[1] (OUT)
  -------------------------------------------------------------------    -------------------

Slack:                    inf
  Source:                 r_led_state_reg[2]/C
                            (rising edge-triggered cell FDRE clocked by sys_clk_pin  {rise@0.000ns fall@5.000ns period=10.000ns})
  Destination:            led[2]
                            (output port)
  Path Group:             (none)
  Path Type:              Min at Fast Process Corner
  Data Path Delay:        1.677ns  (logic 1.343ns (80.081%)  route 0.334ns (19.919%))
  Logic Levels:           1  (OBUF=1)
  Clock Uncertainty:      0.025ns  ((TSJ^2 + TIJ^2)^1/2 + DJ) / 2 + PE
    Total System Jitter     (TSJ):    0.050ns
    Total Input Jitter      (TIJ):    0.000ns
    Discrete Jitter          (DJ):    0.000ns
    Phase Error              (PE):    0.000ns

    Location             Delay type                Incr(ns)  Path(ns)    Netlist Resource(s)
  -------------------------------------------------------------------    -------------------
                         (clock sys_clk_pin rise edge)
                                                      0.000     0.000 r  
    W5                                                0.000     0.000 r  clk (IN)
                         net (fo=0)                   0.000     0.000    clk
    W5                   IBUF (Prop_ibuf_I_O)         0.226     0.226 r  clk_IBUF_inst/O
                         net (fo=1, routed)           0.631     0.858    clk_IBUF
    BUFGCTRL_X0Y0        BUFG (Prop_bufg_I_O)         0.026     0.884 r  clk_IBUF_BUFG_inst/O
                         net (fo=88, routed)          0.587     1.470    clk_IBUF_BUFG
    SLICE_X0Y19          FDRE                                         r  r_led_state_reg[2]/C
  -------------------------------------------------------------------    -------------------
    SLICE_X0Y19          FDRE (Prop_fdre_C_Q)         0.141     1.611 r  r_led_state_reg[2]/Q
                         net (fo=2, routed)           0.334     1.945    led_OBUF[2]
    U19                  OBUF (Prop_obuf_I_O)         1.202     3.147 r  led_OBUF[2]_inst/O
                         net (fo=0)                   0.000     3.147    led[2]
    U19                                                               r  led[2] (OUT)
  -------------------------------------------------------------------    -------------------

Slack:                    inf
  Source:                 r_led_state_reg[3]/C
                            (rising edge-triggered cell FDRE clocked by sys_clk_pin  {rise@0.000ns fall@5.000ns period=10.000ns})
  Destination:            led[3]
                            (output port)
  Path Group:             (none)
  Path Type:              Min at Fast Process Corner
  Data Path Delay:        1.716ns  (logic 1.351ns (78.751%)  route 0.365ns (21.249%))
  Logic Levels:           1  (OBUF=1)
  Clock Uncertainty:      0.025ns  ((TSJ^2 + TIJ^2)^1/2 + DJ) / 2 + PE
    Total System Jitter     (TSJ):    0.050ns
    Total Input Jitter      (TIJ):    0.000ns
    Discrete Jitter          (DJ):    0.000ns
    Phase Error              (PE):    0.000ns

    Location             Delay type                Incr(ns)  Path(ns)    Netlist Resource(s)
  -------------------------------------------------------------------    -------------------
                         (clock sys_clk_pin rise edge)
                                                      0.000     0.000 r  
    W5                                                0.000     0.000 r  clk (IN)
                         net (fo=0)                   0.000     0.000    clk
    W5                   IBUF (Prop_ibuf_I_O)         0.226     0.226 r  clk_IBUF_inst/O
                         net (fo=1, routed)           0.631     0.858    clk_IBUF
    BUFGCTRL_X0Y0        BUFG (Prop_bufg_I_O)         0.026     0.884 r  clk_IBUF_BUFG_inst/O
                         net (fo=88, routed)          0.587     1.470    clk_IBUF_BUFG
    SLICE_X0Y19          FDRE                                         r  r_led_state_reg[3]/C
  -------------------------------------------------------------------    -------------------
    SLICE_X0Y19          FDRE (Prop_fdre_C_Q)         0.141     1.611 r  r_led_state_reg[3]/Q
                         net (fo=2, routed)           0.365     1.976    led_OBUF[3]
    V19                  OBUF (Prop_obuf_I_O)         1.210     3.186 r  led_OBUF[3]_inst/O
                         net (fo=0)                   0.000     3.186    led[3]
    V19                                                               r  led[3] (OUT)
  -------------------------------------------------------------------    -------------------





--------------------------------------------------------------------------------------
Path Group:  (none)
From Clock:  
  To Clock:  sys_clk_pin

Max Delay            84 Endpoints
Min Delay            84 Endpoints
--------------------------------------------------------------------------------------


Max Delay Paths
--------------------------------------------------------------------------------------
Slack:                    inf
  Source:                 btn1
                            (input port)
  Destination:            d1/r_count_reg[0]/R
                            (rising edge-triggered cell FDRE clocked by sys_clk_pin  {rise@0.000ns fall@5.000ns period=10.000ns})
  Path Group:             (none)
  Path Type:              Setup (Max at Slow Process Corner)
  Data Path Delay:        4.910ns  (logic 1.575ns (32.079%)  route 3.335ns (67.921%))
  Logic Levels:           2  (IBUF=1 LUT6=1)
  Clock Path Skew:        4.858ns (DCD - SCD + CPR)
    Destination Clock Delay (DCD):    4.858ns
    Source Clock Delay      (SCD):    0.000ns
    Clock Pessimism Removal (CPR):    0.000ns
  Clock Uncertainty:      0.025ns  ((TSJ^2 + TIJ^2)^1/2 + DJ) / 2 + PE
    Total System Jitter     (TSJ):    0.050ns
    Total Input Jitter      (TIJ):    0.000ns
    Discrete Jitter          (DJ):    0.000ns
    Phase Error              (PE):    0.000ns

    Location             Delay type                Incr(ns)  Path(ns)    Netlist Resource(s)
  -------------------------------------------------------------------    -------------------
    W19                                               0.000     0.000 r  btn1 (IN)
                         net (fo=0)                   0.000     0.000    btn1
    W19                  IBUF (Prop_ibuf_I_O)         1.451     1.451 r  btn1_IBUF_inst/O
                         net (fo=3, routed)           2.664     4.116    d1/btn1_IBUF
    SLICE_X2Y43          LUT6 (Prop_lut6_I0_O)        0.124     4.240 r  d1/r_count[18]_i_1__0/O
                         net (fo=19, routed)          0.671     4.910    d1/r_count[18]_i_1__0_n_0
    SLICE_X2Y40          FDRE                                         r  d1/r_count_reg[0]/R
  -------------------------------------------------------------------    -------------------

                         (clock sys_clk_pin rise edge)
                                                      0.000     0.000 r  
    W5                                                0.000     0.000 r  clk (IN)
                         net (fo=0)                   0.000     0.000    clk
    W5                   IBUF (Prop_ibuf_I_O)         1.388     1.388 r  clk_IBUF_inst/O
                         net (fo=1, routed)           1.862     3.250    clk_IBUF
    BUFGCTRL_X0Y0        BUFG (Prop_bufg_I_O)         0.091     3.341 r  clk_IBUF_BUFG_inst/O
                         net (fo=88, routed)          1.517     4.858    d1/clk_IBUF_BUFG
    SLICE_X2Y40          FDRE                                         r  d1/r_count_reg[0]/C

Slack:                    inf
  Source:                 btn1
                            (input port)
  Destination:            d1/r_count_reg[1]/R
                            (rising edge-triggered cell FDRE clocked by sys_clk_pin  {rise@0.000ns fall@5.000ns period=10.000ns})
  Path Group:             (none)
  Path Type:              Setup (Max at Slow Process Corner)
  Data Path Delay:        4.910ns  (logic 1.575ns (32.079%)  route 3.335ns (67.921%))
  Logic Levels:           2  (IBUF=1 LUT6=1)
  Clock Path Skew:        4.858ns (DCD - SCD + CPR)
    Destination Clock Delay (DCD):    4.858ns
    Source Clock Delay      (SCD):    0.000ns
    Clock Pessimism Removal (CPR):    0.000ns
  Clock Uncertainty:      0.025ns  ((TSJ^2 + TIJ^2)^1/2 + DJ) / 2 + PE
    Total System Jitter     (TSJ):    0.050ns
    Total Input Jitter      (TIJ):    0.000ns
    Discrete Jitter          (DJ):    0.000ns
    Phase Error              (PE):    0.000ns

    Location             Delay type                Incr(ns)  Path(ns)    Netlist Resource(s)
  -------------------------------------------------------------------    -------------------
    W19                                               0.000     0.000 r  btn1 (IN)
                         net (fo=0)                   0.000     0.000    btn1
    W19                  IBUF (Prop_ibuf_I_O)         1.451     1.451 r  btn1_IBUF_inst/O
                         net (fo=3, routed)           2.664     4.116    d1/btn1_IBUF
    SLICE_X2Y43          LUT6 (Prop_lut6_I0_O)        0.124     4.240 r  d1/r_count[18]_i_1__0/O
                         net (fo=19, routed)          0.671     4.910    d1/r_count[18]_i_1__0_n_0
    SLICE_X3Y40          FDRE                                         r  d1/r_count_reg[1]/R
  -------------------------------------------------------------------    -------------------

                         (clock sys_clk_pin rise edge)
                                                      0.000     0.000 r  
    W5                                                0.000     0.000 r  clk (IN)
                         net (fo=0)                   0.000     0.000    clk
    W5                   IBUF (Prop_ibuf_I_O)         1.388     1.388 r  clk_IBUF_inst/O
                         net (fo=1, routed)           1.862     3.250    clk_IBUF
    BUFGCTRL_X0Y0        BUFG (Prop_bufg_I_O)         0.091     3.341 r  clk_IBUF_BUFG_inst/O
                         net (fo=88, routed)          1.517     4.858    d1/clk_IBUF_BUFG
    SLICE_X3Y40          FDRE                                         r  d1/r_count_reg[1]/C

Slack:                    inf
  Source:                 btn1
                            (input port)
  Destination:            d1/r_count_reg[2]/R
                            (rising edge-triggered cell FDRE clocked by sys_clk_pin  {rise@0.000ns fall@5.000ns period=10.000ns})
  Path Group:             (none)
  Path Type:              Setup (Max at Slow Process Corner)
  Data Path Delay:        4.910ns  (logic 1.575ns (32.079%)  route 3.335ns (67.921%))
  Logic Levels:           2  (IBUF=1 LUT6=1)
  Clock Path Skew:        4.858ns (DCD - SCD + CPR)
    Destination Clock Delay (DCD):    4.858ns
    Source Clock Delay      (SCD):    0.000ns
    Clock Pessimism Removal (CPR):    0.000ns
  Clock Uncertainty:      0.025ns  ((TSJ^2 + TIJ^2)^1/2 + DJ) / 2 + PE
    Total System Jitter     (TSJ):    0.050ns
    Total Input Jitter      (TIJ):    0.000ns
    Discrete Jitter          (DJ):    0.000ns
    Phase Error              (PE):    0.000ns

    Location             Delay type                Incr(ns)  Path(ns)    Netlist Resource(s)
  -------------------------------------------------------------------    -------------------
    W19                                               0.000     0.000 r  btn1 (IN)
                         net (fo=0)                   0.000     0.000    btn1
    W19                  IBUF (Prop_ibuf_I_O)         1.451     1.451 r  btn1_IBUF_inst/O
                         net (fo=3, routed)           2.664     4.116    d1/btn1_IBUF
    SLICE_X2Y43          LUT6 (Prop_lut6_I0_O)        0.124     4.240 r  d1/r_count[18]_i_1__0/O
                         net (fo=19, routed)          0.671     4.910    d1/r_count[18]_i_1__0_n_0
    SLICE_X3Y40          FDRE                                         r  d1/r_count_reg[2]/R
  -------------------------------------------------------------------    -------------------

                         (clock sys_clk_pin rise edge)
                                                      0.000     0.000 r  
    W5                                                0.000     0.000 r  clk (IN)
                         net (fo=0)                   0.000     0.000    clk
    W5                   IBUF (Prop_ibuf_I_O)         1.388     1.388 r  clk_IBUF_inst/O
                         net (fo=1, routed)           1.862     3.250    clk_IBUF
    BUFGCTRL_X0Y0        BUFG (Prop_bufg_I_O)         0.091     3.341 r  clk_IBUF_BUFG_inst/O
                         net (fo=88, routed)          1.517     4.858    d1/clk_IBUF_BUFG
    SLICE_X3Y40          FDRE                                         r  d1/r_count_reg[2]/C

Slack:                    inf
  Source:                 btn1
                            (input port)
  Destination:            d1/r_count_reg[3]/R
                            (rising edge-triggered cell FDRE clocked by sys_clk_pin  {rise@0.000ns fall@5.000ns period=10.000ns})
  Path Group:             (none)
  Path Type:              Setup (Max at Slow Process Corner)
  Data Path Delay:        4.910ns  (logic 1.575ns (32.079%)  route 3.335ns (67.921%))
  Logic Levels:           2  (IBUF=1 LUT6=1)
  Clock Path Skew:        4.858ns (DCD - SCD + CPR)
    Destination Clock Delay (DCD):    4.858ns
    Source Clock Delay      (SCD):    0.000ns
    Clock Pessimism Removal (CPR):    0.000ns
  Clock Uncertainty:      0.025ns  ((TSJ^2 + TIJ^2)^1/2 + DJ) / 2 + PE
    Total System Jitter     (TSJ):    0.050ns
    Total Input Jitter      (TIJ):    0.000ns
    Discrete Jitter          (DJ):    0.000ns
    Phase Error              (PE):    0.000ns

    Location             Delay type                Incr(ns)  Path(ns)    Netlist Resource(s)
  -------------------------------------------------------------------    -------------------
    W19                                               0.000     0.000 r  btn1 (IN)
                         net (fo=0)                   0.000     0.000    btn1
    W19                  IBUF (Prop_ibuf_I_O)         1.451     1.451 r  btn1_IBUF_inst/O
                         net (fo=3, routed)           2.664     4.116    d1/btn1_IBUF
    SLICE_X2Y43          LUT6 (Prop_lut6_I0_O)        0.124     4.240 r  d1/r_count[18]_i_1__0/O
                         net (fo=19, routed)          0.671     4.910    d1/r_count[18]_i_1__0_n_0
    SLICE_X3Y40          FDRE                                         r  d1/r_count_reg[3]/R
  -------------------------------------------------------------------    -------------------

                         (clock sys_clk_pin rise edge)
                                                      0.000     0.000 r  
    W5                                                0.000     0.000 r  clk (IN)
                         net (fo=0)                   0.000     0.000    clk
    W5                   IBUF (Prop_ibuf_I_O)         1.388     1.388 r  clk_IBUF_inst/O
                         net (fo=1, routed)           1.862     3.250    clk_IBUF
    BUFGCTRL_X0Y0        BUFG (Prop_bufg_I_O)         0.091     3.341 r  clk_IBUF_BUFG_inst/O
                         net (fo=88, routed)          1.517     4.858    d1/clk_IBUF_BUFG
    SLICE_X3Y40          FDRE                                         r  d1/r_count_reg[3]/C

Slack:                    inf
  Source:                 btn1
                            (input port)
  Destination:            d1/r_count_reg[4]/R
                            (rising edge-triggered cell FDRE clocked by sys_clk_pin  {rise@0.000ns fall@5.000ns period=10.000ns})
  Path Group:             (none)
  Path Type:              Setup (Max at Slow Process Corner)
  Data Path Delay:        4.910ns  (logic 1.575ns (32.079%)  route 3.335ns (67.921%))
  Logic Levels:           2  (IBUF=1 LUT6=1)
  Clock Path Skew:        4.858ns (DCD - SCD + CPR)
    Destination Clock Delay (DCD):    4.858ns
    Source Clock Delay      (SCD):    0.000ns
    Clock Pessimism Removal (CPR):    0.000ns
  Clock Uncertainty:      0.025ns  ((TSJ^2 + TIJ^2)^1/2 + DJ) / 2 + PE
    Total System Jitter     (TSJ):    0.050ns
    Total Input Jitter      (TIJ):    0.000ns
    Discrete Jitter          (DJ):    0.000ns
    Phase Error              (PE):    0.000ns

    Location             Delay type                Incr(ns)  Path(ns)    Netlist Resource(s)
  -------------------------------------------------------------------    -------------------
    W19                                               0.000     0.000 r  btn1 (IN)
                         net (fo=0)                   0.000     0.000    btn1
    W19                  IBUF (Prop_ibuf_I_O)         1.451     1.451 r  btn1_IBUF_inst/O
                         net (fo=3, routed)           2.664     4.116    d1/btn1_IBUF
    SLICE_X2Y43          LUT6 (Prop_lut6_I0_O)        0.124     4.240 r  d1/r_count[18]_i_1__0/O
                         net (fo=19, routed)          0.671     4.910    d1/r_count[18]_i_1__0_n_0
    SLICE_X3Y40          FDRE                                         r  d1/r_count_reg[4]/R
  -------------------------------------------------------------------    -------------------

                         (clock sys_clk_pin rise edge)
                                                      0.000     0.000 r  
    W5                                                0.000     0.000 r  clk (IN)
                         net (fo=0)                   0.000     0.000    clk
    W5                   IBUF (Prop_ibuf_I_O)         1.388     1.388 r  clk_IBUF_inst/O
                         net (fo=1, routed)           1.862     3.250    clk_IBUF
    BUFGCTRL_X0Y0        BUFG (Prop_bufg_I_O)         0.091     3.341 r  clk_IBUF_BUFG_inst/O
                         net (fo=88, routed)          1.517     4.858    d1/clk_IBUF_BUFG
    SLICE_X3Y40          FDRE                                         r  d1/r_count_reg[4]/C

Slack:                    inf
  Source:                 btn1
                            (input port)
  Destination:            d1/r_count_reg[13]/R
                            (rising edge-triggered cell FDRE clocked by sys_clk_pin  {rise@0.000ns fall@5.000ns period=10.000ns})
  Path Group:             (none)
  Path Type:              Setup (Max at Slow Process Corner)
  Data Path Delay:        4.840ns  (logic 1.575ns (32.546%)  route 3.265ns (67.454%))
  Logic Levels:           2  (IBUF=1 LUT6=1)
  Clock Path Skew:        4.860ns (DCD - SCD + CPR)
    Destination Clock Delay (DCD):    4.860ns
    Source Clock Delay      (SCD):    0.000ns
    Clock Pessimism Removal (CPR):    0.000ns
  Clock Uncertainty:      0.025ns  ((TSJ^2 + TIJ^2)^1/2 + DJ) / 2 + PE
    Total System Jitter     (TSJ):    0.050ns
    Total Input Jitter      (TIJ):    0.000ns
    Discrete Jitter          (DJ):    0.000ns
    Phase Error              (PE):    0.000ns

    Location             Delay type                Incr(ns)  Path(ns)    Netlist Resource(s)
  -------------------------------------------------------------------    -------------------
    W19                                               0.000     0.000 r  btn1 (IN)
                         net (fo=0)                   0.000     0.000    btn1
    W19                  IBUF (Prop_ibuf_I_O)         1.451     1.451 r  btn1_IBUF_inst/O
                         net (fo=3, routed)           2.664     4.116    d1/btn1_IBUF
    SLICE_X2Y43          LUT6 (Prop_lut6_I0_O)        0.124     4.240 r  d1/r_count[18]_i_1__0/O
                         net (fo=19, routed)          0.600     4.840    d1/r_count[18]_i_1__0_n_0
    SLICE_X3Y43          FDRE                                         r  d1/r_count_reg[13]/R
  -------------------------------------------------------------------    -------------------

                         (clock sys_clk_pin rise edge)
                                                      0.000     0.000 r  
    W5                                                0.000     0.000 r  clk (IN)
                         net (fo=0)                   0.000     0.000    clk
    W5                   IBUF (Prop_ibuf_I_O)         1.388     1.388 r  clk_IBUF_inst/O
                         net (fo=1, routed)           1.862     3.250    clk_IBUF
    BUFGCTRL_X0Y0        BUFG (Prop_bufg_I_O)         0.091     3.341 r  clk_IBUF_BUFG_inst/O
                         net (fo=88, routed)          1.519     4.860    d1/clk_IBUF_BUFG
    SLICE_X3Y43          FDRE                                         r  d1/r_count_reg[13]/C

Slack:                    inf
  Source:                 btn1
                            (input port)
  Destination:            d1/r_count_reg[14]/R
                            (rising edge-triggered cell FDRE clocked by sys_clk_pin  {rise@0.000ns fall@5.000ns period=10.000ns})
  Path Group:             (none)
  Path Type:              Setup (Max at Slow Process Corner)
  Data Path Delay:        4.840ns  (logic 1.575ns (32.546%)  route 3.265ns (67.454%))
  Logic Levels:           2  (IBUF=1 LUT6=1)
  Clock Path Skew:        4.860ns (DCD - SCD + CPR)
    Destination Clock Delay (DCD):    4.860ns
    Source Clock Delay      (SCD):    0.000ns
    Clock Pessimism Removal (CPR):    0.000ns
  Clock Uncertainty:      0.025ns  ((TSJ^2 + TIJ^2)^1/2 + DJ) / 2 + PE
    Total System Jitter     (TSJ):    0.050ns
    Total Input Jitter      (TIJ):    0.000ns
    Discrete Jitter          (DJ):    0.000ns
    Phase Error              (PE):    0.000ns

    Location             Delay type                Incr(ns)  Path(ns)    Netlist Resource(s)
  -------------------------------------------------------------------    -------------------
    W19                                               0.000     0.000 r  btn1 (IN)
                         net (fo=0)                   0.000     0.000    btn1
    W19                  IBUF (Prop_ibuf_I_O)         1.451     1.451 r  btn1_IBUF_inst/O
                         net (fo=3, routed)           2.664     4.116    d1/btn1_IBUF
    SLICE_X2Y43          LUT6 (Prop_lut6_I0_O)        0.124     4.240 r  d1/r_count[18]_i_1__0/O
                         net (fo=19, routed)          0.600     4.840    d1/r_count[18]_i_1__0_n_0
    SLICE_X3Y43          FDRE                                         r  d1/r_count_reg[14]/R
  -------------------------------------------------------------------    -------------------

                         (clock sys_clk_pin rise edge)
                                                      0.000     0.000 r  
    W5                                                0.000     0.000 r  clk (IN)
                         net (fo=0)                   0.000     0.000    clk
    W5                   IBUF (Prop_ibuf_I_O)         1.388     1.388 r  clk_IBUF_inst/O
                         net (fo=1, routed)           1.862     3.250    clk_IBUF
    BUFGCTRL_X0Y0        BUFG (Prop_bufg_I_O)         0.091     3.341 r  clk_IBUF_BUFG_inst/O
                         net (fo=88, routed)          1.519     4.860    d1/clk_IBUF_BUFG
    SLICE_X3Y43          FDRE                                         r  d1/r_count_reg[14]/C

Slack:                    inf
  Source:                 btn1
                            (input port)
  Destination:            d1/r_count_reg[15]/R
                            (rising edge-triggered cell FDRE clocked by sys_clk_pin  {rise@0.000ns fall@5.000ns period=10.000ns})
  Path Group:             (none)
  Path Type:              Setup (Max at Slow Process Corner)
  Data Path Delay:        4.840ns  (logic 1.575ns (32.546%)  route 3.265ns (67.454%))
  Logic Levels:           2  (IBUF=1 LUT6=1)
  Clock Path Skew:        4.860ns (DCD - SCD + CPR)
    Destination Clock Delay (DCD):    4.860ns
    Source Clock Delay      (SCD):    0.000ns
    Clock Pessimism Removal (CPR):    0.000ns
  Clock Uncertainty:      0.025ns  ((TSJ^2 + TIJ^2)^1/2 + DJ) / 2 + PE
    Total System Jitter     (TSJ):    0.050ns
    Total Input Jitter      (TIJ):    0.000ns
    Discrete Jitter          (DJ):    0.000ns
    Phase Error              (PE):    0.000ns

    Location             Delay type                Incr(ns)  Path(ns)    Netlist Resource(s)
  -------------------------------------------------------------------    -------------------
    W19                                               0.000     0.000 r  btn1 (IN)
                         net (fo=0)                   0.000     0.000    btn1
    W19                  IBUF (Prop_ibuf_I_O)         1.451     1.451 r  btn1_IBUF_inst/O
                         net (fo=3, routed)           2.664     4.116    d1/btn1_IBUF
    SLICE_X2Y43          LUT6 (Prop_lut6_I0_O)        0.124     4.240 r  d1/r_count[18]_i_1__0/O
                         net (fo=19, routed)          0.600     4.840    d1/r_count[18]_i_1__0_n_0
    SLICE_X3Y43          FDRE                                         r  d1/r_count_reg[15]/R
  -------------------------------------------------------------------    -------------------

                         (clock sys_clk_pin rise edge)
                                                      0.000     0.000 r  
    W5                                                0.000     0.000 r  clk (IN)
                         net (fo=0)                   0.000     0.000    clk
    W5                   IBUF (Prop_ibuf_I_O)         1.388     1.388 r  clk_IBUF_inst/O
                         net (fo=1, routed)           1.862     3.250    clk_IBUF
    BUFGCTRL_X0Y0        BUFG (Prop_bufg_I_O)         0.091     3.341 r  clk_IBUF_BUFG_inst/O
                         net (fo=88, routed)          1.519     4.860    d1/clk_IBUF_BUFG
    SLICE_X3Y43          FDRE                                         r  d1/r_count_reg[15]/C

Slack:                    inf
  Source:                 btn1
                            (input port)
  Destination:            d1/r_count_reg[16]/R
                            (rising edge-triggered cell FDRE clocked by sys_clk_pin  {rise@0.000ns fall@5.000ns period=10.000ns})
  Path Group:             (none)
  Path Type:              Setup (Max at Slow Process Corner)
  Data Path Delay:        4.840ns  (logic 1.575ns (32.546%)  route 3.265ns (67.454%))
  Logic Levels:           2  (IBUF=1 LUT6=1)
  Clock Path Skew:        4.860ns (DCD - SCD + CPR)
    Destination Clock Delay (DCD):    4.860ns
    Source Clock Delay      (SCD):    0.000ns
    Clock Pessimism Removal (CPR):    0.000ns
  Clock Uncertainty:      0.025ns  ((TSJ^2 + TIJ^2)^1/2 + DJ) / 2 + PE
    Total System Jitter     (TSJ):    0.050ns
    Total Input Jitter      (TIJ):    0.000ns
    Discrete Jitter          (DJ):    0.000ns
    Phase Error              (PE):    0.000ns

    Location             Delay type                Incr(ns)  Path(ns)    Netlist Resource(s)
  -------------------------------------------------------------------    -------------------
    W19                                               0.000     0.000 r  btn1 (IN)
                         net (fo=0)                   0.000     0.000    btn1
    W19                  IBUF (Prop_ibuf_I_O)         1.451     1.451 r  btn1_IBUF_inst/O
                         net (fo=3, routed)           2.664     4.116    d1/btn1_IBUF
    SLICE_X2Y43          LUT6 (Prop_lut6_I0_O)        0.124     4.240 r  d1/r_count[18]_i_1__0/O
                         net (fo=19, routed)          0.600     4.840    d1/r_count[18]_i_1__0_n_0
    SLICE_X3Y43          FDRE                                         r  d1/r_count_reg[16]/R
  -------------------------------------------------------------------    -------------------

                         (clock sys_clk_pin rise edge)
                                                      0.000     0.000 r  
    W5                                                0.000     0.000 r  clk (IN)
                         net (fo=0)                   0.000     0.000    clk
    W5                   IBUF (Prop_ibuf_I_O)         1.388     1.388 r  clk_IBUF_inst/O
                         net (fo=1, routed)           1.862     3.250    clk_IBUF
    BUFGCTRL_X0Y0        BUFG (Prop_bufg_I_O)         0.091     3.341 r  clk_IBUF_BUFG_inst/O
                         net (fo=88, routed)          1.519     4.860    d1/clk_IBUF_BUFG
    SLICE_X3Y43          FDRE                                         r  d1/r_count_reg[16]/C

Slack:                    inf
  Source:                 btn1
                            (input port)
  Destination:            d1/r_count_reg[5]/R
                            (rising edge-triggered cell FDRE clocked by sys_clk_pin  {rise@0.000ns fall@5.000ns period=10.000ns})
  Path Group:             (none)
  Path Type:              Setup (Max at Slow Process Corner)
  Data Path Delay:        4.811ns  (logic 1.575ns (32.743%)  route 3.236ns (67.257%))
  Logic Levels:           2  (IBUF=1 LUT6=1)
  Clock Path Skew:        4.859ns (DCD - SCD + CPR)
    Destination Clock Delay (DCD):    4.859ns
    Source Clock Delay      (SCD):    0.000ns
    Clock Pessimism Removal (CPR):    0.000ns
  Clock Uncertainty:      0.025ns  ((TSJ^2 + TIJ^2)^1/2 + DJ) / 2 + PE
    Total System Jitter     (TSJ):    0.050ns
    Total Input Jitter      (TIJ):    0.000ns
    Discrete Jitter          (DJ):    0.000ns
    Phase Error              (PE):    0.000ns

    Location             Delay type                Incr(ns)  Path(ns)    Netlist Resource(s)
  -------------------------------------------------------------------    -------------------
    W19                                               0.000     0.000 r  btn1 (IN)
                         net (fo=0)                   0.000     0.000    btn1
    W19                  IBUF (Prop_ibuf_I_O)         1.451     1.451 r  btn1_IBUF_inst/O
                         net (fo=3, routed)           2.664     4.116    d1/btn1_IBUF
    SLICE_X2Y43          LUT6 (Prop_lut6_I0_O)        0.124     4.240 r  d1/r_count[18]_i_1__0/O
                         net (fo=19, routed)          0.571     4.811    d1/r_count[18]_i_1__0_n_0
    SLICE_X3Y41          FDRE                                         r  d1/r_count_reg[5]/R
  -------------------------------------------------------------------    -------------------

                         (clock sys_clk_pin rise edge)
                                                      0.000     0.000 r  
    W5                                                0.000     0.000 r  clk (IN)
                         net (fo=0)                   0.000     0.000    clk
    W5                   IBUF (Prop_ibuf_I_O)         1.388     1.388 r  clk_IBUF_inst/O
                         net (fo=1, routed)           1.862     3.250    clk_IBUF
    BUFGCTRL_X0Y0        BUFG (Prop_bufg_I_O)         0.091     3.341 r  clk_IBUF_BUFG_inst/O
                         net (fo=88, routed)          1.518     4.859    d1/clk_IBUF_BUFG
    SLICE_X3Y41          FDRE                                         r  d1/r_count_reg[5]/C





Min Delay Paths
--------------------------------------------------------------------------------------
Slack:                    inf
  Source:                 btn2
                            (input port)
  Destination:            d2/r_prevState_reg/D
                            (rising edge-triggered cell FDRE clocked by sys_clk_pin  {rise@0.000ns fall@5.000ns period=10.000ns})
  Path Group:             (none)
  Path Type:              Hold (Min at Fast Process Corner)
  Data Path Delay:        0.658ns  (logic 0.264ns (40.173%)  route 0.394ns (59.827%))
  Logic Levels:           2  (IBUF=1 LUT6=1)
  Clock Path Skew:        1.982ns (DCD - SCD - CPR)
    Destination Clock Delay (DCD):    1.982ns
    Source Clock Delay      (SCD):    0.000ns
    Clock Pessimism Removal (CPR):    -0.000ns

    Location             Delay type                Incr(ns)  Path(ns)    Netlist Resource(s)
  -------------------------------------------------------------------    -------------------
    T17                                               0.000     0.000 r  btn2 (IN)
                         net (fo=0)                   0.000     0.000    btn2
    T17                  IBUF (Prop_ibuf_I_O)         0.219     0.219 r  btn2_IBUF_inst/O
                         net (fo=3, routed)           0.394     0.613    d2/btn2_IBUF
    SLICE_X5Y18          LUT6 (Prop_lut6_I0_O)        0.045     0.658 r  d2/r_prevState_i_1__1/O
                         net (fo=1, routed)           0.000     0.658    d2/r_prevState_i_1__1_n_0
    SLICE_X5Y18          FDRE                                         r  d2/r_prevState_reg/D
  -------------------------------------------------------------------    -------------------

                         (clock sys_clk_pin rise edge)
                                                      0.000     0.000 r  
    W5                                                0.000     0.000 r  clk (IN)
                         net (fo=0)                   0.000     0.000    clk
    W5                   IBUF (Prop_ibuf_I_O)         0.414     0.414 r  clk_IBUF_inst/O
                         net (fo=1, routed)           0.685     1.099    clk_IBUF
    BUFGCTRL_X0Y0        BUFG (Prop_bufg_I_O)         0.029     1.128 r  clk_IBUF_BUFG_inst/O
                         net (fo=88, routed)          0.855     1.982    d2/clk_IBUF_BUFG
    SLICE_X5Y18          FDRE                                         r  d2/r_prevState_reg/C

Slack:                    inf
  Source:                 btn2
                            (input port)
  Destination:            d2/retValue_reg/D
                            (rising edge-triggered cell FDRE clocked by sys_clk_pin  {rise@0.000ns fall@5.000ns period=10.000ns})
  Path Group:             (none)
  Path Type:              Hold (Min at Fast Process Corner)
  Data Path Delay:        0.720ns  (logic 0.264ns (36.726%)  route 0.455ns (63.274%))
  Logic Levels:           2  (IBUF=1 LUT6=1)
  Clock Path Skew:        1.982ns (DCD - SCD - CPR)
    Destination Clock Delay (DCD):    1.982ns
    Source Clock Delay      (SCD):    0.000ns
    Clock Pessimism Removal (CPR):    -0.000ns

    Location             Delay type                Incr(ns)  Path(ns)    Netlist Resource(s)
  -------------------------------------------------------------------    -------------------
    T17                                               0.000     0.000 f  btn2 (IN)
                         net (fo=0)                   0.000     0.000    btn2
    T17                  IBUF (Prop_ibuf_I_O)         0.219     0.219 f  btn2_IBUF_inst/O
                         net (fo=3, routed)           0.455     0.675    d2/btn2_IBUF
    SLICE_X5Y18          LUT6 (Prop_lut6_I0_O)        0.045     0.720 r  d2/retValue_i_1__1/O
                         net (fo=1, routed)           0.000     0.720    d2/retValue_i_1__1_n_0
    SLICE_X5Y18          FDRE                                         r  d2/retValue_reg/D
  -------------------------------------------------------------------    -------------------

                         (clock sys_clk_pin rise edge)
                                                      0.000     0.000 r  
    W5                                                0.000     0.000 r  clk (IN)
                         net (fo=0)                   0.000     0.000    clk
    W5                   IBUF (Prop_ibuf_I_O)         0.414     0.414 r  clk_IBUF_inst/O
                         net (fo=1, routed)           0.685     1.099    clk_IBUF
    BUFGCTRL_X0Y0        BUFG (Prop_bufg_I_O)         0.029     1.128 r  clk_IBUF_BUFG_inst/O
                         net (fo=88, routed)          0.855     1.982    d2/clk_IBUF_BUFG
    SLICE_X5Y18          FDRE                                         r  d2/retValue_reg/C

Slack:                    inf
  Source:                 btn3
                            (input port)
  Destination:            d3/r_prevState_reg/D
                            (rising edge-triggered cell FDRE clocked by sys_clk_pin  {rise@0.000ns fall@5.000ns period=10.000ns})
  Path Group:             (none)
  Path Type:              Hold (Min at Fast Process Corner)
  Data Path Delay:        0.879ns  (logic 0.266ns (30.226%)  route 0.613ns (69.774%))
  Logic Levels:           2  (IBUF=1 LUT6=1)
  Clock Path Skew:        1.981ns (DCD - SCD - CPR)
    Destination Clock Delay (DCD):    1.981ns
    Source Clock Delay      (SCD):    0.000ns
    Clock Pessimism Removal (CPR):    -0.000ns

    Location             Delay type                Incr(ns)  Path(ns)    Netlist Resource(s)
  -------------------------------------------------------------------    -------------------
    U17                                               0.000     0.000 r  btn3 (IN)
                         net (fo=0)                   0.000     0.000    btn3
    U17                  IBUF (Prop_ibuf_I_O)         0.221     0.221 r  btn3_IBUF_inst/O
                         net (fo=3, routed)           0.613     0.834    d3/btn3_IBUF
    SLICE_X4Y19          LUT6 (Prop_lut6_I0_O)        0.045     0.879 r  d3/r_prevState_i_1__2/O
                         net (fo=1, routed)           0.000     0.879    d3/r_prevState_i_1__2_n_0
    SLICE_X4Y19          FDRE                                         r  d3/r_prevState_reg/D
  -------------------------------------------------------------------    -------------------

                         (clock sys_clk_pin rise edge)
                                                      0.000     0.000 r  
    W5                                                0.000     0.000 r  clk (IN)
                         net (fo=0)                   0.000     0.000    clk
    W5                   IBUF (Prop_ibuf_I_O)         0.414     0.414 r  clk_IBUF_inst/O
                         net (fo=1, routed)           0.685     1.099    clk_IBUF
    BUFGCTRL_X0Y0        BUFG (Prop_bufg_I_O)         0.029     1.128 r  clk_IBUF_BUFG_inst/O
                         net (fo=88, routed)          0.854     1.981    d3/clk_IBUF_BUFG
    SLICE_X4Y19          FDRE                                         r  d3/r_prevState_reg/C

Slack:                    inf
  Source:                 btn3
                            (input port)
  Destination:            d3/retValue_reg/D
                            (rising edge-triggered cell FDRE clocked by sys_clk_pin  {rise@0.000ns fall@5.000ns period=10.000ns})
  Path Group:             (none)
  Path Type:              Hold (Min at Fast Process Corner)
  Data Path Delay:        0.882ns  (logic 0.266ns (30.099%)  route 0.617ns (69.901%))
  Logic Levels:           2  (IBUF=1 LUT6=1)
  Clock Path Skew:        1.981ns (DCD - SCD - CPR)
    Destination Clock Delay (DCD):    1.981ns
    Source Clock Delay      (SCD):    0.000ns
    Clock Pessimism Removal (CPR):    -0.000ns

    Location             Delay type                Incr(ns)  Path(ns)    Netlist Resource(s)
  -------------------------------------------------------------------    -------------------
    U17                                               0.000     0.000 f  btn3 (IN)
                         net (fo=0)                   0.000     0.000    btn3
    U17                  IBUF (Prop_ibuf_I_O)         0.221     0.221 f  btn3_IBUF_inst/O
                         net (fo=3, routed)           0.617     0.837    d3/btn3_IBUF
    SLICE_X4Y19          LUT6 (Prop_lut6_I0_O)        0.045     0.882 r  d3/retValue_i_1__2/O
                         net (fo=1, routed)           0.000     0.882    d3/retValue_i_1__2_n_0
    SLICE_X4Y19          FDRE                                         r  d3/retValue_reg/D
  -------------------------------------------------------------------    -------------------

                         (clock sys_clk_pin rise edge)
                                                      0.000     0.000 r  
    W5                                                0.000     0.000 r  clk (IN)
                         net (fo=0)                   0.000     0.000    clk
    W5                   IBUF (Prop_ibuf_I_O)         0.414     0.414 r  clk_IBUF_inst/O
                         net (fo=1, routed)           0.685     1.099    clk_IBUF
    BUFGCTRL_X0Y0        BUFG (Prop_bufg_I_O)         0.029     1.128 r  clk_IBUF_BUFG_inst/O
                         net (fo=88, routed)          0.854     1.981    d3/clk_IBUF_BUFG
    SLICE_X4Y19          FDRE                                         r  d3/retValue_reg/C

Slack:                    inf
  Source:                 btn0
                            (input port)
  Destination:            d0/retValue_reg/D
                            (rising edge-triggered cell FDRE clocked by sys_clk_pin  {rise@0.000ns fall@5.000ns period=10.000ns})
  Path Group:             (none)
  Path Type:              Hold (Min at Fast Process Corner)
  Data Path Delay:        0.957ns  (logic 0.266ns (27.786%)  route 0.691ns (72.214%))
  Logic Levels:           2  (IBUF=1 LUT5=1)
  Clock Path Skew:        1.993ns (DCD - SCD - CPR)
    Destination Clock Delay (DCD):    1.993ns
    Source Clock Delay      (SCD):    0.000ns
    Clock Pessimism Removal (CPR):    -0.000ns

    Location             Delay type                Incr(ns)  Path(ns)    Netlist Resource(s)
  -------------------------------------------------------------------    -------------------
    T18                                               0.000     0.000 f  btn0 (IN)
                         net (fo=0)                   0.000     0.000    btn0
    T18                  IBUF (Prop_ibuf_I_O)         0.222     0.222 f  btn0_IBUF_inst/O
                         net (fo=3, routed)           0.691     0.913    d0/btn0_IBUF
    SLICE_X2Y3           LUT5 (Prop_lut5_I4_O)        0.044     0.957 r  d0/retValue_i_1/O
                         net (fo=1, routed)           0.000     0.957    d0/retValue_i_1_n_0
    SLICE_X2Y3           FDRE                                         r  d0/retValue_reg/D
  -------------------------------------------------------------------    -------------------

                         (clock sys_clk_pin rise edge)
                                                      0.000     0.000 r  
    W5                                                0.000     0.000 r  clk (IN)
                         net (fo=0)                   0.000     0.000    clk
    W5                   IBUF (Prop_ibuf_I_O)         0.414     0.414 r  clk_IBUF_inst/O
                         net (fo=1, routed)           0.685     1.099    clk_IBUF
    BUFGCTRL_X0Y0        BUFG (Prop_bufg_I_O)         0.029     1.128 r  clk_IBUF_BUFG_inst/O
                         net (fo=88, routed)          0.866     1.993    d0/clk_IBUF_BUFG
    SLICE_X2Y3           FDRE                                         r  d0/retValue_reg/C

Slack:                    inf
  Source:                 btn0
                            (input port)
  Destination:            d0/r_prevState_reg/D
                            (rising edge-triggered cell FDRE clocked by sys_clk_pin  {rise@0.000ns fall@5.000ns period=10.000ns})
  Path Group:             (none)
  Path Type:              Hold (Min at Fast Process Corner)
  Data Path Delay:        0.958ns  (logic 0.267ns (27.861%)  route 0.691ns (72.139%))
  Logic Levels:           2  (IBUF=1 LUT5=1)
  Clock Path Skew:        1.993ns (DCD - SCD - CPR)
    Destination Clock Delay (DCD):    1.993ns
    Source Clock Delay      (SCD):    0.000ns
    Clock Pessimism Removal (CPR):    -0.000ns

    Location             Delay type                Incr(ns)  Path(ns)    Netlist Resource(s)
  -------------------------------------------------------------------    -------------------
    T18                                               0.000     0.000 r  btn0 (IN)
                         net (fo=0)                   0.000     0.000    btn0
    T18                  IBUF (Prop_ibuf_I_O)         0.222     0.222 r  btn0_IBUF_inst/O
                         net (fo=3, routed)           0.691     0.913    d0/btn0_IBUF
    SLICE_X2Y3           LUT5 (Prop_lut5_I1_O)        0.045     0.958 r  d0/r_prevState_i_1/O
                         net (fo=1, routed)           0.000     0.958    d0/r_prevState_i_1_n_0
    SLICE_X2Y3           FDRE                                         r  d0/r_prevState_reg/D
  -------------------------------------------------------------------    -------------------

                         (clock sys_clk_pin rise edge)
                                                      0.000     0.000 r  
    W5                                                0.000     0.000 r  clk (IN)
                         net (fo=0)                   0.000     0.000    clk
    W5                   IBUF (Prop_ibuf_I_O)         0.414     0.414 r  clk_IBUF_inst/O
                         net (fo=1, routed)           0.685     1.099    clk_IBUF
    BUFGCTRL_X0Y0        BUFG (Prop_bufg_I_O)         0.029     1.128 r  clk_IBUF_BUFG_inst/O
                         net (fo=88, routed)          0.866     1.993    d0/clk_IBUF_BUFG
    SLICE_X2Y3           FDRE                                         r  d0/r_prevState_reg/C

Slack:                    inf
  Source:                 btn2
                            (input port)
  Destination:            d2/r_count_reg[10]/R
                            (rising edge-triggered cell FDRE clocked by sys_clk_pin  {rise@0.000ns fall@5.000ns period=10.000ns})
  Path Group:             (none)
  Path Type:              Hold (Min at Fast Process Corner)
  Data Path Delay:        1.063ns  (logic 0.264ns (24.854%)  route 0.799ns (75.146%))
  Logic Levels:           2  (IBUF=1 LUT6=1)
  Clock Path Skew:        1.984ns (DCD - SCD - CPR)
    Destination Clock Delay (DCD):    1.984ns
    Source Clock Delay      (SCD):    0.000ns
    Clock Pessimism Removal (CPR):    -0.000ns

    Location             Delay type                Incr(ns)  Path(ns)    Netlist Resource(s)
  -------------------------------------------------------------------    -------------------
    T17                                               0.000     0.000 r  btn2 (IN)
                         net (fo=0)                   0.000     0.000    btn2
    T17                  IBUF (Prop_ibuf_I_O)         0.219     0.219 r  btn2_IBUF_inst/O
                         net (fo=3, routed)           0.594     0.814    d2/btn2_IBUF
    SLICE_X5Y18          LUT6 (Prop_lut6_I0_O)        0.045     0.859 r  d2/r_count[18]_i_1__1/O
                         net (fo=19, routed)          0.205     1.063    d2/r_count[18]_i_1__1_n_0
    SLICE_X3Y18          FDRE                                         r  d2/r_count_reg[10]/R
  -------------------------------------------------------------------    -------------------

                         (clock sys_clk_pin rise edge)
                                                      0.000     0.000 r  
    W5                                                0.000     0.000 r  clk (IN)
                         net (fo=0)                   0.000     0.000    clk
    W5                   IBUF (Prop_ibuf_I_O)         0.414     0.414 r  clk_IBUF_inst/O
                         net (fo=1, routed)           0.685     1.099    clk_IBUF
    BUFGCTRL_X0Y0        BUFG (Prop_bufg_I_O)         0.029     1.128 r  clk_IBUF_BUFG_inst/O
                         net (fo=88, routed)          0.857     1.984    d2/clk_IBUF_BUFG
    SLICE_X3Y18          FDRE                                         r  d2/r_count_reg[10]/C

Slack:                    inf
  Source:                 btn2
                            (input port)
  Destination:            d2/r_count_reg[11]/R
                            (rising edge-triggered cell FDRE clocked by sys_clk_pin  {rise@0.000ns fall@5.000ns period=10.000ns})
  Path Group:             (none)
  Path Type:              Hold (Min at Fast Process Corner)
  Data Path Delay:        1.063ns  (logic 0.264ns (24.854%)  route 0.799ns (75.146%))
  Logic Levels:           2  (IBUF=1 LUT6=1)
  Clock Path Skew:        1.984ns (DCD - SCD - CPR)
    Destination Clock Delay (DCD):    1.984ns
    Source Clock Delay      (SCD):    0.000ns
    Clock Pessimism Removal (CPR):    -0.000ns

    Location             Delay type                Incr(ns)  Path(ns)    Netlist Resource(s)
  -------------------------------------------------------------------    -------------------
    T17                                               0.000     0.000 r  btn2 (IN)
                         net (fo=0)                   0.000     0.000    btn2
    T17                  IBUF (Prop_ibuf_I_O)         0.219     0.219 r  btn2_IBUF_inst/O
                         net (fo=3, routed)           0.594     0.814    d2/btn2_IBUF
    SLICE_X5Y18          LUT6 (Prop_lut6_I0_O)        0.045     0.859 r  d2/r_count[18]_i_1__1/O
                         net (fo=19, routed)          0.205     1.063    d2/r_count[18]_i_1__1_n_0
    SLICE_X3Y18          FDRE                                         r  d2/r_count_reg[11]/R
  -------------------------------------------------------------------    -------------------

                         (clock sys_clk_pin rise edge)
                                                      0.000     0.000 r  
    W5                                                0.000     0.000 r  clk (IN)
                         net (fo=0)                   0.000     0.000    clk
    W5                   IBUF (Prop_ibuf_I_O)         0.414     0.414 r  clk_IBUF_inst/O
                         net (fo=1, routed)           0.685     1.099    clk_IBUF
    BUFGCTRL_X0Y0        BUFG (Prop_bufg_I_O)         0.029     1.128 r  clk_IBUF_BUFG_inst/O
                         net (fo=88, routed)          0.857     1.984    d2/clk_IBUF_BUFG
    SLICE_X3Y18          FDRE                                         r  d2/r_count_reg[11]/C

Slack:                    inf
  Source:                 btn2
                            (input port)
  Destination:            d2/r_count_reg[12]/R
                            (rising edge-triggered cell FDRE clocked by sys_clk_pin  {rise@0.000ns fall@5.000ns period=10.000ns})
  Path Group:             (none)
  Path Type:              Hold (Min at Fast Process Corner)
  Data Path Delay:        1.063ns  (logic 0.264ns (24.854%)  route 0.799ns (75.146%))
  Logic Levels:           2  (IBUF=1 LUT6=1)
  Clock Path Skew:        1.984ns (DCD - SCD - CPR)
    Destination Clock Delay (DCD):    1.984ns
    Source Clock Delay      (SCD):    0.000ns
    Clock Pessimism Removal (CPR):    -0.000ns

    Location             Delay type                Incr(ns)  Path(ns)    Netlist Resource(s)
  -------------------------------------------------------------------    -------------------
    T17                                               0.000     0.000 r  btn2 (IN)
                         net (fo=0)                   0.000     0.000    btn2
    T17                  IBUF (Prop_ibuf_I_O)         0.219     0.219 r  btn2_IBUF_inst/O
                         net (fo=3, routed)           0.594     0.814    d2/btn2_IBUF
    SLICE_X5Y18          LUT6 (Prop_lut6_I0_O)        0.045     0.859 r  d2/r_count[18]_i_1__1/O
                         net (fo=19, routed)          0.205     1.063    d2/r_count[18]_i_1__1_n_0
    SLICE_X3Y18          FDRE                                         r  d2/r_count_reg[12]/R
  -------------------------------------------------------------------    -------------------

                         (clock sys_clk_pin rise edge)
                                                      0.000     0.000 r  
    W5                                                0.000     0.000 r  clk (IN)
                         net (fo=0)                   0.000     0.000    clk
    W5                   IBUF (Prop_ibuf_I_O)         0.414     0.414 r  clk_IBUF_inst/O
                         net (fo=1, routed)           0.685     1.099    clk_IBUF
    BUFGCTRL_X0Y0        BUFG (Prop_bufg_I_O)         0.029     1.128 r  clk_IBUF_BUFG_inst/O
                         net (fo=88, routed)          0.857     1.984    d2/clk_IBUF_BUFG
    SLICE_X3Y18          FDRE                                         r  d2/r_count_reg[12]/C

Slack:                    inf
  Source:                 btn2
                            (input port)
  Destination:            d2/r_count_reg[9]/R
                            (rising edge-triggered cell FDRE clocked by sys_clk_pin  {rise@0.000ns fall@5.000ns period=10.000ns})
  Path Group:             (none)
  Path Type:              Hold (Min at Fast Process Corner)
  Data Path Delay:        1.063ns  (logic 0.264ns (24.854%)  route 0.799ns (75.146%))
  Logic Levels:           2  (IBUF=1 LUT6=1)
  Clock Path Skew:        1.984ns (DCD - SCD - CPR)
    Destination Clock Delay (DCD):    1.984ns
    Source Clock Delay      (SCD):    0.000ns
    Clock Pessimism Removal (CPR):    -0.000ns

    Location             Delay type                Incr(ns)  Path(ns)    Netlist Resource(s)
  -------------------------------------------------------------------    -------------------
    T17                                               0.000     0.000 r  btn2 (IN)
                         net (fo=0)                   0.000     0.000    btn2
    T17                  IBUF (Prop_ibuf_I_O)         0.219     0.219 r  btn2_IBUF_inst/O
                         net (fo=3, routed)           0.594     0.814    d2/btn2_IBUF
    SLICE_X5Y18          LUT6 (Prop_lut6_I0_O)        0.045     0.859 r  d2/r_count[18]_i_1__1/O
                         net (fo=19, routed)          0.205     1.063    d2/r_count[18]_i_1__1_n_0
    SLICE_X3Y18          FDRE                                         r  d2/r_count_reg[9]/R
  -------------------------------------------------------------------    -------------------

                         (clock sys_clk_pin rise edge)
                                                      0.000     0.000 r  
    W5                                                0.000     0.000 r  clk (IN)
                         net (fo=0)                   0.000     0.000    clk
    W5                   IBUF (Prop_ibuf_I_O)         0.414     0.414 r  clk_IBUF_inst/O
                         net (fo=1, routed)           0.685     1.099    clk_IBUF
    BUFGCTRL_X0Y0        BUFG (Prop_bufg_I_O)         0.029     1.128 r  clk_IBUF_BUFG_inst/O
                         net (fo=88, routed)          0.857     1.984    d2/clk_IBUF_BUFG
    SLICE_X3Y18          FDRE                                         r  d2/r_count_reg[9]/C





