Copyright 1986-2022 Xilinx, Inc. All Rights Reserved. Copyright 2022-2026 Advanced Micro Devices, Inc. All Rights Reserved.
---------------------------------------------------------------------------------------------------------------------------------------------------------------------------------------------------------------------------------------
| Tool Version : Vivado v.2025.2.1 (win64) Build 6403652 Thu Mar 19 19:48:24 GMT 2026
| Date         : Wed Apr 22 11:41:36 2026
| Host         : DESKTOP-Q1F9NDB running 64-bit major release  (build 9200)
| Command      : report_timing_summary -max_paths 10 -routable_nets -report_unconstrained -file stepmotor_timing_summary_routed.rpt -pb stepmotor_timing_summary_routed.pb -rpx stepmotor_timing_summary_routed.rpx -warn_on_violation
| Design       : stepmotor
| Device       : 7a35t-cpg236
| Speed File   : -1  PRODUCTION 1.23 2018-06-13
| Design State : Routed
---------------------------------------------------------------------------------------------------------------------------------------------------------------------------------------------------------------------------------------

Timing Summary Report

------------------------------------------------------------------------------------------------
| Timer Settings
| --------------
------------------------------------------------------------------------------------------------

  Enable Multi Corner Analysis               :  Yes
  Enable Pessimism Removal                   :  Yes
  Pessimism Removal Resolution               :  Nearest Common Node
  Enable Input Delay Default Clock           :  No
  Enable Preset / Clear Arcs                 :  No
  Disable Flight Delays                      :  No
  Ignore I/O Paths                           :  No
  Timing Early Launch at Borrowing Latches   :  No
  Borrow Time for Max Delay Exceptions       :  Yes
  Merge Timing Exceptions                    :  Yes
  Inter-SLR Compensation                     :  Conservative

  Corner  Analyze    Analyze    
  Name    Max Paths  Min Paths  
  ------  ---------  ---------  
  Slow    Yes        Yes        
  Fast    Yes        Yes        


------------------------------------------------------------------------------------------------
| Report Methodology
| ------------------
------------------------------------------------------------------------------------------------

Rule       Severity          Description                    Violations  
---------  ----------------  -----------------------------  ----------  
TIMING-17  Critical Warning  Non-clocked sequential cell    24          
TIMING-18  Warning           Missing input or output delay  1           

Note: This report is based on the most recent report_methodology run and may not be up-to-date. Run report_methodology on the current design for the latest report.



check_timing report

Table of Contents
-----------------
1. checking no_clock (24)
2. checking constant_clock (0)
3. checking pulse_width_clock (0)
4. checking unconstrained_internal_endpoints (64)
5. checking no_input_delay (2)
6. checking no_output_delay (4)
7. checking multiple_clock (0)
8. checking generated_clocks (0)
9. checking loops (0)
10. checking partial_input_delay (0)
11. checking partial_output_delay (0)
12. checking latch_loops (0)

1. checking no_clock (24)
-------------------------
 There are 24 register/latch pins with no clock driven by root clock pin: clk_1hz_reg/Q (HIGH)


2. checking constant_clock (0)
------------------------------
 There are 0 register/latch pins with constant_clock.


3. checking pulse_width_clock (0)
---------------------------------
 There are 0 register/latch pins which need pulse_width check


4. checking unconstrained_internal_endpoints (64)
-------------------------------------------------
 There are 64 pins that are not constrained for maximum delay. (HIGH)

 There are 0 pins that are not constrained for maximum delay due to constant clock.


5. checking no_input_delay (2)
------------------------------
 There are 2 input ports with no input delay specified. (HIGH)

 There are 0 input ports with no input delay but user has a false path constraint.


6. checking no_output_delay (4)
-------------------------------
 There are 4 ports with no output delay specified. (HIGH)

 There are 0 ports with no output delay but user has a false path constraint

 There are 0 ports with no output delay but with a timing clock defined on it or propagating through it


7. checking multiple_clock (0)
------------------------------
 There are 0 register/latch pins with multiple clocks.


8. checking generated_clocks (0)
--------------------------------
 There are 0 generated clocks that are not connected to a clock source.


9. checking loops (0)
---------------------
 There are 0 combinational loops in the design.


10. checking partial_input_delay (0)
------------------------------------
 There are 0 input ports with partial input delay specified.


11. checking partial_output_delay (0)
-------------------------------------
 There are 0 ports with partial output delay specified.


12. checking latch_loops (0)
----------------------------
 There are 0 combinational latch loops in the design through latch input



------------------------------------------------------------------------------------------------
| Design Timing Summary
| ---------------------
------------------------------------------------------------------------------------------------

    WNS(ns)      TNS(ns)  TNS Failing Endpoints  TNS Total Endpoints      WHS(ns)      THS(ns)  THS Failing Endpoints  THS Total Endpoints     WPWS(ns)     TPWS(ns)  TPWS Failing Endpoints  TPWS Total Endpoints  
    -------      -------  ---------------------  -------------------      -------      -------  ---------------------  -------------------     --------     --------  ----------------------  --------------------  
      5.697        0.000                      0                   31        0.233        0.000                      0                   31        4.500        0.000                       0                    32  


All user specified timing constraints are met.


------------------------------------------------------------------------------------------------
| Clock Summary
| -------------
------------------------------------------------------------------------------------------------

Clock        Waveform(ns)       Period(ns)      Frequency(MHz)
-----        ------------       ----------      --------------
sys_clk_pin  {0.000 5.000}      10.000          100.000         


------------------------------------------------------------------------------------------------
| Intra Clock Table
| -----------------
------------------------------------------------------------------------------------------------

Clock             WNS(ns)      TNS(ns)  TNS Failing Endpoints  TNS Total Endpoints      WHS(ns)      THS(ns)  THS Failing Endpoints  THS Total Endpoints     WPWS(ns)     TPWS(ns)  TPWS Failing Endpoints  TPWS Total Endpoints  
-----             -------      -------  ---------------------  -------------------      -------      -------  ---------------------  -------------------     --------     --------  ----------------------  --------------------  
sys_clk_pin         5.697        0.000                      0                   31        0.233        0.000                      0                   31        4.500        0.000                       0                    32  


------------------------------------------------------------------------------------------------
| Inter Clock Table
| -----------------
------------------------------------------------------------------------------------------------

From Clock    To Clock          WNS(ns)      TNS(ns)  TNS Failing Endpoints  TNS Total Endpoints      WHS(ns)      THS(ns)  THS Failing Endpoints  THS Total Endpoints  
----------    --------          -------      -------  ---------------------  -------------------      -------      -------  ---------------------  -------------------  


------------------------------------------------------------------------------------------------
| Other Path Groups Table
| -----------------------
------------------------------------------------------------------------------------------------

Path Group    From Clock    To Clock          WNS(ns)      TNS(ns)  TNS Failing Endpoints  TNS Total Endpoints      WHS(ns)      THS(ns)  THS Failing Endpoints  THS Total Endpoints  
----------    ----------    --------          -------      -------  ---------------------  -------------------      -------      -------  ---------------------  -------------------  


------------------------------------------------------------------------------------------------
| User Ignored Path Table
| -----------------------
------------------------------------------------------------------------------------------------

Path Group    From Clock    To Clock    
----------    ----------    --------    


------------------------------------------------------------------------------------------------
| Unconstrained Path Table
| ------------------------
------------------------------------------------------------------------------------------------

Path Group    From Clock    To Clock    
----------    ----------    --------    
(none)                                    
(none)                      sys_clk_pin   


------------------------------------------------------------------------------------------------
| Timing Details
| --------------
------------------------------------------------------------------------------------------------


---------------------------------------------------------------------------------------------------
From Clock:  sys_clk_pin
  To Clock:  sys_clk_pin

Setup :            0  Failing Endpoints,  Worst Slack        5.697ns,  Total Violation        0.000ns
Hold  :            0  Failing Endpoints,  Worst Slack        0.233ns,  Total Violation        0.000ns
PW    :            0  Failing Endpoints,  Worst Slack        4.500ns,  Total Violation        0.000ns
---------------------------------------------------------------------------------------------------


Max Delay Paths
--------------------------------------------------------------------------------------
Slack (MET) :             5.697ns  (required time - arrival time)
  Source:                 clk_div_cnt_reg[0]/C
                            (rising edge-triggered cell FDCE clocked by sys_clk_pin  {rise@0.000ns fall@5.000ns period=10.000ns})
  Destination:            clk_div_cnt_reg[29]/D
                            (rising edge-triggered cell FDCE clocked by sys_clk_pin  {rise@0.000ns fall@5.000ns period=10.000ns})
  Path Group:             sys_clk_pin
  Path Type:              Setup (Max at Slow Process Corner)
  Requirement:            10.000ns  (sys_clk_pin rise@10.000ns - sys_clk_pin rise@0.000ns)
  Data Path Delay:        4.343ns  (logic 2.267ns (52.203%)  route 2.076ns (47.797%))
  Logic Levels:           9  (CARRY4=8 LUT5=1)
  Clock Path Skew:        0.000ns (DCD - SCD + CPR)
    Destination Clock Delay (DCD):    4.850ns = ( 14.850 - 10.000 ) 
    Source Clock Delay      (SCD):    5.147ns
    Clock Pessimism Removal (CPR):    0.297ns
  Clock Uncertainty:      0.035ns  ((TSJ^2 + TIJ^2)^1/2 + DJ) / 2 + PE
    Total System Jitter     (TSJ):    0.071ns
    Total Input Jitter      (TIJ):    0.000ns
    Discrete Jitter          (DJ):    0.000ns
    Phase Error              (PE):    0.000ns

    Location             Delay type                Incr(ns)  Path(ns)    Netlist Resource(s)
  -------------------------------------------------------------------    -------------------
                         (clock sys_clk_pin rise edge)
                                                      0.000     0.000 r  
    W5                                                0.000     0.000 r  clk (IN)
                         net (fo=0)                   0.000     0.000    clk
    W5                   IBUF (Prop_ibuf_I_O)         1.458     1.458 r  clk_IBUF_inst/O
                         net (fo=1, routed)           1.967     3.425    clk_IBUF
    BUFGCTRL_X0Y0        BUFG (Prop_bufg_I_O)         0.096     3.521 r  clk_IBUF_BUFG_inst/O
                         net (fo=31, routed)          1.626     5.147    clk_IBUF_BUFG
    SLICE_X62Y55         FDCE                                         r  clk_div_cnt_reg[0]/C
  -------------------------------------------------------------------    -------------------
    SLICE_X62Y55         FDCE (Prop_fdce_C_Q)         0.456     5.603 r  clk_div_cnt_reg[0]/Q
                         net (fo=32, routed)          1.346     6.949    clk_div_cnt_reg_n_0_[0]
    SLICE_X63Y49         CARRY4 (Prop_carry4_CYINIT_CO[3])
                                                      0.580     7.529 r  clk_div_cnt_reg[4]_i_2/CO[3]
                         net (fo=1, routed)           0.001     7.530    clk_div_cnt_reg[4]_i_2_n_0
    SLICE_X63Y50         CARRY4 (Prop_carry4_CI_CO[3])
                                                      0.114     7.644 r  clk_div_cnt_reg[8]_i_2/CO[3]
                         net (fo=1, routed)           0.000     7.644    clk_div_cnt_reg[8]_i_2_n_0
    SLICE_X63Y51         CARRY4 (Prop_carry4_CI_CO[3])
                                                      0.114     7.758 r  clk_div_cnt_reg[12]_i_2/CO[3]
                         net (fo=1, routed)           0.000     7.758    clk_div_cnt_reg[12]_i_2_n_0
    SLICE_X63Y52         CARRY4 (Prop_carry4_CI_CO[3])
                                                      0.114     7.872 r  clk_div_cnt_reg[16]_i_2/CO[3]
                         net (fo=1, routed)           0.000     7.872    clk_div_cnt_reg[16]_i_2_n_0
    SLICE_X63Y53         CARRY4 (Prop_carry4_CI_CO[3])
                                                      0.114     7.986 r  clk_div_cnt_reg[20]_i_2/CO[3]
                         net (fo=1, routed)           0.000     7.986    clk_div_cnt_reg[20]_i_2_n_0
    SLICE_X63Y54         CARRY4 (Prop_carry4_CI_CO[3])
                                                      0.114     8.100 r  clk_div_cnt_reg[24]_i_2/CO[3]
                         net (fo=1, routed)           0.000     8.100    clk_div_cnt_reg[24]_i_2_n_0
    SLICE_X63Y55         CARRY4 (Prop_carry4_CI_CO[3])
                                                      0.114     8.214 r  clk_div_cnt_reg[28]_i_2/CO[3]
                         net (fo=1, routed)           0.000     8.214    clk_div_cnt_reg[28]_i_2_n_0
    SLICE_X63Y56         CARRY4 (Prop_carry4_CI_O[0])
                                                      0.222     8.436 r  clk_div_cnt_reg[29]_i_5/O[0]
                         net (fo=1, routed)           0.729     9.165    data0[29]
    SLICE_X62Y55         LUT5 (Prop_lut5_I4_O)        0.325     9.490 r  clk_div_cnt[29]_i_1/O
                         net (fo=1, routed)           0.000     9.490    clk_div_cnt[29]
    SLICE_X62Y55         FDCE                                         r  clk_div_cnt_reg[29]/D
  -------------------------------------------------------------------    -------------------

                         (clock sys_clk_pin rise edge)
                                                     10.000    10.000 r  
    W5                                                0.000    10.000 r  clk (IN)
                         net (fo=0)                   0.000    10.000    clk
    W5                   IBUF (Prop_ibuf_I_O)         1.388    11.388 r  clk_IBUF_inst/O
                         net (fo=1, routed)           1.862    13.250    clk_IBUF
    BUFGCTRL_X0Y0        BUFG (Prop_bufg_I_O)         0.091    13.341 r  clk_IBUF_BUFG_inst/O
                         net (fo=31, routed)          1.509    14.850    clk_IBUF_BUFG
    SLICE_X62Y55         FDCE                                         r  clk_div_cnt_reg[29]/C
                         clock pessimism              0.297    15.147    
                         clock uncertainty           -0.035    15.112    
    SLICE_X62Y55         FDCE (Setup_fdce_C_D)        0.075    15.187    clk_div_cnt_reg[29]
  -------------------------------------------------------------------
                         required time                         15.187    
                         arrival time                          -9.490    
  -------------------------------------------------------------------
                         slack                                  5.697    

Slack (MET) :             5.738ns  (required time - arrival time)
  Source:                 clk_div_cnt_reg[0]/C
                            (rising edge-triggered cell FDCE clocked by sys_clk_pin  {rise@0.000ns fall@5.000ns period=10.000ns})
  Destination:            clk_div_cnt_reg[28]/D
                            (rising edge-triggered cell FDCE clocked by sys_clk_pin  {rise@0.000ns fall@5.000ns period=10.000ns})
  Path Group:             sys_clk_pin
  Path Type:              Setup (Max at Slow Process Corner)
  Requirement:            10.000ns  (sys_clk_pin rise@10.000ns - sys_clk_pin rise@0.000ns)
  Data Path Delay:        4.259ns  (logic 2.225ns (52.241%)  route 2.034ns (47.759%))
  Logic Levels:           8  (CARRY4=7 LUT5=1)
  Clock Path Skew:        0.000ns (DCD - SCD + CPR)
    Destination Clock Delay (DCD):    4.850ns = ( 14.850 - 10.000 ) 
    Source Clock Delay      (SCD):    5.147ns
    Clock Pessimism Removal (CPR):    0.297ns
  Clock Uncertainty:      0.035ns  ((TSJ^2 + TIJ^2)^1/2 + DJ) / 2 + PE
    Total System Jitter     (TSJ):    0.071ns
    Total Input Jitter      (TIJ):    0.000ns
    Discrete Jitter          (DJ):    0.000ns
    Phase Error              (PE):    0.000ns

    Location             Delay type                Incr(ns)  Path(ns)    Netlist Resource(s)
  -------------------------------------------------------------------    -------------------
                         (clock sys_clk_pin rise edge)
                                                      0.000     0.000 r  
    W5                                                0.000     0.000 r  clk (IN)
                         net (fo=0)                   0.000     0.000    clk
    W5                   IBUF (Prop_ibuf_I_O)         1.458     1.458 r  clk_IBUF_inst/O
                         net (fo=1, routed)           1.967     3.425    clk_IBUF
    BUFGCTRL_X0Y0        BUFG (Prop_bufg_I_O)         0.096     3.521 r  clk_IBUF_BUFG_inst/O
                         net (fo=31, routed)          1.626     5.147    clk_IBUF_BUFG
    SLICE_X62Y55         FDCE                                         r  clk_div_cnt_reg[0]/C
  -------------------------------------------------------------------    -------------------
    SLICE_X62Y55         FDCE (Prop_fdce_C_Q)         0.456     5.603 r  clk_div_cnt_reg[0]/Q
                         net (fo=32, routed)          1.346     6.949    clk_div_cnt_reg_n_0_[0]
    SLICE_X63Y49         CARRY4 (Prop_carry4_CYINIT_CO[3])
                                                      0.580     7.529 r  clk_div_cnt_reg[4]_i_2/CO[3]
                         net (fo=1, routed)           0.001     7.530    clk_div_cnt_reg[4]_i_2_n_0
    SLICE_X63Y50         CARRY4 (Prop_carry4_CI_CO[3])
                                                      0.114     7.644 r  clk_div_cnt_reg[8]_i_2/CO[3]
                         net (fo=1, routed)           0.000     7.644    clk_div_cnt_reg[8]_i_2_n_0
    SLICE_X63Y51         CARRY4 (Prop_carry4_CI_CO[3])
                                                      0.114     7.758 r  clk_div_cnt_reg[12]_i_2/CO[3]
                         net (fo=1, routed)           0.000     7.758    clk_div_cnt_reg[12]_i_2_n_0
    SLICE_X63Y52         CARRY4 (Prop_carry4_CI_CO[3])
                                                      0.114     7.872 r  clk_div_cnt_reg[16]_i_2/CO[3]
                         net (fo=1, routed)           0.000     7.872    clk_div_cnt_reg[16]_i_2_n_0
    SLICE_X63Y53         CARRY4 (Prop_carry4_CI_CO[3])
                                                      0.114     7.986 r  clk_div_cnt_reg[20]_i_2/CO[3]
                         net (fo=1, routed)           0.000     7.986    clk_div_cnt_reg[20]_i_2_n_0
    SLICE_X63Y54         CARRY4 (Prop_carry4_CI_CO[3])
                                                      0.114     8.100 r  clk_div_cnt_reg[24]_i_2/CO[3]
                         net (fo=1, routed)           0.000     8.100    clk_div_cnt_reg[24]_i_2_n_0
    SLICE_X63Y55         CARRY4 (Prop_carry4_CI_O[3])
                                                      0.313     8.413 r  clk_div_cnt_reg[28]_i_2/O[3]
                         net (fo=1, routed)           0.687     9.100    data0[28]
    SLICE_X62Y55         LUT5 (Prop_lut5_I4_O)        0.306     9.406 r  clk_div_cnt[28]_i_1/O
                         net (fo=1, routed)           0.000     9.406    clk_div_cnt[28]
    SLICE_X62Y55         FDCE                                         r  clk_div_cnt_reg[28]/D
  -------------------------------------------------------------------    -------------------

                         (clock sys_clk_pin rise edge)
                                                     10.000    10.000 r  
    W5                                                0.000    10.000 r  clk (IN)
                         net (fo=0)                   0.000    10.000    clk
    W5                   IBUF (Prop_ibuf_I_O)         1.388    11.388 r  clk_IBUF_inst/O
                         net (fo=1, routed)           1.862    13.250    clk_IBUF
    BUFGCTRL_X0Y0        BUFG (Prop_bufg_I_O)         0.091    13.341 r  clk_IBUF_BUFG_inst/O
                         net (fo=31, routed)          1.509    14.850    clk_IBUF_BUFG
    SLICE_X62Y55         FDCE                                         r  clk_div_cnt_reg[28]/C
                         clock pessimism              0.297    15.147    
                         clock uncertainty           -0.035    15.112    
    SLICE_X62Y55         FDCE (Setup_fdce_C_D)        0.032    15.144    clk_div_cnt_reg[28]
  -------------------------------------------------------------------
                         required time                         15.144    
                         arrival time                          -9.406    
  -------------------------------------------------------------------
                         slack                                  5.738    

Slack (MET) :             5.804ns  (required time - arrival time)
  Source:                 clk_div_cnt_reg[0]/C
                            (rising edge-triggered cell FDCE clocked by sys_clk_pin  {rise@0.000ns fall@5.000ns period=10.000ns})
  Destination:            clk_div_cnt_reg[18]/D
                            (rising edge-triggered cell FDCE clocked by sys_clk_pin  {rise@0.000ns fall@5.000ns period=10.000ns})
  Path Group:             sys_clk_pin
  Path Type:              Setup (Max at Slow Process Corner)
  Requirement:            10.000ns  (sys_clk_pin rise@10.000ns - sys_clk_pin rise@0.000ns)
  Data Path Delay:        4.166ns  (logic 2.015ns (48.364%)  route 2.151ns (51.636%))
  Logic Levels:           6  (CARRY4=5 LUT5=1)
  Clock Path Skew:        -0.025ns (DCD - SCD + CPR)
    Destination Clock Delay (DCD):    4.850ns = ( 14.850 - 10.000 ) 
    Source Clock Delay      (SCD):    5.147ns
    Clock Pessimism Removal (CPR):    0.272ns
  Clock Uncertainty:      0.035ns  ((TSJ^2 + TIJ^2)^1/2 + DJ) / 2 + PE
    Total System Jitter     (TSJ):    0.071ns
    Total Input Jitter      (TIJ):    0.000ns
    Discrete Jitter          (DJ):    0.000ns
    Phase Error              (PE):    0.000ns

    Location             Delay type                Incr(ns)  Path(ns)    Netlist Resource(s)
  -------------------------------------------------------------------    -------------------
                         (clock sys_clk_pin rise edge)
                                                      0.000     0.000 r  
    W5                                                0.000     0.000 r  clk (IN)
                         net (fo=0)                   0.000     0.000    clk
    W5                   IBUF (Prop_ibuf_I_O)         1.458     1.458 r  clk_IBUF_inst/O
                         net (fo=1, routed)           1.967     3.425    clk_IBUF
    BUFGCTRL_X0Y0        BUFG (Prop_bufg_I_O)         0.096     3.521 r  clk_IBUF_BUFG_inst/O
                         net (fo=31, routed)          1.626     5.147    clk_IBUF_BUFG
    SLICE_X62Y55         FDCE                                         r  clk_div_cnt_reg[0]/C
  -------------------------------------------------------------------    -------------------
    SLICE_X62Y55         FDCE (Prop_fdce_C_Q)         0.456     5.603 r  clk_div_cnt_reg[0]/Q
                         net (fo=32, routed)          1.346     6.949    clk_div_cnt_reg_n_0_[0]
    SLICE_X63Y49         CARRY4 (Prop_carry4_CYINIT_CO[3])
                                                      0.580     7.529 r  clk_div_cnt_reg[4]_i_2/CO[3]
                         net (fo=1, routed)           0.001     7.530    clk_div_cnt_reg[4]_i_2_n_0
    SLICE_X63Y50         CARRY4 (Prop_carry4_CI_CO[3])
                                                      0.114     7.644 r  clk_div_cnt_reg[8]_i_2/CO[3]
                         net (fo=1, routed)           0.000     7.644    clk_div_cnt_reg[8]_i_2_n_0
    SLICE_X63Y51         CARRY4 (Prop_carry4_CI_CO[3])
                                                      0.114     7.758 r  clk_div_cnt_reg[12]_i_2/CO[3]
                         net (fo=1, routed)           0.000     7.758    clk_div_cnt_reg[12]_i_2_n_0
    SLICE_X63Y52         CARRY4 (Prop_carry4_CI_CO[3])
                                                      0.114     7.872 r  clk_div_cnt_reg[16]_i_2/CO[3]
                         net (fo=1, routed)           0.000     7.872    clk_div_cnt_reg[16]_i_2_n_0
    SLICE_X63Y53         CARRY4 (Prop_carry4_CI_O[1])
                                                      0.334     8.206 r  clk_div_cnt_reg[20]_i_2/O[1]
                         net (fo=1, routed)           0.805     9.010    data0[18]
    SLICE_X62Y53         LUT5 (Prop_lut5_I4_O)        0.303     9.313 r  clk_div_cnt[18]_i_1/O
                         net (fo=1, routed)           0.000     9.313    clk_div_cnt[18]
    SLICE_X62Y53         FDCE                                         r  clk_div_cnt_reg[18]/D
  -------------------------------------------------------------------    -------------------

                         (clock sys_clk_pin rise edge)
                                                     10.000    10.000 r  
    W5                                                0.000    10.000 r  clk (IN)
                         net (fo=0)                   0.000    10.000    clk
    W5                   IBUF (Prop_ibuf_I_O)         1.388    11.388 r  clk_IBUF_inst/O
                         net (fo=1, routed)           1.862    13.250    clk_IBUF
    BUFGCTRL_X0Y0        BUFG (Prop_bufg_I_O)         0.091    13.341 r  clk_IBUF_BUFG_inst/O
                         net (fo=31, routed)          1.509    14.850    clk_IBUF_BUFG
    SLICE_X62Y53         FDCE                                         r  clk_div_cnt_reg[18]/C
                         clock pessimism              0.272    15.122    
                         clock uncertainty           -0.035    15.087    
    SLICE_X62Y53         FDCE (Setup_fdce_C_D)        0.031    15.118    clk_div_cnt_reg[18]
  -------------------------------------------------------------------
                         required time                         15.118    
                         arrival time                          -9.313    
  -------------------------------------------------------------------
                         slack                                  5.804    

Slack (MET) :             5.856ns  (required time - arrival time)
  Source:                 clk_div_cnt_reg[0]/C
                            (rising edge-triggered cell FDCE clocked by sys_clk_pin  {rise@0.000ns fall@5.000ns period=10.000ns})
  Destination:            clk_div_cnt_reg[17]/D
                            (rising edge-triggered cell FDCE clocked by sys_clk_pin  {rise@0.000ns fall@5.000ns period=10.000ns})
  Path Group:             sys_clk_pin
  Path Type:              Setup (Max at Slow Process Corner)
  Requirement:            10.000ns  (sys_clk_pin rise@10.000ns - sys_clk_pin rise@0.000ns)
  Data Path Delay:        4.113ns  (logic 1.899ns (46.176%)  route 2.214ns (53.824%))
  Logic Levels:           6  (CARRY4=5 LUT5=1)
  Clock Path Skew:        -0.025ns (DCD - SCD + CPR)
    Destination Clock Delay (DCD):    4.850ns = ( 14.850 - 10.000 ) 
    Source Clock Delay      (SCD):    5.147ns
    Clock Pessimism Removal (CPR):    0.272ns
  Clock Uncertainty:      0.035ns  ((TSJ^2 + TIJ^2)^1/2 + DJ) / 2 + PE
    Total System Jitter     (TSJ):    0.071ns
    Total Input Jitter      (TIJ):    0.000ns
    Discrete Jitter          (DJ):    0.000ns
    Phase Error              (PE):    0.000ns

    Location             Delay type                Incr(ns)  Path(ns)    Netlist Resource(s)
  -------------------------------------------------------------------    -------------------
                         (clock sys_clk_pin rise edge)
                                                      0.000     0.000 r  
    W5                                                0.000     0.000 r  clk (IN)
                         net (fo=0)                   0.000     0.000    clk
    W5                   IBUF (Prop_ibuf_I_O)         1.458     1.458 r  clk_IBUF_inst/O
                         net (fo=1, routed)           1.967     3.425    clk_IBUF
    BUFGCTRL_X0Y0        BUFG (Prop_bufg_I_O)         0.096     3.521 r  clk_IBUF_BUFG_inst/O
                         net (fo=31, routed)          1.626     5.147    clk_IBUF_BUFG
    SLICE_X62Y55         FDCE                                         r  clk_div_cnt_reg[0]/C
  -------------------------------------------------------------------    -------------------
    SLICE_X62Y55         FDCE (Prop_fdce_C_Q)         0.456     5.603 r  clk_div_cnt_reg[0]/Q
                         net (fo=32, routed)          1.346     6.949    clk_div_cnt_reg_n_0_[0]
    SLICE_X63Y49         CARRY4 (Prop_carry4_CYINIT_CO[3])
                                                      0.580     7.529 r  clk_div_cnt_reg[4]_i_2/CO[3]
                         net (fo=1, routed)           0.001     7.530    clk_div_cnt_reg[4]_i_2_n_0
    SLICE_X63Y50         CARRY4 (Prop_carry4_CI_CO[3])
                                                      0.114     7.644 r  clk_div_cnt_reg[8]_i_2/CO[3]
                         net (fo=1, routed)           0.000     7.644    clk_div_cnt_reg[8]_i_2_n_0
    SLICE_X63Y51         CARRY4 (Prop_carry4_CI_CO[3])
                                                      0.114     7.758 r  clk_div_cnt_reg[12]_i_2/CO[3]
                         net (fo=1, routed)           0.000     7.758    clk_div_cnt_reg[12]_i_2_n_0
    SLICE_X63Y52         CARRY4 (Prop_carry4_CI_CO[3])
                                                      0.114     7.872 r  clk_div_cnt_reg[16]_i_2/CO[3]
                         net (fo=1, routed)           0.000     7.872    clk_div_cnt_reg[16]_i_2_n_0
    SLICE_X63Y53         CARRY4 (Prop_carry4_CI_O[0])
                                                      0.222     8.094 r  clk_div_cnt_reg[20]_i_2/O[0]
                         net (fo=1, routed)           0.867     8.960    data0[17]
    SLICE_X62Y53         LUT5 (Prop_lut5_I4_O)        0.299     9.259 r  clk_div_cnt[17]_i_1/O
                         net (fo=1, routed)           0.000     9.259    clk_div_cnt[17]
    SLICE_X62Y53         FDCE                                         r  clk_div_cnt_reg[17]/D
  -------------------------------------------------------------------    -------------------

                         (clock sys_clk_pin rise edge)
                                                     10.000    10.000 r  
    W5                                                0.000    10.000 r  clk (IN)
                         net (fo=0)                   0.000    10.000    clk
    W5                   IBUF (Prop_ibuf_I_O)         1.388    11.388 r  clk_IBUF_inst/O
                         net (fo=1, routed)           1.862    13.250    clk_IBUF
    BUFGCTRL_X0Y0        BUFG (Prop_bufg_I_O)         0.091    13.341 r  clk_IBUF_BUFG_inst/O
                         net (fo=31, routed)          1.509    14.850    clk_IBUF_BUFG
    SLICE_X62Y53         FDCE                                         r  clk_div_cnt_reg[17]/C
                         clock pessimism              0.272    15.122    
                         clock uncertainty           -0.035    15.087    
    SLICE_X62Y53         FDCE (Setup_fdce_C_D)        0.029    15.116    clk_div_cnt_reg[17]
  -------------------------------------------------------------------
                         required time                         15.116    
                         arrival time                          -9.259    
  -------------------------------------------------------------------
                         slack                                  5.856    

Slack (MET) :             5.897ns  (required time - arrival time)
  Source:                 clk_div_cnt_reg[0]/C
                            (rising edge-triggered cell FDCE clocked by sys_clk_pin  {rise@0.000ns fall@5.000ns period=10.000ns})
  Destination:            clk_div_cnt_reg[19]/D
                            (rising edge-triggered cell FDCE clocked by sys_clk_pin  {rise@0.000ns fall@5.000ns period=10.000ns})
  Path Group:             sys_clk_pin
  Path Type:              Setup (Max at Slow Process Corner)
  Requirement:            10.000ns  (sys_clk_pin rise@10.000ns - sys_clk_pin rise@0.000ns)
  Data Path Delay:        4.074ns  (logic 1.919ns (47.108%)  route 2.155ns (52.892%))
  Logic Levels:           6  (CARRY4=5 LUT5=1)
  Clock Path Skew:        -0.025ns (DCD - SCD + CPR)
    Destination Clock Delay (DCD):    4.850ns = ( 14.850 - 10.000 ) 
    Source Clock Delay      (SCD):    5.147ns
    Clock Pessimism Removal (CPR):    0.272ns
  Clock Uncertainty:      0.035ns  ((TSJ^2 + TIJ^2)^1/2 + DJ) / 2 + PE
    Total System Jitter     (TSJ):    0.071ns
    Total Input Jitter      (TIJ):    0.000ns
    Discrete Jitter          (DJ):    0.000ns
    Phase Error              (PE):    0.000ns

    Location             Delay type                Incr(ns)  Path(ns)    Netlist Resource(s)
  -------------------------------------------------------------------    -------------------
                         (clock sys_clk_pin rise edge)
                                                      0.000     0.000 r  
    W5                                                0.000     0.000 r  clk (IN)
                         net (fo=0)                   0.000     0.000    clk
    W5                   IBUF (Prop_ibuf_I_O)         1.458     1.458 r  clk_IBUF_inst/O
                         net (fo=1, routed)           1.967     3.425    clk_IBUF
    BUFGCTRL_X0Y0        BUFG (Prop_bufg_I_O)         0.096     3.521 r  clk_IBUF_BUFG_inst/O
                         net (fo=31, routed)          1.626     5.147    clk_IBUF_BUFG
    SLICE_X62Y55         FDCE                                         r  clk_div_cnt_reg[0]/C
  -------------------------------------------------------------------    -------------------
    SLICE_X62Y55         FDCE (Prop_fdce_C_Q)         0.456     5.603 r  clk_div_cnt_reg[0]/Q
                         net (fo=32, routed)          1.346     6.949    clk_div_cnt_reg_n_0_[0]
    SLICE_X63Y49         CARRY4 (Prop_carry4_CYINIT_CO[3])
                                                      0.580     7.529 r  clk_div_cnt_reg[4]_i_2/CO[3]
                         net (fo=1, routed)           0.001     7.530    clk_div_cnt_reg[4]_i_2_n_0
    SLICE_X63Y50         CARRY4 (Prop_carry4_CI_CO[3])
                                                      0.114     7.644 r  clk_div_cnt_reg[8]_i_2/CO[3]
                         net (fo=1, routed)           0.000     7.644    clk_div_cnt_reg[8]_i_2_n_0
    SLICE_X63Y51         CARRY4 (Prop_carry4_CI_CO[3])
                                                      0.114     7.758 r  clk_div_cnt_reg[12]_i_2/CO[3]
                         net (fo=1, routed)           0.000     7.758    clk_div_cnt_reg[12]_i_2_n_0
    SLICE_X63Y52         CARRY4 (Prop_carry4_CI_CO[3])
                                                      0.114     7.872 r  clk_div_cnt_reg[16]_i_2/CO[3]
                         net (fo=1, routed)           0.000     7.872    clk_div_cnt_reg[16]_i_2_n_0
    SLICE_X63Y53         CARRY4 (Prop_carry4_CI_O[2])
                                                      0.239     8.111 r  clk_div_cnt_reg[20]_i_2/O[2]
                         net (fo=1, routed)           0.808     8.918    data0[19]
    SLICE_X62Y53         LUT5 (Prop_lut5_I4_O)        0.302     9.220 r  clk_div_cnt[19]_i_1/O
                         net (fo=1, routed)           0.000     9.220    clk_div_cnt[19]
    SLICE_X62Y53         FDCE                                         r  clk_div_cnt_reg[19]/D
  -------------------------------------------------------------------    -------------------

                         (clock sys_clk_pin rise edge)
                                                     10.000    10.000 r  
    W5                                                0.000    10.000 r  clk (IN)
                         net (fo=0)                   0.000    10.000    clk
    W5                   IBUF (Prop_ibuf_I_O)         1.388    11.388 r  clk_IBUF_inst/O
                         net (fo=1, routed)           1.862    13.250    clk_IBUF
    BUFGCTRL_X0Y0        BUFG (Prop_bufg_I_O)         0.091    13.341 r  clk_IBUF_BUFG_inst/O
                         net (fo=31, routed)          1.509    14.850    clk_IBUF_BUFG
    SLICE_X62Y53         FDCE                                         r  clk_div_cnt_reg[19]/C
                         clock pessimism              0.272    15.122    
                         clock uncertainty           -0.035    15.087    
    SLICE_X62Y53         FDCE (Setup_fdce_C_D)        0.031    15.118    clk_div_cnt_reg[19]
  -------------------------------------------------------------------
                         required time                         15.118    
                         arrival time                          -9.220    
  -------------------------------------------------------------------
                         slack                                  5.897    

Slack (MET) :             5.919ns  (required time - arrival time)
  Source:                 clk_div_cnt_reg[0]/C
                            (rising edge-triggered cell FDCE clocked by sys_clk_pin  {rise@0.000ns fall@5.000ns period=10.000ns})
  Destination:            clk_div_cnt_reg[14]/D
                            (rising edge-triggered cell FDCE clocked by sys_clk_pin  {rise@0.000ns fall@5.000ns period=10.000ns})
  Path Group:             sys_clk_pin
  Path Type:              Setup (Max at Slow Process Corner)
  Requirement:            10.000ns  (sys_clk_pin rise@10.000ns - sys_clk_pin rise@0.000ns)
  Data Path Delay:        4.052ns  (logic 1.901ns (46.912%)  route 2.151ns (53.088%))
  Logic Levels:           5  (CARRY4=4 LUT5=1)
  Clock Path Skew:        -0.024ns (DCD - SCD + CPR)
    Destination Clock Delay (DCD):    4.851ns = ( 14.851 - 10.000 ) 
    Source Clock Delay      (SCD):    5.147ns
    Clock Pessimism Removal (CPR):    0.272ns
  Clock Uncertainty:      0.035ns  ((TSJ^2 + TIJ^2)^1/2 + DJ) / 2 + PE
    Total System Jitter     (TSJ):    0.071ns
    Total Input Jitter      (TIJ):    0.000ns
    Discrete Jitter          (DJ):    0.000ns
    Phase Error              (PE):    0.000ns

    Location             Delay type                Incr(ns)  Path(ns)    Netlist Resource(s)
  -------------------------------------------------------------------    -------------------
                         (clock sys_clk_pin rise edge)
                                                      0.000     0.000 r  
    W5                                                0.000     0.000 r  clk (IN)
                         net (fo=0)                   0.000     0.000    clk
    W5                   IBUF (Prop_ibuf_I_O)         1.458     1.458 r  clk_IBUF_inst/O
                         net (fo=1, routed)           1.967     3.425    clk_IBUF
    BUFGCTRL_X0Y0        BUFG (Prop_bufg_I_O)         0.096     3.521 r  clk_IBUF_BUFG_inst/O
                         net (fo=31, routed)          1.626     5.147    clk_IBUF_BUFG
    SLICE_X62Y55         FDCE                                         r  clk_div_cnt_reg[0]/C
  -------------------------------------------------------------------    -------------------
    SLICE_X62Y55         FDCE (Prop_fdce_C_Q)         0.456     5.603 r  clk_div_cnt_reg[0]/Q
                         net (fo=32, routed)          1.346     6.949    clk_div_cnt_reg_n_0_[0]
    SLICE_X63Y49         CARRY4 (Prop_carry4_CYINIT_CO[3])
                                                      0.580     7.529 r  clk_div_cnt_reg[4]_i_2/CO[3]
                         net (fo=1, routed)           0.001     7.530    clk_div_cnt_reg[4]_i_2_n_0
    SLICE_X63Y50         CARRY4 (Prop_carry4_CI_CO[3])
                                                      0.114     7.644 r  clk_div_cnt_reg[8]_i_2/CO[3]
                         net (fo=1, routed)           0.000     7.644    clk_div_cnt_reg[8]_i_2_n_0
    SLICE_X63Y51         CARRY4 (Prop_carry4_CI_CO[3])
                                                      0.114     7.758 r  clk_div_cnt_reg[12]_i_2/CO[3]
                         net (fo=1, routed)           0.000     7.758    clk_div_cnt_reg[12]_i_2_n_0
    SLICE_X63Y52         CARRY4 (Prop_carry4_CI_O[1])
                                                      0.334     8.092 r  clk_div_cnt_reg[16]_i_2/O[1]
                         net (fo=1, routed)           0.805     8.896    data0[14]
    SLICE_X62Y52         LUT5 (Prop_lut5_I4_O)        0.303     9.199 r  clk_div_cnt[14]_i_1/O
                         net (fo=1, routed)           0.000     9.199    clk_div_cnt[14]
    SLICE_X62Y52         FDCE                                         r  clk_div_cnt_reg[14]/D
  -------------------------------------------------------------------    -------------------

                         (clock sys_clk_pin rise edge)
                                                     10.000    10.000 r  
    W5                                                0.000    10.000 r  clk (IN)
                         net (fo=0)                   0.000    10.000    clk
    W5                   IBUF (Prop_ibuf_I_O)         1.388    11.388 r  clk_IBUF_inst/O
                         net (fo=1, routed)           1.862    13.250    clk_IBUF
    BUFGCTRL_X0Y0        BUFG (Prop_bufg_I_O)         0.091    13.341 r  clk_IBUF_BUFG_inst/O
                         net (fo=31, routed)          1.510    14.851    clk_IBUF_BUFG
    SLICE_X62Y52         FDCE                                         r  clk_div_cnt_reg[14]/C
                         clock pessimism              0.272    15.123    
                         clock uncertainty           -0.035    15.088    
    SLICE_X62Y52         FDCE (Setup_fdce_C_D)        0.031    15.119    clk_div_cnt_reg[14]
  -------------------------------------------------------------------
                         required time                         15.119    
                         arrival time                          -9.199    
  -------------------------------------------------------------------
                         slack                                  5.919    

Slack (MET) :             5.972ns  (required time - arrival time)
  Source:                 clk_div_cnt_reg[0]/C
                            (rising edge-triggered cell FDCE clocked by sys_clk_pin  {rise@0.000ns fall@5.000ns period=10.000ns})
  Destination:            clk_div_cnt_reg[21]/D
                            (rising edge-triggered cell FDCE clocked by sys_clk_pin  {rise@0.000ns fall@5.000ns period=10.000ns})
  Path Group:             sys_clk_pin
  Path Type:              Setup (Max at Slow Process Corner)
  Requirement:            10.000ns  (sys_clk_pin rise@10.000ns - sys_clk_pin rise@0.000ns)
  Data Path Delay:        3.996ns  (logic 2.013ns (50.371%)  route 1.983ns (49.629%))
  Logic Levels:           7  (CARRY4=6 LUT5=1)
  Clock Path Skew:        -0.025ns (DCD - SCD + CPR)
    Destination Clock Delay (DCD):    4.850ns = ( 14.850 - 10.000 ) 
    Source Clock Delay      (SCD):    5.147ns
    Clock Pessimism Removal (CPR):    0.272ns
  Clock Uncertainty:      0.035ns  ((TSJ^2 + TIJ^2)^1/2 + DJ) / 2 + PE
    Total System Jitter     (TSJ):    0.071ns
    Total Input Jitter      (TIJ):    0.000ns
    Discrete Jitter          (DJ):    0.000ns
    Phase Error              (PE):    0.000ns

    Location             Delay type                Incr(ns)  Path(ns)    Netlist Resource(s)
  -------------------------------------------------------------------    -------------------
                         (clock sys_clk_pin rise edge)
                                                      0.000     0.000 r  
    W5                                                0.000     0.000 r  clk (IN)
                         net (fo=0)                   0.000     0.000    clk
    W5                   IBUF (Prop_ibuf_I_O)         1.458     1.458 r  clk_IBUF_inst/O
                         net (fo=1, routed)           1.967     3.425    clk_IBUF
    BUFGCTRL_X0Y0        BUFG (Prop_bufg_I_O)         0.096     3.521 r  clk_IBUF_BUFG_inst/O
                         net (fo=31, routed)          1.626     5.147    clk_IBUF_BUFG
    SLICE_X62Y55         FDCE                                         r  clk_div_cnt_reg[0]/C
  -------------------------------------------------------------------    -------------------
    SLICE_X62Y55         FDCE (Prop_fdce_C_Q)         0.456     5.603 r  clk_div_cnt_reg[0]/Q
                         net (fo=32, routed)          1.346     6.949    clk_div_cnt_reg_n_0_[0]
    SLICE_X63Y49         CARRY4 (Prop_carry4_CYINIT_CO[3])
                                                      0.580     7.529 r  clk_div_cnt_reg[4]_i_2/CO[3]
                         net (fo=1, routed)           0.001     7.530    clk_div_cnt_reg[4]_i_2_n_0
    SLICE_X63Y50         CARRY4 (Prop_carry4_CI_CO[3])
                                                      0.114     7.644 r  clk_div_cnt_reg[8]_i_2/CO[3]
                         net (fo=1, routed)           0.000     7.644    clk_div_cnt_reg[8]_i_2_n_0
    SLICE_X63Y51         CARRY4 (Prop_carry4_CI_CO[3])
                                                      0.114     7.758 r  clk_div_cnt_reg[12]_i_2/CO[3]
                         net (fo=1, routed)           0.000     7.758    clk_div_cnt_reg[12]_i_2_n_0
    SLICE_X63Y52         CARRY4 (Prop_carry4_CI_CO[3])
                                                      0.114     7.872 r  clk_div_cnt_reg[16]_i_2/CO[3]
                         net (fo=1, routed)           0.000     7.872    clk_div_cnt_reg[16]_i_2_n_0
    SLICE_X63Y53         CARRY4 (Prop_carry4_CI_CO[3])
                                                      0.114     7.986 r  clk_div_cnt_reg[20]_i_2/CO[3]
                         net (fo=1, routed)           0.000     7.986    clk_div_cnt_reg[20]_i_2_n_0
    SLICE_X63Y54         CARRY4 (Prop_carry4_CI_O[0])
                                                      0.222     8.208 r  clk_div_cnt_reg[24]_i_2/O[0]
                         net (fo=1, routed)           0.637     8.844    data0[21]
    SLICE_X62Y54         LUT5 (Prop_lut5_I4_O)        0.299     9.143 r  clk_div_cnt[21]_i_1/O
                         net (fo=1, routed)           0.000     9.143    clk_div_cnt[21]
    SLICE_X62Y54         FDCE                                         r  clk_div_cnt_reg[21]/D
  -------------------------------------------------------------------    -------------------

                         (clock sys_clk_pin rise edge)
                                                     10.000    10.000 r  
    W5                                                0.000    10.000 r  clk (IN)
                         net (fo=0)                   0.000    10.000    clk
    W5                   IBUF (Prop_ibuf_I_O)         1.388    11.388 r  clk_IBUF_inst/O
                         net (fo=1, routed)           1.862    13.250    clk_IBUF
    BUFGCTRL_X0Y0        BUFG (Prop_bufg_I_O)         0.091    13.341 r  clk_IBUF_BUFG_inst/O
                         net (fo=31, routed)          1.509    14.850    clk_IBUF_BUFG
    SLICE_X62Y54         FDCE                                         r  clk_div_cnt_reg[21]/C
                         clock pessimism              0.272    15.122    
                         clock uncertainty           -0.035    15.087    
    SLICE_X62Y54         FDCE (Setup_fdce_C_D)        0.029    15.116    clk_div_cnt_reg[21]
  -------------------------------------------------------------------
                         required time                         15.116    
                         arrival time                          -9.143    
  -------------------------------------------------------------------
                         slack                                  5.972    

Slack (MET) :             6.000ns  (required time - arrival time)
  Source:                 clk_div_cnt_reg[8]/C
                            (rising edge-triggered cell FDCE clocked by sys_clk_pin  {rise@0.000ns fall@5.000ns period=10.000ns})
  Destination:            clk_div_cnt_reg[27]/D
                            (rising edge-triggered cell FDCE clocked by sys_clk_pin  {rise@0.000ns fall@5.000ns period=10.000ns})
  Path Group:             sys_clk_pin
  Path Type:              Setup (Max at Slow Process Corner)
  Requirement:            10.000ns  (sys_clk_pin rise@10.000ns - sys_clk_pin rise@0.000ns)
  Data Path Delay:        3.956ns  (logic 0.828ns (20.929%)  route 3.128ns (79.071%))
  Logic Levels:           3  (LUT4=1 LUT5=2)
  Clock Path Skew:        -0.039ns (DCD - SCD + CPR)
    Destination Clock Delay (DCD):    4.850ns = ( 14.850 - 10.000 ) 
    Source Clock Delay      (SCD):    5.147ns
    Clock Pessimism Removal (CPR):    0.258ns
  Clock Uncertainty:      0.035ns  ((TSJ^2 + TIJ^2)^1/2 + DJ) / 2 + PE
    Total System Jitter     (TSJ):    0.071ns
    Total Input Jitter      (TIJ):    0.000ns
    Discrete Jitter          (DJ):    0.000ns
    Phase Error              (PE):    0.000ns

    Location             Delay type                Incr(ns)  Path(ns)    Netlist Resource(s)
  -------------------------------------------------------------------    -------------------
                         (clock sys_clk_pin rise edge)
                                                      0.000     0.000 r  
    W5                                                0.000     0.000 r  clk (IN)
                         net (fo=0)                   0.000     0.000    clk
    W5                   IBUF (Prop_ibuf_I_O)         1.458     1.458 r  clk_IBUF_inst/O
                         net (fo=1, routed)           1.967     3.425    clk_IBUF
    BUFGCTRL_X0Y0        BUFG (Prop_bufg_I_O)         0.096     3.521 r  clk_IBUF_BUFG_inst/O
                         net (fo=31, routed)          1.626     5.147    clk_IBUF_BUFG
    SLICE_X61Y50         FDCE                                         r  clk_div_cnt_reg[8]/C
  -------------------------------------------------------------------    -------------------
    SLICE_X61Y50         FDCE (Prop_fdce_C_Q)         0.456     5.603 f  clk_div_cnt_reg[8]/Q
                         net (fo=2, routed)           0.842     6.445    clk_div_cnt_reg_n_0_[8]
    SLICE_X62Y51         LUT4 (Prop_lut4_I0_O)        0.124     6.569 r  clk_div_cnt[29]_i_7/O
                         net (fo=1, routed)           0.416     6.985    clk_div_cnt[29]_i_7_n_0
    SLICE_X62Y50         LUT5 (Prop_lut5_I4_O)        0.124     7.109 r  clk_div_cnt[29]_i_3/O
                         net (fo=31, routed)          1.870     8.979    clk_div_cnt[29]_i_3_n_0
    SLICE_X62Y55         LUT5 (Prop_lut5_I2_O)        0.124     9.103 r  clk_div_cnt[27]_i_1/O
                         net (fo=1, routed)           0.000     9.103    clk_div_cnt[27]
    SLICE_X62Y55         FDCE                                         r  clk_div_cnt_reg[27]/D
  -------------------------------------------------------------------    -------------------

                         (clock sys_clk_pin rise edge)
                                                     10.000    10.000 r  
    W5                                                0.000    10.000 r  clk (IN)
                         net (fo=0)                   0.000    10.000    clk
    W5                   IBUF (Prop_ibuf_I_O)         1.388    11.388 r  clk_IBUF_inst/O
                         net (fo=1, routed)           1.862    13.250    clk_IBUF
    BUFGCTRL_X0Y0        BUFG (Prop_bufg_I_O)         0.091    13.341 r  clk_IBUF_BUFG_inst/O
                         net (fo=31, routed)          1.509    14.850    clk_IBUF_BUFG
    SLICE_X62Y55         FDCE                                         r  clk_div_cnt_reg[27]/C
                         clock pessimism              0.258    15.108    
                         clock uncertainty           -0.035    15.073    
    SLICE_X62Y55         FDCE (Setup_fdce_C_D)        0.031    15.104    clk_div_cnt_reg[27]
  -------------------------------------------------------------------
                         required time                         15.104    
                         arrival time                          -9.103    
  -------------------------------------------------------------------
                         slack                                  6.000    

Slack (MET) :             6.012ns  (required time - arrival time)
  Source:                 clk_div_cnt_reg[0]/C
                            (rising edge-triggered cell FDCE clocked by sys_clk_pin  {rise@0.000ns fall@5.000ns period=10.000ns})
  Destination:            clk_div_cnt_reg[15]/D
                            (rising edge-triggered cell FDCE clocked by sys_clk_pin  {rise@0.000ns fall@5.000ns period=10.000ns})
  Path Group:             sys_clk_pin
  Path Type:              Setup (Max at Slow Process Corner)
  Requirement:            10.000ns  (sys_clk_pin rise@10.000ns - sys_clk_pin rise@0.000ns)
  Data Path Delay:        3.960ns  (logic 1.805ns (45.585%)  route 2.155ns (54.415%))
  Logic Levels:           5  (CARRY4=4 LUT5=1)
  Clock Path Skew:        -0.024ns (DCD - SCD + CPR)
    Destination Clock Delay (DCD):    4.851ns = ( 14.851 - 10.000 ) 
    Source Clock Delay      (SCD):    5.147ns
    Clock Pessimism Removal (CPR):    0.272ns
  Clock Uncertainty:      0.035ns  ((TSJ^2 + TIJ^2)^1/2 + DJ) / 2 + PE
    Total System Jitter     (TSJ):    0.071ns
    Total Input Jitter      (TIJ):    0.000ns
    Discrete Jitter          (DJ):    0.000ns
    Phase Error              (PE):    0.000ns

    Location             Delay type                Incr(ns)  Path(ns)    Netlist Resource(s)
  -------------------------------------------------------------------    -------------------
                         (clock sys_clk_pin rise edge)
                                                      0.000     0.000 r  
    W5                                                0.000     0.000 r  clk (IN)
                         net (fo=0)                   0.000     0.000    clk
    W5                   IBUF (Prop_ibuf_I_O)         1.458     1.458 r  clk_IBUF_inst/O
                         net (fo=1, routed)           1.967     3.425    clk_IBUF
    BUFGCTRL_X0Y0        BUFG (Prop_bufg_I_O)         0.096     3.521 r  clk_IBUF_BUFG_inst/O
                         net (fo=31, routed)          1.626     5.147    clk_IBUF_BUFG
    SLICE_X62Y55         FDCE                                         r  clk_div_cnt_reg[0]/C
  -------------------------------------------------------------------    -------------------
    SLICE_X62Y55         FDCE (Prop_fdce_C_Q)         0.456     5.603 r  clk_div_cnt_reg[0]/Q
                         net (fo=32, routed)          1.346     6.949    clk_div_cnt_reg_n_0_[0]
    SLICE_X63Y49         CARRY4 (Prop_carry4_CYINIT_CO[3])
                                                      0.580     7.529 r  clk_div_cnt_reg[4]_i_2/CO[3]
                         net (fo=1, routed)           0.001     7.530    clk_div_cnt_reg[4]_i_2_n_0
    SLICE_X63Y50         CARRY4 (Prop_carry4_CI_CO[3])
                                                      0.114     7.644 r  clk_div_cnt_reg[8]_i_2/CO[3]
                         net (fo=1, routed)           0.000     7.644    clk_div_cnt_reg[8]_i_2_n_0
    SLICE_X63Y51         CARRY4 (Prop_carry4_CI_CO[3])
                                                      0.114     7.758 r  clk_div_cnt_reg[12]_i_2/CO[3]
                         net (fo=1, routed)           0.000     7.758    clk_div_cnt_reg[12]_i_2_n_0
    SLICE_X63Y52         CARRY4 (Prop_carry4_CI_O[2])
                                                      0.239     7.997 r  clk_div_cnt_reg[16]_i_2/O[2]
                         net (fo=1, routed)           0.808     8.804    data0[15]
    SLICE_X62Y52         LUT5 (Prop_lut5_I4_O)        0.302     9.106 r  clk_div_cnt[15]_i_1/O
                         net (fo=1, routed)           0.000     9.106    clk_div_cnt[15]
    SLICE_X62Y52         FDCE                                         r  clk_div_cnt_reg[15]/D
  -------------------------------------------------------------------    -------------------

                         (clock sys_clk_pin rise edge)
                                                     10.000    10.000 r  
    W5                                                0.000    10.000 r  clk (IN)
                         net (fo=0)                   0.000    10.000    clk
    W5                   IBUF (Prop_ibuf_I_O)         1.388    11.388 r  clk_IBUF_inst/O
                         net (fo=1, routed)           1.862    13.250    clk_IBUF
    BUFGCTRL_X0Y0        BUFG (Prop_bufg_I_O)         0.091    13.341 r  clk_IBUF_BUFG_inst/O
                         net (fo=31, routed)          1.510    14.851    clk_IBUF_BUFG
    SLICE_X62Y52         FDCE                                         r  clk_div_cnt_reg[15]/C
                         clock pessimism              0.272    15.123    
                         clock uncertainty           -0.035    15.088    
    SLICE_X62Y52         FDCE (Setup_fdce_C_D)        0.031    15.119    clk_div_cnt_reg[15]
  -------------------------------------------------------------------
                         required time                         15.119    
                         arrival time                          -9.106    
  -------------------------------------------------------------------
                         slack                                  6.012    

Slack (MET) :             6.057ns  (required time - arrival time)
  Source:                 clk_div_cnt_reg[0]/C
                            (rising edge-triggered cell FDCE clocked by sys_clk_pin  {rise@0.000ns fall@5.000ns period=10.000ns})
  Destination:            clk_div_cnt_reg[26]/D
                            (rising edge-triggered cell FDCE clocked by sys_clk_pin  {rise@0.000ns fall@5.000ns period=10.000ns})
  Path Group:             sys_clk_pin
  Path Type:              Setup (Max at Slow Process Corner)
  Requirement:            10.000ns  (sys_clk_pin rise@10.000ns - sys_clk_pin rise@0.000ns)
  Data Path Delay:        3.897ns  (logic 2.243ns (57.557%)  route 1.654ns (42.443%))
  Logic Levels:           8  (CARRY4=7 LUT5=1)
  Clock Path Skew:        -0.040ns (DCD - SCD + CPR)
    Destination Clock Delay (DCD):    4.849ns = ( 14.849 - 10.000 ) 
    Source Clock Delay      (SCD):    5.147ns
    Clock Pessimism Removal (CPR):    0.258ns
  Clock Uncertainty:      0.035ns  ((TSJ^2 + TIJ^2)^1/2 + DJ) / 2 + PE
    Total System Jitter     (TSJ):    0.071ns
    Total Input Jitter      (TIJ):    0.000ns
    Discrete Jitter          (DJ):    0.000ns
    Phase Error              (PE):    0.000ns

    Location             Delay type                Incr(ns)  Path(ns)    Netlist Resource(s)
  -------------------------------------------------------------------    -------------------
                         (clock sys_clk_pin rise edge)
                                                      0.000     0.000 r  
    W5                                                0.000     0.000 r  clk (IN)
                         net (fo=0)                   0.000     0.000    clk
    W5                   IBUF (Prop_ibuf_I_O)         1.458     1.458 r  clk_IBUF_inst/O
                         net (fo=1, routed)           1.967     3.425    clk_IBUF
    BUFGCTRL_X0Y0        BUFG (Prop_bufg_I_O)         0.096     3.521 r  clk_IBUF_BUFG_inst/O
                         net (fo=31, routed)          1.626     5.147    clk_IBUF_BUFG
    SLICE_X62Y55         FDCE                                         r  clk_div_cnt_reg[0]/C
  -------------------------------------------------------------------    -------------------
    SLICE_X62Y55         FDCE (Prop_fdce_C_Q)         0.456     5.603 r  clk_div_cnt_reg[0]/Q
                         net (fo=32, routed)          1.346     6.949    clk_div_cnt_reg_n_0_[0]
    SLICE_X63Y49         CARRY4 (Prop_carry4_CYINIT_CO[3])
                                                      0.580     7.529 r  clk_div_cnt_reg[4]_i_2/CO[3]
                         net (fo=1, routed)           0.001     7.530    clk_div_cnt_reg[4]_i_2_n_0
    SLICE_X63Y50         CARRY4 (Prop_carry4_CI_CO[3])
                                                      0.114     7.644 r  clk_div_cnt_reg[8]_i_2/CO[3]
                         net (fo=1, routed)           0.000     7.644    clk_div_cnt_reg[8]_i_2_n_0
    SLICE_X63Y51         CARRY4 (Prop_carry4_CI_CO[3])
                                                      0.114     7.758 r  clk_div_cnt_reg[12]_i_2/CO[3]
                         net (fo=1, routed)           0.000     7.758    clk_div_cnt_reg[12]_i_2_n_0
    SLICE_X63Y52         CARRY4 (Prop_carry4_CI_CO[3])
                                                      0.114     7.872 r  clk_div_cnt_reg[16]_i_2/CO[3]
                         net (fo=1, routed)           0.000     7.872    clk_div_cnt_reg[16]_i_2_n_0
    SLICE_X63Y53         CARRY4 (Prop_carry4_CI_CO[3])
                                                      0.114     7.986 r  clk_div_cnt_reg[20]_i_2/CO[3]
                         net (fo=1, routed)           0.000     7.986    clk_div_cnt_reg[20]_i_2_n_0
    SLICE_X63Y54         CARRY4 (Prop_carry4_CI_CO[3])
                                                      0.114     8.100 r  clk_div_cnt_reg[24]_i_2/CO[3]
                         net (fo=1, routed)           0.000     8.100    clk_div_cnt_reg[24]_i_2_n_0
    SLICE_X63Y55         CARRY4 (Prop_carry4_CI_O[1])
                                                      0.334     8.434 r  clk_div_cnt_reg[28]_i_2/O[1]
                         net (fo=1, routed)           0.307     8.741    data0[26]
    SLICE_X61Y55         LUT5 (Prop_lut5_I4_O)        0.303     9.044 r  clk_div_cnt[26]_i_1/O
                         net (fo=1, routed)           0.000     9.044    clk_div_cnt[26]
    SLICE_X61Y55         FDCE                                         r  clk_div_cnt_reg[26]/D
  -------------------------------------------------------------------    -------------------

                         (clock sys_clk_pin rise edge)
                                                     10.000    10.000 r  
    W5                                                0.000    10.000 r  clk (IN)
                         net (fo=0)                   0.000    10.000    clk
    W5                   IBUF (Prop_ibuf_I_O)         1.388    11.388 r  clk_IBUF_inst/O
                         net (fo=1, routed)           1.862    13.250    clk_IBUF
    BUFGCTRL_X0Y0        BUFG (Prop_bufg_I_O)         0.091    13.341 r  clk_IBUF_BUFG_inst/O
                         net (fo=31, routed)          1.508    14.849    clk_IBUF_BUFG
    SLICE_X61Y55         FDCE                                         r  clk_div_cnt_reg[26]/C
                         clock pessimism              0.258    15.107    
                         clock uncertainty           -0.035    15.072    
    SLICE_X61Y55         FDCE (Setup_fdce_C_D)        0.029    15.101    clk_div_cnt_reg[26]
  -------------------------------------------------------------------
                         required time                         15.101    
                         arrival time                          -9.044    
  -------------------------------------------------------------------
                         slack                                  6.057    





Min Delay Paths
--------------------------------------------------------------------------------------
Slack (MET) :             0.233ns  (arrival time - required time)
  Source:                 clk_div_cnt_reg[4]/C
                            (rising edge-triggered cell FDCE clocked by sys_clk_pin  {rise@0.000ns fall@5.000ns period=10.000ns})
  Destination:            clk_div_cnt_reg[7]/D
                            (rising edge-triggered cell FDCE clocked by sys_clk_pin  {rise@0.000ns fall@5.000ns period=10.000ns})
  Path Group:             sys_clk_pin
  Path Type:              Hold (Min at Fast Process Corner)
  Requirement:            0.000ns  (sys_clk_pin rise@0.000ns - sys_clk_pin rise@0.000ns)
  Data Path Delay:        0.595ns  (logic 0.231ns (38.805%)  route 0.364ns (61.195%))
  Logic Levels:           2  (LUT5=2)
  Clock Path Skew:        0.270ns (DCD - SCD - CPR)
    Destination Clock Delay (DCD):    1.992ns
    Source Clock Delay      (SCD):    1.478ns
    Clock Pessimism Removal (CPR):    0.244ns

    Location             Delay type                Incr(ns)  Path(ns)    Netlist Resource(s)
  -------------------------------------------------------------------    -------------------
                         (clock sys_clk_pin rise edge)
                                                      0.000     0.000 r  
    W5                                                0.000     0.000 r  clk (IN)
                         net (fo=0)                   0.000     0.000    clk
    W5                   IBUF (Prop_ibuf_I_O)         0.226     0.226 r  clk_IBUF_inst/O
                         net (fo=1, routed)           0.631     0.858    clk_IBUF
    BUFGCTRL_X0Y0        BUFG (Prop_bufg_I_O)         0.026     0.884 r  clk_IBUF_BUFG_inst/O
                         net (fo=31, routed)          0.595     1.478    clk_IBUF_BUFG
    SLICE_X61Y49         FDCE                                         r  clk_div_cnt_reg[4]/C
  -------------------------------------------------------------------    -------------------
    SLICE_X61Y49         FDCE (Prop_fdce_C_Q)         0.141     1.619 r  clk_div_cnt_reg[4]/Q
                         net (fo=2, routed)           0.231     1.850    clk_div_cnt_reg_n_0_[4]
    SLICE_X62Y50         LUT5 (Prop_lut5_I2_O)        0.045     1.895 r  clk_div_cnt[29]_i_3/O
                         net (fo=31, routed)          0.133     2.028    clk_div_cnt[29]_i_3_n_0
    SLICE_X62Y50         LUT5 (Prop_lut5_I2_O)        0.045     2.073 r  clk_div_cnt[7]_i_1/O
                         net (fo=1, routed)           0.000     2.073    clk_div_cnt[7]
    SLICE_X62Y50         FDCE                                         r  clk_div_cnt_reg[7]/D
  -------------------------------------------------------------------    -------------------

                         (clock sys_clk_pin rise edge)
                                                      0.000     0.000 r  
    W5                                                0.000     0.000 r  clk (IN)
                         net (fo=0)                   0.000     0.000    clk
    W5                   IBUF (Prop_ibuf_I_O)         0.414     0.414 r  clk_IBUF_inst/O
                         net (fo=1, routed)           0.685     1.099    clk_IBUF
    BUFGCTRL_X0Y0        BUFG (Prop_bufg_I_O)         0.029     1.128 r  clk_IBUF_BUFG_inst/O
                         net (fo=31, routed)          0.864     1.992    clk_IBUF_BUFG
    SLICE_X62Y50         FDCE                                         r  clk_div_cnt_reg[7]/C
                         clock pessimism             -0.244     1.748    
    SLICE_X62Y50         FDCE (Hold_fdce_C_D)         0.092     1.840    clk_div_cnt_reg[7]
  -------------------------------------------------------------------
                         required time                         -1.840    
                         arrival time                           2.073    
  -------------------------------------------------------------------
                         slack                                  0.233    

Slack (MET) :             0.263ns  (arrival time - required time)
  Source:                 clk_div_cnt_reg[6]/C
                            (rising edge-triggered cell FDCE clocked by sys_clk_pin  {rise@0.000ns fall@5.000ns period=10.000ns})
  Destination:            clk_div_cnt_reg[3]/D
                            (rising edge-triggered cell FDCE clocked by sys_clk_pin  {rise@0.000ns fall@5.000ns period=10.000ns})
  Path Group:             sys_clk_pin
  Path Type:              Hold (Min at Fast Process Corner)
  Requirement:            0.000ns  (sys_clk_pin rise@0.000ns - sys_clk_pin rise@0.000ns)
  Data Path Delay:        0.626ns  (logic 0.231ns (36.904%)  route 0.395ns (63.096%))
  Logic Levels:           2  (LUT5=2)
  Clock Path Skew:        0.271ns (DCD - SCD - CPR)
    Destination Clock Delay (DCD):    1.992ns
    Source Clock Delay      (SCD):    1.477ns
    Clock Pessimism Removal (CPR):    0.244ns

    Location             Delay type                Incr(ns)  Path(ns)    Netlist Resource(s)
  -------------------------------------------------------------------    -------------------
                         (clock sys_clk_pin rise edge)
                                                      0.000     0.000 r  
    W5                                                0.000     0.000 r  clk (IN)
                         net (fo=0)                   0.000     0.000    clk
    W5                   IBUF (Prop_ibuf_I_O)         0.226     0.226 r  clk_IBUF_inst/O
                         net (fo=1, routed)           0.631     0.858    clk_IBUF
    BUFGCTRL_X0Y0        BUFG (Prop_bufg_I_O)         0.026     0.884 r  clk_IBUF_BUFG_inst/O
                         net (fo=31, routed)          0.594     1.477    clk_IBUF_BUFG
    SLICE_X62Y50         FDCE                                         r  clk_div_cnt_reg[6]/C
  -------------------------------------------------------------------    -------------------
    SLICE_X62Y50         FDCE (Prop_fdce_C_Q)         0.141     1.618 r  clk_div_cnt_reg[6]/Q
                         net (fo=2, routed)           0.187     1.805    clk_div_cnt_reg_n_0_[6]
    SLICE_X62Y50         LUT5 (Prop_lut5_I0_O)        0.045     1.850 r  clk_div_cnt[29]_i_3/O
                         net (fo=31, routed)          0.208     2.058    clk_div_cnt[29]_i_3_n_0
    SLICE_X61Y49         LUT5 (Prop_lut5_I2_O)        0.045     2.103 r  clk_div_cnt[3]_i_1/O
                         net (fo=1, routed)           0.000     2.103    clk_div_cnt[3]
    SLICE_X61Y49         FDCE                                         r  clk_div_cnt_reg[3]/D
  -------------------------------------------------------------------    -------------------

                         (clock sys_clk_pin rise edge)
                                                      0.000     0.000 r  
    W5                                                0.000     0.000 r  clk (IN)
                         net (fo=0)                   0.000     0.000    clk
    W5                   IBUF (Prop_ibuf_I_O)         0.414     0.414 r  clk_IBUF_inst/O
                         net (fo=1, routed)           0.685     1.099    clk_IBUF
    BUFGCTRL_X0Y0        BUFG (Prop_bufg_I_O)         0.029     1.128 r  clk_IBUF_BUFG_inst/O
                         net (fo=31, routed)          0.865     1.992    clk_IBUF_BUFG
    SLICE_X61Y49         FDCE                                         r  clk_div_cnt_reg[3]/C
                         clock pessimism             -0.244     1.748    
    SLICE_X61Y49         FDCE (Hold_fdce_C_D)         0.092     1.840    clk_div_cnt_reg[3]
  -------------------------------------------------------------------
                         required time                         -1.840    
                         arrival time                           2.103    
  -------------------------------------------------------------------
                         slack                                  0.263    

Slack (MET) :             0.263ns  (arrival time - required time)
  Source:                 clk_div_cnt_reg[6]/C
                            (rising edge-triggered cell FDCE clocked by sys_clk_pin  {rise@0.000ns fall@5.000ns period=10.000ns})
  Destination:            clk_div_cnt_reg[4]/D
                            (rising edge-triggered cell FDCE clocked by sys_clk_pin  {rise@0.000ns fall@5.000ns period=10.000ns})
  Path Group:             sys_clk_pin
  Path Type:              Hold (Min at Fast Process Corner)
  Requirement:            0.000ns  (sys_clk_pin rise@0.000ns - sys_clk_pin rise@0.000ns)
  Data Path Delay:        0.626ns  (logic 0.231ns (36.904%)  route 0.395ns (63.096%))
  Logic Levels:           2  (LUT5=2)
  Clock Path Skew:        0.271ns (DCD - SCD - CPR)
    Destination Clock Delay (DCD):    1.992ns
    Source Clock Delay      (SCD):    1.477ns
    Clock Pessimism Removal (CPR):    0.244ns

    Location             Delay type                Incr(ns)  Path(ns)    Netlist Resource(s)
  -------------------------------------------------------------------    -------------------
                         (clock sys_clk_pin rise edge)
                                                      0.000     0.000 r  
    W5                                                0.000     0.000 r  clk (IN)
                         net (fo=0)                   0.000     0.000    clk
    W5                   IBUF (Prop_ibuf_I_O)         0.226     0.226 r  clk_IBUF_inst/O
                         net (fo=1, routed)           0.631     0.858    clk_IBUF
    BUFGCTRL_X0Y0        BUFG (Prop_bufg_I_O)         0.026     0.884 r  clk_IBUF_BUFG_inst/O
                         net (fo=31, routed)          0.594     1.477    clk_IBUF_BUFG
    SLICE_X62Y50         FDCE                                         r  clk_div_cnt_reg[6]/C
  -------------------------------------------------------------------    -------------------
    SLICE_X62Y50         FDCE (Prop_fdce_C_Q)         0.141     1.618 r  clk_div_cnt_reg[6]/Q
                         net (fo=2, routed)           0.187     1.805    clk_div_cnt_reg_n_0_[6]
    SLICE_X62Y50         LUT5 (Prop_lut5_I0_O)        0.045     1.850 r  clk_div_cnt[29]_i_3/O
                         net (fo=31, routed)          0.208     2.058    clk_div_cnt[29]_i_3_n_0
    SLICE_X61Y49         LUT5 (Prop_lut5_I2_O)        0.045     2.103 r  clk_div_cnt[4]_i_1/O
                         net (fo=1, routed)           0.000     2.103    clk_div_cnt[4]
    SLICE_X61Y49         FDCE                                         r  clk_div_cnt_reg[4]/D
  -------------------------------------------------------------------    -------------------

                         (clock sys_clk_pin rise edge)
                                                      0.000     0.000 r  
    W5                                                0.000     0.000 r  clk (IN)
                         net (fo=0)                   0.000     0.000    clk
    W5                   IBUF (Prop_ibuf_I_O)         0.414     0.414 r  clk_IBUF_inst/O
                         net (fo=1, routed)           0.685     1.099    clk_IBUF
    BUFGCTRL_X0Y0        BUFG (Prop_bufg_I_O)         0.029     1.128 r  clk_IBUF_BUFG_inst/O
                         net (fo=31, routed)          0.865     1.992    clk_IBUF_BUFG
    SLICE_X61Y49         FDCE                                         r  clk_div_cnt_reg[4]/C
                         clock pessimism             -0.244     1.748    
    SLICE_X61Y49         FDCE (Hold_fdce_C_D)         0.092     1.840    clk_div_cnt_reg[4]
  -------------------------------------------------------------------
                         required time                         -1.840    
                         arrival time                           2.103    
  -------------------------------------------------------------------
                         slack                                  0.263    

Slack (MET) :             0.270ns  (arrival time - required time)
  Source:                 clk_div_cnt_reg[0]/C
                            (rising edge-triggered cell FDCE clocked by sys_clk_pin  {rise@0.000ns fall@5.000ns period=10.000ns})
  Destination:            clk_div_cnt_reg[21]/D
                            (rising edge-triggered cell FDCE clocked by sys_clk_pin  {rise@0.000ns fall@5.000ns period=10.000ns})
  Path Group:             sys_clk_pin
  Path Type:              Hold (Min at Fast Process Corner)
  Requirement:            0.000ns  (sys_clk_pin rise@0.000ns - sys_clk_pin rise@0.000ns)
  Data Path Delay:        0.377ns  (logic 0.186ns (49.348%)  route 0.191ns (50.652%))
  Logic Levels:           1  (LUT5=1)
  Clock Path Skew:        0.016ns (DCD - SCD - CPR)
    Destination Clock Delay (DCD):    1.991ns
    Source Clock Delay      (SCD):    1.476ns
    Clock Pessimism Removal (CPR):    0.499ns

    Location             Delay type                Incr(ns)  Path(ns)    Netlist Resource(s)
  -------------------------------------------------------------------    -------------------
                         (clock sys_clk_pin rise edge)
                                                      0.000     0.000 r  
    W5                                                0.000     0.000 r  clk (IN)
                         net (fo=0)                   0.000     0.000    clk
    W5                   IBUF (Prop_ibuf_I_O)         0.226     0.226 r  clk_IBUF_inst/O
                         net (fo=1, routed)           0.631     0.858    clk_IBUF
    BUFGCTRL_X0Y0        BUFG (Prop_bufg_I_O)         0.026     0.884 r  clk_IBUF_BUFG_inst/O
                         net (fo=31, routed)          0.593     1.476    clk_IBUF_BUFG
    SLICE_X62Y55         FDCE                                         r  clk_div_cnt_reg[0]/C
  -------------------------------------------------------------------    -------------------
    SLICE_X62Y55         FDCE (Prop_fdce_C_Q)         0.141     1.617 r  clk_div_cnt_reg[0]/Q
                         net (fo=32, routed)          0.191     1.808    clk_div_cnt_reg_n_0_[0]
    SLICE_X62Y54         LUT5 (Prop_lut5_I0_O)        0.045     1.853 r  clk_div_cnt[21]_i_1/O
                         net (fo=1, routed)           0.000     1.853    clk_div_cnt[21]
    SLICE_X62Y54         FDCE                                         r  clk_div_cnt_reg[21]/D
  -------------------------------------------------------------------    -------------------

                         (clock sys_clk_pin rise edge)
                                                      0.000     0.000 r  
    W5                                                0.000     0.000 r  clk (IN)
                         net (fo=0)                   0.000     0.000    clk
    W5                   IBUF (Prop_ibuf_I_O)         0.414     0.414 r  clk_IBUF_inst/O
                         net (fo=1, routed)           0.685     1.099    clk_IBUF
    BUFGCTRL_X0Y0        BUFG (Prop_bufg_I_O)         0.029     1.128 r  clk_IBUF_BUFG_inst/O
                         net (fo=31, routed)          0.863     1.991    clk_IBUF_BUFG
    SLICE_X62Y54         FDCE                                         r  clk_div_cnt_reg[21]/C
                         clock pessimism             -0.499     1.492    
    SLICE_X62Y54         FDCE (Hold_fdce_C_D)         0.091     1.583    clk_div_cnt_reg[21]
  -------------------------------------------------------------------
                         required time                         -1.583    
                         arrival time                           1.853    
  -------------------------------------------------------------------
                         slack                                  0.270    

Slack (MET) :             0.289ns  (arrival time - required time)
  Source:                 clk_1hz_reg/C
                            (rising edge-triggered cell FDCE clocked by sys_clk_pin  {rise@0.000ns fall@5.000ns period=10.000ns})
  Destination:            clk_1hz_reg/D
                            (rising edge-triggered cell FDCE clocked by sys_clk_pin  {rise@0.000ns fall@5.000ns period=10.000ns})
  Path Group:             sys_clk_pin
  Path Type:              Hold (Min at Fast Process Corner)
  Requirement:            0.000ns  (sys_clk_pin rise@0.000ns - sys_clk_pin rise@0.000ns)
  Data Path Delay:        0.409ns  (logic 0.209ns (51.154%)  route 0.200ns (48.846%))
  Logic Levels:           1  (LUT5=1)
  Clock Path Skew:        0.000ns (DCD - SCD - CPR)
    Destination Clock Delay (DCD):    1.992ns
    Source Clock Delay      (SCD):    1.478ns
    Clock Pessimism Removal (CPR):    0.514ns

    Location             Delay type                Incr(ns)  Path(ns)    Netlist Resource(s)
  -------------------------------------------------------------------    -------------------
                         (clock sys_clk_pin rise edge)
                                                      0.000     0.000 r  
    W5                                                0.000     0.000 r  clk (IN)
                         net (fo=0)                   0.000     0.000    clk
    W5                   IBUF (Prop_ibuf_I_O)         0.226     0.226 r  clk_IBUF_inst/O
                         net (fo=1, routed)           0.631     0.858    clk_IBUF
    BUFGCTRL_X0Y0        BUFG (Prop_bufg_I_O)         0.026     0.884 r  clk_IBUF_BUFG_inst/O
                         net (fo=31, routed)          0.595     1.478    clk_IBUF_BUFG
    SLICE_X60Y49         FDCE                                         r  clk_1hz_reg/C
  -------------------------------------------------------------------    -------------------
    SLICE_X60Y49         FDCE (Prop_fdce_C_Q)         0.164     1.642 r  clk_1hz_reg/Q
                         net (fo=25, routed)          0.200     1.842    clk_1hz_reg_n_0
    SLICE_X60Y49         LUT5 (Prop_lut5_I4_O)        0.045     1.887 r  clk_1hz_i_1/O
                         net (fo=1, routed)           0.000     1.887    clk_1hz_i_1_n_0
    SLICE_X60Y49         FDCE                                         r  clk_1hz_reg/D
  -------------------------------------------------------------------    -------------------

                         (clock sys_clk_pin rise edge)
                                                      0.000     0.000 r  
    W5                                                0.000     0.000 r  clk (IN)
                         net (fo=0)                   0.000     0.000    clk
    W5                   IBUF (Prop_ibuf_I_O)         0.414     0.414 r  clk_IBUF_inst/O
                         net (fo=1, routed)           0.685     1.099    clk_IBUF
    BUFGCTRL_X0Y0        BUFG (Prop_bufg_I_O)         0.029     1.128 r  clk_IBUF_BUFG_inst/O
                         net (fo=31, routed)          0.865     1.992    clk_IBUF_BUFG
    SLICE_X60Y49         FDCE                                         r  clk_1hz_reg/C
                         clock pessimism             -0.514     1.478    
    SLICE_X60Y49         FDCE (Hold_fdce_C_D)         0.120     1.598    clk_1hz_reg
  -------------------------------------------------------------------
                         required time                         -1.598    
                         arrival time                           1.887    
  -------------------------------------------------------------------
                         slack                                  0.289    

Slack (MET) :             0.316ns  (arrival time - required time)
  Source:                 clk_div_cnt_reg[0]/C
                            (rising edge-triggered cell FDCE clocked by sys_clk_pin  {rise@0.000ns fall@5.000ns period=10.000ns})
  Destination:            clk_div_cnt_reg[22]/D
                            (rising edge-triggered cell FDCE clocked by sys_clk_pin  {rise@0.000ns fall@5.000ns period=10.000ns})
  Path Group:             sys_clk_pin
  Path Type:              Hold (Min at Fast Process Corner)
  Requirement:            0.000ns  (sys_clk_pin rise@0.000ns - sys_clk_pin rise@0.000ns)
  Data Path Delay:        0.442ns  (logic 0.186ns (42.044%)  route 0.256ns (57.956%))
  Logic Levels:           1  (LUT5=1)
  Clock Path Skew:        0.035ns (DCD - SCD - CPR)
    Destination Clock Delay (DCD):    1.989ns
    Source Clock Delay      (SCD):    1.476ns
    Clock Pessimism Removal (CPR):    0.478ns

    Location             Delay type                Incr(ns)  Path(ns)    Netlist Resource(s)
  -------------------------------------------------------------------    -------------------
                         (clock sys_clk_pin rise edge)
                                                      0.000     0.000 r  
    W5                                                0.000     0.000 r  clk (IN)
                         net (fo=0)                   0.000     0.000    clk
    W5                   IBUF (Prop_ibuf_I_O)         0.226     0.226 r  clk_IBUF_inst/O
                         net (fo=1, routed)           0.631     0.858    clk_IBUF
    BUFGCTRL_X0Y0        BUFG (Prop_bufg_I_O)         0.026     0.884 r  clk_IBUF_BUFG_inst/O
                         net (fo=31, routed)          0.593     1.476    clk_IBUF_BUFG
    SLICE_X62Y55         FDCE                                         r  clk_div_cnt_reg[0]/C
  -------------------------------------------------------------------    -------------------
    SLICE_X62Y55         FDCE (Prop_fdce_C_Q)         0.141     1.617 r  clk_div_cnt_reg[0]/Q
                         net (fo=32, routed)          0.256     1.874    clk_div_cnt_reg_n_0_[0]
    SLICE_X61Y54         LUT5 (Prop_lut5_I0_O)        0.045     1.919 r  clk_div_cnt[22]_i_1/O
                         net (fo=1, routed)           0.000     1.919    clk_div_cnt[22]
    SLICE_X61Y54         FDCE                                         r  clk_div_cnt_reg[22]/D
  -------------------------------------------------------------------    -------------------

                         (clock sys_clk_pin rise edge)
                                                      0.000     0.000 r  
    W5                                                0.000     0.000 r  clk (IN)
                         net (fo=0)                   0.000     0.000    clk
    W5                   IBUF (Prop_ibuf_I_O)         0.414     0.414 r  clk_IBUF_inst/O
                         net (fo=1, routed)           0.685     1.099    clk_IBUF
    BUFGCTRL_X0Y0        BUFG (Prop_bufg_I_O)         0.029     1.128 r  clk_IBUF_BUFG_inst/O
                         net (fo=31, routed)          0.861     1.989    clk_IBUF_BUFG
    SLICE_X61Y54         FDCE                                         r  clk_div_cnt_reg[22]/C
                         clock pessimism             -0.478     1.511    
    SLICE_X61Y54         FDCE (Hold_fdce_C_D)         0.091     1.602    clk_div_cnt_reg[22]
  -------------------------------------------------------------------
                         required time                         -1.602    
                         arrival time                           1.919    
  -------------------------------------------------------------------
                         slack                                  0.316    

Slack (MET) :             0.331ns  (arrival time - required time)
  Source:                 clk_div_cnt_reg[0]/C
                            (rising edge-triggered cell FDCE clocked by sys_clk_pin  {rise@0.000ns fall@5.000ns period=10.000ns})
  Destination:            clk_div_cnt_reg[23]/D
                            (rising edge-triggered cell FDCE clocked by sys_clk_pin  {rise@0.000ns fall@5.000ns period=10.000ns})
  Path Group:             sys_clk_pin
  Path Type:              Hold (Min at Fast Process Corner)
  Requirement:            0.000ns  (sys_clk_pin rise@0.000ns - sys_clk_pin rise@0.000ns)
  Data Path Delay:        0.439ns  (logic 0.186ns (42.393%)  route 0.253ns (57.607%))
  Logic Levels:           1  (LUT5=1)
  Clock Path Skew:        0.016ns (DCD - SCD - CPR)
    Destination Clock Delay (DCD):    1.991ns
    Source Clock Delay      (SCD):    1.476ns
    Clock Pessimism Removal (CPR):    0.499ns

    Location             Delay type                Incr(ns)  Path(ns)    Netlist Resource(s)
  -------------------------------------------------------------------    -------------------
                         (clock sys_clk_pin rise edge)
                                                      0.000     0.000 r  
    W5                                                0.000     0.000 r  clk (IN)
                         net (fo=0)                   0.000     0.000    clk
    W5                   IBUF (Prop_ibuf_I_O)         0.226     0.226 r  clk_IBUF_inst/O
                         net (fo=1, routed)           0.631     0.858    clk_IBUF
    BUFGCTRL_X0Y0        BUFG (Prop_bufg_I_O)         0.026     0.884 r  clk_IBUF_BUFG_inst/O
                         net (fo=31, routed)          0.593     1.476    clk_IBUF_BUFG
    SLICE_X62Y55         FDCE                                         r  clk_div_cnt_reg[0]/C
  -------------------------------------------------------------------    -------------------
    SLICE_X62Y55         FDCE (Prop_fdce_C_Q)         0.141     1.617 r  clk_div_cnt_reg[0]/Q
                         net (fo=32, routed)          0.253     1.870    clk_div_cnt_reg_n_0_[0]
    SLICE_X62Y54         LUT5 (Prop_lut5_I0_O)        0.045     1.915 r  clk_div_cnt[23]_i_1/O
                         net (fo=1, routed)           0.000     1.915    clk_div_cnt[23]
    SLICE_X62Y54         FDCE                                         r  clk_div_cnt_reg[23]/D
  -------------------------------------------------------------------    -------------------

                         (clock sys_clk_pin rise edge)
                                                      0.000     0.000 r  
    W5                                                0.000     0.000 r  clk (IN)
                         net (fo=0)                   0.000     0.000    clk
    W5                   IBUF (Prop_ibuf_I_O)         0.414     0.414 r  clk_IBUF_inst/O
                         net (fo=1, routed)           0.685     1.099    clk_IBUF
    BUFGCTRL_X0Y0        BUFG (Prop_bufg_I_O)         0.029     1.128 r  clk_IBUF_BUFG_inst/O
                         net (fo=31, routed)          0.863     1.991    clk_IBUF_BUFG
    SLICE_X62Y54         FDCE                                         r  clk_div_cnt_reg[23]/C
                         clock pessimism             -0.499     1.492    
    SLICE_X62Y54         FDCE (Hold_fdce_C_D)         0.092     1.584    clk_div_cnt_reg[23]
  -------------------------------------------------------------------
                         required time                         -1.584    
                         arrival time                           1.915    
  -------------------------------------------------------------------
                         slack                                  0.331    

Slack (MET) :             0.333ns  (arrival time - required time)
  Source:                 clk_div_cnt_reg[0]/C
                            (rising edge-triggered cell FDCE clocked by sys_clk_pin  {rise@0.000ns fall@5.000ns period=10.000ns})
  Destination:            clk_div_cnt_reg[19]/D
                            (rising edge-triggered cell FDCE clocked by sys_clk_pin  {rise@0.000ns fall@5.000ns period=10.000ns})
  Path Group:             sys_clk_pin
  Path Type:              Hold (Min at Fast Process Corner)
  Requirement:            0.000ns  (sys_clk_pin rise@0.000ns - sys_clk_pin rise@0.000ns)
  Data Path Delay:        0.441ns  (logic 0.186ns (42.165%)  route 0.255ns (57.835%))
  Logic Levels:           1  (LUT5=1)
  Clock Path Skew:        0.016ns (DCD - SCD - CPR)
    Destination Clock Delay (DCD):    1.991ns
    Source Clock Delay      (SCD):    1.476ns
    Clock Pessimism Removal (CPR):    0.499ns

    Location             Delay type                Incr(ns)  Path(ns)    Netlist Resource(s)
  -------------------------------------------------------------------    -------------------
                         (clock sys_clk_pin rise edge)
                                                      0.000     0.000 r  
    W5                                                0.000     0.000 r  clk (IN)
                         net (fo=0)                   0.000     0.000    clk
    W5                   IBUF (Prop_ibuf_I_O)         0.226     0.226 r  clk_IBUF_inst/O
                         net (fo=1, routed)           0.631     0.858    clk_IBUF
    BUFGCTRL_X0Y0        BUFG (Prop_bufg_I_O)         0.026     0.884 r  clk_IBUF_BUFG_inst/O
                         net (fo=31, routed)          0.593     1.476    clk_IBUF_BUFG
    SLICE_X62Y55         FDCE                                         r  clk_div_cnt_reg[0]/C
  -------------------------------------------------------------------    -------------------
    SLICE_X62Y55         FDCE (Prop_fdce_C_Q)         0.141     1.617 r  clk_div_cnt_reg[0]/Q
                         net (fo=32, routed)          0.255     1.872    clk_div_cnt_reg_n_0_[0]
    SLICE_X62Y53         LUT5 (Prop_lut5_I0_O)        0.045     1.917 r  clk_div_cnt[19]_i_1/O
                         net (fo=1, routed)           0.000     1.917    clk_div_cnt[19]
    SLICE_X62Y53         FDCE                                         r  clk_div_cnt_reg[19]/D
  -------------------------------------------------------------------    -------------------

                         (clock sys_clk_pin rise edge)
                                                      0.000     0.000 r  
    W5                                                0.000     0.000 r  clk (IN)
                         net (fo=0)                   0.000     0.000    clk
    W5                   IBUF (Prop_ibuf_I_O)         0.414     0.414 r  clk_IBUF_inst/O
                         net (fo=1, routed)           0.685     1.099    clk_IBUF
    BUFGCTRL_X0Y0        BUFG (Prop_bufg_I_O)         0.029     1.128 r  clk_IBUF_BUFG_inst/O
                         net (fo=31, routed)          0.863     1.991    clk_IBUF_BUFG
    SLICE_X62Y53         FDCE                                         r  clk_div_cnt_reg[19]/C
                         clock pessimism             -0.499     1.492    
    SLICE_X62Y53         FDCE (Hold_fdce_C_D)         0.092     1.584    clk_div_cnt_reg[19]
  -------------------------------------------------------------------
                         required time                         -1.584    
                         arrival time                           1.917    
  -------------------------------------------------------------------
                         slack                                  0.333    

Slack (MET) :             0.353ns  (arrival time - required time)
  Source:                 clk_div_cnt_reg[4]/C
                            (rising edge-triggered cell FDCE clocked by sys_clk_pin  {rise@0.000ns fall@5.000ns period=10.000ns})
  Destination:            clk_div_cnt_reg[9]/D
                            (rising edge-triggered cell FDCE clocked by sys_clk_pin  {rise@0.000ns fall@5.000ns period=10.000ns})
  Path Group:             sys_clk_pin
  Path Type:              Hold (Min at Fast Process Corner)
  Requirement:            0.000ns  (sys_clk_pin rise@0.000ns - sys_clk_pin rise@0.000ns)
  Data Path Delay:        0.715ns  (logic 0.231ns (32.292%)  route 0.484ns (67.708%))
  Logic Levels:           2  (LUT5=2)
  Clock Path Skew:        0.270ns (DCD - SCD - CPR)
    Destination Clock Delay (DCD):    1.992ns
    Source Clock Delay      (SCD):    1.478ns
    Clock Pessimism Removal (CPR):    0.244ns

    Location             Delay type                Incr(ns)  Path(ns)    Netlist Resource(s)
  -------------------------------------------------------------------    -------------------
                         (clock sys_clk_pin rise edge)
                                                      0.000     0.000 r  
    W5                                                0.000     0.000 r  clk (IN)
                         net (fo=0)                   0.000     0.000    clk
    W5                   IBUF (Prop_ibuf_I_O)         0.226     0.226 r  clk_IBUF_inst/O
                         net (fo=1, routed)           0.631     0.858    clk_IBUF
    BUFGCTRL_X0Y0        BUFG (Prop_bufg_I_O)         0.026     0.884 r  clk_IBUF_BUFG_inst/O
                         net (fo=31, routed)          0.595     1.478    clk_IBUF_BUFG
    SLICE_X61Y49         FDCE                                         r  clk_div_cnt_reg[4]/C
  -------------------------------------------------------------------    -------------------
    SLICE_X61Y49         FDCE (Prop_fdce_C_Q)         0.141     1.619 r  clk_div_cnt_reg[4]/Q
                         net (fo=2, routed)           0.231     1.850    clk_div_cnt_reg_n_0_[4]
    SLICE_X62Y50         LUT5 (Prop_lut5_I2_O)        0.045     1.895 r  clk_div_cnt[29]_i_3/O
                         net (fo=31, routed)          0.254     2.148    clk_div_cnt[29]_i_3_n_0
    SLICE_X62Y51         LUT5 (Prop_lut5_I2_O)        0.045     2.193 r  clk_div_cnt[9]_i_1/O
                         net (fo=1, routed)           0.000     2.193    clk_div_cnt[9]
    SLICE_X62Y51         FDCE                                         r  clk_div_cnt_reg[9]/D
  -------------------------------------------------------------------    -------------------

                         (clock sys_clk_pin rise edge)
                                                      0.000     0.000 r  
    W5                                                0.000     0.000 r  clk (IN)
                         net (fo=0)                   0.000     0.000    clk
    W5                   IBUF (Prop_ibuf_I_O)         0.414     0.414 r  clk_IBUF_inst/O
                         net (fo=1, routed)           0.685     1.099    clk_IBUF
    BUFGCTRL_X0Y0        BUFG (Prop_bufg_I_O)         0.029     1.128 r  clk_IBUF_BUFG_inst/O
                         net (fo=31, routed)          0.864     1.992    clk_IBUF_BUFG
    SLICE_X62Y51         FDCE                                         r  clk_div_cnt_reg[9]/C
                         clock pessimism             -0.244     1.748    
    SLICE_X62Y51         FDCE (Hold_fdce_C_D)         0.092     1.840    clk_div_cnt_reg[9]
  -------------------------------------------------------------------
                         required time                         -1.840    
                         arrival time                           2.193    
  -------------------------------------------------------------------
                         slack                                  0.353    

Slack (MET) :             0.355ns  (arrival time - required time)
  Source:                 clk_div_cnt_reg[4]/C
                            (rising edge-triggered cell FDCE clocked by sys_clk_pin  {rise@0.000ns fall@5.000ns period=10.000ns})
  Destination:            clk_div_cnt_reg[6]/D
                            (rising edge-triggered cell FDCE clocked by sys_clk_pin  {rise@0.000ns fall@5.000ns period=10.000ns})
  Path Group:             sys_clk_pin
  Path Type:              Hold (Min at Fast Process Corner)
  Requirement:            0.000ns  (sys_clk_pin rise@0.000ns - sys_clk_pin rise@0.000ns)
  Data Path Delay:        0.717ns  (logic 0.231ns (32.232%)  route 0.486ns (67.768%))
  Logic Levels:           2  (LUT5=2)
  Clock Path Skew:        0.270ns (DCD - SCD - CPR)
    Destination Clock Delay (DCD):    1.992ns
    Source Clock Delay      (SCD):    1.478ns
    Clock Pessimism Removal (CPR):    0.244ns

    Location             Delay type                Incr(ns)  Path(ns)    Netlist Resource(s)
  -------------------------------------------------------------------    -------------------
                         (clock sys_clk_pin rise edge)
                                                      0.000     0.000 r  
    W5                                                0.000     0.000 r  clk (IN)
                         net (fo=0)                   0.000     0.000    clk
    W5                   IBUF (Prop_ibuf_I_O)         0.226     0.226 r  clk_IBUF_inst/O
                         net (fo=1, routed)           0.631     0.858    clk_IBUF
    BUFGCTRL_X0Y0        BUFG (Prop_bufg_I_O)         0.026     0.884 r  clk_IBUF_BUFG_inst/O
                         net (fo=31, routed)          0.595     1.478    clk_IBUF_BUFG
    SLICE_X61Y49         FDCE                                         r  clk_div_cnt_reg[4]/C
  -------------------------------------------------------------------    -------------------
    SLICE_X61Y49         FDCE (Prop_fdce_C_Q)         0.141     1.619 r  clk_div_cnt_reg[4]/Q
                         net (fo=2, routed)           0.231     1.850    clk_div_cnt_reg_n_0_[4]
    SLICE_X62Y50         LUT5 (Prop_lut5_I2_O)        0.045     1.895 r  clk_div_cnt[29]_i_3/O
                         net (fo=31, routed)          0.255     2.150    clk_div_cnt[29]_i_3_n_0
    SLICE_X62Y50         LUT5 (Prop_lut5_I2_O)        0.045     2.195 r  clk_div_cnt[6]_i_1/O
                         net (fo=1, routed)           0.000     2.195    clk_div_cnt[6]
    SLICE_X62Y50         FDCE                                         r  clk_div_cnt_reg[6]/D
  -------------------------------------------------------------------    -------------------

                         (clock sys_clk_pin rise edge)
                                                      0.000     0.000 r  
    W5                                                0.000     0.000 r  clk (IN)
                         net (fo=0)                   0.000     0.000    clk
    W5                   IBUF (Prop_ibuf_I_O)         0.414     0.414 r  clk_IBUF_inst/O
                         net (fo=1, routed)           0.685     1.099    clk_IBUF
    BUFGCTRL_X0Y0        BUFG (Prop_bufg_I_O)         0.029     1.128 r  clk_IBUF_BUFG_inst/O
                         net (fo=31, routed)          0.864     1.992    clk_IBUF_BUFG
    SLICE_X62Y50         FDCE                                         r  clk_div_cnt_reg[6]/C
                         clock pessimism             -0.244     1.748    
    SLICE_X62Y50         FDCE (Hold_fdce_C_D)         0.092     1.840    clk_div_cnt_reg[6]
  -------------------------------------------------------------------
                         required time                         -1.840    
                         arrival time                           2.195    
  -------------------------------------------------------------------
                         slack                                  0.355    





Pulse Width Checks
--------------------------------------------------------------------------------------
Clock Name:         sys_clk_pin
Waveform(ns):       { 0.000 5.000 }
Period(ns):         10.000
Sources:            { clk }

Check Type        Corner  Lib Pin  Reference Pin  Required(ns)  Actual(ns)  Slack(ns)  Location       Pin
Min Period        n/a     BUFG/I   n/a            2.155         10.000      7.845      BUFGCTRL_X0Y0  clk_IBUF_BUFG_inst/I
Min Period        n/a     FDCE/C   n/a            1.000         10.000      9.000      SLICE_X60Y49   clk_1hz_reg/C
Min Period        n/a     FDCE/C   n/a            1.000         10.000      9.000      SLICE_X62Y55   clk_div_cnt_reg[0]/C
Min Period        n/a     FDCE/C   n/a            1.000         10.000      9.000      SLICE_X61Y51   clk_div_cnt_reg[10]/C
Min Period        n/a     FDCE/C   n/a            1.000         10.000      9.000      SLICE_X62Y51   clk_div_cnt_reg[11]/C
Min Period        n/a     FDCE/C   n/a            1.000         10.000      9.000      SLICE_X61Y51   clk_div_cnt_reg[12]/C
Min Period        n/a     FDCE/C   n/a            1.000         10.000      9.000      SLICE_X62Y52   clk_div_cnt_reg[13]/C
Min Period        n/a     FDCE/C   n/a            1.000         10.000      9.000      SLICE_X62Y52   clk_div_cnt_reg[14]/C
Min Period        n/a     FDCE/C   n/a            1.000         10.000      9.000      SLICE_X62Y52   clk_div_cnt_reg[15]/C
Min Period        n/a     FDCE/C   n/a            1.000         10.000      9.000      SLICE_X61Y52   clk_div_cnt_reg[16]/C
Low Pulse Width   Slow    FDCE/C   n/a            0.500         5.000       4.500      SLICE_X60Y49   clk_1hz_reg/C
Low Pulse Width   Fast    FDCE/C   n/a            0.500         5.000       4.500      SLICE_X60Y49   clk_1hz_reg/C
Low Pulse Width   Slow    FDCE/C   n/a            0.500         5.000       4.500      SLICE_X62Y55   clk_div_cnt_reg[0]/C
Low Pulse Width   Fast    FDCE/C   n/a            0.500         5.000       4.500      SLICE_X62Y55   clk_div_cnt_reg[0]/C
Low Pulse Width   Slow    FDCE/C   n/a            0.500         5.000       4.500      SLICE_X61Y51   clk_div_cnt_reg[10]/C
Low Pulse Width   Fast    FDCE/C   n/a            0.500         5.000       4.500      SLICE_X61Y51   clk_div_cnt_reg[10]/C
Low Pulse Width   Slow    FDCE/C   n/a            0.500         5.000       4.500      SLICE_X62Y51   clk_div_cnt_reg[11]/C
Low Pulse Width   Fast    FDCE/C   n/a            0.500         5.000       4.500      SLICE_X62Y51   clk_div_cnt_reg[11]/C
Low Pulse Width   Slow    FDCE/C   n/a            0.500         5.000       4.500      SLICE_X61Y51   clk_div_cnt_reg[12]/C
Low Pulse Width   Fast    FDCE/C   n/a            0.500         5.000       4.500      SLICE_X61Y51   clk_div_cnt_reg[12]/C
High Pulse Width  Slow    FDCE/C   n/a            0.500         5.000       4.500      SLICE_X60Y49   clk_1hz_reg/C
High Pulse Width  Fast    FDCE/C   n/a            0.500         5.000       4.500      SLICE_X60Y49   clk_1hz_reg/C
High Pulse Width  Slow    FDCE/C   n/a            0.500         5.000       4.500      SLICE_X62Y55   clk_div_cnt_reg[0]/C
High Pulse Width  Fast    FDCE/C   n/a            0.500         5.000       4.500      SLICE_X62Y55   clk_div_cnt_reg[0]/C
High Pulse Width  Slow    FDCE/C   n/a            0.500         5.000       4.500      SLICE_X61Y51   clk_div_cnt_reg[10]/C
High Pulse Width  Fast    FDCE/C   n/a            0.500         5.000       4.500      SLICE_X61Y51   clk_div_cnt_reg[10]/C
High Pulse Width  Slow    FDCE/C   n/a            0.500         5.000       4.500      SLICE_X62Y51   clk_div_cnt_reg[11]/C
High Pulse Width  Fast    FDCE/C   n/a            0.500         5.000       4.500      SLICE_X62Y51   clk_div_cnt_reg[11]/C
High Pulse Width  Slow    FDCE/C   n/a            0.500         5.000       4.500      SLICE_X61Y51   clk_div_cnt_reg[12]/C
High Pulse Width  Fast    FDCE/C   n/a            0.500         5.000       4.500      SLICE_X61Y51   clk_div_cnt_reg[12]/C



--------------------------------------------------------------------------------------
Path Group:  (none)
From Clock:  
  To Clock:  

Max Delay            68 Endpoints
Min Delay            68 Endpoints
--------------------------------------------------------------------------------------


Max Delay Paths
--------------------------------------------------------------------------------------
Slack:                    inf
  Source:                 motor_data_reg[0]/C
                            (rising edge-triggered cell FDCE)
  Destination:            stepmotor[0]
                            (output port)
  Path Group:             (none)
  Path Type:              Max at Slow Process Corner
  Data Path Delay:        7.454ns  (logic 4.096ns (54.948%)  route 3.358ns (45.052%))
  Logic Levels:           2  (FDCE=1 OBUF=1)

    Location             Delay type                Incr(ns)  Path(ns)    Netlist Resource(s)
  -------------------------------------------------------------------    -------------------
    SLICE_X62Y49         FDCE                         0.000     0.000 r  motor_data_reg[0]/C
    SLICE_X62Y49         FDCE (Prop_fdce_C_Q)         0.419     0.419 r  motor_data_reg[0]/Q
                         net (fo=1, routed)           3.358     3.777    stepmotor_OBUF[0]
    J1                   OBUF (Prop_obuf_I_O)         3.677     7.454 r  stepmotor_OBUF[0]_inst/O
                         net (fo=0)                   0.000     7.454    stepmotor[0]
    J1                                                                r  stepmotor[0] (OUT)
  -------------------------------------------------------------------    -------------------

Slack:                    inf
  Source:                 motor_data_reg[2]/C
                            (rising edge-triggered cell FDCE)
  Destination:            stepmotor[2]
                            (output port)
  Path Group:             (none)
  Path Type:              Max at Slow Process Corner
  Data Path Delay:        7.399ns  (logic 4.102ns (55.441%)  route 3.297ns (44.559%))
  Logic Levels:           2  (FDCE=1 OBUF=1)

    Location             Delay type                Incr(ns)  Path(ns)    Netlist Resource(s)
  -------------------------------------------------------------------    -------------------
    SLICE_X62Y49         FDCE                         0.000     0.000 r  motor_data_reg[2]/C
    SLICE_X62Y49         FDCE (Prop_fdce_C_Q)         0.419     0.419 r  motor_data_reg[2]/Q
                         net (fo=1, routed)           3.297     3.716    stepmotor_OBUF[2]
    J2                   OBUF (Prop_obuf_I_O)         3.683     7.399 r  stepmotor_OBUF[2]_inst/O
                         net (fo=0)                   0.000     7.399    stepmotor[2]
    J2                                                                r  stepmotor[2] (OUT)
  -------------------------------------------------------------------    -------------------

Slack:                    inf
  Source:                 motor_data_reg[3]/C
                            (rising edge-triggered cell FDCE)
  Destination:            stepmotor[3]
                            (output port)
  Path Group:             (none)
  Path Type:              Max at Slow Process Corner
  Data Path Delay:        6.994ns  (logic 4.082ns (58.363%)  route 2.912ns (41.637%))
  Logic Levels:           2  (FDCE=1 OBUF=1)

    Location             Delay type                Incr(ns)  Path(ns)    Netlist Resource(s)
  -------------------------------------------------------------------    -------------------
    SLICE_X62Y49         FDCE                         0.000     0.000 r  motor_data_reg[3]/C
    SLICE_X62Y49         FDCE (Prop_fdce_C_Q)         0.419     0.419 r  motor_data_reg[3]/Q
                         net (fo=1, routed)           2.912     3.331    stepmotor_OBUF[3]
    G2                   OBUF (Prop_obuf_I_O)         3.663     6.994 r  stepmotor_OBUF[3]_inst/O
                         net (fo=0)                   0.000     6.994    stepmotor[3]
    G2                                                                r  stepmotor[3] (OUT)
  -------------------------------------------------------------------    -------------------

Slack:                    inf
  Source:                 motor_data_reg[1]/C
                            (rising edge-triggered cell FDCE)
  Destination:            stepmotor[1]
                            (output port)
  Path Group:             (none)
  Path Type:              Max at Slow Process Corner
  Data Path Delay:        6.918ns  (logic 3.972ns (57.414%)  route 2.946ns (42.586%))
  Logic Levels:           2  (FDCE=1 OBUF=1)

    Location             Delay type                Incr(ns)  Path(ns)    Netlist Resource(s)
  -------------------------------------------------------------------    -------------------
    SLICE_X62Y49         FDCE                         0.000     0.000 r  motor_data_reg[1]/C
    SLICE_X62Y49         FDCE (Prop_fdce_C_Q)         0.456     0.456 r  motor_data_reg[1]/Q
                         net (fo=1, routed)           2.946     3.402    stepmotor_OBUF[1]
    L2                   OBUF (Prop_obuf_I_O)         3.516     6.918 r  stepmotor_OBUF[1]_inst/O
                         net (fo=0)                   0.000     6.918    stepmotor[1]
    L2                                                                r  stepmotor[1] (OUT)
  -------------------------------------------------------------------    -------------------

Slack:                    inf
  Source:                 start_op
                            (input port)
  Destination:            FSM_onehot_state_reg[1]/CE
  Path Group:             (none)
  Path Type:              Max at Slow Process Corner
  Data Path Delay:        6.385ns  (logic 1.575ns (24.671%)  route 4.810ns (75.329%))
  Logic Levels:           2  (IBUF=1 LUT6=1)

    Location             Delay type                Incr(ns)  Path(ns)    Netlist Resource(s)
  -------------------------------------------------------------------    -------------------
    W19                                               0.000     0.000 r  start_op (IN)
                         net (fo=0)                   0.000     0.000    start_op
    W19                  IBUF (Prop_ibuf_I_O)         1.451     1.451 r  start_op_IBUF_inst/O
                         net (fo=3, routed)           4.054     5.505    start_op_IBUF
    SLICE_X63Y48         LUT6 (Prop_lut6_I0_O)        0.124     5.629 r  FSM_onehot_state[3]_i_1/O
                         net (fo=4, routed)           0.756     6.385    FSM_onehot_state[3]_i_1_n_0
    SLICE_X64Y49         FDCE                                         r  FSM_onehot_state_reg[1]/CE
  -------------------------------------------------------------------    -------------------

Slack:                    inf
  Source:                 start_op
                            (input port)
  Destination:            FSM_onehot_state_reg[0]/CE
  Path Group:             (none)
  Path Type:              Max at Slow Process Corner
  Data Path Delay:        6.180ns  (logic 1.575ns (25.491%)  route 4.604ns (74.509%))
  Logic Levels:           2  (IBUF=1 LUT6=1)

    Location             Delay type                Incr(ns)  Path(ns)    Netlist Resource(s)
  -------------------------------------------------------------------    -------------------
    W19                                               0.000     0.000 r  start_op (IN)
                         net (fo=0)                   0.000     0.000    start_op
    W19                  IBUF (Prop_ibuf_I_O)         1.451     1.451 r  start_op_IBUF_inst/O
                         net (fo=3, routed)           4.054     5.505    start_op_IBUF
    SLICE_X63Y48         LUT6 (Prop_lut6_I0_O)        0.124     5.629 r  FSM_onehot_state[3]_i_1/O
                         net (fo=4, routed)           0.551     6.180    FSM_onehot_state[3]_i_1_n_0
    SLICE_X64Y48         FDPE                                         r  FSM_onehot_state_reg[0]/CE
  -------------------------------------------------------------------    -------------------

Slack:                    inf
  Source:                 start_op
                            (input port)
  Destination:            FSM_onehot_state_reg[2]/CE
  Path Group:             (none)
  Path Type:              Max at Slow Process Corner
  Data Path Delay:        6.180ns  (logic 1.575ns (25.491%)  route 4.604ns (74.509%))
  Logic Levels:           2  (IBUF=1 LUT6=1)

    Location             Delay type                Incr(ns)  Path(ns)    Netlist Resource(s)
  -------------------------------------------------------------------    -------------------
    W19                                               0.000     0.000 r  start_op (IN)
                         net (fo=0)                   0.000     0.000    start_op
    W19                  IBUF (Prop_ibuf_I_O)         1.451     1.451 r  start_op_IBUF_inst/O
                         net (fo=3, routed)           4.054     5.505    start_op_IBUF
    SLICE_X63Y48         LUT6 (Prop_lut6_I0_O)        0.124     5.629 r  FSM_onehot_state[3]_i_1/O
                         net (fo=4, routed)           0.551     6.180    FSM_onehot_state[3]_i_1_n_0
    SLICE_X64Y48         FDCE                                         r  FSM_onehot_state_reg[2]/CE
  -------------------------------------------------------------------    -------------------

Slack:                    inf
  Source:                 start_op
                            (input port)
  Destination:            FSM_onehot_state_reg[3]/CE
  Path Group:             (none)
  Path Type:              Max at Slow Process Corner
  Data Path Delay:        6.180ns  (logic 1.575ns (25.491%)  route 4.604ns (74.509%))
  Logic Levels:           2  (IBUF=1 LUT6=1)

    Location             Delay type                Incr(ns)  Path(ns)    Netlist Resource(s)
  -------------------------------------------------------------------    -------------------
    W19                                               0.000     0.000 r  start_op (IN)
                         net (fo=0)                   0.000     0.000    start_op
    W19                  IBUF (Prop_ibuf_I_O)         1.451     1.451 r  start_op_IBUF_inst/O
                         net (fo=3, routed)           4.054     5.505    start_op_IBUF
    SLICE_X63Y48         LUT6 (Prop_lut6_I0_O)        0.124     5.629 r  FSM_onehot_state[3]_i_1/O
                         net (fo=4, routed)           0.551     6.180    FSM_onehot_state[3]_i_1_n_0
    SLICE_X64Y48         FDCE                                         r  FSM_onehot_state_reg[3]/CE
  -------------------------------------------------------------------    -------------------

Slack:                    inf
  Source:                 start_op
                            (input port)
  Destination:            target_steps_reg[10]/D
  Path Group:             (none)
  Path Type:              Max at Slow Process Corner
  Data Path Delay:        5.829ns  (logic 1.575ns (27.023%)  route 4.254ns (72.977%))
  Logic Levels:           2  (IBUF=1 LUT5=1)

    Location             Delay type                Incr(ns)  Path(ns)    Netlist Resource(s)
  -------------------------------------------------------------------    -------------------
    W19                                               0.000     0.000 r  start_op (IN)
                         net (fo=0)                   0.000     0.000    start_op
    W19                  IBUF (Prop_ibuf_I_O)         1.451     1.451 r  start_op_IBUF_inst/O
                         net (fo=3, routed)           4.254     5.705    start_op_IBUF
    SLICE_X62Y49         LUT5 (Prop_lut5_I0_O)        0.124     5.829 r  target_steps[10]_i_1/O
                         net (fo=1, routed)           0.000     5.829    target_steps[10]_i_1_n_0
    SLICE_X62Y49         FDCE                                         r  target_steps_reg[10]/D
  -------------------------------------------------------------------    -------------------

Slack:                    inf
  Source:                 rst
                            (input port)
  Destination:            FSM_onehot_state_reg[0]/PRE
  Path Group:             (none)
  Path Type:              Max at Slow Process Corner
  Data Path Delay:        5.547ns  (logic 1.441ns (25.984%)  route 4.106ns (74.016%))
  Logic Levels:           1  (IBUF=1)

    Location             Delay type                Incr(ns)  Path(ns)    Netlist Resource(s)
  -------------------------------------------------------------------    -------------------
    U18                                               0.000     0.000 f  rst (IN)
                         net (fo=0)                   0.000     0.000    rst
    U18                  IBUF (Prop_ibuf_I_O)         1.441     1.441 f  rst_IBUF_inst/O
                         net (fo=55, routed)          4.106     5.547    rst_IBUF
    SLICE_X64Y48         FDPE                                         f  FSM_onehot_state_reg[0]/PRE
  -------------------------------------------------------------------    -------------------





Min Delay Paths
--------------------------------------------------------------------------------------
Slack:                    inf
  Source:                 FSM_onehot_state_reg[1]/C
                            (rising edge-triggered cell FDCE)
  Destination:            step_count_reg[10]/D
  Path Group:             (none)
  Path Type:              Min at Fast Process Corner
  Data Path Delay:        0.339ns  (logic 0.209ns (61.723%)  route 0.130ns (38.277%))
  Logic Levels:           2  (FDCE=1 LUT4=1)

    Location             Delay type                Incr(ns)  Path(ns)    Netlist Resource(s)
  -------------------------------------------------------------------    -------------------
    SLICE_X64Y49         FDCE                         0.000     0.000 r  FSM_onehot_state_reg[1]/C
    SLICE_X64Y49         FDCE (Prop_fdce_C_Q)         0.164     0.164 r  FSM_onehot_state_reg[1]/Q
                         net (fo=23, routed)          0.130     0.294    FSM_onehot_state_reg_n_0_[1]
    SLICE_X65Y49         LUT4 (Prop_lut4_I3_O)        0.045     0.339 r  step_count[10]_i_1/O
                         net (fo=1, routed)           0.000     0.339    step_count[10]_i_1_n_0
    SLICE_X65Y49         FDCE                                         r  step_count_reg[10]/D
  -------------------------------------------------------------------    -------------------

Slack:                    inf
  Source:                 FSM_onehot_state_reg[1]/C
                            (rising edge-triggered cell FDCE)
  Destination:            step_count_reg[6]/D
  Path Group:             (none)
  Path Type:              Min at Fast Process Corner
  Data Path Delay:        0.340ns  (logic 0.209ns (61.541%)  route 0.131ns (38.459%))
  Logic Levels:           2  (FDCE=1 LUT4=1)

    Location             Delay type                Incr(ns)  Path(ns)    Netlist Resource(s)
  -------------------------------------------------------------------    -------------------
    SLICE_X64Y49         FDCE                         0.000     0.000 r  FSM_onehot_state_reg[1]/C
    SLICE_X64Y49         FDCE (Prop_fdce_C_Q)         0.164     0.164 r  FSM_onehot_state_reg[1]/Q
                         net (fo=23, routed)          0.131     0.295    FSM_onehot_state_reg_n_0_[1]
    SLICE_X65Y49         LUT4 (Prop_lut4_I3_O)        0.045     0.340 r  step_count[6]_i_1/O
                         net (fo=1, routed)           0.000     0.340    step_count[6]_i_1_n_0
    SLICE_X65Y49         FDCE                                         r  step_count_reg[6]/D
  -------------------------------------------------------------------    -------------------

Slack:                    inf
  Source:                 FSM_onehot_state_reg[0]/C
                            (rising edge-triggered cell FDPE)
  Destination:            target_steps_reg[9]/D
  Path Group:             (none)
  Path Type:              Min at Fast Process Corner
  Data Path Delay:        0.341ns  (logic 0.209ns (61.372%)  route 0.132ns (38.628%))
  Logic Levels:           2  (FDPE=1 LUT5=1)

    Location             Delay type                Incr(ns)  Path(ns)    Netlist Resource(s)
  -------------------------------------------------------------------    -------------------
    SLICE_X64Y48         FDPE                         0.000     0.000 r  FSM_onehot_state_reg[0]/C
    SLICE_X64Y48         FDPE (Prop_fdpe_C_Q)         0.164     0.164 r  FSM_onehot_state_reg[0]/Q
                         net (fo=5, routed)           0.132     0.296    FSM_onehot_state_reg_n_0_[0]
    SLICE_X63Y48         LUT5 (Prop_lut5_I1_O)        0.045     0.341 r  target_steps[9]_i_1/O
                         net (fo=1, routed)           0.000     0.341    target_steps[9]_i_1_n_0
    SLICE_X63Y48         FDCE                                         r  target_steps_reg[9]/D
  -------------------------------------------------------------------    -------------------

Slack:                    inf
  Source:                 FSM_onehot_state_reg[1]/C
                            (rising edge-triggered cell FDCE)
  Destination:            step_count_reg[11]/D
  Path Group:             (none)
  Path Type:              Min at Fast Process Corner
  Data Path Delay:        0.342ns  (logic 0.212ns (62.059%)  route 0.130ns (37.941%))
  Logic Levels:           2  (FDCE=1 LUT4=1)

    Location             Delay type                Incr(ns)  Path(ns)    Netlist Resource(s)
  -------------------------------------------------------------------    -------------------
    SLICE_X64Y49         FDCE                         0.000     0.000 r  FSM_onehot_state_reg[1]/C
    SLICE_X64Y49         FDCE (Prop_fdce_C_Q)         0.164     0.164 r  FSM_onehot_state_reg[1]/Q
                         net (fo=23, routed)          0.130     0.294    FSM_onehot_state_reg_n_0_[1]
    SLICE_X65Y49         LUT4 (Prop_lut4_I3_O)        0.048     0.342 r  step_count[11]_i_2/O
                         net (fo=1, routed)           0.000     0.342    step_count[11]_i_2_n_0
    SLICE_X65Y49         FDCE                                         r  step_count_reg[11]/D
  -------------------------------------------------------------------    -------------------

Slack:                    inf
  Source:                 FSM_onehot_state_reg[1]/C
                            (rising edge-triggered cell FDCE)
  Destination:            step_count_reg[7]/D
  Path Group:             (none)
  Path Type:              Min at Fast Process Corner
  Data Path Delay:        0.344ns  (logic 0.213ns (61.989%)  route 0.131ns (38.011%))
  Logic Levels:           2  (FDCE=1 LUT4=1)

    Location             Delay type                Incr(ns)  Path(ns)    Netlist Resource(s)
  -------------------------------------------------------------------    -------------------
    SLICE_X64Y49         FDCE                         0.000     0.000 r  FSM_onehot_state_reg[1]/C
    SLICE_X64Y49         FDCE (Prop_fdce_C_Q)         0.164     0.164 r  FSM_onehot_state_reg[1]/Q
                         net (fo=23, routed)          0.131     0.295    FSM_onehot_state_reg_n_0_[1]
    SLICE_X65Y49         LUT4 (Prop_lut4_I3_O)        0.049     0.344 r  step_count[7]_i_1/O
                         net (fo=1, routed)           0.000     0.344    step_count[7]_i_1_n_0
    SLICE_X65Y49         FDCE                                         r  step_count_reg[7]/D
  -------------------------------------------------------------------    -------------------

Slack:                    inf
  Source:                 step_count_reg[0]/C
                            (rising edge-triggered cell FDCE)
  Destination:            step_count_reg[0]/D
  Path Group:             (none)
  Path Type:              Min at Fast Process Corner
  Data Path Delay:        0.353ns  (logic 0.186ns (52.691%)  route 0.167ns (47.309%))
  Logic Levels:           2  (FDCE=1 LUT4=1)

    Location             Delay type                Incr(ns)  Path(ns)    Netlist Resource(s)
  -------------------------------------------------------------------    -------------------
    SLICE_X65Y48         FDCE                         0.000     0.000 r  step_count_reg[0]/C
    SLICE_X65Y48         FDCE (Prop_fdce_C_Q)         0.141     0.141 f  step_count_reg[0]/Q
                         net (fo=2, routed)           0.167     0.308    step_count_reg_n_0_[0]
    SLICE_X65Y48         LUT4 (Prop_lut4_I0_O)        0.045     0.353 r  step_count[0]_i_1/O
                         net (fo=1, routed)           0.000     0.353    step_count[0]_i_1_n_0
    SLICE_X65Y48         FDCE                                         r  step_count_reg[0]/D
  -------------------------------------------------------------------    -------------------

Slack:                    inf
  Source:                 target_steps_reg[10]/C
                            (rising edge-triggered cell FDCE)
  Destination:            target_steps_reg[10]/D
  Path Group:             (none)
  Path Type:              Min at Fast Process Corner
  Data Path Delay:        0.359ns  (logic 0.186ns (51.801%)  route 0.173ns (48.199%))
  Logic Levels:           2  (FDCE=1 LUT5=1)

    Location             Delay type                Incr(ns)  Path(ns)    Netlist Resource(s)
  -------------------------------------------------------------------    -------------------
    SLICE_X62Y49         FDCE                         0.000     0.000 r  target_steps_reg[10]/C
    SLICE_X62Y49         FDCE (Prop_fdce_C_Q)         0.141     0.141 r  target_steps_reg[10]/Q
                         net (fo=3, routed)           0.173     0.314    target_steps_reg_n_0_[10]
    SLICE_X62Y49         LUT5 (Prop_lut5_I4_O)        0.045     0.359 r  target_steps[10]_i_1/O
                         net (fo=1, routed)           0.000     0.359    target_steps[10]_i_1_n_0
    SLICE_X62Y49         FDCE                                         r  target_steps_reg[10]/D
  -------------------------------------------------------------------    -------------------

Slack:                    inf
  Source:                 cnt_step_reg[0]/C
                            (rising edge-triggered cell FDCE)
  Destination:            motor_data_reg[0]/D
  Path Group:             (none)
  Path Type:              Min at Fast Process Corner
  Data Path Delay:        0.369ns  (logic 0.184ns (49.875%)  route 0.185ns (50.125%))
  Logic Levels:           2  (FDCE=1 LUT5=1)

    Location             Delay type                Incr(ns)  Path(ns)    Netlist Resource(s)
  -------------------------------------------------------------------    -------------------
    SLICE_X62Y49         FDCE                         0.000     0.000 r  cnt_step_reg[0]/C
    SLICE_X62Y49         FDCE (Prop_fdce_C_Q)         0.141     0.141 r  cnt_step_reg[0]/Q
                         net (fo=6, routed)           0.185     0.326    cnt_step_reg_n_0_[0]
    SLICE_X62Y49         LUT5 (Prop_lut5_I3_O)        0.043     0.369 r  motor_data[0]_i_1/O
                         net (fo=1, routed)           0.000     0.369    motor_data[0]
    SLICE_X62Y49         FDCE                                         r  motor_data_reg[0]/D
  -------------------------------------------------------------------    -------------------

Slack:                    inf
  Source:                 cnt_step_reg[0]/C
                            (rising edge-triggered cell FDCE)
  Destination:            cnt_step_reg[1]/D
  Path Group:             (none)
  Path Type:              Min at Fast Process Corner
  Data Path Delay:        0.371ns  (logic 0.186ns (50.146%)  route 0.185ns (49.854%))
  Logic Levels:           2  (FDCE=1 LUT5=1)

    Location             Delay type                Incr(ns)  Path(ns)    Netlist Resource(s)
  -------------------------------------------------------------------    -------------------
    SLICE_X62Y49         FDCE                         0.000     0.000 r  cnt_step_reg[0]/C
    SLICE_X62Y49         FDCE (Prop_fdce_C_Q)         0.141     0.141 r  cnt_step_reg[0]/Q
                         net (fo=6, routed)           0.185     0.326    cnt_step_reg_n_0_[0]
    SLICE_X62Y49         LUT5 (Prop_lut5_I0_O)        0.045     0.371 r  cnt_step[1]_i_1/O
                         net (fo=1, routed)           0.000     0.371    cnt_step[1]_i_1_n_0
    SLICE_X62Y49         FDCE                                         r  cnt_step_reg[1]/D
  -------------------------------------------------------------------    -------------------

Slack:                    inf
  Source:                 cnt_step_reg[0]/C
                            (rising edge-triggered cell FDCE)
  Destination:            motor_data_reg[2]/D
  Path Group:             (none)
  Path Type:              Min at Fast Process Corner
  Data Path Delay:        0.379ns  (logic 0.183ns (48.306%)  route 0.196ns (51.694%))
  Logic Levels:           2  (FDCE=1 LUT5=1)

    Location             Delay type                Incr(ns)  Path(ns)    Netlist Resource(s)
  -------------------------------------------------------------------    -------------------
    SLICE_X62Y49         FDCE                         0.000     0.000 r  cnt_step_reg[0]/C
    SLICE_X62Y49         FDCE (Prop_fdce_C_Q)         0.141     0.141 r  cnt_step_reg[0]/Q
                         net (fo=6, routed)           0.196     0.337    cnt_step_reg_n_0_[0]
    SLICE_X62Y49         LUT5 (Prop_lut5_I2_O)        0.042     0.379 r  motor_data[2]_i_1/O
                         net (fo=1, routed)           0.000     0.379    motor_data[2]
    SLICE_X62Y49         FDCE                                         r  motor_data_reg[2]/D
  -------------------------------------------------------------------    -------------------





--------------------------------------------------------------------------------------
Path Group:  (none)
From Clock:  
  To Clock:  sys_clk_pin

Max Delay            31 Endpoints
Min Delay            31 Endpoints
--------------------------------------------------------------------------------------


Max Delay Paths
--------------------------------------------------------------------------------------
Slack:                    inf
  Source:                 rst
                            (input port)
  Destination:            clk_div_cnt_reg[0]/CLR
                            (recovery check against rising-edge clock sys_clk_pin  {rise@0.000ns fall@5.000ns period=10.000ns})
  Path Group:             (none)
  Path Type:              Recovery (Max at Slow Process Corner)
  Data Path Delay:        6.172ns  (logic 1.441ns (23.353%)  route 4.730ns (76.647%))
  Logic Levels:           1  (IBUF=1)
  Clock Path Skew:        4.850ns (DCD - SCD + CPR)
    Destination Clock Delay (DCD):    4.850ns
    Source Clock Delay      (SCD):    0.000ns
    Clock Pessimism Removal (CPR):    0.000ns
  Clock Uncertainty:      0.025ns  ((TSJ^2 + TIJ^2)^1/2 + DJ) / 2 + PE
    Total System Jitter     (TSJ):    0.050ns
    Total Input Jitter      (TIJ):    0.000ns
    Discrete Jitter          (DJ):    0.000ns
    Phase Error              (PE):    0.000ns

    Location             Delay type                Incr(ns)  Path(ns)    Netlist Resource(s)
  -------------------------------------------------------------------    -------------------
    U18                                               0.000     0.000 f  rst (IN)
                         net (fo=0)                   0.000     0.000    rst
    U18                  IBUF (Prop_ibuf_I_O)         1.441     1.441 f  rst_IBUF_inst/O
                         net (fo=55, routed)          4.730     6.172    rst_IBUF
    SLICE_X62Y55         FDCE                                         f  clk_div_cnt_reg[0]/CLR
  -------------------------------------------------------------------    -------------------

                         (clock sys_clk_pin rise edge)
                                                      0.000     0.000 r  
    W5                                                0.000     0.000 r  clk (IN)
                         net (fo=0)                   0.000     0.000    clk
    W5                   IBUF (Prop_ibuf_I_O)         1.388     1.388 r  clk_IBUF_inst/O
                         net (fo=1, routed)           1.862     3.250    clk_IBUF
    BUFGCTRL_X0Y0        BUFG (Prop_bufg_I_O)         0.091     3.341 r  clk_IBUF_BUFG_inst/O
                         net (fo=31, routed)          1.509     4.850    clk_IBUF_BUFG
    SLICE_X62Y55         FDCE                                         r  clk_div_cnt_reg[0]/C

Slack:                    inf
  Source:                 rst
                            (input port)
  Destination:            clk_div_cnt_reg[25]/CLR
                            (recovery check against rising-edge clock sys_clk_pin  {rise@0.000ns fall@5.000ns period=10.000ns})
  Path Group:             (none)
  Path Type:              Recovery (Max at Slow Process Corner)
  Data Path Delay:        6.172ns  (logic 1.441ns (23.353%)  route 4.730ns (76.647%))
  Logic Levels:           1  (IBUF=1)
  Clock Path Skew:        4.850ns (DCD - SCD + CPR)
    Destination Clock Delay (DCD):    4.850ns
    Source Clock Delay      (SCD):    0.000ns
    Clock Pessimism Removal (CPR):    0.000ns
  Clock Uncertainty:      0.025ns  ((TSJ^2 + TIJ^2)^1/2 + DJ) / 2 + PE
    Total System Jitter     (TSJ):    0.050ns
    Total Input Jitter      (TIJ):    0.000ns
    Discrete Jitter          (DJ):    0.000ns
    Phase Error              (PE):    0.000ns

    Location             Delay type                Incr(ns)  Path(ns)    Netlist Resource(s)
  -------------------------------------------------------------------    -------------------
    U18                                               0.000     0.000 f  rst (IN)
                         net (fo=0)                   0.000     0.000    rst
    U18                  IBUF (Prop_ibuf_I_O)         1.441     1.441 f  rst_IBUF_inst/O
                         net (fo=55, routed)          4.730     6.172    rst_IBUF
    SLICE_X62Y55         FDCE                                         f  clk_div_cnt_reg[25]/CLR
  -------------------------------------------------------------------    -------------------

                         (clock sys_clk_pin rise edge)
                                                      0.000     0.000 r  
    W5                                                0.000     0.000 r  clk (IN)
                         net (fo=0)                   0.000     0.000    clk
    W5                   IBUF (Prop_ibuf_I_O)         1.388     1.388 r  clk_IBUF_inst/O
                         net (fo=1, routed)           1.862     3.250    clk_IBUF
    BUFGCTRL_X0Y0        BUFG (Prop_bufg_I_O)         0.091     3.341 r  clk_IBUF_BUFG_inst/O
                         net (fo=31, routed)          1.509     4.850    clk_IBUF_BUFG
    SLICE_X62Y55         FDCE                                         r  clk_div_cnt_reg[25]/C

Slack:                    inf
  Source:                 rst
                            (input port)
  Destination:            clk_div_cnt_reg[27]/CLR
                            (recovery check against rising-edge clock sys_clk_pin  {rise@0.000ns fall@5.000ns period=10.000ns})
  Path Group:             (none)
  Path Type:              Recovery (Max at Slow Process Corner)
  Data Path Delay:        6.172ns  (logic 1.441ns (23.353%)  route 4.730ns (76.647%))
  Logic Levels:           1  (IBUF=1)
  Clock Path Skew:        4.850ns (DCD - SCD + CPR)
    Destination Clock Delay (DCD):    4.850ns
    Source Clock Delay      (SCD):    0.000ns
    Clock Pessimism Removal (CPR):    0.000ns
  Clock Uncertainty:      0.025ns  ((TSJ^2 + TIJ^2)^1/2 + DJ) / 2 + PE
    Total System Jitter     (TSJ):    0.050ns
    Total Input Jitter      (TIJ):    0.000ns
    Discrete Jitter          (DJ):    0.000ns
    Phase Error              (PE):    0.000ns

    Location             Delay type                Incr(ns)  Path(ns)    Netlist Resource(s)
  -------------------------------------------------------------------    -------------------
    U18                                               0.000     0.000 f  rst (IN)
                         net (fo=0)                   0.000     0.000    rst
    U18                  IBUF (Prop_ibuf_I_O)         1.441     1.441 f  rst_IBUF_inst/O
                         net (fo=55, routed)          4.730     6.172    rst_IBUF
    SLICE_X62Y55         FDCE                                         f  clk_div_cnt_reg[27]/CLR
  -------------------------------------------------------------------    -------------------

                         (clock sys_clk_pin rise edge)
                                                      0.000     0.000 r  
    W5                                                0.000     0.000 r  clk (IN)
                         net (fo=0)                   0.000     0.000    clk
    W5                   IBUF (Prop_ibuf_I_O)         1.388     1.388 r  clk_IBUF_inst/O
                         net (fo=1, routed)           1.862     3.250    clk_IBUF
    BUFGCTRL_X0Y0        BUFG (Prop_bufg_I_O)         0.091     3.341 r  clk_IBUF_BUFG_inst/O
                         net (fo=31, routed)          1.509     4.850    clk_IBUF_BUFG
    SLICE_X62Y55         FDCE                                         r  clk_div_cnt_reg[27]/C

Slack:                    inf
  Source:                 rst
                            (input port)
  Destination:            clk_div_cnt_reg[28]/CLR
                            (recovery check against rising-edge clock sys_clk_pin  {rise@0.000ns fall@5.000ns period=10.000ns})
  Path Group:             (none)
  Path Type:              Recovery (Max at Slow Process Corner)
  Data Path Delay:        6.172ns  (logic 1.441ns (23.353%)  route 4.730ns (76.647%))
  Logic Levels:           1  (IBUF=1)
  Clock Path Skew:        4.850ns (DCD - SCD + CPR)
    Destination Clock Delay (DCD):    4.850ns
    Source Clock Delay      (SCD):    0.000ns
    Clock Pessimism Removal (CPR):    0.000ns
  Clock Uncertainty:      0.025ns  ((TSJ^2 + TIJ^2)^1/2 + DJ) / 2 + PE
    Total System Jitter     (TSJ):    0.050ns
    Total Input Jitter      (TIJ):    0.000ns
    Discrete Jitter          (DJ):    0.000ns
    Phase Error              (PE):    0.000ns

    Location             Delay type                Incr(ns)  Path(ns)    Netlist Resource(s)
  -------------------------------------------------------------------    -------------------
    U18                                               0.000     0.000 f  rst (IN)
                         net (fo=0)                   0.000     0.000    rst
    U18                  IBUF (Prop_ibuf_I_O)         1.441     1.441 f  rst_IBUF_inst/O
                         net (fo=55, routed)          4.730     6.172    rst_IBUF
    SLICE_X62Y55         FDCE                                         f  clk_div_cnt_reg[28]/CLR
  -------------------------------------------------------------------    -------------------

                         (clock sys_clk_pin rise edge)
                                                      0.000     0.000 r  
    W5                                                0.000     0.000 r  clk (IN)
                         net (fo=0)                   0.000     0.000    clk
    W5                   IBUF (Prop_ibuf_I_O)         1.388     1.388 r  clk_IBUF_inst/O
                         net (fo=1, routed)           1.862     3.250    clk_IBUF
    BUFGCTRL_X0Y0        BUFG (Prop_bufg_I_O)         0.091     3.341 r  clk_IBUF_BUFG_inst/O
                         net (fo=31, routed)          1.509     4.850    clk_IBUF_BUFG
    SLICE_X62Y55         FDCE                                         r  clk_div_cnt_reg[28]/C

Slack:                    inf
  Source:                 rst
                            (input port)
  Destination:            clk_div_cnt_reg[29]/CLR
                            (recovery check against rising-edge clock sys_clk_pin  {rise@0.000ns fall@5.000ns period=10.000ns})
  Path Group:             (none)
  Path Type:              Recovery (Max at Slow Process Corner)
  Data Path Delay:        6.172ns  (logic 1.441ns (23.353%)  route 4.730ns (76.647%))
  Logic Levels:           1  (IBUF=1)
  Clock Path Skew:        4.850ns (DCD - SCD + CPR)
    Destination Clock Delay (DCD):    4.850ns
    Source Clock Delay      (SCD):    0.000ns
    Clock Pessimism Removal (CPR):    0.000ns
  Clock Uncertainty:      0.025ns  ((TSJ^2 + TIJ^2)^1/2 + DJ) / 2 + PE
    Total System Jitter     (TSJ):    0.050ns
    Total Input Jitter      (TIJ):    0.000ns
    Discrete Jitter          (DJ):    0.000ns
    Phase Error              (PE):    0.000ns

    Location             Delay type                Incr(ns)  Path(ns)    Netlist Resource(s)
  -------------------------------------------------------------------    -------------------
    U18                                               0.000     0.000 f  rst (IN)
                         net (fo=0)                   0.000     0.000    rst
    U18                  IBUF (Prop_ibuf_I_O)         1.441     1.441 f  rst_IBUF_inst/O
                         net (fo=55, routed)          4.730     6.172    rst_IBUF
    SLICE_X62Y55         FDCE                                         f  clk_div_cnt_reg[29]/CLR
  -------------------------------------------------------------------    -------------------

                         (clock sys_clk_pin rise edge)
                                                      0.000     0.000 r  
    W5                                                0.000     0.000 r  clk (IN)
                         net (fo=0)                   0.000     0.000    clk
    W5                   IBUF (Prop_ibuf_I_O)         1.388     1.388 r  clk_IBUF_inst/O
                         net (fo=1, routed)           1.862     3.250    clk_IBUF
    BUFGCTRL_X0Y0        BUFG (Prop_bufg_I_O)         0.091     3.341 r  clk_IBUF_BUFG_inst/O
                         net (fo=31, routed)          1.509     4.850    clk_IBUF_BUFG
    SLICE_X62Y55         FDCE                                         r  clk_div_cnt_reg[29]/C

Slack:                    inf
  Source:                 rst
                            (input port)
  Destination:            clk_div_cnt_reg[26]/CLR
                            (recovery check against rising-edge clock sys_clk_pin  {rise@0.000ns fall@5.000ns period=10.000ns})
  Path Group:             (none)
  Path Type:              Recovery (Max at Slow Process Corner)
  Data Path Delay:        6.068ns  (logic 1.441ns (23.751%)  route 4.627ns (76.249%))
  Logic Levels:           1  (IBUF=1)
  Clock Path Skew:        4.849ns (DCD - SCD + CPR)
    Destination Clock Delay (DCD):    4.849ns
    Source Clock Delay      (SCD):    0.000ns
    Clock Pessimism Removal (CPR):    0.000ns
  Clock Uncertainty:      0.025ns  ((TSJ^2 + TIJ^2)^1/2 + DJ) / 2 + PE
    Total System Jitter     (TSJ):    0.050ns
    Total Input Jitter      (TIJ):    0.000ns
    Discrete Jitter          (DJ):    0.000ns
    Phase Error              (PE):    0.000ns

    Location             Delay type                Incr(ns)  Path(ns)    Netlist Resource(s)
  -------------------------------------------------------------------    -------------------
    U18                                               0.000     0.000 f  rst (IN)
                         net (fo=0)                   0.000     0.000    rst
    U18                  IBUF (Prop_ibuf_I_O)         1.441     1.441 f  rst_IBUF_inst/O
                         net (fo=55, routed)          4.627     6.068    rst_IBUF
    SLICE_X61Y55         FDCE                                         f  clk_div_cnt_reg[26]/CLR
  -------------------------------------------------------------------    -------------------

                         (clock sys_clk_pin rise edge)
                                                      0.000     0.000 r  
    W5                                                0.000     0.000 r  clk (IN)
                         net (fo=0)                   0.000     0.000    clk
    W5                   IBUF (Prop_ibuf_I_O)         1.388     1.388 r  clk_IBUF_inst/O
                         net (fo=1, routed)           1.862     3.250    clk_IBUF
    BUFGCTRL_X0Y0        BUFG (Prop_bufg_I_O)         0.091     3.341 r  clk_IBUF_BUFG_inst/O
                         net (fo=31, routed)          1.508     4.849    clk_IBUF_BUFG
    SLICE_X61Y55         FDCE                                         r  clk_div_cnt_reg[26]/C

Slack:                    inf
  Source:                 rst
                            (input port)
  Destination:            clk_div_cnt_reg[22]/CLR
                            (recovery check against rising-edge clock sys_clk_pin  {rise@0.000ns fall@5.000ns period=10.000ns})
  Path Group:             (none)
  Path Type:              Recovery (Max at Slow Process Corner)
  Data Path Delay:        5.918ns  (logic 1.441ns (24.356%)  route 4.476ns (75.644%))
  Logic Levels:           1  (IBUF=1)
  Clock Path Skew:        4.849ns (DCD - SCD + CPR)
    Destination Clock Delay (DCD):    4.849ns
    Source Clock Delay      (SCD):    0.000ns
    Clock Pessimism Removal (CPR):    0.000ns
  Clock Uncertainty:      0.025ns  ((TSJ^2 + TIJ^2)^1/2 + DJ) / 2 + PE
    Total System Jitter     (TSJ):    0.050ns
    Total Input Jitter      (TIJ):    0.000ns
    Discrete Jitter          (DJ):    0.000ns
    Phase Error              (PE):    0.000ns

    Location             Delay type                Incr(ns)  Path(ns)    Netlist Resource(s)
  -------------------------------------------------------------------    -------------------
    U18                                               0.000     0.000 f  rst (IN)
                         net (fo=0)                   0.000     0.000    rst
    U18                  IBUF (Prop_ibuf_I_O)         1.441     1.441 f  rst_IBUF_inst/O
                         net (fo=55, routed)          4.476     5.918    rst_IBUF
    SLICE_X61Y54         FDCE                                         f  clk_div_cnt_reg[22]/CLR
  -------------------------------------------------------------------    -------------------

                         (clock sys_clk_pin rise edge)
                                                      0.000     0.000 r  
    W5                                                0.000     0.000 r  clk (IN)
                         net (fo=0)                   0.000     0.000    clk
    W5                   IBUF (Prop_ibuf_I_O)         1.388     1.388 r  clk_IBUF_inst/O
                         net (fo=1, routed)           1.862     3.250    clk_IBUF
    BUFGCTRL_X0Y0        BUFG (Prop_bufg_I_O)         0.091     3.341 r  clk_IBUF_BUFG_inst/O
                         net (fo=31, routed)          1.508     4.849    clk_IBUF_BUFG
    SLICE_X61Y54         FDCE                                         r  clk_div_cnt_reg[22]/C

Slack:                    inf
  Source:                 rst
                            (input port)
  Destination:            clk_div_cnt_reg[24]/CLR
                            (recovery check against rising-edge clock sys_clk_pin  {rise@0.000ns fall@5.000ns period=10.000ns})
  Path Group:             (none)
  Path Type:              Recovery (Max at Slow Process Corner)
  Data Path Delay:        5.918ns  (logic 1.441ns (24.356%)  route 4.476ns (75.644%))
  Logic Levels:           1  (IBUF=1)
  Clock Path Skew:        4.849ns (DCD - SCD + CPR)
    Destination Clock Delay (DCD):    4.849ns
    Source Clock Delay      (SCD):    0.000ns
    Clock Pessimism Removal (CPR):    0.000ns
  Clock Uncertainty:      0.025ns  ((TSJ^2 + TIJ^2)^1/2 + DJ) / 2 + PE
    Total System Jitter     (TSJ):    0.050ns
    Total Input Jitter      (TIJ):    0.000ns
    Discrete Jitter          (DJ):    0.000ns
    Phase Error              (PE):    0.000ns

    Location             Delay type                Incr(ns)  Path(ns)    Netlist Resource(s)
  -------------------------------------------------------------------    -------------------
    U18                                               0.000     0.000 f  rst (IN)
                         net (fo=0)                   0.000     0.000    rst
    U18                  IBUF (Prop_ibuf_I_O)         1.441     1.441 f  rst_IBUF_inst/O
                         net (fo=55, routed)          4.476     5.918    rst_IBUF
    SLICE_X61Y54         FDCE                                         f  clk_div_cnt_reg[24]/CLR
  -------------------------------------------------------------------    -------------------

                         (clock sys_clk_pin rise edge)
                                                      0.000     0.000 r  
    W5                                                0.000     0.000 r  clk (IN)
                         net (fo=0)                   0.000     0.000    clk
    W5                   IBUF (Prop_ibuf_I_O)         1.388     1.388 r  clk_IBUF_inst/O
                         net (fo=1, routed)           1.862     3.250    clk_IBUF
    BUFGCTRL_X0Y0        BUFG (Prop_bufg_I_O)         0.091     3.341 r  clk_IBUF_BUFG_inst/O
                         net (fo=31, routed)          1.508     4.849    clk_IBUF_BUFG
    SLICE_X61Y54         FDCE                                         r  clk_div_cnt_reg[24]/C

Slack:                    inf
  Source:                 rst
                            (input port)
  Destination:            clk_div_cnt_reg[21]/CLR
                            (recovery check against rising-edge clock sys_clk_pin  {rise@0.000ns fall@5.000ns period=10.000ns})
  Path Group:             (none)
  Path Type:              Recovery (Max at Slow Process Corner)
  Data Path Delay:        5.858ns  (logic 1.441ns (24.602%)  route 4.417ns (75.398%))
  Logic Levels:           1  (IBUF=1)
  Clock Path Skew:        4.850ns (DCD - SCD + CPR)
    Destination Clock Delay (DCD):    4.850ns
    Source Clock Delay      (SCD):    0.000ns
    Clock Pessimism Removal (CPR):    0.000ns
  Clock Uncertainty:      0.025ns  ((TSJ^2 + TIJ^2)^1/2 + DJ) / 2 + PE
    Total System Jitter     (TSJ):    0.050ns
    Total Input Jitter      (TIJ):    0.000ns
    Discrete Jitter          (DJ):    0.000ns
    Phase Error              (PE):    0.000ns

    Location             Delay type                Incr(ns)  Path(ns)    Netlist Resource(s)
  -------------------------------------------------------------------    -------------------
    U18                                               0.000     0.000 f  rst (IN)
                         net (fo=0)                   0.000     0.000    rst
    U18                  IBUF (Prop_ibuf_I_O)         1.441     1.441 f  rst_IBUF_inst/O
                         net (fo=55, routed)          4.417     5.858    rst_IBUF
    SLICE_X62Y54         FDCE                                         f  clk_div_cnt_reg[21]/CLR
  -------------------------------------------------------------------    -------------------

                         (clock sys_clk_pin rise edge)
                                                      0.000     0.000 r  
    W5                                                0.000     0.000 r  clk (IN)
                         net (fo=0)                   0.000     0.000    clk
    W5                   IBUF (Prop_ibuf_I_O)         1.388     1.388 r  clk_IBUF_inst/O
                         net (fo=1, routed)           1.862     3.250    clk_IBUF
    BUFGCTRL_X0Y0        BUFG (Prop_bufg_I_O)         0.091     3.341 r  clk_IBUF_BUFG_inst/O
                         net (fo=31, routed)          1.509     4.850    clk_IBUF_BUFG
    SLICE_X62Y54         FDCE                                         r  clk_div_cnt_reg[21]/C

Slack:                    inf
  Source:                 rst
                            (input port)
  Destination:            clk_div_cnt_reg[23]/CLR
                            (recovery check against rising-edge clock sys_clk_pin  {rise@0.000ns fall@5.000ns period=10.000ns})
  Path Group:             (none)
  Path Type:              Recovery (Max at Slow Process Corner)
  Data Path Delay:        5.858ns  (logic 1.441ns (24.602%)  route 4.417ns (75.398%))
  Logic Levels:           1  (IBUF=1)
  Clock Path Skew:        4.850ns (DCD - SCD + CPR)
    Destination Clock Delay (DCD):    4.850ns
    Source Clock Delay      (SCD):    0.000ns
    Clock Pessimism Removal (CPR):    0.000ns
  Clock Uncertainty:      0.025ns  ((TSJ^2 + TIJ^2)^1/2 + DJ) / 2 + PE
    Total System Jitter     (TSJ):    0.050ns
    Total Input Jitter      (TIJ):    0.000ns
    Discrete Jitter          (DJ):    0.000ns
    Phase Error              (PE):    0.000ns

    Location             Delay type                Incr(ns)  Path(ns)    Netlist Resource(s)
  -------------------------------------------------------------------    -------------------
    U18                                               0.000     0.000 f  rst (IN)
                         net (fo=0)                   0.000     0.000    rst
    U18                  IBUF (Prop_ibuf_I_O)         1.441     1.441 f  rst_IBUF_inst/O
                         net (fo=55, routed)          4.417     5.858    rst_IBUF
    SLICE_X62Y54         FDCE                                         f  clk_div_cnt_reg[23]/CLR
  -------------------------------------------------------------------    -------------------

                         (clock sys_clk_pin rise edge)
                                                      0.000     0.000 r  
    W5                                                0.000     0.000 r  clk (IN)
                         net (fo=0)                   0.000     0.000    clk
    W5                   IBUF (Prop_ibuf_I_O)         1.388     1.388 r  clk_IBUF_inst/O
                         net (fo=1, routed)           1.862     3.250    clk_IBUF
    BUFGCTRL_X0Y0        BUFG (Prop_bufg_I_O)         0.091     3.341 r  clk_IBUF_BUFG_inst/O
                         net (fo=31, routed)          1.509     4.850    clk_IBUF_BUFG
    SLICE_X62Y54         FDCE                                         r  clk_div_cnt_reg[23]/C





Min Delay Paths
--------------------------------------------------------------------------------------
Slack:                    inf
  Source:                 rst
                            (input port)
  Destination:            clk_1hz_reg/CLR
                            (removal check against rising-edge clock sys_clk_pin  {rise@0.000ns fall@5.000ns period=10.000ns})
  Path Group:             (none)
  Path Type:              Removal (Min at Fast Process Corner)
  Data Path Delay:        1.904ns  (logic 0.210ns (11.004%)  route 1.695ns (88.996%))
  Logic Levels:           1  (IBUF=1)
  Clock Path Skew:        1.992ns (DCD - SCD - CPR)
    Destination Clock Delay (DCD):    1.992ns
    Source Clock Delay      (SCD):    0.000ns
    Clock Pessimism Removal (CPR):    -0.000ns

    Location             Delay type                Incr(ns)  Path(ns)    Netlist Resource(s)
  -------------------------------------------------------------------    -------------------
    U18                                               0.000     0.000 f  rst (IN)
                         net (fo=0)                   0.000     0.000    rst
    U18                  IBUF (Prop_ibuf_I_O)         0.210     0.210 f  rst_IBUF_inst/O
                         net (fo=55, routed)          1.695     1.904    rst_IBUF
    SLICE_X60Y49         FDCE                                         f  clk_1hz_reg/CLR
  -------------------------------------------------------------------    -------------------

                         (clock sys_clk_pin rise edge)
                                                      0.000     0.000 r  
    W5                                                0.000     0.000 r  clk (IN)
                         net (fo=0)                   0.000     0.000    clk
    W5                   IBUF (Prop_ibuf_I_O)         0.414     0.414 r  clk_IBUF_inst/O
                         net (fo=1, routed)           0.685     1.099    clk_IBUF
    BUFGCTRL_X0Y0        BUFG (Prop_bufg_I_O)         0.029     1.128 r  clk_IBUF_BUFG_inst/O
                         net (fo=31, routed)          0.865     1.992    clk_IBUF_BUFG
    SLICE_X60Y49         FDCE                                         r  clk_1hz_reg/C

Slack:                    inf
  Source:                 rst
                            (input port)
  Destination:            clk_div_cnt_reg[1]/CLR
                            (removal check against rising-edge clock sys_clk_pin  {rise@0.000ns fall@5.000ns period=10.000ns})
  Path Group:             (none)
  Path Type:              Removal (Min at Fast Process Corner)
  Data Path Delay:        1.904ns  (logic 0.210ns (11.004%)  route 1.695ns (88.996%))
  Logic Levels:           1  (IBUF=1)
  Clock Path Skew:        1.992ns (DCD - SCD - CPR)
    Destination Clock Delay (DCD):    1.992ns
    Source Clock Delay      (SCD):    0.000ns
    Clock Pessimism Removal (CPR):    -0.000ns

    Location             Delay type                Incr(ns)  Path(ns)    Netlist Resource(s)
  -------------------------------------------------------------------    -------------------
    U18                                               0.000     0.000 f  rst (IN)
                         net (fo=0)                   0.000     0.000    rst
    U18                  IBUF (Prop_ibuf_I_O)         0.210     0.210 f  rst_IBUF_inst/O
                         net (fo=55, routed)          1.695     1.904    rst_IBUF
    SLICE_X61Y49         FDCE                                         f  clk_div_cnt_reg[1]/CLR
  -------------------------------------------------------------------    -------------------

                         (clock sys_clk_pin rise edge)
                                                      0.000     0.000 r  
    W5                                                0.000     0.000 r  clk (IN)
                         net (fo=0)                   0.000     0.000    clk
    W5                   IBUF (Prop_ibuf_I_O)         0.414     0.414 r  clk_IBUF_inst/O
                         net (fo=1, routed)           0.685     1.099    clk_IBUF
    BUFGCTRL_X0Y0        BUFG (Prop_bufg_I_O)         0.029     1.128 r  clk_IBUF_BUFG_inst/O
                         net (fo=31, routed)          0.865     1.992    clk_IBUF_BUFG
    SLICE_X61Y49         FDCE                                         r  clk_div_cnt_reg[1]/C

Slack:                    inf
  Source:                 rst
                            (input port)
  Destination:            clk_div_cnt_reg[2]/CLR
                            (removal check against rising-edge clock sys_clk_pin  {rise@0.000ns fall@5.000ns period=10.000ns})
  Path Group:             (none)
  Path Type:              Removal (Min at Fast Process Corner)
  Data Path Delay:        1.904ns  (logic 0.210ns (11.004%)  route 1.695ns (88.996%))
  Logic Levels:           1  (IBUF=1)
  Clock Path Skew:        1.992ns (DCD - SCD - CPR)
    Destination Clock Delay (DCD):    1.992ns
    Source Clock Delay      (SCD):    0.000ns
    Clock Pessimism Removal (CPR):    -0.000ns

    Location             Delay type                Incr(ns)  Path(ns)    Netlist Resource(s)
  -------------------------------------------------------------------    -------------------
    U18                                               0.000     0.000 f  rst (IN)
                         net (fo=0)                   0.000     0.000    rst
    U18                  IBUF (Prop_ibuf_I_O)         0.210     0.210 f  rst_IBUF_inst/O
                         net (fo=55, routed)          1.695     1.904    rst_IBUF
    SLICE_X61Y49         FDCE                                         f  clk_div_cnt_reg[2]/CLR
  -------------------------------------------------------------------    -------------------

                         (clock sys_clk_pin rise edge)
                                                      0.000     0.000 r  
    W5                                                0.000     0.000 r  clk (IN)
                         net (fo=0)                   0.000     0.000    clk
    W5                   IBUF (Prop_ibuf_I_O)         0.414     0.414 r  clk_IBUF_inst/O
                         net (fo=1, routed)           0.685     1.099    clk_IBUF
    BUFGCTRL_X0Y0        BUFG (Prop_bufg_I_O)         0.029     1.128 r  clk_IBUF_BUFG_inst/O
                         net (fo=31, routed)          0.865     1.992    clk_IBUF_BUFG
    SLICE_X61Y49         FDCE                                         r  clk_div_cnt_reg[2]/C

Slack:                    inf
  Source:                 rst
                            (input port)
  Destination:            clk_div_cnt_reg[3]/CLR
                            (removal check against rising-edge clock sys_clk_pin  {rise@0.000ns fall@5.000ns period=10.000ns})
  Path Group:             (none)
  Path Type:              Removal (Min at Fast Process Corner)
  Data Path Delay:        1.904ns  (logic 0.210ns (11.004%)  route 1.695ns (88.996%))
  Logic Levels:           1  (IBUF=1)
  Clock Path Skew:        1.992ns (DCD - SCD - CPR)
    Destination Clock Delay (DCD):    1.992ns
    Source Clock Delay      (SCD):    0.000ns
    Clock Pessimism Removal (CPR):    -0.000ns

    Location             Delay type                Incr(ns)  Path(ns)    Netlist Resource(s)
  -------------------------------------------------------------------    -------------------
    U18                                               0.000     0.000 f  rst (IN)
                         net (fo=0)                   0.000     0.000    rst
    U18                  IBUF (Prop_ibuf_I_O)         0.210     0.210 f  rst_IBUF_inst/O
                         net (fo=55, routed)          1.695     1.904    rst_IBUF
    SLICE_X61Y49         FDCE                                         f  clk_div_cnt_reg[3]/CLR
  -------------------------------------------------------------------    -------------------

                         (clock sys_clk_pin rise edge)
                                                      0.000     0.000 r  
    W5                                                0.000     0.000 r  clk (IN)
                         net (fo=0)                   0.000     0.000    clk
    W5                   IBUF (Prop_ibuf_I_O)         0.414     0.414 r  clk_IBUF_inst/O
                         net (fo=1, routed)           0.685     1.099    clk_IBUF
    BUFGCTRL_X0Y0        BUFG (Prop_bufg_I_O)         0.029     1.128 r  clk_IBUF_BUFG_inst/O
                         net (fo=31, routed)          0.865     1.992    clk_IBUF_BUFG
    SLICE_X61Y49         FDCE                                         r  clk_div_cnt_reg[3]/C

Slack:                    inf
  Source:                 rst
                            (input port)
  Destination:            clk_div_cnt_reg[4]/CLR
                            (removal check against rising-edge clock sys_clk_pin  {rise@0.000ns fall@5.000ns period=10.000ns})
  Path Group:             (none)
  Path Type:              Removal (Min at Fast Process Corner)
  Data Path Delay:        1.904ns  (logic 0.210ns (11.004%)  route 1.695ns (88.996%))
  Logic Levels:           1  (IBUF=1)
  Clock Path Skew:        1.992ns (DCD - SCD - CPR)
    Destination Clock Delay (DCD):    1.992ns
    Source Clock Delay      (SCD):    0.000ns
    Clock Pessimism Removal (CPR):    -0.000ns

    Location             Delay type                Incr(ns)  Path(ns)    Netlist Resource(s)
  -------------------------------------------------------------------    -------------------
    U18                                               0.000     0.000 f  rst (IN)
                         net (fo=0)                   0.000     0.000    rst
    U18                  IBUF (Prop_ibuf_I_O)         0.210     0.210 f  rst_IBUF_inst/O
                         net (fo=55, routed)          1.695     1.904    rst_IBUF
    SLICE_X61Y49         FDCE                                         f  clk_div_cnt_reg[4]/CLR
  -------------------------------------------------------------------    -------------------

                         (clock sys_clk_pin rise edge)
                                                      0.000     0.000 r  
    W5                                                0.000     0.000 r  clk (IN)
                         net (fo=0)                   0.000     0.000    clk
    W5                   IBUF (Prop_ibuf_I_O)         0.414     0.414 r  clk_IBUF_inst/O
                         net (fo=1, routed)           0.685     1.099    clk_IBUF
    BUFGCTRL_X0Y0        BUFG (Prop_bufg_I_O)         0.029     1.128 r  clk_IBUF_BUFG_inst/O
                         net (fo=31, routed)          0.865     1.992    clk_IBUF_BUFG
    SLICE_X61Y49         FDCE                                         r  clk_div_cnt_reg[4]/C

Slack:                    inf
  Source:                 rst
                            (input port)
  Destination:            clk_div_cnt_reg[8]/CLR
                            (removal check against rising-edge clock sys_clk_pin  {rise@0.000ns fall@5.000ns period=10.000ns})
  Path Group:             (none)
  Path Type:              Removal (Min at Fast Process Corner)
  Data Path Delay:        1.975ns  (logic 0.210ns (10.607%)  route 1.766ns (89.393%))
  Logic Levels:           1  (IBUF=1)
  Clock Path Skew:        1.990ns (DCD - SCD - CPR)
    Destination Clock Delay (DCD):    1.990ns
    Source Clock Delay      (SCD):    0.000ns
    Clock Pessimism Removal (CPR):    -0.000ns

    Location             Delay type                Incr(ns)  Path(ns)    Netlist Resource(s)
  -------------------------------------------------------------------    -------------------
    U18                                               0.000     0.000 f  rst (IN)
                         net (fo=0)                   0.000     0.000    rst
    U18                  IBUF (Prop_ibuf_I_O)         0.210     0.210 f  rst_IBUF_inst/O
                         net (fo=55, routed)          1.766     1.975    rst_IBUF
    SLICE_X61Y50         FDCE                                         f  clk_div_cnt_reg[8]/CLR
  -------------------------------------------------------------------    -------------------

                         (clock sys_clk_pin rise edge)
                                                      0.000     0.000 r  
    W5                                                0.000     0.000 r  clk (IN)
                         net (fo=0)                   0.000     0.000    clk
    W5                   IBUF (Prop_ibuf_I_O)         0.414     0.414 r  clk_IBUF_inst/O
                         net (fo=1, routed)           0.685     1.099    clk_IBUF
    BUFGCTRL_X0Y0        BUFG (Prop_bufg_I_O)         0.029     1.128 r  clk_IBUF_BUFG_inst/O
                         net (fo=31, routed)          0.863     1.990    clk_IBUF_BUFG
    SLICE_X61Y50         FDCE                                         r  clk_div_cnt_reg[8]/C

Slack:                    inf
  Source:                 rst
                            (input port)
  Destination:            clk_div_cnt_reg[5]/CLR
                            (removal check against rising-edge clock sys_clk_pin  {rise@0.000ns fall@5.000ns period=10.000ns})
  Path Group:             (none)
  Path Type:              Removal (Min at Fast Process Corner)
  Data Path Delay:        2.034ns  (logic 0.210ns (10.302%)  route 1.824ns (89.698%))
  Logic Levels:           1  (IBUF=1)
  Clock Path Skew:        1.992ns (DCD - SCD - CPR)
    Destination Clock Delay (DCD):    1.992ns
    Source Clock Delay      (SCD):    0.000ns
    Clock Pessimism Removal (CPR):    -0.000ns

    Location             Delay type                Incr(ns)  Path(ns)    Netlist Resource(s)
  -------------------------------------------------------------------    -------------------
    U18                                               0.000     0.000 f  rst (IN)
                         net (fo=0)                   0.000     0.000    rst
    U18                  IBUF (Prop_ibuf_I_O)         0.210     0.210 f  rst_IBUF_inst/O
                         net (fo=55, routed)          1.824     2.034    rst_IBUF
    SLICE_X62Y50         FDCE                                         f  clk_div_cnt_reg[5]/CLR
  -------------------------------------------------------------------    -------------------

                         (clock sys_clk_pin rise edge)
                                                      0.000     0.000 r  
    W5                                                0.000     0.000 r  clk (IN)
                         net (fo=0)                   0.000     0.000    clk
    W5                   IBUF (Prop_ibuf_I_O)         0.414     0.414 r  clk_IBUF_inst/O
                         net (fo=1, routed)           0.685     1.099    clk_IBUF
    BUFGCTRL_X0Y0        BUFG (Prop_bufg_I_O)         0.029     1.128 r  clk_IBUF_BUFG_inst/O
                         net (fo=31, routed)          0.864     1.992    clk_IBUF_BUFG
    SLICE_X62Y50         FDCE                                         r  clk_div_cnt_reg[5]/C

Slack:                    inf
  Source:                 rst
                            (input port)
  Destination:            clk_div_cnt_reg[6]/CLR
                            (removal check against rising-edge clock sys_clk_pin  {rise@0.000ns fall@5.000ns period=10.000ns})
  Path Group:             (none)
  Path Type:              Removal (Min at Fast Process Corner)
  Data Path Delay:        2.034ns  (logic 0.210ns (10.302%)  route 1.824ns (89.698%))
  Logic Levels:           1  (IBUF=1)
  Clock Path Skew:        1.992ns (DCD - SCD - CPR)
    Destination Clock Delay (DCD):    1.992ns
    Source Clock Delay      (SCD):    0.000ns
    Clock Pessimism Removal (CPR):    -0.000ns

    Location             Delay type                Incr(ns)  Path(ns)    Netlist Resource(s)
  -------------------------------------------------------------------    -------------------
    U18                                               0.000     0.000 f  rst (IN)
                         net (fo=0)                   0.000     0.000    rst
    U18                  IBUF (Prop_ibuf_I_O)         0.210     0.210 f  rst_IBUF_inst/O
                         net (fo=55, routed)          1.824     2.034    rst_IBUF
    SLICE_X62Y50         FDCE                                         f  clk_div_cnt_reg[6]/CLR
  -------------------------------------------------------------------    -------------------

                         (clock sys_clk_pin rise edge)
                                                      0.000     0.000 r  
    W5                                                0.000     0.000 r  clk (IN)
                         net (fo=0)                   0.000     0.000    clk
    W5                   IBUF (Prop_ibuf_I_O)         0.414     0.414 r  clk_IBUF_inst/O
                         net (fo=1, routed)           0.685     1.099    clk_IBUF
    BUFGCTRL_X0Y0        BUFG (Prop_bufg_I_O)         0.029     1.128 r  clk_IBUF_BUFG_inst/O
                         net (fo=31, routed)          0.864     1.992    clk_IBUF_BUFG
    SLICE_X62Y50         FDCE                                         r  clk_div_cnt_reg[6]/C

Slack:                    inf
  Source:                 rst
                            (input port)
  Destination:            clk_div_cnt_reg[7]/CLR
                            (removal check against rising-edge clock sys_clk_pin  {rise@0.000ns fall@5.000ns period=10.000ns})
  Path Group:             (none)
  Path Type:              Removal (Min at Fast Process Corner)
  Data Path Delay:        2.034ns  (logic 0.210ns (10.302%)  route 1.824ns (89.698%))
  Logic Levels:           1  (IBUF=1)
  Clock Path Skew:        1.992ns (DCD - SCD - CPR)
    Destination Clock Delay (DCD):    1.992ns
    Source Clock Delay      (SCD):    0.000ns
    Clock Pessimism Removal (CPR):    -0.000ns

    Location             Delay type                Incr(ns)  Path(ns)    Netlist Resource(s)
  -------------------------------------------------------------------    -------------------
    U18                                               0.000     0.000 f  rst (IN)
                         net (fo=0)                   0.000     0.000    rst
    U18                  IBUF (Prop_ibuf_I_O)         0.210     0.210 f  rst_IBUF_inst/O
                         net (fo=55, routed)          1.824     2.034    rst_IBUF
    SLICE_X62Y50         FDCE                                         f  clk_div_cnt_reg[7]/CLR
  -------------------------------------------------------------------    -------------------

                         (clock sys_clk_pin rise edge)
                                                      0.000     0.000 r  
    W5                                                0.000     0.000 r  clk (IN)
                         net (fo=0)                   0.000     0.000    clk
    W5                   IBUF (Prop_ibuf_I_O)         0.414     0.414 r  clk_IBUF_inst/O
                         net (fo=1, routed)           0.685     1.099    clk_IBUF
    BUFGCTRL_X0Y0        BUFG (Prop_bufg_I_O)         0.029     1.128 r  clk_IBUF_BUFG_inst/O
                         net (fo=31, routed)          0.864     1.992    clk_IBUF_BUFG
    SLICE_X62Y50         FDCE                                         r  clk_div_cnt_reg[7]/C

Slack:                    inf
  Source:                 rst
                            (input port)
  Destination:            clk_div_cnt_reg[10]/CLR
                            (removal check against rising-edge clock sys_clk_pin  {rise@0.000ns fall@5.000ns period=10.000ns})
  Path Group:             (none)
  Path Type:              Removal (Min at Fast Process Corner)
  Data Path Delay:        2.051ns  (logic 0.210ns (10.215%)  route 1.842ns (89.785%))
  Logic Levels:           1  (IBUF=1)
  Clock Path Skew:        1.990ns (DCD - SCD - CPR)
    Destination Clock Delay (DCD):    1.990ns
    Source Clock Delay      (SCD):    0.000ns
    Clock Pessimism Removal (CPR):    -0.000ns

    Location             Delay type                Incr(ns)  Path(ns)    Netlist Resource(s)
  -------------------------------------------------------------------    -------------------
    U18                                               0.000     0.000 f  rst (IN)
                         net (fo=0)                   0.000     0.000    rst
    U18                  IBUF (Prop_ibuf_I_O)         0.210     0.210 f  rst_IBUF_inst/O
                         net (fo=55, routed)          1.842     2.051    rst_IBUF
    SLICE_X61Y51         FDCE                                         f  clk_div_cnt_reg[10]/CLR
  -------------------------------------------------------------------    -------------------

                         (clock sys_clk_pin rise edge)
                                                      0.000     0.000 r  
    W5                                                0.000     0.000 r  clk (IN)
                         net (fo=0)                   0.000     0.000    clk
    W5                   IBUF (Prop_ibuf_I_O)         0.414     0.414 r  clk_IBUF_inst/O
                         net (fo=1, routed)           0.685     1.099    clk_IBUF
    BUFGCTRL_X0Y0        BUFG (Prop_bufg_I_O)         0.029     1.128 r  clk_IBUF_BUFG_inst/O
                         net (fo=31, routed)          0.863     1.990    clk_IBUF_BUFG
    SLICE_X61Y51         FDCE                                         r  clk_div_cnt_reg[10]/C





