Copyright 1986-2022 Xilinx, Inc. All Rights Reserved. Copyright 2022-2026 Advanced Micro Devices, Inc. All Rights Reserved.
---------------------------------------------------------------------------------------------------------------------------------------------------------------------------------------------------------------------------------------------------------------
| Tool Version : Vivado v.2025.2.1 (win64) Build 6403652 Thu Mar 19 19:48:24 GMT 2026
| Date         : Tue Apr 28 16:47:44 2026
| Host         : DESKTOP-Q1F9NDB running 64-bit major release  (build 9200)
| Command      : report_timing_summary -max_paths 10 -routable_nets -report_unconstrained -file top_servo_control_timing_summary_routed.rpt -pb top_servo_control_timing_summary_routed.pb -rpx top_servo_control_timing_summary_routed.rpx -warn_on_violation
| Design       : top_servo_control
| Device       : 7a35t-cpg236
| Speed File   : -1  PRODUCTION 1.23 2018-06-13
| Design State : Routed
---------------------------------------------------------------------------------------------------------------------------------------------------------------------------------------------------------------------------------------------------------------

Timing Summary Report

------------------------------------------------------------------------------------------------
| Timer Settings
| --------------
------------------------------------------------------------------------------------------------

  Enable Multi Corner Analysis               :  Yes
  Enable Pessimism Removal                   :  Yes
  Pessimism Removal Resolution               :  Nearest Common Node
  Enable Input Delay Default Clock           :  No
  Enable Preset / Clear Arcs                 :  No
  Disable Flight Delays                      :  No
  Ignore I/O Paths                           :  No
  Timing Early Launch at Borrowing Latches   :  No
  Borrow Time for Max Delay Exceptions       :  Yes
  Merge Timing Exceptions                    :  Yes
  Inter-SLR Compensation                     :  Conservative

  Corner  Analyze    Analyze    
  Name    Max Paths  Min Paths  
  ------  ---------  ---------  
  Slow    Yes        Yes        
  Fast    Yes        Yes        


------------------------------------------------------------------------------------------------
| Report Methodology
| ------------------
------------------------------------------------------------------------------------------------

Rule       Severity          Description                    Violations  
---------  ----------------  -----------------------------  ----------  
TIMING-17  Critical Warning  Non-clocked sequential cell    32          
TIMING-18  Warning           Missing input or output delay  1           

Note: This report is based on the most recent report_methodology run and may not be up-to-date. Run report_methodology on the current design for the latest report.



check_timing report

Table of Contents
-----------------
1. checking no_clock (32)
2. checking constant_clock (0)
3. checking pulse_width_clock (0)
4. checking unconstrained_internal_endpoints (81)
5. checking no_input_delay (1)
6. checking no_output_delay (4)
7. checking multiple_clock (0)
8. checking generated_clocks (0)
9. checking loops (0)
10. checking partial_input_delay (0)
11. checking partial_output_delay (0)
12. checking latch_loops (0)

1. checking no_clock (32)
-------------------------
 There are 32 register/latch pins with no clock driven by root clock pin: u_clkdiv/clk100k_reg/Q (HIGH)


2. checking constant_clock (0)
------------------------------
 There are 0 register/latch pins with constant_clock.


3. checking pulse_width_clock (0)
---------------------------------
 There are 0 register/latch pins which need pulse_width check


4. checking unconstrained_internal_endpoints (81)
-------------------------------------------------
 There are 81 pins that are not constrained for maximum delay. (HIGH)

 There are 0 pins that are not constrained for maximum delay due to constant clock.


5. checking no_input_delay (1)
------------------------------
 There is 1 input port with no input delay specified. (HIGH)

 There are 0 input ports with no input delay but user has a false path constraint.


6. checking no_output_delay (4)
-------------------------------
 There are 4 ports with no output delay specified. (HIGH)

 There are 0 ports with no output delay but user has a false path constraint

 There are 0 ports with no output delay but with a timing clock defined on it or propagating through it


7. checking multiple_clock (0)
------------------------------
 There are 0 register/latch pins with multiple clocks.


8. checking generated_clocks (0)
--------------------------------
 There are 0 generated clocks that are not connected to a clock source.


9. checking loops (0)
---------------------
 There are 0 combinational loops in the design.


10. checking partial_input_delay (0)
------------------------------------
 There are 0 input ports with partial input delay specified.


11. checking partial_output_delay (0)
-------------------------------------
 There are 0 ports with partial output delay specified.


12. checking latch_loops (0)
----------------------------
 There are 0 combinational latch loops in the design through latch input



------------------------------------------------------------------------------------------------
| Design Timing Summary
| ---------------------
------------------------------------------------------------------------------------------------

    WNS(ns)      TNS(ns)  TNS Failing Endpoints  TNS Total Endpoints      WHS(ns)      THS(ns)  THS Failing Endpoints  THS Total Endpoints     WPWS(ns)     TPWS(ns)  TPWS Failing Endpoints  TPWS Total Endpoints  
    -------      -------  ---------------------  -------------------      -------      -------  ---------------------  -------------------     --------     --------  ----------------------  --------------------  
      6.958        0.000                      0                   11        0.180        0.000                      0                   11        4.500        0.000                       0                    12  


All user specified timing constraints are met.


------------------------------------------------------------------------------------------------
| Clock Summary
| -------------
------------------------------------------------------------------------------------------------

Clock        Waveform(ns)       Period(ns)      Frequency(MHz)
-----        ------------       ----------      --------------
sys_clk_pin  {0.000 5.000}      10.000          100.000         


------------------------------------------------------------------------------------------------
| Intra Clock Table
| -----------------
------------------------------------------------------------------------------------------------

Clock             WNS(ns)      TNS(ns)  TNS Failing Endpoints  TNS Total Endpoints      WHS(ns)      THS(ns)  THS Failing Endpoints  THS Total Endpoints     WPWS(ns)     TPWS(ns)  TPWS Failing Endpoints  TPWS Total Endpoints  
-----             -------      -------  ---------------------  -------------------      -------      -------  ---------------------  -------------------     --------     --------  ----------------------  --------------------  
sys_clk_pin         6.958        0.000                      0                   11        0.180        0.000                      0                   11        4.500        0.000                       0                    12  


------------------------------------------------------------------------------------------------
| Inter Clock Table
| -----------------
------------------------------------------------------------------------------------------------

From Clock    To Clock          WNS(ns)      TNS(ns)  TNS Failing Endpoints  TNS Total Endpoints      WHS(ns)      THS(ns)  THS Failing Endpoints  THS Total Endpoints  
----------    --------          -------      -------  ---------------------  -------------------      -------      -------  ---------------------  -------------------  


------------------------------------------------------------------------------------------------
| Other Path Groups Table
| -----------------------
------------------------------------------------------------------------------------------------

Path Group    From Clock    To Clock          WNS(ns)      TNS(ns)  TNS Failing Endpoints  TNS Total Endpoints      WHS(ns)      THS(ns)  THS Failing Endpoints  THS Total Endpoints  
----------    ----------    --------          -------      -------  ---------------------  -------------------      -------      -------  ---------------------  -------------------  


------------------------------------------------------------------------------------------------
| User Ignored Path Table
| -----------------------
------------------------------------------------------------------------------------------------

Path Group    From Clock    To Clock    
----------    ----------    --------    


------------------------------------------------------------------------------------------------
| Unconstrained Path Table
| ------------------------
------------------------------------------------------------------------------------------------

Path Group    From Clock    To Clock    
----------    ----------    --------    
(none)                                    
(none)                      sys_clk_pin   


------------------------------------------------------------------------------------------------
| Timing Details
| --------------
------------------------------------------------------------------------------------------------


---------------------------------------------------------------------------------------------------
From Clock:  sys_clk_pin
  To Clock:  sys_clk_pin

Setup :            0  Failing Endpoints,  Worst Slack        6.958ns,  Total Violation        0.000ns
Hold  :            0  Failing Endpoints,  Worst Slack        0.180ns,  Total Violation        0.000ns
PW    :            0  Failing Endpoints,  Worst Slack        4.500ns,  Total Violation        0.000ns
---------------------------------------------------------------------------------------------------


Max Delay Paths
--------------------------------------------------------------------------------------
Slack (MET) :             6.958ns  (required time - arrival time)
  Source:                 u_clkdiv/cnt_reg[3]/C
                            (rising edge-triggered cell FDCE clocked by sys_clk_pin  {rise@0.000ns fall@5.000ns period=10.000ns})
  Destination:            u_clkdiv/cnt_reg[7]/D
                            (rising edge-triggered cell FDCE clocked by sys_clk_pin  {rise@0.000ns fall@5.000ns period=10.000ns})
  Path Group:             sys_clk_pin
  Path Type:              Setup (Max at Slow Process Corner)
  Requirement:            10.000ns  (sys_clk_pin rise@10.000ns - sys_clk_pin rise@0.000ns)
  Data Path Delay:        3.012ns  (logic 0.704ns (23.376%)  route 2.308ns (76.624%))
  Logic Levels:           2  (LUT5=1 LUT6=1)
  Clock Path Skew:        -0.024ns (DCD - SCD + CPR)
    Destination Clock Delay (DCD):    4.786ns = ( 14.786 - 10.000 ) 
    Source Clock Delay      (SCD):    5.085ns
    Clock Pessimism Removal (CPR):    0.275ns
  Clock Uncertainty:      0.035ns  ((TSJ^2 + TIJ^2)^1/2 + DJ) / 2 + PE
    Total System Jitter     (TSJ):    0.071ns
    Total Input Jitter      (TIJ):    0.000ns
    Discrete Jitter          (DJ):    0.000ns
    Phase Error              (PE):    0.000ns

    Location             Delay type                Incr(ns)  Path(ns)    Netlist Resource(s)
  -------------------------------------------------------------------    -------------------
                         (clock sys_clk_pin rise edge)
                                                      0.000     0.000 r  
    W5                                                0.000     0.000 r  clk_sys (IN)
                         net (fo=0)                   0.000     0.000    clk_sys
    W5                   IBUF (Prop_ibuf_I_O)         1.458     1.458 r  clk_sys_IBUF_inst/O
                         net (fo=1, routed)           1.967     3.425    clk_sys_IBUF
    BUFGCTRL_X0Y1        BUFG (Prop_bufg_I_O)         0.096     3.521 r  clk_sys_IBUF_BUFG_inst/O
                         net (fo=11, routed)          1.564     5.085    u_clkdiv/CLK
    SLICE_X37Y42         FDCE                                         r  u_clkdiv/cnt_reg[3]/C
  -------------------------------------------------------------------    -------------------
    SLICE_X37Y42         FDCE (Prop_fdce_C_Q)         0.456     5.541 r  u_clkdiv/cnt_reg[3]/Q
                         net (fo=7, routed)           1.418     6.959    u_clkdiv/cnt[3]
    SLICE_X37Y42         LUT5 (Prop_lut5_I0_O)        0.124     7.083 f  u_clkdiv/cnt[9]_i_2/O
                         net (fo=5, routed)           0.890     7.973    u_clkdiv/cnt[9]_i_2_n_0
    SLICE_X36Y43         LUT6 (Prop_lut6_I2_O)        0.124     8.097 r  u_clkdiv/cnt[7]_i_1/O
                         net (fo=1, routed)           0.000     8.097    u_clkdiv/cnt_0[7]
    SLICE_X36Y43         FDCE                                         r  u_clkdiv/cnt_reg[7]/D
  -------------------------------------------------------------------    -------------------

                         (clock sys_clk_pin rise edge)
                                                     10.000    10.000 r  
    W5                                                0.000    10.000 r  clk_sys (IN)
                         net (fo=0)                   0.000    10.000    clk_sys
    W5                   IBUF (Prop_ibuf_I_O)         1.388    11.388 r  clk_sys_IBUF_inst/O
                         net (fo=1, routed)           1.862    13.250    clk_sys_IBUF
    BUFGCTRL_X0Y1        BUFG (Prop_bufg_I_O)         0.091    13.341 r  clk_sys_IBUF_BUFG_inst/O
                         net (fo=11, routed)          1.445    14.786    u_clkdiv/CLK
    SLICE_X36Y43         FDCE                                         r  u_clkdiv/cnt_reg[7]/C
                         clock pessimism              0.275    15.061    
                         clock uncertainty           -0.035    15.026    
    SLICE_X36Y43         FDCE (Setup_fdce_C_D)        0.029    15.055    u_clkdiv/cnt_reg[7]
  -------------------------------------------------------------------
                         required time                         15.055    
                         arrival time                          -8.097    
  -------------------------------------------------------------------
                         slack                                  6.958    

Slack (MET) :             6.977ns  (required time - arrival time)
  Source:                 u_clkdiv/cnt_reg[1]/C
                            (rising edge-triggered cell FDCE clocked by sys_clk_pin  {rise@0.000ns fall@5.000ns period=10.000ns})
  Destination:            u_clkdiv/cnt_reg[2]/D
                            (rising edge-triggered cell FDCE clocked by sys_clk_pin  {rise@0.000ns fall@5.000ns period=10.000ns})
  Path Group:             sys_clk_pin
  Path Type:              Setup (Max at Slow Process Corner)
  Requirement:            10.000ns  (sys_clk_pin rise@10.000ns - sys_clk_pin rise@0.000ns)
  Data Path Delay:        2.994ns  (logic 1.078ns (36.002%)  route 1.916ns (63.998%))
  Logic Levels:           2  (LUT2=1 LUT6=1)
  Clock Path Skew:        -0.024ns (DCD - SCD + CPR)
    Destination Clock Delay (DCD):    4.786ns = ( 14.786 - 10.000 ) 
    Source Clock Delay      (SCD):    5.085ns
    Clock Pessimism Removal (CPR):    0.275ns
  Clock Uncertainty:      0.035ns  ((TSJ^2 + TIJ^2)^1/2 + DJ) / 2 + PE
    Total System Jitter     (TSJ):    0.071ns
    Total Input Jitter      (TIJ):    0.000ns
    Discrete Jitter          (DJ):    0.000ns
    Phase Error              (PE):    0.000ns

    Location             Delay type                Incr(ns)  Path(ns)    Netlist Resource(s)
  -------------------------------------------------------------------    -------------------
                         (clock sys_clk_pin rise edge)
                                                      0.000     0.000 r  
    W5                                                0.000     0.000 r  clk_sys (IN)
                         net (fo=0)                   0.000     0.000    clk_sys
    W5                   IBUF (Prop_ibuf_I_O)         1.458     1.458 r  clk_sys_IBUF_inst/O
                         net (fo=1, routed)           1.967     3.425    clk_sys_IBUF
    BUFGCTRL_X0Y1        BUFG (Prop_bufg_I_O)         0.096     3.521 r  clk_sys_IBUF_BUFG_inst/O
                         net (fo=11, routed)          1.564     5.085    u_clkdiv/CLK
    SLICE_X36Y42         FDCE                                         r  u_clkdiv/cnt_reg[1]/C
  -------------------------------------------------------------------    -------------------
    SLICE_X36Y42         FDCE (Prop_fdce_C_Q)         0.419     5.504 f  u_clkdiv/cnt_reg[1]/Q
                         net (fo=7, routed)           1.091     6.595    u_clkdiv/cnt[1]
    SLICE_X36Y42         LUT2 (Prop_lut2_I1_O)        0.327     6.922 r  u_clkdiv/cnt[4]_i_3/O
                         net (fo=2, routed)           0.826     7.748    u_clkdiv/cnt[4]_i_3_n_0
    SLICE_X37Y43         LUT6 (Prop_lut6_I4_O)        0.332     8.080 r  u_clkdiv/cnt[2]_i_1/O
                         net (fo=1, routed)           0.000     8.080    u_clkdiv/cnt_0[2]
    SLICE_X37Y43         FDCE                                         r  u_clkdiv/cnt_reg[2]/D
  -------------------------------------------------------------------    -------------------

                         (clock sys_clk_pin rise edge)
                                                     10.000    10.000 r  
    W5                                                0.000    10.000 r  clk_sys (IN)
                         net (fo=0)                   0.000    10.000    clk_sys
    W5                   IBUF (Prop_ibuf_I_O)         1.388    11.388 r  clk_sys_IBUF_inst/O
                         net (fo=1, routed)           1.862    13.250    clk_sys_IBUF
    BUFGCTRL_X0Y1        BUFG (Prop_bufg_I_O)         0.091    13.341 r  clk_sys_IBUF_BUFG_inst/O
                         net (fo=11, routed)          1.445    14.786    u_clkdiv/CLK
    SLICE_X37Y43         FDCE                                         r  u_clkdiv/cnt_reg[2]/C
                         clock pessimism              0.275    15.061    
                         clock uncertainty           -0.035    15.026    
    SLICE_X37Y43         FDCE (Setup_fdce_C_D)        0.031    15.057    u_clkdiv/cnt_reg[2]
  -------------------------------------------------------------------
                         required time                         15.057    
                         arrival time                          -8.080    
  -------------------------------------------------------------------
                         slack                                  6.977    

Slack (MET) :             7.010ns  (required time - arrival time)
  Source:                 u_clkdiv/cnt_reg[3]/C
                            (rising edge-triggered cell FDCE clocked by sys_clk_pin  {rise@0.000ns fall@5.000ns period=10.000ns})
  Destination:            u_clkdiv/cnt_reg[9]/D
                            (rising edge-triggered cell FDCE clocked by sys_clk_pin  {rise@0.000ns fall@5.000ns period=10.000ns})
  Path Group:             sys_clk_pin
  Path Type:              Setup (Max at Slow Process Corner)
  Requirement:            10.000ns  (sys_clk_pin rise@10.000ns - sys_clk_pin rise@0.000ns)
  Data Path Delay:        2.962ns  (logic 0.704ns (23.770%)  route 2.258ns (76.230%))
  Logic Levels:           2  (LUT5=1 LUT6=1)
  Clock Path Skew:        -0.024ns (DCD - SCD + CPR)
    Destination Clock Delay (DCD):    4.786ns = ( 14.786 - 10.000 ) 
    Source Clock Delay      (SCD):    5.085ns
    Clock Pessimism Removal (CPR):    0.275ns
  Clock Uncertainty:      0.035ns  ((TSJ^2 + TIJ^2)^1/2 + DJ) / 2 + PE
    Total System Jitter     (TSJ):    0.071ns
    Total Input Jitter      (TIJ):    0.000ns
    Discrete Jitter          (DJ):    0.000ns
    Phase Error              (PE):    0.000ns

    Location             Delay type                Incr(ns)  Path(ns)    Netlist Resource(s)
  -------------------------------------------------------------------    -------------------
                         (clock sys_clk_pin rise edge)
                                                      0.000     0.000 r  
    W5                                                0.000     0.000 r  clk_sys (IN)
                         net (fo=0)                   0.000     0.000    clk_sys
    W5                   IBUF (Prop_ibuf_I_O)         1.458     1.458 r  clk_sys_IBUF_inst/O
                         net (fo=1, routed)           1.967     3.425    clk_sys_IBUF
    BUFGCTRL_X0Y1        BUFG (Prop_bufg_I_O)         0.096     3.521 r  clk_sys_IBUF_BUFG_inst/O
                         net (fo=11, routed)          1.564     5.085    u_clkdiv/CLK
    SLICE_X37Y42         FDCE                                         r  u_clkdiv/cnt_reg[3]/C
  -------------------------------------------------------------------    -------------------
    SLICE_X37Y42         FDCE (Prop_fdce_C_Q)         0.456     5.541 f  u_clkdiv/cnt_reg[3]/Q
                         net (fo=7, routed)           1.418     6.959    u_clkdiv/cnt[3]
    SLICE_X37Y42         LUT5 (Prop_lut5_I0_O)        0.124     7.083 r  u_clkdiv/cnt[9]_i_2/O
                         net (fo=5, routed)           0.840     7.923    u_clkdiv/cnt[9]_i_2_n_0
    SLICE_X36Y44         LUT6 (Prop_lut6_I4_O)        0.124     8.047 r  u_clkdiv/cnt[9]_i_1/O
                         net (fo=1, routed)           0.000     8.047    u_clkdiv/cnt_0[9]
    SLICE_X36Y44         FDCE                                         r  u_clkdiv/cnt_reg[9]/D
  -------------------------------------------------------------------    -------------------

                         (clock sys_clk_pin rise edge)
                                                     10.000    10.000 r  
    W5                                                0.000    10.000 r  clk_sys (IN)
                         net (fo=0)                   0.000    10.000    clk_sys
    W5                   IBUF (Prop_ibuf_I_O)         1.388    11.388 r  clk_sys_IBUF_inst/O
                         net (fo=1, routed)           1.862    13.250    clk_sys_IBUF
    BUFGCTRL_X0Y1        BUFG (Prop_bufg_I_O)         0.091    13.341 r  clk_sys_IBUF_BUFG_inst/O
                         net (fo=11, routed)          1.445    14.786    u_clkdiv/CLK
    SLICE_X36Y44         FDCE                                         r  u_clkdiv/cnt_reg[9]/C
                         clock pessimism              0.275    15.061    
                         clock uncertainty           -0.035    15.026    
    SLICE_X36Y44         FDCE (Setup_fdce_C_D)        0.031    15.057    u_clkdiv/cnt_reg[9]
  -------------------------------------------------------------------
                         required time                         15.057    
                         arrival time                          -8.047    
  -------------------------------------------------------------------
                         slack                                  7.010    

Slack (MET) :             7.024ns  (required time - arrival time)
  Source:                 u_clkdiv/cnt_reg[1]/C
                            (rising edge-triggered cell FDCE clocked by sys_clk_pin  {rise@0.000ns fall@5.000ns period=10.000ns})
  Destination:            u_clkdiv/cnt_reg[5]/D
                            (rising edge-triggered cell FDCE clocked by sys_clk_pin  {rise@0.000ns fall@5.000ns period=10.000ns})
  Path Group:             sys_clk_pin
  Path Type:              Setup (Max at Slow Process Corner)
  Requirement:            10.000ns  (sys_clk_pin rise@10.000ns - sys_clk_pin rise@0.000ns)
  Data Path Delay:        2.945ns  (logic 0.966ns (32.799%)  route 1.979ns (67.201%))
  Logic Levels:           3  (LUT3=1 LUT5=1 LUT6=1)
  Clock Path Skew:        -0.024ns (DCD - SCD + CPR)
    Destination Clock Delay (DCD):    4.786ns = ( 14.786 - 10.000 ) 
    Source Clock Delay      (SCD):    5.085ns
    Clock Pessimism Removal (CPR):    0.275ns
  Clock Uncertainty:      0.035ns  ((TSJ^2 + TIJ^2)^1/2 + DJ) / 2 + PE
    Total System Jitter     (TSJ):    0.071ns
    Total Input Jitter      (TIJ):    0.000ns
    Discrete Jitter          (DJ):    0.000ns
    Phase Error              (PE):    0.000ns

    Location             Delay type                Incr(ns)  Path(ns)    Netlist Resource(s)
  -------------------------------------------------------------------    -------------------
                         (clock sys_clk_pin rise edge)
                                                      0.000     0.000 r  
    W5                                                0.000     0.000 r  clk_sys (IN)
                         net (fo=0)                   0.000     0.000    clk_sys
    W5                   IBUF (Prop_ibuf_I_O)         1.458     1.458 r  clk_sys_IBUF_inst/O
                         net (fo=1, routed)           1.967     3.425    clk_sys_IBUF
    BUFGCTRL_X0Y1        BUFG (Prop_bufg_I_O)         0.096     3.521 r  clk_sys_IBUF_BUFG_inst/O
                         net (fo=11, routed)          1.564     5.085    u_clkdiv/CLK
    SLICE_X36Y42         FDCE                                         r  u_clkdiv/cnt_reg[1]/C
  -------------------------------------------------------------------    -------------------
    SLICE_X36Y42         FDCE (Prop_fdce_C_Q)         0.419     5.504 f  u_clkdiv/cnt_reg[1]/Q
                         net (fo=7, routed)           1.091     6.595    u_clkdiv/cnt[1]
    SLICE_X36Y42         LUT3 (Prop_lut3_I0_O)        0.299     6.894 r  u_clkdiv/cnt[6]_i_3/O
                         net (fo=1, routed)           0.303     7.197    u_clkdiv/cnt[6]_i_3_n_0
    SLICE_X36Y43         LUT6 (Prop_lut6_I5_O)        0.124     7.321 r  u_clkdiv/cnt[6]_i_2/O
                         net (fo=2, routed)           0.585     7.906    u_clkdiv/cnt[6]_i_2_n_0
    SLICE_X36Y44         LUT5 (Prop_lut5_I0_O)        0.124     8.030 r  u_clkdiv/cnt[5]_i_1/O
                         net (fo=1, routed)           0.000     8.030    u_clkdiv/cnt_0[5]
    SLICE_X36Y44         FDCE                                         r  u_clkdiv/cnt_reg[5]/D
  -------------------------------------------------------------------    -------------------

                         (clock sys_clk_pin rise edge)
                                                     10.000    10.000 r  
    W5                                                0.000    10.000 r  clk_sys (IN)
                         net (fo=0)                   0.000    10.000    clk_sys
    W5                   IBUF (Prop_ibuf_I_O)         1.388    11.388 r  clk_sys_IBUF_inst/O
                         net (fo=1, routed)           1.862    13.250    clk_sys_IBUF
    BUFGCTRL_X0Y1        BUFG (Prop_bufg_I_O)         0.091    13.341 r  clk_sys_IBUF_BUFG_inst/O
                         net (fo=11, routed)          1.445    14.786    u_clkdiv/CLK
    SLICE_X36Y44         FDCE                                         r  u_clkdiv/cnt_reg[5]/C
                         clock pessimism              0.275    15.061    
                         clock uncertainty           -0.035    15.026    
    SLICE_X36Y44         FDCE (Setup_fdce_C_D)        0.029    15.055    u_clkdiv/cnt_reg[5]
  -------------------------------------------------------------------
                         required time                         15.055    
                         arrival time                          -8.030    
  -------------------------------------------------------------------
                         slack                                  7.024    

Slack (MET) :             7.044ns  (required time - arrival time)
  Source:                 u_clkdiv/cnt_reg[1]/C
                            (rising edge-triggered cell FDCE clocked by sys_clk_pin  {rise@0.000ns fall@5.000ns period=10.000ns})
  Destination:            u_clkdiv/cnt_reg[6]/D
                            (rising edge-triggered cell FDCE clocked by sys_clk_pin  {rise@0.000ns fall@5.000ns period=10.000ns})
  Path Group:             sys_clk_pin
  Path Type:              Setup (Max at Slow Process Corner)
  Requirement:            10.000ns  (sys_clk_pin rise@10.000ns - sys_clk_pin rise@0.000ns)
  Data Path Delay:        2.971ns  (logic 0.992ns (33.387%)  route 1.979ns (66.613%))
  Logic Levels:           3  (LUT3=1 LUT4=1 LUT6=1)
  Clock Path Skew:        -0.024ns (DCD - SCD + CPR)
    Destination Clock Delay (DCD):    4.786ns = ( 14.786 - 10.000 ) 
    Source Clock Delay      (SCD):    5.085ns
    Clock Pessimism Removal (CPR):    0.275ns
  Clock Uncertainty:      0.035ns  ((TSJ^2 + TIJ^2)^1/2 + DJ) / 2 + PE
    Total System Jitter     (TSJ):    0.071ns
    Total Input Jitter      (TIJ):    0.000ns
    Discrete Jitter          (DJ):    0.000ns
    Phase Error              (PE):    0.000ns

    Location             Delay type                Incr(ns)  Path(ns)    Netlist Resource(s)
  -------------------------------------------------------------------    -------------------
                         (clock sys_clk_pin rise edge)
                                                      0.000     0.000 r  
    W5                                                0.000     0.000 r  clk_sys (IN)
                         net (fo=0)                   0.000     0.000    clk_sys
    W5                   IBUF (Prop_ibuf_I_O)         1.458     1.458 r  clk_sys_IBUF_inst/O
                         net (fo=1, routed)           1.967     3.425    clk_sys_IBUF
    BUFGCTRL_X0Y1        BUFG (Prop_bufg_I_O)         0.096     3.521 r  clk_sys_IBUF_BUFG_inst/O
                         net (fo=11, routed)          1.564     5.085    u_clkdiv/CLK
    SLICE_X36Y42         FDCE                                         r  u_clkdiv/cnt_reg[1]/C
  -------------------------------------------------------------------    -------------------
    SLICE_X36Y42         FDCE (Prop_fdce_C_Q)         0.419     5.504 f  u_clkdiv/cnt_reg[1]/Q
                         net (fo=7, routed)           1.091     6.595    u_clkdiv/cnt[1]
    SLICE_X36Y42         LUT3 (Prop_lut3_I0_O)        0.299     6.894 r  u_clkdiv/cnt[6]_i_3/O
                         net (fo=1, routed)           0.303     7.197    u_clkdiv/cnt[6]_i_3_n_0
    SLICE_X36Y43         LUT6 (Prop_lut6_I5_O)        0.124     7.321 r  u_clkdiv/cnt[6]_i_2/O
                         net (fo=2, routed)           0.585     7.906    u_clkdiv/cnt[6]_i_2_n_0
    SLICE_X36Y44         LUT4 (Prop_lut4_I0_O)        0.150     8.056 r  u_clkdiv/cnt[6]_i_1/O
                         net (fo=1, routed)           0.000     8.056    u_clkdiv/cnt_0[6]
    SLICE_X36Y44         FDCE                                         r  u_clkdiv/cnt_reg[6]/D
  -------------------------------------------------------------------    -------------------

                         (clock sys_clk_pin rise edge)
                                                     10.000    10.000 r  
    W5                                                0.000    10.000 r  clk_sys (IN)
                         net (fo=0)                   0.000    10.000    clk_sys
    W5                   IBUF (Prop_ibuf_I_O)         1.388    11.388 r  clk_sys_IBUF_inst/O
                         net (fo=1, routed)           1.862    13.250    clk_sys_IBUF
    BUFGCTRL_X0Y1        BUFG (Prop_bufg_I_O)         0.091    13.341 r  clk_sys_IBUF_BUFG_inst/O
                         net (fo=11, routed)          1.445    14.786    u_clkdiv/CLK
    SLICE_X36Y44         FDCE                                         r  u_clkdiv/cnt_reg[6]/C
                         clock pessimism              0.275    15.061    
                         clock uncertainty           -0.035    15.026    
    SLICE_X36Y44         FDCE (Setup_fdce_C_D)        0.075    15.101    u_clkdiv/cnt_reg[6]
  -------------------------------------------------------------------
                         required time                         15.101    
                         arrival time                          -8.056    
  -------------------------------------------------------------------
                         slack                                  7.044    

Slack (MET) :             7.381ns  (required time - arrival time)
  Source:                 u_clkdiv/cnt_reg[1]/C
                            (rising edge-triggered cell FDCE clocked by sys_clk_pin  {rise@0.000ns fall@5.000ns period=10.000ns})
  Destination:            u_clkdiv/cnt_reg[4]/D
                            (rising edge-triggered cell FDCE clocked by sys_clk_pin  {rise@0.000ns fall@5.000ns period=10.000ns})
  Path Group:             sys_clk_pin
  Path Type:              Setup (Max at Slow Process Corner)
  Requirement:            10.000ns  (sys_clk_pin rise@10.000ns - sys_clk_pin rise@0.000ns)
  Data Path Delay:        2.590ns  (logic 1.078ns (41.617%)  route 1.512ns (58.383%))
  Logic Levels:           2  (LUT2=1 LUT6=1)
  Clock Path Skew:        -0.024ns (DCD - SCD + CPR)
    Destination Clock Delay (DCD):    4.786ns = ( 14.786 - 10.000 ) 
    Source Clock Delay      (SCD):    5.085ns
    Clock Pessimism Removal (CPR):    0.275ns
  Clock Uncertainty:      0.035ns  ((TSJ^2 + TIJ^2)^1/2 + DJ) / 2 + PE
    Total System Jitter     (TSJ):    0.071ns
    Total Input Jitter      (TIJ):    0.000ns
    Discrete Jitter          (DJ):    0.000ns
    Phase Error              (PE):    0.000ns

    Location             Delay type                Incr(ns)  Path(ns)    Netlist Resource(s)
  -------------------------------------------------------------------    -------------------
                         (clock sys_clk_pin rise edge)
                                                      0.000     0.000 r  
    W5                                                0.000     0.000 r  clk_sys (IN)
                         net (fo=0)                   0.000     0.000    clk_sys
    W5                   IBUF (Prop_ibuf_I_O)         1.458     1.458 r  clk_sys_IBUF_inst/O
                         net (fo=1, routed)           1.967     3.425    clk_sys_IBUF
    BUFGCTRL_X0Y1        BUFG (Prop_bufg_I_O)         0.096     3.521 r  clk_sys_IBUF_BUFG_inst/O
                         net (fo=11, routed)          1.564     5.085    u_clkdiv/CLK
    SLICE_X36Y42         FDCE                                         r  u_clkdiv/cnt_reg[1]/C
  -------------------------------------------------------------------    -------------------
    SLICE_X36Y42         FDCE (Prop_fdce_C_Q)         0.419     5.504 f  u_clkdiv/cnt_reg[1]/Q
                         net (fo=7, routed)           1.091     6.595    u_clkdiv/cnt[1]
    SLICE_X36Y42         LUT2 (Prop_lut2_I1_O)        0.327     6.922 r  u_clkdiv/cnt[4]_i_3/O
                         net (fo=2, routed)           0.422     7.344    u_clkdiv/cnt[4]_i_3_n_0
    SLICE_X37Y43         LUT6 (Prop_lut6_I5_O)        0.332     7.676 r  u_clkdiv/cnt[4]_i_1/O
                         net (fo=1, routed)           0.000     7.676    u_clkdiv/cnt_0[4]
    SLICE_X37Y43         FDCE                                         r  u_clkdiv/cnt_reg[4]/D
  -------------------------------------------------------------------    -------------------

                         (clock sys_clk_pin rise edge)
                                                     10.000    10.000 r  
    W5                                                0.000    10.000 r  clk_sys (IN)
                         net (fo=0)                   0.000    10.000    clk_sys
    W5                   IBUF (Prop_ibuf_I_O)         1.388    11.388 r  clk_sys_IBUF_inst/O
                         net (fo=1, routed)           1.862    13.250    clk_sys_IBUF
    BUFGCTRL_X0Y1        BUFG (Prop_bufg_I_O)         0.091    13.341 r  clk_sys_IBUF_BUFG_inst/O
                         net (fo=11, routed)          1.445    14.786    u_clkdiv/CLK
    SLICE_X37Y43         FDCE                                         r  u_clkdiv/cnt_reg[4]/C
                         clock pessimism              0.275    15.061    
                         clock uncertainty           -0.035    15.026    
    SLICE_X37Y43         FDCE (Setup_fdce_C_D)        0.031    15.057    u_clkdiv/cnt_reg[4]
  -------------------------------------------------------------------
                         required time                         15.057    
                         arrival time                          -7.676    
  -------------------------------------------------------------------
                         slack                                  7.381    

Slack (MET) :             7.400ns  (required time - arrival time)
  Source:                 u_clkdiv/cnt_reg[3]/C
                            (rising edge-triggered cell FDCE clocked by sys_clk_pin  {rise@0.000ns fall@5.000ns period=10.000ns})
  Destination:            u_clkdiv/cnt_reg[8]/D
                            (rising edge-triggered cell FDCE clocked by sys_clk_pin  {rise@0.000ns fall@5.000ns period=10.000ns})
  Path Group:             sys_clk_pin
  Path Type:              Setup (Max at Slow Process Corner)
  Requirement:            10.000ns  (sys_clk_pin rise@10.000ns - sys_clk_pin rise@0.000ns)
  Data Path Delay:        2.572ns  (logic 0.704ns (27.375%)  route 1.868ns (72.625%))
  Logic Levels:           2  (LUT5=1 LUT6=1)
  Clock Path Skew:        -0.024ns (DCD - SCD + CPR)
    Destination Clock Delay (DCD):    4.786ns = ( 14.786 - 10.000 ) 
    Source Clock Delay      (SCD):    5.085ns
    Clock Pessimism Removal (CPR):    0.275ns
  Clock Uncertainty:      0.035ns  ((TSJ^2 + TIJ^2)^1/2 + DJ) / 2 + PE
    Total System Jitter     (TSJ):    0.071ns
    Total Input Jitter      (TIJ):    0.000ns
    Discrete Jitter          (DJ):    0.000ns
    Phase Error              (PE):    0.000ns

    Location             Delay type                Incr(ns)  Path(ns)    Netlist Resource(s)
  -------------------------------------------------------------------    -------------------
                         (clock sys_clk_pin rise edge)
                                                      0.000     0.000 r  
    W5                                                0.000     0.000 r  clk_sys (IN)
                         net (fo=0)                   0.000     0.000    clk_sys
    W5                   IBUF (Prop_ibuf_I_O)         1.458     1.458 r  clk_sys_IBUF_inst/O
                         net (fo=1, routed)           1.967     3.425    clk_sys_IBUF
    BUFGCTRL_X0Y1        BUFG (Prop_bufg_I_O)         0.096     3.521 r  clk_sys_IBUF_BUFG_inst/O
                         net (fo=11, routed)          1.564     5.085    u_clkdiv/CLK
    SLICE_X37Y42         FDCE                                         r  u_clkdiv/cnt_reg[3]/C
  -------------------------------------------------------------------    -------------------
    SLICE_X37Y42         FDCE (Prop_fdce_C_Q)         0.456     5.541 r  u_clkdiv/cnt_reg[3]/Q
                         net (fo=7, routed)           1.418     6.959    u_clkdiv/cnt[3]
    SLICE_X37Y42         LUT5 (Prop_lut5_I0_O)        0.124     7.083 f  u_clkdiv/cnt[9]_i_2/O
                         net (fo=5, routed)           0.450     7.533    u_clkdiv/cnt[9]_i_2_n_0
    SLICE_X36Y44         LUT6 (Prop_lut6_I1_O)        0.124     7.657 r  u_clkdiv/cnt[8]_i_1/O
                         net (fo=1, routed)           0.000     7.657    u_clkdiv/cnt_0[8]
    SLICE_X36Y44         FDCE                                         r  u_clkdiv/cnt_reg[8]/D
  -------------------------------------------------------------------    -------------------

                         (clock sys_clk_pin rise edge)
                                                     10.000    10.000 r  
    W5                                                0.000    10.000 r  clk_sys (IN)
                         net (fo=0)                   0.000    10.000    clk_sys
    W5                   IBUF (Prop_ibuf_I_O)         1.388    11.388 r  clk_sys_IBUF_inst/O
                         net (fo=1, routed)           1.862    13.250    clk_sys_IBUF
    BUFGCTRL_X0Y1        BUFG (Prop_bufg_I_O)         0.091    13.341 r  clk_sys_IBUF_BUFG_inst/O
                         net (fo=11, routed)          1.445    14.786    u_clkdiv/CLK
    SLICE_X36Y44         FDCE                                         r  u_clkdiv/cnt_reg[8]/C
                         clock pessimism              0.275    15.061    
                         clock uncertainty           -0.035    15.026    
    SLICE_X36Y44         FDCE (Setup_fdce_C_D)        0.031    15.057    u_clkdiv/cnt_reg[8]
  -------------------------------------------------------------------
                         required time                         15.057    
                         arrival time                          -7.657    
  -------------------------------------------------------------------
                         slack                                  7.400    

Slack (MET) :             7.652ns  (required time - arrival time)
  Source:                 u_clkdiv/cnt_reg[6]/C
                            (rising edge-triggered cell FDCE clocked by sys_clk_pin  {rise@0.000ns fall@5.000ns period=10.000ns})
  Destination:            u_clkdiv/clk100k_reg/D
                            (rising edge-triggered cell FDCE clocked by sys_clk_pin  {rise@0.000ns fall@5.000ns period=10.000ns})
  Path Group:             sys_clk_pin
  Path Type:              Setup (Max at Slow Process Corner)
  Requirement:            10.000ns  (sys_clk_pin rise@10.000ns - sys_clk_pin rise@0.000ns)
  Data Path Delay:        2.317ns  (logic 0.842ns (36.343%)  route 1.475ns (63.657%))
  Logic Levels:           2  (LUT6=2)
  Clock Path Skew:        -0.025ns (DCD - SCD + CPR)
    Destination Clock Delay (DCD):    4.786ns = ( 14.786 - 10.000 ) 
    Source Clock Delay      (SCD):    5.086ns
    Clock Pessimism Removal (CPR):    0.275ns
  Clock Uncertainty:      0.035ns  ((TSJ^2 + TIJ^2)^1/2 + DJ) / 2 + PE
    Total System Jitter     (TSJ):    0.071ns
    Total Input Jitter      (TIJ):    0.000ns
    Discrete Jitter          (DJ):    0.000ns
    Phase Error              (PE):    0.000ns

    Location             Delay type                Incr(ns)  Path(ns)    Netlist Resource(s)
  -------------------------------------------------------------------    -------------------
                         (clock sys_clk_pin rise edge)
                                                      0.000     0.000 r  
    W5                                                0.000     0.000 r  clk_sys (IN)
                         net (fo=0)                   0.000     0.000    clk_sys
    W5                   IBUF (Prop_ibuf_I_O)         1.458     1.458 r  clk_sys_IBUF_inst/O
                         net (fo=1, routed)           1.967     3.425    clk_sys_IBUF
    BUFGCTRL_X0Y1        BUFG (Prop_bufg_I_O)         0.096     3.521 r  clk_sys_IBUF_BUFG_inst/O
                         net (fo=11, routed)          1.565     5.086    u_clkdiv/CLK
    SLICE_X36Y44         FDCE                                         r  u_clkdiv/cnt_reg[6]/C
  -------------------------------------------------------------------    -------------------
    SLICE_X36Y44         FDCE (Prop_fdce_C_Q)         0.419     5.505 f  u_clkdiv/cnt_reg[6]/Q
                         net (fo=7, routed)           0.831     6.337    u_clkdiv/cnt[6]
    SLICE_X36Y43         LUT6 (Prop_lut6_I3_O)        0.299     6.636 r  u_clkdiv/clk100k_i_2/O
                         net (fo=1, routed)           0.643     7.279    u_clkdiv/clk100k_i_2_n_0
    SLICE_X37Y43         LUT6 (Prop_lut6_I0_O)        0.124     7.403 r  u_clkdiv/clk100k_i_1/O
                         net (fo=1, routed)           0.000     7.403    u_clkdiv/clk100k_i_1_n_0
    SLICE_X37Y43         FDCE                                         r  u_clkdiv/clk100k_reg/D
  -------------------------------------------------------------------    -------------------

                         (clock sys_clk_pin rise edge)
                                                     10.000    10.000 r  
    W5                                                0.000    10.000 r  clk_sys (IN)
                         net (fo=0)                   0.000    10.000    clk_sys
    W5                   IBUF (Prop_ibuf_I_O)         1.388    11.388 r  clk_sys_IBUF_inst/O
                         net (fo=1, routed)           1.862    13.250    clk_sys_IBUF
    BUFGCTRL_X0Y1        BUFG (Prop_bufg_I_O)         0.091    13.341 r  clk_sys_IBUF_BUFG_inst/O
                         net (fo=11, routed)          1.445    14.786    u_clkdiv/CLK
    SLICE_X37Y43         FDCE                                         r  u_clkdiv/clk100k_reg/C
                         clock pessimism              0.275    15.061    
                         clock uncertainty           -0.035    15.026    
    SLICE_X37Y43         FDCE (Setup_fdce_C_D)        0.029    15.055    u_clkdiv/clk100k_reg
  -------------------------------------------------------------------
                         required time                         15.055    
                         arrival time                          -7.403    
  -------------------------------------------------------------------
                         slack                                  7.652    

Slack (MET) :             7.986ns  (required time - arrival time)
  Source:                 u_clkdiv/cnt_reg[3]/C
                            (rising edge-triggered cell FDCE clocked by sys_clk_pin  {rise@0.000ns fall@5.000ns period=10.000ns})
  Destination:            u_clkdiv/cnt_reg[3]/D
                            (rising edge-triggered cell FDCE clocked by sys_clk_pin  {rise@0.000ns fall@5.000ns period=10.000ns})
  Path Group:             sys_clk_pin
  Path Type:              Setup (Max at Slow Process Corner)
  Requirement:            10.000ns  (sys_clk_pin rise@10.000ns - sys_clk_pin rise@0.000ns)
  Data Path Delay:        2.026ns  (logic 0.608ns (30.012%)  route 1.418ns (69.988%))
  Logic Levels:           1  (LUT4=1)
  Clock Path Skew:        0.000ns (DCD - SCD + CPR)
    Destination Clock Delay (DCD):    4.785ns = ( 14.785 - 10.000 ) 
    Source Clock Delay      (SCD):    5.085ns
    Clock Pessimism Removal (CPR):    0.300ns
  Clock Uncertainty:      0.035ns  ((TSJ^2 + TIJ^2)^1/2 + DJ) / 2 + PE
    Total System Jitter     (TSJ):    0.071ns
    Total Input Jitter      (TIJ):    0.000ns
    Discrete Jitter          (DJ):    0.000ns
    Phase Error              (PE):    0.000ns

    Location             Delay type                Incr(ns)  Path(ns)    Netlist Resource(s)
  -------------------------------------------------------------------    -------------------
                         (clock sys_clk_pin rise edge)
                                                      0.000     0.000 r  
    W5                                                0.000     0.000 r  clk_sys (IN)
                         net (fo=0)                   0.000     0.000    clk_sys
    W5                   IBUF (Prop_ibuf_I_O)         1.458     1.458 r  clk_sys_IBUF_inst/O
                         net (fo=1, routed)           1.967     3.425    clk_sys_IBUF
    BUFGCTRL_X0Y1        BUFG (Prop_bufg_I_O)         0.096     3.521 r  clk_sys_IBUF_BUFG_inst/O
                         net (fo=11, routed)          1.564     5.085    u_clkdiv/CLK
    SLICE_X37Y42         FDCE                                         r  u_clkdiv/cnt_reg[3]/C
  -------------------------------------------------------------------    -------------------
    SLICE_X37Y42         FDCE (Prop_fdce_C_Q)         0.456     5.541 r  u_clkdiv/cnt_reg[3]/Q
                         net (fo=7, routed)           1.418     6.959    u_clkdiv/cnt[3]
    SLICE_X37Y42         LUT4 (Prop_lut4_I3_O)        0.152     7.111 r  u_clkdiv/cnt[3]_i_1/O
                         net (fo=1, routed)           0.000     7.111    u_clkdiv/cnt_0[3]
    SLICE_X37Y42         FDCE                                         r  u_clkdiv/cnt_reg[3]/D
  -------------------------------------------------------------------    -------------------

                         (clock sys_clk_pin rise edge)
                                                     10.000    10.000 r  
    W5                                                0.000    10.000 r  clk_sys (IN)
                         net (fo=0)                   0.000    10.000    clk_sys
    W5                   IBUF (Prop_ibuf_I_O)         1.388    11.388 r  clk_sys_IBUF_inst/O
                         net (fo=1, routed)           1.862    13.250    clk_sys_IBUF
    BUFGCTRL_X0Y1        BUFG (Prop_bufg_I_O)         0.091    13.341 r  clk_sys_IBUF_BUFG_inst/O
                         net (fo=11, routed)          1.444    14.785    u_clkdiv/CLK
    SLICE_X37Y42         FDCE                                         r  u_clkdiv/cnt_reg[3]/C
                         clock pessimism              0.300    15.085    
                         clock uncertainty           -0.035    15.050    
    SLICE_X37Y42         FDCE (Setup_fdce_C_D)        0.047    15.097    u_clkdiv/cnt_reg[3]
  -------------------------------------------------------------------
                         required time                         15.097    
                         arrival time                          -7.111    
  -------------------------------------------------------------------
                         slack                                  7.986    

Slack (MET) :             8.174ns  (required time - arrival time)
  Source:                 u_clkdiv/cnt_reg[0]/C
                            (rising edge-triggered cell FDCE clocked by sys_clk_pin  {rise@0.000ns fall@5.000ns period=10.000ns})
  Destination:            u_clkdiv/cnt_reg[0]/D
                            (rising edge-triggered cell FDCE clocked by sys_clk_pin  {rise@0.000ns fall@5.000ns period=10.000ns})
  Path Group:             sys_clk_pin
  Path Type:              Setup (Max at Slow Process Corner)
  Requirement:            10.000ns  (sys_clk_pin rise@10.000ns - sys_clk_pin rise@0.000ns)
  Data Path Delay:        1.819ns  (logic 0.580ns (31.878%)  route 1.239ns (68.122%))
  Logic Levels:           1  (LUT1=1)
  Clock Path Skew:        0.000ns (DCD - SCD + CPR)
    Destination Clock Delay (DCD):    4.785ns = ( 14.785 - 10.000 ) 
    Source Clock Delay      (SCD):    5.085ns
    Clock Pessimism Removal (CPR):    0.300ns
  Clock Uncertainty:      0.035ns  ((TSJ^2 + TIJ^2)^1/2 + DJ) / 2 + PE
    Total System Jitter     (TSJ):    0.071ns
    Total Input Jitter      (TIJ):    0.000ns
    Discrete Jitter          (DJ):    0.000ns
    Phase Error              (PE):    0.000ns

    Location             Delay type                Incr(ns)  Path(ns)    Netlist Resource(s)
  -------------------------------------------------------------------    -------------------
                         (clock sys_clk_pin rise edge)
                                                      0.000     0.000 r  
    W5                                                0.000     0.000 r  clk_sys (IN)
                         net (fo=0)                   0.000     0.000    clk_sys
    W5                   IBUF (Prop_ibuf_I_O)         1.458     1.458 r  clk_sys_IBUF_inst/O
                         net (fo=1, routed)           1.967     3.425    clk_sys_IBUF
    BUFGCTRL_X0Y1        BUFG (Prop_bufg_I_O)         0.096     3.521 r  clk_sys_IBUF_BUFG_inst/O
                         net (fo=11, routed)          1.564     5.085    u_clkdiv/CLK
    SLICE_X36Y42         FDCE                                         r  u_clkdiv/cnt_reg[0]/C
  -------------------------------------------------------------------    -------------------
    SLICE_X36Y42         FDCE (Prop_fdce_C_Q)         0.456     5.541 f  u_clkdiv/cnt_reg[0]/Q
                         net (fo=8, routed)           1.239     6.781    u_clkdiv/cnt[0]
    SLICE_X36Y42         LUT1 (Prop_lut1_I0_O)        0.124     6.905 r  u_clkdiv/cnt[0]_i_1/O
                         net (fo=1, routed)           0.000     6.905    u_clkdiv/cnt_0[0]
    SLICE_X36Y42         FDCE                                         r  u_clkdiv/cnt_reg[0]/D
  -------------------------------------------------------------------    -------------------

                         (clock sys_clk_pin rise edge)
                                                     10.000    10.000 r  
    W5                                                0.000    10.000 r  clk_sys (IN)
                         net (fo=0)                   0.000    10.000    clk_sys
    W5                   IBUF (Prop_ibuf_I_O)         1.388    11.388 r  clk_sys_IBUF_inst/O
                         net (fo=1, routed)           1.862    13.250    clk_sys_IBUF
    BUFGCTRL_X0Y1        BUFG (Prop_bufg_I_O)         0.091    13.341 r  clk_sys_IBUF_BUFG_inst/O
                         net (fo=11, routed)          1.444    14.785    u_clkdiv/CLK
    SLICE_X36Y42         FDCE                                         r  u_clkdiv/cnt_reg[0]/C
                         clock pessimism              0.300    15.085    
                         clock uncertainty           -0.035    15.050    
    SLICE_X36Y42         FDCE (Setup_fdce_C_D)        0.029    15.079    u_clkdiv/cnt_reg[0]
  -------------------------------------------------------------------
                         required time                         15.079    
                         arrival time                          -6.905    
  -------------------------------------------------------------------
                         slack                                  8.174    





Min Delay Paths
--------------------------------------------------------------------------------------
Slack (MET) :             0.180ns  (arrival time - required time)
  Source:                 u_clkdiv/cnt_reg[0]/C
                            (rising edge-triggered cell FDCE clocked by sys_clk_pin  {rise@0.000ns fall@5.000ns period=10.000ns})
  Destination:            u_clkdiv/cnt_reg[3]/D
                            (rising edge-triggered cell FDCE clocked by sys_clk_pin  {rise@0.000ns fall@5.000ns period=10.000ns})
  Path Group:             sys_clk_pin
  Path Type:              Hold (Min at Fast Process Corner)
  Requirement:            0.000ns  (sys_clk_pin rise@0.000ns - sys_clk_pin rise@0.000ns)
  Data Path Delay:        0.298ns  (logic 0.189ns (63.440%)  route 0.109ns (36.560%))
  Logic Levels:           1  (LUT4=1)
  Clock Path Skew:        0.013ns (DCD - SCD - CPR)
    Destination Clock Delay (DCD):    1.958ns
    Source Clock Delay      (SCD):    1.445ns
    Clock Pessimism Removal (CPR):    0.500ns

    Location             Delay type                Incr(ns)  Path(ns)    Netlist Resource(s)
  -------------------------------------------------------------------    -------------------
                         (clock sys_clk_pin rise edge)
                                                      0.000     0.000 r  
    W5                                                0.000     0.000 r  clk_sys (IN)
                         net (fo=0)                   0.000     0.000    clk_sys
    W5                   IBUF (Prop_ibuf_I_O)         0.226     0.226 r  clk_sys_IBUF_inst/O
                         net (fo=1, routed)           0.631     0.858    clk_sys_IBUF
    BUFGCTRL_X0Y1        BUFG (Prop_bufg_I_O)         0.026     0.884 r  clk_sys_IBUF_BUFG_inst/O
                         net (fo=11, routed)          0.562     1.445    u_clkdiv/CLK
    SLICE_X36Y42         FDCE                                         r  u_clkdiv/cnt_reg[0]/C
  -------------------------------------------------------------------    -------------------
    SLICE_X36Y42         FDCE (Prop_fdce_C_Q)         0.141     1.586 r  u_clkdiv/cnt_reg[0]/Q
                         net (fo=8, routed)           0.109     1.695    u_clkdiv/cnt[0]
    SLICE_X37Y42         LUT4 (Prop_lut4_I1_O)        0.048     1.743 r  u_clkdiv/cnt[3]_i_1/O
                         net (fo=1, routed)           0.000     1.743    u_clkdiv/cnt_0[3]
    SLICE_X37Y42         FDCE                                         r  u_clkdiv/cnt_reg[3]/D
  -------------------------------------------------------------------    -------------------

                         (clock sys_clk_pin rise edge)
                                                      0.000     0.000 r  
    W5                                                0.000     0.000 r  clk_sys (IN)
                         net (fo=0)                   0.000     0.000    clk_sys
    W5                   IBUF (Prop_ibuf_I_O)         0.414     0.414 r  clk_sys_IBUF_inst/O
                         net (fo=1, routed)           0.685     1.099    clk_sys_IBUF
    BUFGCTRL_X0Y1        BUFG (Prop_bufg_I_O)         0.029     1.128 r  clk_sys_IBUF_BUFG_inst/O
                         net (fo=11, routed)          0.831     1.958    u_clkdiv/CLK
    SLICE_X37Y42         FDCE                                         r  u_clkdiv/cnt_reg[3]/C
                         clock pessimism             -0.500     1.458    
    SLICE_X37Y42         FDCE (Hold_fdce_C_D)         0.105     1.563    u_clkdiv/cnt_reg[3]
  -------------------------------------------------------------------
                         required time                         -1.563    
                         arrival time                           1.743    
  -------------------------------------------------------------------
                         slack                                  0.180    

Slack (MET) :             0.273ns  (arrival time - required time)
  Source:                 u_clkdiv/cnt_reg[1]/C
                            (rising edge-triggered cell FDCE clocked by sys_clk_pin  {rise@0.000ns fall@5.000ns period=10.000ns})
  Destination:            u_clkdiv/clk100k_reg/D
                            (rising edge-triggered cell FDCE clocked by sys_clk_pin  {rise@0.000ns fall@5.000ns period=10.000ns})
  Path Group:             sys_clk_pin
  Path Type:              Hold (Min at Fast Process Corner)
  Requirement:            0.000ns  (sys_clk_pin rise@0.000ns - sys_clk_pin rise@0.000ns)
  Data Path Delay:        0.381ns  (logic 0.227ns (59.592%)  route 0.154ns (40.408%))
  Logic Levels:           1  (LUT6=1)
  Clock Path Skew:        0.017ns (DCD - SCD - CPR)
    Destination Clock Delay (DCD):    1.959ns
    Source Clock Delay      (SCD):    1.445ns
    Clock Pessimism Removal (CPR):    0.497ns

    Location             Delay type                Incr(ns)  Path(ns)    Netlist Resource(s)
  -------------------------------------------------------------------    -------------------
                         (clock sys_clk_pin rise edge)
                                                      0.000     0.000 r  
    W5                                                0.000     0.000 r  clk_sys (IN)
                         net (fo=0)                   0.000     0.000    clk_sys
    W5                   IBUF (Prop_ibuf_I_O)         0.226     0.226 r  clk_sys_IBUF_inst/O
                         net (fo=1, routed)           0.631     0.858    clk_sys_IBUF
    BUFGCTRL_X0Y1        BUFG (Prop_bufg_I_O)         0.026     0.884 r  clk_sys_IBUF_BUFG_inst/O
                         net (fo=11, routed)          0.562     1.445    u_clkdiv/CLK
    SLICE_X36Y42         FDCE                                         r  u_clkdiv/cnt_reg[1]/C
  -------------------------------------------------------------------    -------------------
    SLICE_X36Y42         FDCE (Prop_fdce_C_Q)         0.128     1.573 r  u_clkdiv/cnt_reg[1]/Q
                         net (fo=7, routed)           0.154     1.727    u_clkdiv/cnt[1]
    SLICE_X37Y43         LUT6 (Prop_lut6_I3_O)        0.099     1.826 r  u_clkdiv/clk100k_i_1/O
                         net (fo=1, routed)           0.000     1.826    u_clkdiv/clk100k_i_1_n_0
    SLICE_X37Y43         FDCE                                         r  u_clkdiv/clk100k_reg/D
  -------------------------------------------------------------------    -------------------

                         (clock sys_clk_pin rise edge)
                                                      0.000     0.000 r  
    W5                                                0.000     0.000 r  clk_sys (IN)
                         net (fo=0)                   0.000     0.000    clk_sys
    W5                   IBUF (Prop_ibuf_I_O)         0.414     0.414 r  clk_sys_IBUF_inst/O
                         net (fo=1, routed)           0.685     1.099    clk_sys_IBUF
    BUFGCTRL_X0Y1        BUFG (Prop_bufg_I_O)         0.029     1.128 r  clk_sys_IBUF_BUFG_inst/O
                         net (fo=11, routed)          0.832     1.959    u_clkdiv/CLK
    SLICE_X37Y43         FDCE                                         r  u_clkdiv/clk100k_reg/C
                         clock pessimism             -0.497     1.462    
    SLICE_X37Y43         FDCE (Hold_fdce_C_D)         0.091     1.553    u_clkdiv/clk100k_reg
  -------------------------------------------------------------------
                         required time                         -1.553    
                         arrival time                           1.826    
  -------------------------------------------------------------------
                         slack                                  0.273    

Slack (MET) :             0.291ns  (arrival time - required time)
  Source:                 u_clkdiv/cnt_reg[7]/C
                            (rising edge-triggered cell FDCE clocked by sys_clk_pin  {rise@0.000ns fall@5.000ns period=10.000ns})
  Destination:            u_clkdiv/cnt_reg[7]/D
                            (rising edge-triggered cell FDCE clocked by sys_clk_pin  {rise@0.000ns fall@5.000ns period=10.000ns})
  Path Group:             sys_clk_pin
  Path Type:              Hold (Min at Fast Process Corner)
  Requirement:            0.000ns  (sys_clk_pin rise@0.000ns - sys_clk_pin rise@0.000ns)
  Data Path Delay:        0.382ns  (logic 0.186ns (48.712%)  route 0.196ns (51.288%))
  Logic Levels:           1  (LUT6=1)
  Clock Path Skew:        0.000ns (DCD - SCD - CPR)
    Destination Clock Delay (DCD):    1.959ns
    Source Clock Delay      (SCD):    1.446ns
    Clock Pessimism Removal (CPR):    0.513ns

    Location             Delay type                Incr(ns)  Path(ns)    Netlist Resource(s)
  -------------------------------------------------------------------    -------------------
                         (clock sys_clk_pin rise edge)
                                                      0.000     0.000 r  
    W5                                                0.000     0.000 r  clk_sys (IN)
                         net (fo=0)                   0.000     0.000    clk_sys
    W5                   IBUF (Prop_ibuf_I_O)         0.226     0.226 r  clk_sys_IBUF_inst/O
                         net (fo=1, routed)           0.631     0.858    clk_sys_IBUF
    BUFGCTRL_X0Y1        BUFG (Prop_bufg_I_O)         0.026     0.884 r  clk_sys_IBUF_BUFG_inst/O
                         net (fo=11, routed)          0.563     1.446    u_clkdiv/CLK
    SLICE_X36Y43         FDCE                                         r  u_clkdiv/cnt_reg[7]/C
  -------------------------------------------------------------------    -------------------
    SLICE_X36Y43         FDCE (Prop_fdce_C_Q)         0.141     1.587 r  u_clkdiv/cnt_reg[7]/Q
                         net (fo=6, routed)           0.196     1.783    u_clkdiv/cnt[7]
    SLICE_X36Y43         LUT6 (Prop_lut6_I3_O)        0.045     1.828 r  u_clkdiv/cnt[7]_i_1/O
                         net (fo=1, routed)           0.000     1.828    u_clkdiv/cnt_0[7]
    SLICE_X36Y43         FDCE                                         r  u_clkdiv/cnt_reg[7]/D
  -------------------------------------------------------------------    -------------------

                         (clock sys_clk_pin rise edge)
                                                      0.000     0.000 r  
    W5                                                0.000     0.000 r  clk_sys (IN)
                         net (fo=0)                   0.000     0.000    clk_sys
    W5                   IBUF (Prop_ibuf_I_O)         0.414     0.414 r  clk_sys_IBUF_inst/O
                         net (fo=1, routed)           0.685     1.099    clk_sys_IBUF
    BUFGCTRL_X0Y1        BUFG (Prop_bufg_I_O)         0.029     1.128 r  clk_sys_IBUF_BUFG_inst/O
                         net (fo=11, routed)          0.832     1.959    u_clkdiv/CLK
    SLICE_X36Y43         FDCE                                         r  u_clkdiv/cnt_reg[7]/C
                         clock pessimism             -0.513     1.446    
    SLICE_X36Y43         FDCE (Hold_fdce_C_D)         0.091     1.537    u_clkdiv/cnt_reg[7]
  -------------------------------------------------------------------
                         required time                         -1.537    
                         arrival time                           1.828    
  -------------------------------------------------------------------
                         slack                                  0.291    

Slack (MET) :             0.292ns  (arrival time - required time)
  Source:                 u_clkdiv/cnt_reg[8]/C
                            (rising edge-triggered cell FDCE clocked by sys_clk_pin  {rise@0.000ns fall@5.000ns period=10.000ns})
  Destination:            u_clkdiv/cnt_reg[9]/D
                            (rising edge-triggered cell FDCE clocked by sys_clk_pin  {rise@0.000ns fall@5.000ns period=10.000ns})
  Path Group:             sys_clk_pin
  Path Type:              Hold (Min at Fast Process Corner)
  Requirement:            0.000ns  (sys_clk_pin rise@0.000ns - sys_clk_pin rise@0.000ns)
  Data Path Delay:        0.384ns  (logic 0.186ns (48.466%)  route 0.198ns (51.534%))
  Logic Levels:           1  (LUT6=1)
  Clock Path Skew:        0.000ns (DCD - SCD - CPR)
    Destination Clock Delay (DCD):    1.959ns
    Source Clock Delay      (SCD):    1.446ns
    Clock Pessimism Removal (CPR):    0.513ns

    Location             Delay type                Incr(ns)  Path(ns)    Netlist Resource(s)
  -------------------------------------------------------------------    -------------------
                         (clock sys_clk_pin rise edge)
                                                      0.000     0.000 r  
    W5                                                0.000     0.000 r  clk_sys (IN)
                         net (fo=0)                   0.000     0.000    clk_sys
    W5                   IBUF (Prop_ibuf_I_O)         0.226     0.226 r  clk_sys_IBUF_inst/O
                         net (fo=1, routed)           0.631     0.858    clk_sys_IBUF
    BUFGCTRL_X0Y1        BUFG (Prop_bufg_I_O)         0.026     0.884 r  clk_sys_IBUF_BUFG_inst/O
                         net (fo=11, routed)          0.563     1.446    u_clkdiv/CLK
    SLICE_X36Y44         FDCE                                         r  u_clkdiv/cnt_reg[8]/C
  -------------------------------------------------------------------    -------------------
    SLICE_X36Y44         FDCE (Prop_fdce_C_Q)         0.141     1.587 r  u_clkdiv/cnt_reg[8]/Q
                         net (fo=6, routed)           0.198     1.785    u_clkdiv/cnt[8]
    SLICE_X36Y44         LUT6 (Prop_lut6_I2_O)        0.045     1.830 r  u_clkdiv/cnt[9]_i_1/O
                         net (fo=1, routed)           0.000     1.830    u_clkdiv/cnt_0[9]
    SLICE_X36Y44         FDCE                                         r  u_clkdiv/cnt_reg[9]/D
  -------------------------------------------------------------------    -------------------

                         (clock sys_clk_pin rise edge)
                                                      0.000     0.000 r  
    W5                                                0.000     0.000 r  clk_sys (IN)
                         net (fo=0)                   0.000     0.000    clk_sys
    W5                   IBUF (Prop_ibuf_I_O)         0.414     0.414 r  clk_sys_IBUF_inst/O
                         net (fo=1, routed)           0.685     1.099    clk_sys_IBUF
    BUFGCTRL_X0Y1        BUFG (Prop_bufg_I_O)         0.029     1.128 r  clk_sys_IBUF_BUFG_inst/O
                         net (fo=11, routed)          0.832     1.959    u_clkdiv/CLK
    SLICE_X36Y44         FDCE                                         r  u_clkdiv/cnt_reg[9]/C
                         clock pessimism             -0.513     1.446    
    SLICE_X36Y44         FDCE (Hold_fdce_C_D)         0.092     1.538    u_clkdiv/cnt_reg[9]
  -------------------------------------------------------------------
                         required time                         -1.538    
                         arrival time                           1.830    
  -------------------------------------------------------------------
                         slack                                  0.292    

Slack (MET) :             0.296ns  (arrival time - required time)
  Source:                 u_clkdiv/cnt_reg[9]/C
                            (rising edge-triggered cell FDCE clocked by sys_clk_pin  {rise@0.000ns fall@5.000ns period=10.000ns})
  Destination:            u_clkdiv/cnt_reg[2]/D
                            (rising edge-triggered cell FDCE clocked by sys_clk_pin  {rise@0.000ns fall@5.000ns period=10.000ns})
  Path Group:             sys_clk_pin
  Path Type:              Hold (Min at Fast Process Corner)
  Requirement:            0.000ns  (sys_clk_pin rise@0.000ns - sys_clk_pin rise@0.000ns)
  Data Path Delay:        0.404ns  (logic 0.186ns (45.991%)  route 0.218ns (54.009%))
  Logic Levels:           1  (LUT6=1)
  Clock Path Skew:        0.016ns (DCD - SCD - CPR)
    Destination Clock Delay (DCD):    1.959ns
    Source Clock Delay      (SCD):    1.446ns
    Clock Pessimism Removal (CPR):    0.497ns

    Location             Delay type                Incr(ns)  Path(ns)    Netlist Resource(s)
  -------------------------------------------------------------------    -------------------
                         (clock sys_clk_pin rise edge)
                                                      0.000     0.000 r  
    W5                                                0.000     0.000 r  clk_sys (IN)
                         net (fo=0)                   0.000     0.000    clk_sys
    W5                   IBUF (Prop_ibuf_I_O)         0.226     0.226 r  clk_sys_IBUF_inst/O
                         net (fo=1, routed)           0.631     0.858    clk_sys_IBUF
    BUFGCTRL_X0Y1        BUFG (Prop_bufg_I_O)         0.026     0.884 r  clk_sys_IBUF_BUFG_inst/O
                         net (fo=11, routed)          0.563     1.446    u_clkdiv/CLK
    SLICE_X36Y44         FDCE                                         r  u_clkdiv/cnt_reg[9]/C
  -------------------------------------------------------------------    -------------------
    SLICE_X36Y44         FDCE (Prop_fdce_C_Q)         0.141     1.587 r  u_clkdiv/cnt_reg[9]/Q
                         net (fo=6, routed)           0.218     1.806    u_clkdiv/cnt[9]
    SLICE_X37Y43         LUT6 (Prop_lut6_I1_O)        0.045     1.851 r  u_clkdiv/cnt[2]_i_1/O
                         net (fo=1, routed)           0.000     1.851    u_clkdiv/cnt_0[2]
    SLICE_X37Y43         FDCE                                         r  u_clkdiv/cnt_reg[2]/D
  -------------------------------------------------------------------    -------------------

                         (clock sys_clk_pin rise edge)
                                                      0.000     0.000 r  
    W5                                                0.000     0.000 r  clk_sys (IN)
                         net (fo=0)                   0.000     0.000    clk_sys
    W5                   IBUF (Prop_ibuf_I_O)         0.414     0.414 r  clk_sys_IBUF_inst/O
                         net (fo=1, routed)           0.685     1.099    clk_sys_IBUF
    BUFGCTRL_X0Y1        BUFG (Prop_bufg_I_O)         0.029     1.128 r  clk_sys_IBUF_BUFG_inst/O
                         net (fo=11, routed)          0.832     1.959    u_clkdiv/CLK
    SLICE_X37Y43         FDCE                                         r  u_clkdiv/cnt_reg[2]/C
                         clock pessimism             -0.497     1.462    
    SLICE_X37Y43         FDCE (Hold_fdce_C_D)         0.092     1.554    u_clkdiv/cnt_reg[2]
  -------------------------------------------------------------------
                         required time                         -1.554    
                         arrival time                           1.851    
  -------------------------------------------------------------------
                         slack                                  0.296    

Slack (MET) :             0.337ns  (arrival time - required time)
  Source:                 u_clkdiv/cnt_reg[4]/C
                            (rising edge-triggered cell FDCE clocked by sys_clk_pin  {rise@0.000ns fall@5.000ns period=10.000ns})
  Destination:            u_clkdiv/cnt_reg[4]/D
                            (rising edge-triggered cell FDCE clocked by sys_clk_pin  {rise@0.000ns fall@5.000ns period=10.000ns})
  Path Group:             sys_clk_pin
  Path Type:              Hold (Min at Fast Process Corner)
  Requirement:            0.000ns  (sys_clk_pin rise@0.000ns - sys_clk_pin rise@0.000ns)
  Data Path Delay:        0.429ns  (logic 0.186ns (43.343%)  route 0.243ns (56.657%))
  Logic Levels:           1  (LUT6=1)
  Clock Path Skew:        0.000ns (DCD - SCD - CPR)
    Destination Clock Delay (DCD):    1.959ns
    Source Clock Delay      (SCD):    1.446ns
    Clock Pessimism Removal (CPR):    0.513ns

    Location             Delay type                Incr(ns)  Path(ns)    Netlist Resource(s)
  -------------------------------------------------------------------    -------------------
                         (clock sys_clk_pin rise edge)
                                                      0.000     0.000 r  
    W5                                                0.000     0.000 r  clk_sys (IN)
                         net (fo=0)                   0.000     0.000    clk_sys
    W5                   IBUF (Prop_ibuf_I_O)         0.226     0.226 r  clk_sys_IBUF_inst/O
                         net (fo=1, routed)           0.631     0.858    clk_sys_IBUF
    BUFGCTRL_X0Y1        BUFG (Prop_bufg_I_O)         0.026     0.884 r  clk_sys_IBUF_BUFG_inst/O
                         net (fo=11, routed)          0.563     1.446    u_clkdiv/CLK
    SLICE_X37Y43         FDCE                                         r  u_clkdiv/cnt_reg[4]/C
  -------------------------------------------------------------------    -------------------
    SLICE_X37Y43         FDCE (Prop_fdce_C_Q)         0.141     1.587 r  u_clkdiv/cnt_reg[4]/Q
                         net (fo=6, routed)           0.243     1.830    u_clkdiv/cnt[4]
    SLICE_X37Y43         LUT6 (Prop_lut6_I2_O)        0.045     1.875 r  u_clkdiv/cnt[4]_i_1/O
                         net (fo=1, routed)           0.000     1.875    u_clkdiv/cnt_0[4]
    SLICE_X37Y43         FDCE                                         r  u_clkdiv/cnt_reg[4]/D
  -------------------------------------------------------------------    -------------------

                         (clock sys_clk_pin rise edge)
                                                      0.000     0.000 r  
    W5                                                0.000     0.000 r  clk_sys (IN)
                         net (fo=0)                   0.000     0.000    clk_sys
    W5                   IBUF (Prop_ibuf_I_O)         0.414     0.414 r  clk_sys_IBUF_inst/O
                         net (fo=1, routed)           0.685     1.099    clk_sys_IBUF
    BUFGCTRL_X0Y1        BUFG (Prop_bufg_I_O)         0.029     1.128 r  clk_sys_IBUF_BUFG_inst/O
                         net (fo=11, routed)          0.832     1.959    u_clkdiv/CLK
    SLICE_X37Y43         FDCE                                         r  u_clkdiv/cnt_reg[4]/C
                         clock pessimism             -0.513     1.446    
    SLICE_X37Y43         FDCE (Hold_fdce_C_D)         0.092     1.538    u_clkdiv/cnt_reg[4]
  -------------------------------------------------------------------
                         required time                         -1.538    
                         arrival time                           1.875    
  -------------------------------------------------------------------
                         slack                                  0.337    

Slack (MET) :             0.343ns  (arrival time - required time)
  Source:                 u_clkdiv/cnt_reg[8]/C
                            (rising edge-triggered cell FDCE clocked by sys_clk_pin  {rise@0.000ns fall@5.000ns period=10.000ns})
  Destination:            u_clkdiv/cnt_reg[8]/D
                            (rising edge-triggered cell FDCE clocked by sys_clk_pin  {rise@0.000ns fall@5.000ns period=10.000ns})
  Path Group:             sys_clk_pin
  Path Type:              Hold (Min at Fast Process Corner)
  Requirement:            0.000ns  (sys_clk_pin rise@0.000ns - sys_clk_pin rise@0.000ns)
  Data Path Delay:        0.435ns  (logic 0.186ns (42.769%)  route 0.249ns (57.231%))
  Logic Levels:           1  (LUT6=1)
  Clock Path Skew:        0.000ns (DCD - SCD - CPR)
    Destination Clock Delay (DCD):    1.959ns
    Source Clock Delay      (SCD):    1.446ns
    Clock Pessimism Removal (CPR):    0.513ns

    Location             Delay type                Incr(ns)  Path(ns)    Netlist Resource(s)
  -------------------------------------------------------------------    -------------------
                         (clock sys_clk_pin rise edge)
                                                      0.000     0.000 r  
    W5                                                0.000     0.000 r  clk_sys (IN)
                         net (fo=0)                   0.000     0.000    clk_sys
    W5                   IBUF (Prop_ibuf_I_O)         0.226     0.226 r  clk_sys_IBUF_inst/O
                         net (fo=1, routed)           0.631     0.858    clk_sys_IBUF
    BUFGCTRL_X0Y1        BUFG (Prop_bufg_I_O)         0.026     0.884 r  clk_sys_IBUF_BUFG_inst/O
                         net (fo=11, routed)          0.563     1.446    u_clkdiv/CLK
    SLICE_X36Y44         FDCE                                         r  u_clkdiv/cnt_reg[8]/C
  -------------------------------------------------------------------    -------------------
    SLICE_X36Y44         FDCE (Prop_fdce_C_Q)         0.141     1.587 r  u_clkdiv/cnt_reg[8]/Q
                         net (fo=6, routed)           0.249     1.836    u_clkdiv/cnt[8]
    SLICE_X36Y44         LUT6 (Prop_lut6_I2_O)        0.045     1.881 r  u_clkdiv/cnt[8]_i_1/O
                         net (fo=1, routed)           0.000     1.881    u_clkdiv/cnt_0[8]
    SLICE_X36Y44         FDCE                                         r  u_clkdiv/cnt_reg[8]/D
  -------------------------------------------------------------------    -------------------

                         (clock sys_clk_pin rise edge)
                                                      0.000     0.000 r  
    W5                                                0.000     0.000 r  clk_sys (IN)
                         net (fo=0)                   0.000     0.000    clk_sys
    W5                   IBUF (Prop_ibuf_I_O)         0.414     0.414 r  clk_sys_IBUF_inst/O
                         net (fo=1, routed)           0.685     1.099    clk_sys_IBUF
    BUFGCTRL_X0Y1        BUFG (Prop_bufg_I_O)         0.029     1.128 r  clk_sys_IBUF_BUFG_inst/O
                         net (fo=11, routed)          0.832     1.959    u_clkdiv/CLK
    SLICE_X36Y44         FDCE                                         r  u_clkdiv/cnt_reg[8]/C
                         clock pessimism             -0.513     1.446    
    SLICE_X36Y44         FDCE (Hold_fdce_C_D)         0.092     1.538    u_clkdiv/cnt_reg[8]
  -------------------------------------------------------------------
                         required time                         -1.538    
                         arrival time                           1.881    
  -------------------------------------------------------------------
                         slack                                  0.343    

Slack (MET) :             0.399ns  (arrival time - required time)
  Source:                 u_clkdiv/cnt_reg[2]/C
                            (rising edge-triggered cell FDCE clocked by sys_clk_pin  {rise@0.000ns fall@5.000ns period=10.000ns})
  Destination:            u_clkdiv/cnt_reg[5]/D
                            (rising edge-triggered cell FDCE clocked by sys_clk_pin  {rise@0.000ns fall@5.000ns period=10.000ns})
  Path Group:             sys_clk_pin
  Path Type:              Hold (Min at Fast Process Corner)
  Requirement:            0.000ns  (sys_clk_pin rise@0.000ns - sys_clk_pin rise@0.000ns)
  Data Path Delay:        0.506ns  (logic 0.186ns (36.744%)  route 0.320ns (63.256%))
  Logic Levels:           1  (LUT5=1)
  Clock Path Skew:        0.016ns (DCD - SCD - CPR)
    Destination Clock Delay (DCD):    1.959ns
    Source Clock Delay      (SCD):    1.446ns
    Clock Pessimism Removal (CPR):    0.497ns

    Location             Delay type                Incr(ns)  Path(ns)    Netlist Resource(s)
  -------------------------------------------------------------------    -------------------
                         (clock sys_clk_pin rise edge)
                                                      0.000     0.000 r  
    W5                                                0.000     0.000 r  clk_sys (IN)
                         net (fo=0)                   0.000     0.000    clk_sys
    W5                   IBUF (Prop_ibuf_I_O)         0.226     0.226 r  clk_sys_IBUF_inst/O
                         net (fo=1, routed)           0.631     0.858    clk_sys_IBUF
    BUFGCTRL_X0Y1        BUFG (Prop_bufg_I_O)         0.026     0.884 r  clk_sys_IBUF_BUFG_inst/O
                         net (fo=11, routed)          0.563     1.446    u_clkdiv/CLK
    SLICE_X37Y43         FDCE                                         r  u_clkdiv/cnt_reg[2]/C
  -------------------------------------------------------------------    -------------------
    SLICE_X37Y43         FDCE (Prop_fdce_C_Q)         0.141     1.587 f  u_clkdiv/cnt_reg[2]/Q
                         net (fo=9, routed)           0.320     1.907    u_clkdiv/cnt[2]
    SLICE_X36Y44         LUT5 (Prop_lut5_I2_O)        0.045     1.952 r  u_clkdiv/cnt[5]_i_1/O
                         net (fo=1, routed)           0.000     1.952    u_clkdiv/cnt_0[5]
    SLICE_X36Y44         FDCE                                         r  u_clkdiv/cnt_reg[5]/D
  -------------------------------------------------------------------    -------------------

                         (clock sys_clk_pin rise edge)
                                                      0.000     0.000 r  
    W5                                                0.000     0.000 r  clk_sys (IN)
                         net (fo=0)                   0.000     0.000    clk_sys
    W5                   IBUF (Prop_ibuf_I_O)         0.414     0.414 r  clk_sys_IBUF_inst/O
                         net (fo=1, routed)           0.685     1.099    clk_sys_IBUF
    BUFGCTRL_X0Y1        BUFG (Prop_bufg_I_O)         0.029     1.128 r  clk_sys_IBUF_BUFG_inst/O
                         net (fo=11, routed)          0.832     1.959    u_clkdiv/CLK
    SLICE_X36Y44         FDCE                                         r  u_clkdiv/cnt_reg[5]/C
                         clock pessimism             -0.497     1.462    
    SLICE_X36Y44         FDCE (Hold_fdce_C_D)         0.091     1.553    u_clkdiv/cnt_reg[5]
  -------------------------------------------------------------------
                         required time                         -1.553    
                         arrival time                           1.952    
  -------------------------------------------------------------------
                         slack                                  0.399    

Slack (MET) :             0.404ns  (arrival time - required time)
  Source:                 u_clkdiv/cnt_reg[0]/C
                            (rising edge-triggered cell FDCE clocked by sys_clk_pin  {rise@0.000ns fall@5.000ns period=10.000ns})
  Destination:            u_clkdiv/cnt_reg[6]/D
                            (rising edge-triggered cell FDCE clocked by sys_clk_pin  {rise@0.000ns fall@5.000ns period=10.000ns})
  Path Group:             sys_clk_pin
  Path Type:              Hold (Min at Fast Process Corner)
  Requirement:            0.000ns  (sys_clk_pin rise@0.000ns - sys_clk_pin rise@0.000ns)
  Data Path Delay:        0.528ns  (logic 0.234ns (44.337%)  route 0.294ns (55.663%))
  Logic Levels:           2  (LUT4=1 LUT5=1)
  Clock Path Skew:        0.017ns (DCD - SCD - CPR)
    Destination Clock Delay (DCD):    1.959ns
    Source Clock Delay      (SCD):    1.445ns
    Clock Pessimism Removal (CPR):    0.497ns

    Location             Delay type                Incr(ns)  Path(ns)    Netlist Resource(s)
  -------------------------------------------------------------------    -------------------
                         (clock sys_clk_pin rise edge)
                                                      0.000     0.000 r  
    W5                                                0.000     0.000 r  clk_sys (IN)
                         net (fo=0)                   0.000     0.000    clk_sys
    W5                   IBUF (Prop_ibuf_I_O)         0.226     0.226 r  clk_sys_IBUF_inst/O
                         net (fo=1, routed)           0.631     0.858    clk_sys_IBUF
    BUFGCTRL_X0Y1        BUFG (Prop_bufg_I_O)         0.026     0.884 r  clk_sys_IBUF_BUFG_inst/O
                         net (fo=11, routed)          0.562     1.445    u_clkdiv/CLK
    SLICE_X36Y42         FDCE                                         r  u_clkdiv/cnt_reg[0]/C
  -------------------------------------------------------------------    -------------------
    SLICE_X36Y42         FDCE (Prop_fdce_C_Q)         0.141     1.586 r  u_clkdiv/cnt_reg[0]/Q
                         net (fo=8, routed)           0.109     1.695    u_clkdiv/cnt[0]
    SLICE_X37Y42         LUT5 (Prop_lut5_I3_O)        0.045     1.740 f  u_clkdiv/cnt[9]_i_2/O
                         net (fo=5, routed)           0.185     1.925    u_clkdiv/cnt[9]_i_2_n_0
    SLICE_X36Y44         LUT4 (Prop_lut4_I1_O)        0.048     1.973 r  u_clkdiv/cnt[6]_i_1/O
                         net (fo=1, routed)           0.000     1.973    u_clkdiv/cnt_0[6]
    SLICE_X36Y44         FDCE                                         r  u_clkdiv/cnt_reg[6]/D
  -------------------------------------------------------------------    -------------------

                         (clock sys_clk_pin rise edge)
                                                      0.000     0.000 r  
    W5                                                0.000     0.000 r  clk_sys (IN)
                         net (fo=0)                   0.000     0.000    clk_sys
    W5                   IBUF (Prop_ibuf_I_O)         0.414     0.414 r  clk_sys_IBUF_inst/O
                         net (fo=1, routed)           0.685     1.099    clk_sys_IBUF
    BUFGCTRL_X0Y1        BUFG (Prop_bufg_I_O)         0.029     1.128 r  clk_sys_IBUF_BUFG_inst/O
                         net (fo=11, routed)          0.832     1.959    u_clkdiv/CLK
    SLICE_X36Y44         FDCE                                         r  u_clkdiv/cnt_reg[6]/C
                         clock pessimism             -0.497     1.462    
    SLICE_X36Y44         FDCE (Hold_fdce_C_D)         0.107     1.569    u_clkdiv/cnt_reg[6]
  -------------------------------------------------------------------
                         required time                         -1.569    
                         arrival time                           1.973    
  -------------------------------------------------------------------
                         slack                                  0.404    

Slack (MET) :             0.512ns  (arrival time - required time)
  Source:                 u_clkdiv/cnt_reg[1]/C
                            (rising edge-triggered cell FDCE clocked by sys_clk_pin  {rise@0.000ns fall@5.000ns period=10.000ns})
  Destination:            u_clkdiv/cnt_reg[1]/D
                            (rising edge-triggered cell FDCE clocked by sys_clk_pin  {rise@0.000ns fall@5.000ns period=10.000ns})
  Path Group:             sys_clk_pin
  Path Type:              Hold (Min at Fast Process Corner)
  Requirement:            0.000ns  (sys_clk_pin rise@0.000ns - sys_clk_pin rise@0.000ns)
  Data Path Delay:        0.619ns  (logic 0.226ns (36.506%)  route 0.393ns (63.494%))
  Logic Levels:           1  (LUT2=1)
  Clock Path Skew:        0.000ns (DCD - SCD - CPR)
    Destination Clock Delay (DCD):    1.958ns
    Source Clock Delay      (SCD):    1.445ns
    Clock Pessimism Removal (CPR):    0.513ns

    Location             Delay type                Incr(ns)  Path(ns)    Netlist Resource(s)
  -------------------------------------------------------------------    -------------------
                         (clock sys_clk_pin rise edge)
                                                      0.000     0.000 r  
    W5                                                0.000     0.000 r  clk_sys (IN)
                         net (fo=0)                   0.000     0.000    clk_sys
    W5                   IBUF (Prop_ibuf_I_O)         0.226     0.226 r  clk_sys_IBUF_inst/O
                         net (fo=1, routed)           0.631     0.858    clk_sys_IBUF
    BUFGCTRL_X0Y1        BUFG (Prop_bufg_I_O)         0.026     0.884 r  clk_sys_IBUF_BUFG_inst/O
                         net (fo=11, routed)          0.562     1.445    u_clkdiv/CLK
    SLICE_X36Y42         FDCE                                         r  u_clkdiv/cnt_reg[1]/C
  -------------------------------------------------------------------    -------------------
    SLICE_X36Y42         FDCE (Prop_fdce_C_Q)         0.128     1.573 r  u_clkdiv/cnt_reg[1]/Q
                         net (fo=7, routed)           0.393     1.966    u_clkdiv/cnt[1]
    SLICE_X36Y42         LUT2 (Prop_lut2_I1_O)        0.098     2.064 r  u_clkdiv/cnt[1]_i_1/O
                         net (fo=1, routed)           0.000     2.064    u_clkdiv/cnt_0[1]
    SLICE_X36Y42         FDCE                                         r  u_clkdiv/cnt_reg[1]/D
  -------------------------------------------------------------------    -------------------

                         (clock sys_clk_pin rise edge)
                                                      0.000     0.000 r  
    W5                                                0.000     0.000 r  clk_sys (IN)
                         net (fo=0)                   0.000     0.000    clk_sys
    W5                   IBUF (Prop_ibuf_I_O)         0.414     0.414 r  clk_sys_IBUF_inst/O
                         net (fo=1, routed)           0.685     1.099    clk_sys_IBUF
    BUFGCTRL_X0Y1        BUFG (Prop_bufg_I_O)         0.029     1.128 r  clk_sys_IBUF_BUFG_inst/O
                         net (fo=11, routed)          0.831     1.958    u_clkdiv/CLK
    SLICE_X36Y42         FDCE                                         r  u_clkdiv/cnt_reg[1]/C
                         clock pessimism             -0.513     1.445    
    SLICE_X36Y42         FDCE (Hold_fdce_C_D)         0.107     1.552    u_clkdiv/cnt_reg[1]
  -------------------------------------------------------------------
                         required time                         -1.552    
                         arrival time                           2.064    
  -------------------------------------------------------------------
                         slack                                  0.512    





Pulse Width Checks
--------------------------------------------------------------------------------------
Clock Name:         sys_clk_pin
Waveform(ns):       { 0.000 5.000 }
Period(ns):         10.000
Sources:            { clk_sys }

Check Type        Corner  Lib Pin  Reference Pin  Required(ns)  Actual(ns)  Slack(ns)  Location       Pin
Min Period        n/a     BUFG/I   n/a            2.155         10.000      7.845      BUFGCTRL_X0Y1  clk_sys_IBUF_BUFG_inst/I
Min Period        n/a     FDCE/C   n/a            1.000         10.000      9.000      SLICE_X37Y43   u_clkdiv/clk100k_reg/C
Min Period        n/a     FDCE/C   n/a            1.000         10.000      9.000      SLICE_X36Y42   u_clkdiv/cnt_reg[0]/C
Min Period        n/a     FDCE/C   n/a            1.000         10.000      9.000      SLICE_X36Y42   u_clkdiv/cnt_reg[1]/C
Min Period        n/a     FDCE/C   n/a            1.000         10.000      9.000      SLICE_X37Y43   u_clkdiv/cnt_reg[2]/C
Min Period        n/a     FDCE/C   n/a            1.000         10.000      9.000      SLICE_X37Y42   u_clkdiv/cnt_reg[3]/C
Min Period        n/a     FDCE/C   n/a            1.000         10.000      9.000      SLICE_X37Y43   u_clkdiv/cnt_reg[4]/C
Min Period        n/a     FDCE/C   n/a            1.000         10.000      9.000      SLICE_X36Y44   u_clkdiv/cnt_reg[5]/C
Min Period        n/a     FDCE/C   n/a            1.000         10.000      9.000      SLICE_X36Y44   u_clkdiv/cnt_reg[6]/C
Min Period        n/a     FDCE/C   n/a            1.000         10.000      9.000      SLICE_X36Y43   u_clkdiv/cnt_reg[7]/C
Low Pulse Width   Slow    FDCE/C   n/a            0.500         5.000       4.500      SLICE_X37Y43   u_clkdiv/clk100k_reg/C
Low Pulse Width   Fast    FDCE/C   n/a            0.500         5.000       4.500      SLICE_X37Y43   u_clkdiv/clk100k_reg/C
Low Pulse Width   Slow    FDCE/C   n/a            0.500         5.000       4.500      SLICE_X36Y42   u_clkdiv/cnt_reg[0]/C
Low Pulse Width   Fast    FDCE/C   n/a            0.500         5.000       4.500      SLICE_X36Y42   u_clkdiv/cnt_reg[0]/C
Low Pulse Width   Slow    FDCE/C   n/a            0.500         5.000       4.500      SLICE_X36Y42   u_clkdiv/cnt_reg[1]/C
Low Pulse Width   Fast    FDCE/C   n/a            0.500         5.000       4.500      SLICE_X36Y42   u_clkdiv/cnt_reg[1]/C
Low Pulse Width   Slow    FDCE/C   n/a            0.500         5.000       4.500      SLICE_X37Y43   u_clkdiv/cnt_reg[2]/C
Low Pulse Width   Fast    FDCE/C   n/a            0.500         5.000       4.500      SLICE_X37Y43   u_clkdiv/cnt_reg[2]/C
Low Pulse Width   Slow    FDCE/C   n/a            0.500         5.000       4.500      SLICE_X37Y42   u_clkdiv/cnt_reg[3]/C
Low Pulse Width   Fast    FDCE/C   n/a            0.500         5.000       4.500      SLICE_X37Y42   u_clkdiv/cnt_reg[3]/C
High Pulse Width  Slow    FDCE/C   n/a            0.500         5.000       4.500      SLICE_X37Y43   u_clkdiv/clk100k_reg/C
High Pulse Width  Fast    FDCE/C   n/a            0.500         5.000       4.500      SLICE_X37Y43   u_clkdiv/clk100k_reg/C
High Pulse Width  Slow    FDCE/C   n/a            0.500         5.000       4.500      SLICE_X36Y42   u_clkdiv/cnt_reg[0]/C
High Pulse Width  Fast    FDCE/C   n/a            0.500         5.000       4.500      SLICE_X36Y42   u_clkdiv/cnt_reg[0]/C
High Pulse Width  Slow    FDCE/C   n/a            0.500         5.000       4.500      SLICE_X36Y42   u_clkdiv/cnt_reg[1]/C
High Pulse Width  Fast    FDCE/C   n/a            0.500         5.000       4.500      SLICE_X36Y42   u_clkdiv/cnt_reg[1]/C
High Pulse Width  Slow    FDCE/C   n/a            0.500         5.000       4.500      SLICE_X37Y43   u_clkdiv/cnt_reg[2]/C
High Pulse Width  Fast    FDCE/C   n/a            0.500         5.000       4.500      SLICE_X37Y43   u_clkdiv/cnt_reg[2]/C
High Pulse Width  Slow    FDCE/C   n/a            0.500         5.000       4.500      SLICE_X37Y42   u_clkdiv/cnt_reg[3]/C
High Pulse Width  Fast    FDCE/C   n/a            0.500         5.000       4.500      SLICE_X37Y42   u_clkdiv/cnt_reg[3]/C



--------------------------------------------------------------------------------------
Path Group:  (none)
From Clock:  
  To Clock:  

Max Delay            85 Endpoints
Min Delay            85 Endpoints
--------------------------------------------------------------------------------------


Max Delay Paths
--------------------------------------------------------------------------------------
Slack:                    inf
  Source:                 u_servo/Servo_reg/C
                            (rising edge-triggered cell FDCE)
  Destination:            Servo
                            (output port)
  Path Group:             (none)
  Path Type:              Max at Slow Process Corner
  Data Path Delay:        8.591ns  (logic 4.023ns (46.827%)  route 4.568ns (53.173%))
  Logic Levels:           2  (FDCE=1 OBUF=1)

    Location             Delay type                Incr(ns)  Path(ns)    Netlist Resource(s)
  -------------------------------------------------------------------    -------------------
    SLICE_X6Y44          FDCE                         0.000     0.000 r  u_servo/Servo_reg/C
    SLICE_X6Y44          FDCE (Prop_fdce_C_Q)         0.518     0.518 r  u_servo/Servo_reg/Q
                         net (fo=1, routed)           4.568     5.086    Servo_OBUF
    J1                   OBUF (Prop_obuf_I_O)         3.505     8.591 r  Servo_OBUF_inst/O
                         net (fo=0)                   0.000     8.591    Servo
    J1                                                                r  Servo (OUT)
  -------------------------------------------------------------------    -------------------

Slack:                    inf
  Source:                 u_servo/FSM_onehot_state_reg[0]/C
                            (rising edge-triggered cell FDPE)
  Destination:            LED1
                            (output port)
  Path Group:             (none)
  Path Type:              Max at Slow Process Corner
  Data Path Delay:        7.158ns  (logic 3.961ns (55.336%)  route 3.197ns (44.664%))
  Logic Levels:           2  (FDPE=1 OBUF=1)

    Location             Delay type                Incr(ns)  Path(ns)    Netlist Resource(s)
  -------------------------------------------------------------------    -------------------
    SLICE_X0Y44          FDPE                         0.000     0.000 r  u_servo/FSM_onehot_state_reg[0]/C
    SLICE_X0Y44          FDPE (Prop_fdpe_C_Q)         0.456     0.456 r  u_servo/FSM_onehot_state_reg[0]/Q
                         net (fo=8, routed)           3.197     3.653    LED1_OBUF
    U16                  OBUF (Prop_obuf_I_O)         3.505     7.158 r  LED1_OBUF_inst/O
                         net (fo=0)                   0.000     7.158    LED1
    U16                                                               r  LED1 (OUT)
  -------------------------------------------------------------------    -------------------

Slack:                    inf
  Source:                 u_servo/FSM_onehot_state_reg[2]/C
                            (rising edge-triggered cell FDCE)
  Destination:            LED3
                            (output port)
  Path Group:             (none)
  Path Type:              Max at Slow Process Corner
  Data Path Delay:        6.656ns  (logic 4.095ns (61.522%)  route 2.561ns (38.478%))
  Logic Levels:           2  (FDCE=1 OBUF=1)

    Location             Delay type                Incr(ns)  Path(ns)    Netlist Resource(s)
  -------------------------------------------------------------------    -------------------
    SLICE_X3Y44          FDCE                         0.000     0.000 r  u_servo/FSM_onehot_state_reg[2]/C
    SLICE_X3Y44          FDCE (Prop_fdce_C_Q)         0.419     0.419 r  u_servo/FSM_onehot_state_reg[2]/Q
                         net (fo=8, routed)           2.561     2.980    LED3_OBUF
    U19                  OBUF (Prop_obuf_I_O)         3.676     6.656 r  LED3_OBUF_inst/O
                         net (fo=0)                   0.000     6.656    LED3
    U19                                                               r  LED3 (OUT)
  -------------------------------------------------------------------    -------------------

Slack:                    inf
  Source:                 u_servo/FSM_onehot_state_reg[1]/C
                            (rising edge-triggered cell FDCE)
  Destination:            LED2
                            (output port)
  Path Group:             (none)
  Path Type:              Max at Slow Process Corner
  Data Path Delay:        5.822ns  (logic 3.986ns (68.461%)  route 1.836ns (31.539%))
  Logic Levels:           2  (FDCE=1 OBUF=1)

    Location             Delay type                Incr(ns)  Path(ns)    Netlist Resource(s)
  -------------------------------------------------------------------    -------------------
    SLICE_X3Y44          FDCE                         0.000     0.000 r  u_servo/FSM_onehot_state_reg[1]/C
    SLICE_X3Y44          FDCE (Prop_fdce_C_Q)         0.456     0.456 r  u_servo/FSM_onehot_state_reg[1]/Q
                         net (fo=10, routed)          1.836     2.292    LED2_OBUF
    E19                  OBUF (Prop_obuf_I_O)         3.530     5.822 r  LED2_OBUF_inst/O
                         net (fo=0)                   0.000     5.822    LED2
    E19                                                               r  LED2 (OUT)
  -------------------------------------------------------------------    -------------------

Slack:                    inf
  Source:                 reset
                            (input port)
  Destination:            u_servo/cnt_pwm_reg[0]/CLR
  Path Group:             (none)
  Path Type:              Max at Slow Process Corner
  Data Path Delay:        3.878ns  (logic 1.441ns (37.161%)  route 2.437ns (62.839%))
  Logic Levels:           1  (IBUF=1)

    Location             Delay type                Incr(ns)  Path(ns)    Netlist Resource(s)
  -------------------------------------------------------------------    -------------------
    U18                                               0.000     0.000 f  reset (IN)
                         net (fo=0)                   0.000     0.000    reset
    U18                  IBUF (Prop_ibuf_I_O)         1.441     1.441 f  reset_IBUF_inst/O
                         net (fo=43, routed)          2.437     3.878    u_servo/reset_IBUF
    SLICE_X6Y42          FDCE                                         f  u_servo/cnt_pwm_reg[0]/CLR
  -------------------------------------------------------------------    -------------------

Slack:                    inf
  Source:                 reset
                            (input port)
  Destination:            u_servo/cnt_pwm_reg[10]/CLR
  Path Group:             (none)
  Path Type:              Max at Slow Process Corner
  Data Path Delay:        3.878ns  (logic 1.441ns (37.161%)  route 2.437ns (62.839%))
  Logic Levels:           1  (IBUF=1)

    Location             Delay type                Incr(ns)  Path(ns)    Netlist Resource(s)
  -------------------------------------------------------------------    -------------------
    U18                                               0.000     0.000 f  reset (IN)
                         net (fo=0)                   0.000     0.000    reset
    U18                  IBUF (Prop_ibuf_I_O)         1.441     1.441 f  reset_IBUF_inst/O
                         net (fo=43, routed)          2.437     3.878    u_servo/reset_IBUF
    SLICE_X6Y42          FDCE                                         f  u_servo/cnt_pwm_reg[10]/CLR
  -------------------------------------------------------------------    -------------------

Slack:                    inf
  Source:                 reset
                            (input port)
  Destination:            u_servo/cnt_pwm_reg[1]/CLR
  Path Group:             (none)
  Path Type:              Max at Slow Process Corner
  Data Path Delay:        3.878ns  (logic 1.441ns (37.161%)  route 2.437ns (62.839%))
  Logic Levels:           1  (IBUF=1)

    Location             Delay type                Incr(ns)  Path(ns)    Netlist Resource(s)
  -------------------------------------------------------------------    -------------------
    U18                                               0.000     0.000 f  reset (IN)
                         net (fo=0)                   0.000     0.000    reset
    U18                  IBUF (Prop_ibuf_I_O)         1.441     1.441 f  reset_IBUF_inst/O
                         net (fo=43, routed)          2.437     3.878    u_servo/reset_IBUF
    SLICE_X7Y42          FDCE                                         f  u_servo/cnt_pwm_reg[1]/CLR
  -------------------------------------------------------------------    -------------------

Slack:                    inf
  Source:                 reset
                            (input port)
  Destination:            u_servo/cnt_pwm_reg[2]/CLR
  Path Group:             (none)
  Path Type:              Max at Slow Process Corner
  Data Path Delay:        3.878ns  (logic 1.441ns (37.161%)  route 2.437ns (62.839%))
  Logic Levels:           1  (IBUF=1)

    Location             Delay type                Incr(ns)  Path(ns)    Netlist Resource(s)
  -------------------------------------------------------------------    -------------------
    U18                                               0.000     0.000 f  reset (IN)
                         net (fo=0)                   0.000     0.000    reset
    U18                  IBUF (Prop_ibuf_I_O)         1.441     1.441 f  reset_IBUF_inst/O
                         net (fo=43, routed)          2.437     3.878    u_servo/reset_IBUF
    SLICE_X7Y42          FDCE                                         f  u_servo/cnt_pwm_reg[2]/CLR
  -------------------------------------------------------------------    -------------------

Slack:                    inf
  Source:                 reset
                            (input port)
  Destination:            u_servo/cnt_pwm_reg[3]/CLR
  Path Group:             (none)
  Path Type:              Max at Slow Process Corner
  Data Path Delay:        3.878ns  (logic 1.441ns (37.161%)  route 2.437ns (62.839%))
  Logic Levels:           1  (IBUF=1)

    Location             Delay type                Incr(ns)  Path(ns)    Netlist Resource(s)
  -------------------------------------------------------------------    -------------------
    U18                                               0.000     0.000 f  reset (IN)
                         net (fo=0)                   0.000     0.000    reset
    U18                  IBUF (Prop_ibuf_I_O)         1.441     1.441 f  reset_IBUF_inst/O
                         net (fo=43, routed)          2.437     3.878    u_servo/reset_IBUF
    SLICE_X7Y42          FDCE                                         f  u_servo/cnt_pwm_reg[3]/CLR
  -------------------------------------------------------------------    -------------------

Slack:                    inf
  Source:                 reset
                            (input port)
  Destination:            u_servo/cnt_pwm_reg[5]/CLR
  Path Group:             (none)
  Path Type:              Max at Slow Process Corner
  Data Path Delay:        3.878ns  (logic 1.441ns (37.161%)  route 2.437ns (62.839%))
  Logic Levels:           1  (IBUF=1)

    Location             Delay type                Incr(ns)  Path(ns)    Netlist Resource(s)
  -------------------------------------------------------------------    -------------------
    U18                                               0.000     0.000 f  reset (IN)
                         net (fo=0)                   0.000     0.000    reset
    U18                  IBUF (Prop_ibuf_I_O)         1.441     1.441 f  reset_IBUF_inst/O
                         net (fo=43, routed)          2.437     3.878    u_servo/reset_IBUF
    SLICE_X7Y42          FDCE                                         f  u_servo/cnt_pwm_reg[5]/CLR
  -------------------------------------------------------------------    -------------------





Min Delay Paths
--------------------------------------------------------------------------------------
Slack:                    inf
  Source:                 u_servo/cnt_pwm_reg[0]/C
                            (rising edge-triggered cell FDCE)
  Destination:            u_servo/cnt_pwm_reg[1]/D
  Path Group:             (none)
  Path Type:              Min at Fast Process Corner
  Data Path Delay:        0.326ns  (logic 0.209ns (64.063%)  route 0.117ns (35.937%))
  Logic Levels:           2  (FDCE=1 LUT3=1)

    Location             Delay type                Incr(ns)  Path(ns)    Netlist Resource(s)
  -------------------------------------------------------------------    -------------------
    SLICE_X6Y42          FDCE                         0.000     0.000 r  u_servo/cnt_pwm_reg[0]/C
    SLICE_X6Y42          FDCE (Prop_fdce_C_Q)         0.164     0.164 r  u_servo/cnt_pwm_reg[0]/Q
                         net (fo=10, routed)          0.117     0.281    u_servo/cnt_pwm_reg[0]
    SLICE_X7Y42          LUT3 (Prop_lut3_I1_O)        0.045     0.326 r  u_servo/cnt_pwm[1]_i_1/O
                         net (fo=1, routed)           0.000     0.326    u_servo/p_0_in[1]
    SLICE_X7Y42          FDCE                                         r  u_servo/cnt_pwm_reg[1]/D
  -------------------------------------------------------------------    -------------------

Slack:                    inf
  Source:                 u_servo/FSM_onehot_state_reg[1]/C
                            (rising edge-triggered cell FDCE)
  Destination:            u_servo/FSM_onehot_state_reg[2]/D
  Path Group:             (none)
  Path Type:              Min at Fast Process Corner
  Data Path Delay:        0.363ns  (logic 0.183ns (50.361%)  route 0.180ns (49.639%))
  Logic Levels:           2  (FDCE=1 LUT3=1)

    Location             Delay type                Incr(ns)  Path(ns)    Netlist Resource(s)
  -------------------------------------------------------------------    -------------------
    SLICE_X3Y44          FDCE                         0.000     0.000 r  u_servo/FSM_onehot_state_reg[1]/C
    SLICE_X3Y44          FDCE (Prop_fdce_C_Q)         0.141     0.141 r  u_servo/FSM_onehot_state_reg[1]/Q
                         net (fo=10, routed)          0.180     0.321    u_servo/LED2_OBUF
    SLICE_X3Y44          LUT3 (Prop_lut3_I0_O)        0.042     0.363 r  u_servo/FSM_onehot_state[2]_i_1/O
                         net (fo=1, routed)           0.000     0.363    u_servo/FSM_onehot_state[2]_i_1_n_0
    SLICE_X3Y44          FDCE                                         r  u_servo/FSM_onehot_state_reg[2]/D
  -------------------------------------------------------------------    -------------------

Slack:                    inf
  Source:                 u_servo/FSM_onehot_state_reg[1]/C
                            (rising edge-triggered cell FDCE)
  Destination:            u_servo/FSM_onehot_state_reg[1]/D
  Path Group:             (none)
  Path Type:              Min at Fast Process Corner
  Data Path Delay:        0.366ns  (logic 0.186ns (50.768%)  route 0.180ns (49.232%))
  Logic Levels:           2  (FDCE=1 LUT3=1)

    Location             Delay type                Incr(ns)  Path(ns)    Netlist Resource(s)
  -------------------------------------------------------------------    -------------------
    SLICE_X3Y44          FDCE                         0.000     0.000 r  u_servo/FSM_onehot_state_reg[1]/C
    SLICE_X3Y44          FDCE (Prop_fdce_C_Q)         0.141     0.141 r  u_servo/FSM_onehot_state_reg[1]/Q
                         net (fo=10, routed)          0.180     0.321    u_servo/LED2_OBUF
    SLICE_X3Y44          LUT3 (Prop_lut3_I2_O)        0.045     0.366 r  u_servo/FSM_onehot_state[1]_i_1/O
                         net (fo=1, routed)           0.000     0.366    u_servo/FSM_onehot_state[1]_i_1_n_0
    SLICE_X3Y44          FDCE                                         r  u_servo/FSM_onehot_state_reg[1]/D
  -------------------------------------------------------------------    -------------------

Slack:                    inf
  Source:                 u_servo/cnt_pwm_reg[4]/C
                            (rising edge-triggered cell FDCE)
  Destination:            u_servo/cnt_pwm_reg[4]/D
  Path Group:             (none)
  Path Type:              Min at Fast Process Corner
  Data Path Delay:        0.376ns  (logic 0.186ns (49.409%)  route 0.190ns (50.591%))
  Logic Levels:           2  (FDCE=1 LUT6=1)

    Location             Delay type                Incr(ns)  Path(ns)    Netlist Resource(s)
  -------------------------------------------------------------------    -------------------
    SLICE_X7Y43          FDCE                         0.000     0.000 r  u_servo/cnt_pwm_reg[4]/C
    SLICE_X7Y43          FDCE (Prop_fdce_C_Q)         0.141     0.141 r  u_servo/cnt_pwm_reg[4]/Q
                         net (fo=6, routed)           0.190     0.331    u_servo/cnt_pwm_reg[4]
    SLICE_X7Y43          LUT6 (Prop_lut6_I0_O)        0.045     0.376 r  u_servo/cnt_pwm[4]_i_1/O
                         net (fo=1, routed)           0.000     0.376    u_servo/p_0_in[4]
    SLICE_X7Y43          FDCE                                         r  u_servo/cnt_pwm_reg[4]/D
  -------------------------------------------------------------------    -------------------

Slack:                    inf
  Source:                 u_servo/cnt_pwm_reg[6]/C
                            (rising edge-triggered cell FDCE)
  Destination:            u_servo/cnt_pwm_reg[9]/D
  Path Group:             (none)
  Path Type:              Min at Fast Process Corner
  Data Path Delay:        0.380ns  (logic 0.209ns (54.977%)  route 0.171ns (45.023%))
  Logic Levels:           2  (FDCE=1 LUT6=1)

    Location             Delay type                Incr(ns)  Path(ns)    Netlist Resource(s)
  -------------------------------------------------------------------    -------------------
    SLICE_X6Y42          FDCE                         0.000     0.000 r  u_servo/cnt_pwm_reg[6]/C
    SLICE_X6Y42          FDCE (Prop_fdce_C_Q)         0.164     0.164 r  u_servo/cnt_pwm_reg[6]/Q
                         net (fo=8, routed)           0.171     0.335    u_servo/cnt_pwm_reg[6]
    SLICE_X6Y42          LUT6 (Prop_lut6_I3_O)        0.045     0.380 r  u_servo/cnt_pwm[9]_i_1/O
                         net (fo=1, routed)           0.000     0.380    u_servo/p_0_in[9]
    SLICE_X6Y42          FDCE                                         r  u_servo/cnt_pwm_reg[9]/D
  -------------------------------------------------------------------    -------------------

Slack:                    inf
  Source:                 u_servo/cnt_pwm_reg[6]/C
                            (rising edge-triggered cell FDCE)
  Destination:            u_servo/cnt_pwm_reg[7]/D
  Path Group:             (none)
  Path Type:              Min at Fast Process Corner
  Data Path Delay:        0.389ns  (logic 0.209ns (53.705%)  route 0.180ns (46.295%))
  Logic Levels:           2  (FDCE=1 LUT4=1)

    Location             Delay type                Incr(ns)  Path(ns)    Netlist Resource(s)
  -------------------------------------------------------------------    -------------------
    SLICE_X6Y42          FDCE                         0.000     0.000 r  u_servo/cnt_pwm_reg[6]/C
    SLICE_X6Y42          FDCE (Prop_fdce_C_Q)         0.164     0.164 r  u_servo/cnt_pwm_reg[6]/Q
                         net (fo=8, routed)           0.180     0.344    u_servo/cnt_pwm_reg[6]
    SLICE_X6Y42          LUT4 (Prop_lut4_I2_O)        0.045     0.389 r  u_servo/cnt_pwm[7]_i_1/O
                         net (fo=1, routed)           0.000     0.389    u_servo/p_0_in[7]
    SLICE_X6Y42          FDCE                                         r  u_servo/cnt_pwm_reg[7]/D
  -------------------------------------------------------------------    -------------------

Slack:                    inf
  Source:                 u_servo/cnt_pwm_reg[6]/C
                            (rising edge-triggered cell FDCE)
  Destination:            u_servo/cnt_pwm_reg[8]/D
  Path Group:             (none)
  Path Type:              Min at Fast Process Corner
  Data Path Delay:        0.393ns  (logic 0.213ns (54.176%)  route 0.180ns (45.824%))
  Logic Levels:           2  (FDCE=1 LUT5=1)

    Location             Delay type                Incr(ns)  Path(ns)    Netlist Resource(s)
  -------------------------------------------------------------------    -------------------
    SLICE_X6Y42          FDCE                         0.000     0.000 r  u_servo/cnt_pwm_reg[6]/C
    SLICE_X6Y42          FDCE (Prop_fdce_C_Q)         0.164     0.164 r  u_servo/cnt_pwm_reg[6]/Q
                         net (fo=8, routed)           0.180     0.344    u_servo/cnt_pwm_reg[6]
    SLICE_X6Y42          LUT5 (Prop_lut5_I2_O)        0.049     0.393 r  u_servo/cnt_pwm[8]_i_1/O
                         net (fo=1, routed)           0.000     0.393    u_servo/p_0_in[8]
    SLICE_X6Y42          FDCE                                         r  u_servo/cnt_pwm_reg[8]/D
  -------------------------------------------------------------------    -------------------

Slack:                    inf
  Source:                 u_servo/cnt_pwm_reg[0]/C
                            (rising edge-triggered cell FDCE)
  Destination:            u_servo/cnt_pwm_reg[0]/D
  Path Group:             (none)
  Path Type:              Min at Fast Process Corner
  Data Path Delay:        0.406ns  (logic 0.209ns (51.447%)  route 0.197ns (48.553%))
  Logic Levels:           2  (FDCE=1 LUT2=1)

    Location             Delay type                Incr(ns)  Path(ns)    Netlist Resource(s)
  -------------------------------------------------------------------    -------------------
    SLICE_X6Y42          FDCE                         0.000     0.000 r  u_servo/cnt_pwm_reg[0]/C
    SLICE_X6Y42          FDCE (Prop_fdce_C_Q)         0.164     0.164 f  u_servo/cnt_pwm_reg[0]/Q
                         net (fo=10, routed)          0.197     0.361    u_servo/cnt_pwm_reg[0]
    SLICE_X6Y42          LUT2 (Prop_lut2_I1_O)        0.045     0.406 r  u_servo/cnt_pwm[0]_i_1/O
                         net (fo=1, routed)           0.000     0.406    u_servo/p_0_in[0]
    SLICE_X6Y42          FDCE                                         r  u_servo/cnt_pwm_reg[0]/D
  -------------------------------------------------------------------    -------------------

Slack:                    inf
  Source:                 u_servo/FSM_onehot_state_reg[0]/C
                            (rising edge-triggered cell FDPE)
  Destination:            u_servo/FSM_onehot_state_reg[0]/D
  Path Group:             (none)
  Path Type:              Min at Fast Process Corner
  Data Path Delay:        0.409ns  (logic 0.186ns (45.436%)  route 0.223ns (54.564%))
  Logic Levels:           2  (FDPE=1 LUT3=1)

    Location             Delay type                Incr(ns)  Path(ns)    Netlist Resource(s)
  -------------------------------------------------------------------    -------------------
    SLICE_X0Y44          FDPE                         0.000     0.000 r  u_servo/FSM_onehot_state_reg[0]/C
    SLICE_X0Y44          FDPE (Prop_fdpe_C_Q)         0.141     0.141 r  u_servo/FSM_onehot_state_reg[0]/Q
                         net (fo=8, routed)           0.223     0.364    u_servo/LED1_OBUF
    SLICE_X0Y44          LUT3 (Prop_lut3_I2_O)        0.045     0.409 r  u_servo/FSM_onehot_state[0]_i_1/O
                         net (fo=1, routed)           0.000     0.409    u_servo/FSM_onehot_state[0]_i_1_n_0
    SLICE_X0Y44          FDPE                                         r  u_servo/FSM_onehot_state_reg[0]/D
  -------------------------------------------------------------------    -------------------

Slack:                    inf
  Source:                 u_servo/cnt_pwm_reg[2]/C
                            (rising edge-triggered cell FDCE)
  Destination:            u_servo/cnt_pwm_reg[3]/D
  Path Group:             (none)
  Path Type:              Min at Fast Process Corner
  Data Path Delay:        0.427ns  (logic 0.184ns (43.071%)  route 0.243ns (56.929%))
  Logic Levels:           2  (FDCE=1 LUT5=1)

    Location             Delay type                Incr(ns)  Path(ns)    Netlist Resource(s)
  -------------------------------------------------------------------    -------------------
    SLICE_X7Y42          FDCE                         0.000     0.000 r  u_servo/cnt_pwm_reg[2]/C
    SLICE_X7Y42          FDCE (Prop_fdce_C_Q)         0.141     0.141 r  u_servo/cnt_pwm_reg[2]/Q
                         net (fo=7, routed)           0.243     0.384    u_servo/cnt_pwm_reg[2]
    SLICE_X7Y42          LUT5 (Prop_lut5_I3_O)        0.043     0.427 r  u_servo/cnt_pwm[3]_i_1/O
                         net (fo=1, routed)           0.000     0.427    u_servo/p_0_in[3]
    SLICE_X7Y42          FDCE                                         r  u_servo/cnt_pwm_reg[3]/D
  -------------------------------------------------------------------    -------------------





--------------------------------------------------------------------------------------
Path Group:  (none)
From Clock:  
  To Clock:  sys_clk_pin

Max Delay            11 Endpoints
Min Delay            11 Endpoints
--------------------------------------------------------------------------------------


Max Delay Paths
--------------------------------------------------------------------------------------
Slack:                    inf
  Source:                 reset
                            (input port)
  Destination:            u_clkdiv/cnt_reg[7]/CLR
                            (recovery check against rising-edge clock sys_clk_pin  {rise@0.000ns fall@5.000ns period=10.000ns})
  Path Group:             (none)
  Path Type:              Recovery (Max at Slow Process Corner)
  Data Path Delay:        5.006ns  (logic 1.441ns (28.794%)  route 3.564ns (71.206%))
  Logic Levels:           1  (IBUF=1)
  Clock Path Skew:        4.786ns (DCD - SCD + CPR)
    Destination Clock Delay (DCD):    4.786ns
    Source Clock Delay      (SCD):    0.000ns
    Clock Pessimism Removal (CPR):    0.000ns
  Clock Uncertainty:      0.025ns  ((TSJ^2 + TIJ^2)^1/2 + DJ) / 2 + PE
    Total System Jitter     (TSJ):    0.050ns
    Total Input Jitter      (TIJ):    0.000ns
    Discrete Jitter          (DJ):    0.000ns
    Phase Error              (PE):    0.000ns

    Location             Delay type                Incr(ns)  Path(ns)    Netlist Resource(s)
  -------------------------------------------------------------------    -------------------
    U18                                               0.000     0.000 f  reset (IN)
                         net (fo=0)                   0.000     0.000    reset
    U18                  IBUF (Prop_ibuf_I_O)         1.441     1.441 f  reset_IBUF_inst/O
                         net (fo=43, routed)          3.564     5.006    u_clkdiv/reset_IBUF
    SLICE_X36Y43         FDCE                                         f  u_clkdiv/cnt_reg[7]/CLR
  -------------------------------------------------------------------    -------------------

                         (clock sys_clk_pin rise edge)
                                                      0.000     0.000 r  
    W5                                                0.000     0.000 r  clk_sys (IN)
                         net (fo=0)                   0.000     0.000    clk_sys
    W5                   IBUF (Prop_ibuf_I_O)         1.388     1.388 r  clk_sys_IBUF_inst/O
                         net (fo=1, routed)           1.862     3.250    clk_sys_IBUF
    BUFGCTRL_X0Y1        BUFG (Prop_bufg_I_O)         0.091     3.341 r  clk_sys_IBUF_BUFG_inst/O
                         net (fo=11, routed)          1.445     4.786    u_clkdiv/CLK
    SLICE_X36Y43         FDCE                                         r  u_clkdiv/cnt_reg[7]/C

Slack:                    inf
  Source:                 reset
                            (input port)
  Destination:            u_clkdiv/clk100k_reg/CLR
                            (recovery check against rising-edge clock sys_clk_pin  {rise@0.000ns fall@5.000ns period=10.000ns})
  Path Group:             (none)
  Path Type:              Recovery (Max at Slow Process Corner)
  Data Path Delay:        5.001ns  (logic 1.441ns (28.819%)  route 3.560ns (71.181%))
  Logic Levels:           1  (IBUF=1)
  Clock Path Skew:        4.786ns (DCD - SCD + CPR)
    Destination Clock Delay (DCD):    4.786ns
    Source Clock Delay      (SCD):    0.000ns
    Clock Pessimism Removal (CPR):    0.000ns
  Clock Uncertainty:      0.025ns  ((TSJ^2 + TIJ^2)^1/2 + DJ) / 2 + PE
    Total System Jitter     (TSJ):    0.050ns
    Total Input Jitter      (TIJ):    0.000ns
    Discrete Jitter          (DJ):    0.000ns
    Phase Error              (PE):    0.000ns

    Location             Delay type                Incr(ns)  Path(ns)    Netlist Resource(s)
  -------------------------------------------------------------------    -------------------
    U18                                               0.000     0.000 f  reset (IN)
                         net (fo=0)                   0.000     0.000    reset
    U18                  IBUF (Prop_ibuf_I_O)         1.441     1.441 f  reset_IBUF_inst/O
                         net (fo=43, routed)          3.560     5.001    u_clkdiv/reset_IBUF
    SLICE_X37Y43         FDCE                                         f  u_clkdiv/clk100k_reg/CLR
  -------------------------------------------------------------------    -------------------

                         (clock sys_clk_pin rise edge)
                                                      0.000     0.000 r  
    W5                                                0.000     0.000 r  clk_sys (IN)
                         net (fo=0)                   0.000     0.000    clk_sys
    W5                   IBUF (Prop_ibuf_I_O)         1.388     1.388 r  clk_sys_IBUF_inst/O
                         net (fo=1, routed)           1.862     3.250    clk_sys_IBUF
    BUFGCTRL_X0Y1        BUFG (Prop_bufg_I_O)         0.091     3.341 r  clk_sys_IBUF_BUFG_inst/O
                         net (fo=11, routed)          1.445     4.786    u_clkdiv/CLK
    SLICE_X37Y43         FDCE                                         r  u_clkdiv/clk100k_reg/C

Slack:                    inf
  Source:                 reset
                            (input port)
  Destination:            u_clkdiv/cnt_reg[2]/CLR
                            (recovery check against rising-edge clock sys_clk_pin  {rise@0.000ns fall@5.000ns period=10.000ns})
  Path Group:             (none)
  Path Type:              Recovery (Max at Slow Process Corner)
  Data Path Delay:        5.001ns  (logic 1.441ns (28.819%)  route 3.560ns (71.181%))
  Logic Levels:           1  (IBUF=1)
  Clock Path Skew:        4.786ns (DCD - SCD + CPR)
    Destination Clock Delay (DCD):    4.786ns
    Source Clock Delay      (SCD):    0.000ns
    Clock Pessimism Removal (CPR):    0.000ns
  Clock Uncertainty:      0.025ns  ((TSJ^2 + TIJ^2)^1/2 + DJ) / 2 + PE
    Total System Jitter     (TSJ):    0.050ns
    Total Input Jitter      (TIJ):    0.000ns
    Discrete Jitter          (DJ):    0.000ns
    Phase Error              (PE):    0.000ns

    Location             Delay type                Incr(ns)  Path(ns)    Netlist Resource(s)
  -------------------------------------------------------------------    -------------------
    U18                                               0.000     0.000 f  reset (IN)
                         net (fo=0)                   0.000     0.000    reset
    U18                  IBUF (Prop_ibuf_I_O)         1.441     1.441 f  reset_IBUF_inst/O
                         net (fo=43, routed)          3.560     5.001    u_clkdiv/reset_IBUF
    SLICE_X37Y43         FDCE                                         f  u_clkdiv/cnt_reg[2]/CLR
  -------------------------------------------------------------------    -------------------

                         (clock sys_clk_pin rise edge)
                                                      0.000     0.000 r  
    W5                                                0.000     0.000 r  clk_sys (IN)
                         net (fo=0)                   0.000     0.000    clk_sys
    W5                   IBUF (Prop_ibuf_I_O)         1.388     1.388 r  clk_sys_IBUF_inst/O
                         net (fo=1, routed)           1.862     3.250    clk_sys_IBUF
    BUFGCTRL_X0Y1        BUFG (Prop_bufg_I_O)         0.091     3.341 r  clk_sys_IBUF_BUFG_inst/O
                         net (fo=11, routed)          1.445     4.786    u_clkdiv/CLK
    SLICE_X37Y43         FDCE                                         r  u_clkdiv/cnt_reg[2]/C

Slack:                    inf
  Source:                 reset
                            (input port)
  Destination:            u_clkdiv/cnt_reg[4]/CLR
                            (recovery check against rising-edge clock sys_clk_pin  {rise@0.000ns fall@5.000ns period=10.000ns})
  Path Group:             (none)
  Path Type:              Recovery (Max at Slow Process Corner)
  Data Path Delay:        5.001ns  (logic 1.441ns (28.819%)  route 3.560ns (71.181%))
  Logic Levels:           1  (IBUF=1)
  Clock Path Skew:        4.786ns (DCD - SCD + CPR)
    Destination Clock Delay (DCD):    4.786ns
    Source Clock Delay      (SCD):    0.000ns
    Clock Pessimism Removal (CPR):    0.000ns
  Clock Uncertainty:      0.025ns  ((TSJ^2 + TIJ^2)^1/2 + DJ) / 2 + PE
    Total System Jitter     (TSJ):    0.050ns
    Total Input Jitter      (TIJ):    0.000ns
    Discrete Jitter          (DJ):    0.000ns
    Phase Error              (PE):    0.000ns

    Location             Delay type                Incr(ns)  Path(ns)    Netlist Resource(s)
  -------------------------------------------------------------------    -------------------
    U18                                               0.000     0.000 f  reset (IN)
                         net (fo=0)                   0.000     0.000    reset
    U18                  IBUF (Prop_ibuf_I_O)         1.441     1.441 f  reset_IBUF_inst/O
                         net (fo=43, routed)          3.560     5.001    u_clkdiv/reset_IBUF
    SLICE_X37Y43         FDCE                                         f  u_clkdiv/cnt_reg[4]/CLR
  -------------------------------------------------------------------    -------------------

                         (clock sys_clk_pin rise edge)
                                                      0.000     0.000 r  
    W5                                                0.000     0.000 r  clk_sys (IN)
                         net (fo=0)                   0.000     0.000    clk_sys
    W5                   IBUF (Prop_ibuf_I_O)         1.388     1.388 r  clk_sys_IBUF_inst/O
                         net (fo=1, routed)           1.862     3.250    clk_sys_IBUF
    BUFGCTRL_X0Y1        BUFG (Prop_bufg_I_O)         0.091     3.341 r  clk_sys_IBUF_BUFG_inst/O
                         net (fo=11, routed)          1.445     4.786    u_clkdiv/CLK
    SLICE_X37Y43         FDCE                                         r  u_clkdiv/cnt_reg[4]/C

Slack:                    inf
  Source:                 reset
                            (input port)
  Destination:            u_clkdiv/cnt_reg[0]/CLR
                            (recovery check against rising-edge clock sys_clk_pin  {rise@0.000ns fall@5.000ns period=10.000ns})
  Path Group:             (none)
  Path Type:              Recovery (Max at Slow Process Corner)
  Data Path Delay:        4.906ns  (logic 1.441ns (29.376%)  route 3.465ns (70.624%))
  Logic Levels:           1  (IBUF=1)
  Clock Path Skew:        4.785ns (DCD - SCD + CPR)
    Destination Clock Delay (DCD):    4.785ns
    Source Clock Delay      (SCD):    0.000ns
    Clock Pessimism Removal (CPR):    0.000ns
  Clock Uncertainty:      0.025ns  ((TSJ^2 + TIJ^2)^1/2 + DJ) / 2 + PE
    Total System Jitter     (TSJ):    0.050ns
    Total Input Jitter      (TIJ):    0.000ns
    Discrete Jitter          (DJ):    0.000ns
    Phase Error              (PE):    0.000ns

    Location             Delay type                Incr(ns)  Path(ns)    Netlist Resource(s)
  -------------------------------------------------------------------    -------------------
    U18                                               0.000     0.000 f  reset (IN)
                         net (fo=0)                   0.000     0.000    reset
    U18                  IBUF (Prop_ibuf_I_O)         1.441     1.441 f  reset_IBUF_inst/O
                         net (fo=43, routed)          3.465     4.906    u_clkdiv/reset_IBUF
    SLICE_X36Y42         FDCE                                         f  u_clkdiv/cnt_reg[0]/CLR
  -------------------------------------------------------------------    -------------------

                         (clock sys_clk_pin rise edge)
                                                      0.000     0.000 r  
    W5                                                0.000     0.000 r  clk_sys (IN)
                         net (fo=0)                   0.000     0.000    clk_sys
    W5                   IBUF (Prop_ibuf_I_O)         1.388     1.388 r  clk_sys_IBUF_inst/O
                         net (fo=1, routed)           1.862     3.250    clk_sys_IBUF
    BUFGCTRL_X0Y1        BUFG (Prop_bufg_I_O)         0.091     3.341 r  clk_sys_IBUF_BUFG_inst/O
                         net (fo=11, routed)          1.444     4.785    u_clkdiv/CLK
    SLICE_X36Y42         FDCE                                         r  u_clkdiv/cnt_reg[0]/C

Slack:                    inf
  Source:                 reset
                            (input port)
  Destination:            u_clkdiv/cnt_reg[1]/CLR
                            (recovery check against rising-edge clock sys_clk_pin  {rise@0.000ns fall@5.000ns period=10.000ns})
  Path Group:             (none)
  Path Type:              Recovery (Max at Slow Process Corner)
  Data Path Delay:        4.906ns  (logic 1.441ns (29.376%)  route 3.465ns (70.624%))
  Logic Levels:           1  (IBUF=1)
  Clock Path Skew:        4.785ns (DCD - SCD + CPR)
    Destination Clock Delay (DCD):    4.785ns
    Source Clock Delay      (SCD):    0.000ns
    Clock Pessimism Removal (CPR):    0.000ns
  Clock Uncertainty:      0.025ns  ((TSJ^2 + TIJ^2)^1/2 + DJ) / 2 + PE
    Total System Jitter     (TSJ):    0.050ns
    Total Input Jitter      (TIJ):    0.000ns
    Discrete Jitter          (DJ):    0.000ns
    Phase Error              (PE):    0.000ns

    Location             Delay type                Incr(ns)  Path(ns)    Netlist Resource(s)
  -------------------------------------------------------------------    -------------------
    U18                                               0.000     0.000 f  reset (IN)
                         net (fo=0)                   0.000     0.000    reset
    U18                  IBUF (Prop_ibuf_I_O)         1.441     1.441 f  reset_IBUF_inst/O
                         net (fo=43, routed)          3.465     4.906    u_clkdiv/reset_IBUF
    SLICE_X36Y42         FDCE                                         f  u_clkdiv/cnt_reg[1]/CLR
  -------------------------------------------------------------------    -------------------

                         (clock sys_clk_pin rise edge)
                                                      0.000     0.000 r  
    W5                                                0.000     0.000 r  clk_sys (IN)
                         net (fo=0)                   0.000     0.000    clk_sys
    W5                   IBUF (Prop_ibuf_I_O)         1.388     1.388 r  clk_sys_IBUF_inst/O
                         net (fo=1, routed)           1.862     3.250    clk_sys_IBUF
    BUFGCTRL_X0Y1        BUFG (Prop_bufg_I_O)         0.091     3.341 r  clk_sys_IBUF_BUFG_inst/O
                         net (fo=11, routed)          1.444     4.785    u_clkdiv/CLK
    SLICE_X36Y42         FDCE                                         r  u_clkdiv/cnt_reg[1]/C

Slack:                    inf
  Source:                 reset
                            (input port)
  Destination:            u_clkdiv/cnt_reg[3]/CLR
                            (recovery check against rising-edge clock sys_clk_pin  {rise@0.000ns fall@5.000ns period=10.000ns})
  Path Group:             (none)
  Path Type:              Recovery (Max at Slow Process Corner)
  Data Path Delay:        4.902ns  (logic 1.441ns (29.402%)  route 3.461ns (70.598%))
  Logic Levels:           1  (IBUF=1)
  Clock Path Skew:        4.785ns (DCD - SCD + CPR)
    Destination Clock Delay (DCD):    4.785ns
    Source Clock Delay      (SCD):    0.000ns
    Clock Pessimism Removal (CPR):    0.000ns
  Clock Uncertainty:      0.025ns  ((TSJ^2 + TIJ^2)^1/2 + DJ) / 2 + PE
    Total System Jitter     (TSJ):    0.050ns
    Total Input Jitter      (TIJ):    0.000ns
    Discrete Jitter          (DJ):    0.000ns
    Phase Error              (PE):    0.000ns

    Location             Delay type                Incr(ns)  Path(ns)    Netlist Resource(s)
  -------------------------------------------------------------------    -------------------
    U18                                               0.000     0.000 f  reset (IN)
                         net (fo=0)                   0.000     0.000    reset
    U18                  IBUF (Prop_ibuf_I_O)         1.441     1.441 f  reset_IBUF_inst/O
                         net (fo=43, routed)          3.461     4.902    u_clkdiv/reset_IBUF
    SLICE_X37Y42         FDCE                                         f  u_clkdiv/cnt_reg[3]/CLR
  -------------------------------------------------------------------    -------------------

                         (clock sys_clk_pin rise edge)
                                                      0.000     0.000 r  
    W5                                                0.000     0.000 r  clk_sys (IN)
                         net (fo=0)                   0.000     0.000    clk_sys
    W5                   IBUF (Prop_ibuf_I_O)         1.388     1.388 r  clk_sys_IBUF_inst/O
                         net (fo=1, routed)           1.862     3.250    clk_sys_IBUF
    BUFGCTRL_X0Y1        BUFG (Prop_bufg_I_O)         0.091     3.341 r  clk_sys_IBUF_BUFG_inst/O
                         net (fo=11, routed)          1.444     4.785    u_clkdiv/CLK
    SLICE_X37Y42         FDCE                                         r  u_clkdiv/cnt_reg[3]/C

Slack:                    inf
  Source:                 reset
                            (input port)
  Destination:            u_clkdiv/cnt_reg[5]/CLR
                            (recovery check against rising-edge clock sys_clk_pin  {rise@0.000ns fall@5.000ns period=10.000ns})
  Path Group:             (none)
  Path Type:              Recovery (Max at Slow Process Corner)
  Data Path Delay:        4.758ns  (logic 1.441ns (30.293%)  route 3.317ns (69.707%))
  Logic Levels:           1  (IBUF=1)
  Clock Path Skew:        4.786ns (DCD - SCD + CPR)
    Destination Clock Delay (DCD):    4.786ns
    Source Clock Delay      (SCD):    0.000ns
    Clock Pessimism Removal (CPR):    0.000ns
  Clock Uncertainty:      0.025ns  ((TSJ^2 + TIJ^2)^1/2 + DJ) / 2 + PE
    Total System Jitter     (TSJ):    0.050ns
    Total Input Jitter      (TIJ):    0.000ns
    Discrete Jitter          (DJ):    0.000ns
    Phase Error              (PE):    0.000ns

    Location             Delay type                Incr(ns)  Path(ns)    Netlist Resource(s)
  -------------------------------------------------------------------    -------------------
    U18                                               0.000     0.000 f  reset (IN)
                         net (fo=0)                   0.000     0.000    reset
    U18                  IBUF (Prop_ibuf_I_O)         1.441     1.441 f  reset_IBUF_inst/O
                         net (fo=43, routed)          3.317     4.758    u_clkdiv/reset_IBUF
    SLICE_X36Y44         FDCE                                         f  u_clkdiv/cnt_reg[5]/CLR
  -------------------------------------------------------------------    -------------------

                         (clock sys_clk_pin rise edge)
                                                      0.000     0.000 r  
    W5                                                0.000     0.000 r  clk_sys (IN)
                         net (fo=0)                   0.000     0.000    clk_sys
    W5                   IBUF (Prop_ibuf_I_O)         1.388     1.388 r  clk_sys_IBUF_inst/O
                         net (fo=1, routed)           1.862     3.250    clk_sys_IBUF
    BUFGCTRL_X0Y1        BUFG (Prop_bufg_I_O)         0.091     3.341 r  clk_sys_IBUF_BUFG_inst/O
                         net (fo=11, routed)          1.445     4.786    u_clkdiv/CLK
    SLICE_X36Y44         FDCE                                         r  u_clkdiv/cnt_reg[5]/C

Slack:                    inf
  Source:                 reset
                            (input port)
  Destination:            u_clkdiv/cnt_reg[6]/CLR
                            (recovery check against rising-edge clock sys_clk_pin  {rise@0.000ns fall@5.000ns period=10.000ns})
  Path Group:             (none)
  Path Type:              Recovery (Max at Slow Process Corner)
  Data Path Delay:        4.758ns  (logic 1.441ns (30.293%)  route 3.317ns (69.707%))
  Logic Levels:           1  (IBUF=1)
  Clock Path Skew:        4.786ns (DCD - SCD + CPR)
    Destination Clock Delay (DCD):    4.786ns
    Source Clock Delay      (SCD):    0.000ns
    Clock Pessimism Removal (CPR):    0.000ns
  Clock Uncertainty:      0.025ns  ((TSJ^2 + TIJ^2)^1/2 + DJ) / 2 + PE
    Total System Jitter     (TSJ):    0.050ns
    Total Input Jitter      (TIJ):    0.000ns
    Discrete Jitter          (DJ):    0.000ns
    Phase Error              (PE):    0.000ns

    Location             Delay type                Incr(ns)  Path(ns)    Netlist Resource(s)
  -------------------------------------------------------------------    -------------------
    U18                                               0.000     0.000 f  reset (IN)
                         net (fo=0)                   0.000     0.000    reset
    U18                  IBUF (Prop_ibuf_I_O)         1.441     1.441 f  reset_IBUF_inst/O
                         net (fo=43, routed)          3.317     4.758    u_clkdiv/reset_IBUF
    SLICE_X36Y44         FDCE                                         f  u_clkdiv/cnt_reg[6]/CLR
  -------------------------------------------------------------------    -------------------

                         (clock sys_clk_pin rise edge)
                                                      0.000     0.000 r  
    W5                                                0.000     0.000 r  clk_sys (IN)
                         net (fo=0)                   0.000     0.000    clk_sys
    W5                   IBUF (Prop_ibuf_I_O)         1.388     1.388 r  clk_sys_IBUF_inst/O
                         net (fo=1, routed)           1.862     3.250    clk_sys_IBUF
    BUFGCTRL_X0Y1        BUFG (Prop_bufg_I_O)         0.091     3.341 r  clk_sys_IBUF_BUFG_inst/O
                         net (fo=11, routed)          1.445     4.786    u_clkdiv/CLK
    SLICE_X36Y44         FDCE                                         r  u_clkdiv/cnt_reg[6]/C

Slack:                    inf
  Source:                 reset
                            (input port)
  Destination:            u_clkdiv/cnt_reg[8]/CLR
                            (recovery check against rising-edge clock sys_clk_pin  {rise@0.000ns fall@5.000ns period=10.000ns})
  Path Group:             (none)
  Path Type:              Recovery (Max at Slow Process Corner)
  Data Path Delay:        4.758ns  (logic 1.441ns (30.293%)  route 3.317ns (69.707%))
  Logic Levels:           1  (IBUF=1)
  Clock Path Skew:        4.786ns (DCD - SCD + CPR)
    Destination Clock Delay (DCD):    4.786ns
    Source Clock Delay      (SCD):    0.000ns
    Clock Pessimism Removal (CPR):    0.000ns
  Clock Uncertainty:      0.025ns  ((TSJ^2 + TIJ^2)^1/2 + DJ) / 2 + PE
    Total System Jitter     (TSJ):    0.050ns
    Total Input Jitter      (TIJ):    0.000ns
    Discrete Jitter          (DJ):    0.000ns
    Phase Error              (PE):    0.000ns

    Location             Delay type                Incr(ns)  Path(ns)    Netlist Resource(s)
  -------------------------------------------------------------------    -------------------
    U18                                               0.000     0.000 f  reset (IN)
                         net (fo=0)                   0.000     0.000    reset
    U18                  IBUF (Prop_ibuf_I_O)         1.441     1.441 f  reset_IBUF_inst/O
                         net (fo=43, routed)          3.317     4.758    u_clkdiv/reset_IBUF
    SLICE_X36Y44         FDCE                                         f  u_clkdiv/cnt_reg[8]/CLR
  -------------------------------------------------------------------    -------------------

                         (clock sys_clk_pin rise edge)
                                                      0.000     0.000 r  
    W5                                                0.000     0.000 r  clk_sys (IN)
                         net (fo=0)                   0.000     0.000    clk_sys
    W5                   IBUF (Prop_ibuf_I_O)         1.388     1.388 r  clk_sys_IBUF_inst/O
                         net (fo=1, routed)           1.862     3.250    clk_sys_IBUF
    BUFGCTRL_X0Y1        BUFG (Prop_bufg_I_O)         0.091     3.341 r  clk_sys_IBUF_BUFG_inst/O
                         net (fo=11, routed)          1.445     4.786    u_clkdiv/CLK
    SLICE_X36Y44         FDCE                                         r  u_clkdiv/cnt_reg[8]/C





Min Delay Paths
--------------------------------------------------------------------------------------
Slack:                    inf
  Source:                 reset
                            (input port)
  Destination:            u_clkdiv/cnt_reg[5]/CLR
                            (removal check against rising-edge clock sys_clk_pin  {rise@0.000ns fall@5.000ns period=10.000ns})
  Path Group:             (none)
  Path Type:              Removal (Min at Fast Process Corner)
  Data Path Delay:        1.677ns  (logic 0.210ns (12.493%)  route 1.468ns (87.507%))
  Logic Levels:           1  (IBUF=1)
  Clock Path Skew:        1.959ns (DCD - SCD - CPR)
    Destination Clock Delay (DCD):    1.959ns
    Source Clock Delay      (SCD):    0.000ns
    Clock Pessimism Removal (CPR):    -0.000ns

    Location             Delay type                Incr(ns)  Path(ns)    Netlist Resource(s)
  -------------------------------------------------------------------    -------------------
    U18                                               0.000     0.000 f  reset (IN)
                         net (fo=0)                   0.000     0.000    reset
    U18                  IBUF (Prop_ibuf_I_O)         0.210     0.210 f  reset_IBUF_inst/O
                         net (fo=43, routed)          1.468     1.677    u_clkdiv/reset_IBUF
    SLICE_X36Y44         FDCE                                         f  u_clkdiv/cnt_reg[5]/CLR
  -------------------------------------------------------------------    -------------------

                         (clock sys_clk_pin rise edge)
                                                      0.000     0.000 r  
    W5                                                0.000     0.000 r  clk_sys (IN)
                         net (fo=0)                   0.000     0.000    clk_sys
    W5                   IBUF (Prop_ibuf_I_O)         0.414     0.414 r  clk_sys_IBUF_inst/O
                         net (fo=1, routed)           0.685     1.099    clk_sys_IBUF
    BUFGCTRL_X0Y1        BUFG (Prop_bufg_I_O)         0.029     1.128 r  clk_sys_IBUF_BUFG_inst/O
                         net (fo=11, routed)          0.832     1.959    u_clkdiv/CLK
    SLICE_X36Y44         FDCE                                         r  u_clkdiv/cnt_reg[5]/C

Slack:                    inf
  Source:                 reset
                            (input port)
  Destination:            u_clkdiv/cnt_reg[6]/CLR
                            (removal check against rising-edge clock sys_clk_pin  {rise@0.000ns fall@5.000ns period=10.000ns})
  Path Group:             (none)
  Path Type:              Removal (Min at Fast Process Corner)
  Data Path Delay:        1.677ns  (logic 0.210ns (12.493%)  route 1.468ns (87.507%))
  Logic Levels:           1  (IBUF=1)
  Clock Path Skew:        1.959ns (DCD - SCD - CPR)
    Destination Clock Delay (DCD):    1.959ns
    Source Clock Delay      (SCD):    0.000ns
    Clock Pessimism Removal (CPR):    -0.000ns

    Location             Delay type                Incr(ns)  Path(ns)    Netlist Resource(s)
  -------------------------------------------------------------------    -------------------
    U18                                               0.000     0.000 f  reset (IN)
                         net (fo=0)                   0.000     0.000    reset
    U18                  IBUF (Prop_ibuf_I_O)         0.210     0.210 f  reset_IBUF_inst/O
                         net (fo=43, routed)          1.468     1.677    u_clkdiv/reset_IBUF
    SLICE_X36Y44         FDCE                                         f  u_clkdiv/cnt_reg[6]/CLR
  -------------------------------------------------------------------    -------------------

                         (clock sys_clk_pin rise edge)
                                                      0.000     0.000 r  
    W5                                                0.000     0.000 r  clk_sys (IN)
                         net (fo=0)                   0.000     0.000    clk_sys
    W5                   IBUF (Prop_ibuf_I_O)         0.414     0.414 r  clk_sys_IBUF_inst/O
                         net (fo=1, routed)           0.685     1.099    clk_sys_IBUF
    BUFGCTRL_X0Y1        BUFG (Prop_bufg_I_O)         0.029     1.128 r  clk_sys_IBUF_BUFG_inst/O
                         net (fo=11, routed)          0.832     1.959    u_clkdiv/CLK
    SLICE_X36Y44         FDCE                                         r  u_clkdiv/cnt_reg[6]/C

Slack:                    inf
  Source:                 reset
                            (input port)
  Destination:            u_clkdiv/cnt_reg[8]/CLR
                            (removal check against rising-edge clock sys_clk_pin  {rise@0.000ns fall@5.000ns period=10.000ns})
  Path Group:             (none)
  Path Type:              Removal (Min at Fast Process Corner)
  Data Path Delay:        1.677ns  (logic 0.210ns (12.493%)  route 1.468ns (87.507%))
  Logic Levels:           1  (IBUF=1)
  Clock Path Skew:        1.959ns (DCD - SCD - CPR)
    Destination Clock Delay (DCD):    1.959ns
    Source Clock Delay      (SCD):    0.000ns
    Clock Pessimism Removal (CPR):    -0.000ns

    Location             Delay type                Incr(ns)  Path(ns)    Netlist Resource(s)
  -------------------------------------------------------------------    -------------------
    U18                                               0.000     0.000 f  reset (IN)
                         net (fo=0)                   0.000     0.000    reset
    U18                  IBUF (Prop_ibuf_I_O)         0.210     0.210 f  reset_IBUF_inst/O
                         net (fo=43, routed)          1.468     1.677    u_clkdiv/reset_IBUF
    SLICE_X36Y44         FDCE                                         f  u_clkdiv/cnt_reg[8]/CLR
  -------------------------------------------------------------------    -------------------

                         (clock sys_clk_pin rise edge)
                                                      0.000     0.000 r  
    W5                                                0.000     0.000 r  clk_sys (IN)
                         net (fo=0)                   0.000     0.000    clk_sys
    W5                   IBUF (Prop_ibuf_I_O)         0.414     0.414 r  clk_sys_IBUF_inst/O
                         net (fo=1, routed)           0.685     1.099    clk_sys_IBUF
    BUFGCTRL_X0Y1        BUFG (Prop_bufg_I_O)         0.029     1.128 r  clk_sys_IBUF_BUFG_inst/O
                         net (fo=11, routed)          0.832     1.959    u_clkdiv/CLK
    SLICE_X36Y44         FDCE                                         r  u_clkdiv/cnt_reg[8]/C

Slack:                    inf
  Source:                 reset
                            (input port)
  Destination:            u_clkdiv/cnt_reg[9]/CLR
                            (removal check against rising-edge clock sys_clk_pin  {rise@0.000ns fall@5.000ns period=10.000ns})
  Path Group:             (none)
  Path Type:              Removal (Min at Fast Process Corner)
  Data Path Delay:        1.677ns  (logic 0.210ns (12.493%)  route 1.468ns (87.507%))
  Logic Levels:           1  (IBUF=1)
  Clock Path Skew:        1.959ns (DCD - SCD - CPR)
    Destination Clock Delay (DCD):    1.959ns
    Source Clock Delay      (SCD):    0.000ns
    Clock Pessimism Removal (CPR):    -0.000ns

    Location             Delay type                Incr(ns)  Path(ns)    Netlist Resource(s)
  -------------------------------------------------------------------    -------------------
    U18                                               0.000     0.000 f  reset (IN)
                         net (fo=0)                   0.000     0.000    reset
    U18                  IBUF (Prop_ibuf_I_O)         0.210     0.210 f  reset_IBUF_inst/O
                         net (fo=43, routed)          1.468     1.677    u_clkdiv/reset_IBUF
    SLICE_X36Y44         FDCE                                         f  u_clkdiv/cnt_reg[9]/CLR
  -------------------------------------------------------------------    -------------------

                         (clock sys_clk_pin rise edge)
                                                      0.000     0.000 r  
    W5                                                0.000     0.000 r  clk_sys (IN)
                         net (fo=0)                   0.000     0.000    clk_sys
    W5                   IBUF (Prop_ibuf_I_O)         0.414     0.414 r  clk_sys_IBUF_inst/O
                         net (fo=1, routed)           0.685     1.099    clk_sys_IBUF
    BUFGCTRL_X0Y1        BUFG (Prop_bufg_I_O)         0.029     1.128 r  clk_sys_IBUF_BUFG_inst/O
                         net (fo=11, routed)          0.832     1.959    u_clkdiv/CLK
    SLICE_X36Y44         FDCE                                         r  u_clkdiv/cnt_reg[9]/C

Slack:                    inf
  Source:                 reset
                            (input port)
  Destination:            u_clkdiv/cnt_reg[3]/CLR
                            (removal check against rising-edge clock sys_clk_pin  {rise@0.000ns fall@5.000ns period=10.000ns})
  Path Group:             (none)
  Path Type:              Removal (Min at Fast Process Corner)
  Data Path Delay:        1.739ns  (logic 0.210ns (12.047%)  route 1.530ns (87.953%))
  Logic Levels:           1  (IBUF=1)
  Clock Path Skew:        1.958ns (DCD - SCD - CPR)
    Destination Clock Delay (DCD):    1.958ns
    Source Clock Delay      (SCD):    0.000ns
    Clock Pessimism Removal (CPR):    -0.000ns

    Location             Delay type                Incr(ns)  Path(ns)    Netlist Resource(s)
  -------------------------------------------------------------------    -------------------
    U18                                               0.000     0.000 f  reset (IN)
                         net (fo=0)                   0.000     0.000    reset
    U18                  IBUF (Prop_ibuf_I_O)         0.210     0.210 f  reset_IBUF_inst/O
                         net (fo=43, routed)          1.530     1.739    u_clkdiv/reset_IBUF
    SLICE_X37Y42         FDCE                                         f  u_clkdiv/cnt_reg[3]/CLR
  -------------------------------------------------------------------    -------------------

                         (clock sys_clk_pin rise edge)
                                                      0.000     0.000 r  
    W5                                                0.000     0.000 r  clk_sys (IN)
                         net (fo=0)                   0.000     0.000    clk_sys
    W5                   IBUF (Prop_ibuf_I_O)         0.414     0.414 r  clk_sys_IBUF_inst/O
                         net (fo=1, routed)           0.685     1.099    clk_sys_IBUF
    BUFGCTRL_X0Y1        BUFG (Prop_bufg_I_O)         0.029     1.128 r  clk_sys_IBUF_BUFG_inst/O
                         net (fo=11, routed)          0.831     1.958    u_clkdiv/CLK
    SLICE_X37Y42         FDCE                                         r  u_clkdiv/cnt_reg[3]/C

Slack:                    inf
  Source:                 reset
                            (input port)
  Destination:            u_clkdiv/cnt_reg[0]/CLR
                            (removal check against rising-edge clock sys_clk_pin  {rise@0.000ns fall@5.000ns period=10.000ns})
  Path Group:             (none)
  Path Type:              Removal (Min at Fast Process Corner)
  Data Path Delay:        1.744ns  (logic 0.210ns (12.017%)  route 1.534ns (87.983%))
  Logic Levels:           1  (IBUF=1)
  Clock Path Skew:        1.958ns (DCD - SCD - CPR)
    Destination Clock Delay (DCD):    1.958ns
    Source Clock Delay      (SCD):    0.000ns
    Clock Pessimism Removal (CPR):    -0.000ns

    Location             Delay type                Incr(ns)  Path(ns)    Netlist Resource(s)
  -------------------------------------------------------------------    -------------------
    U18                                               0.000     0.000 f  reset (IN)
                         net (fo=0)                   0.000     0.000    reset
    U18                  IBUF (Prop_ibuf_I_O)         0.210     0.210 f  reset_IBUF_inst/O
                         net (fo=43, routed)          1.534     1.744    u_clkdiv/reset_IBUF
    SLICE_X36Y42         FDCE                                         f  u_clkdiv/cnt_reg[0]/CLR
  -------------------------------------------------------------------    -------------------

                         (clock sys_clk_pin rise edge)
                                                      0.000     0.000 r  
    W5                                                0.000     0.000 r  clk_sys (IN)
                         net (fo=0)                   0.000     0.000    clk_sys
    W5                   IBUF (Prop_ibuf_I_O)         0.414     0.414 r  clk_sys_IBUF_inst/O
                         net (fo=1, routed)           0.685     1.099    clk_sys_IBUF
    BUFGCTRL_X0Y1        BUFG (Prop_bufg_I_O)         0.029     1.128 r  clk_sys_IBUF_BUFG_inst/O
                         net (fo=11, routed)          0.831     1.958    u_clkdiv/CLK
    SLICE_X36Y42         FDCE                                         r  u_clkdiv/cnt_reg[0]/C

Slack:                    inf
  Source:                 reset
                            (input port)
  Destination:            u_clkdiv/cnt_reg[1]/CLR
                            (removal check against rising-edge clock sys_clk_pin  {rise@0.000ns fall@5.000ns period=10.000ns})
  Path Group:             (none)
  Path Type:              Removal (Min at Fast Process Corner)
  Data Path Delay:        1.744ns  (logic 0.210ns (12.017%)  route 1.534ns (87.983%))
  Logic Levels:           1  (IBUF=1)
  Clock Path Skew:        1.958ns (DCD - SCD - CPR)
    Destination Clock Delay (DCD):    1.958ns
    Source Clock Delay      (SCD):    0.000ns
    Clock Pessimism Removal (CPR):    -0.000ns

    Location             Delay type                Incr(ns)  Path(ns)    Netlist Resource(s)
  -------------------------------------------------------------------    -------------------
    U18                                               0.000     0.000 f  reset (IN)
                         net (fo=0)                   0.000     0.000    reset
    U18                  IBUF (Prop_ibuf_I_O)         0.210     0.210 f  reset_IBUF_inst/O
                         net (fo=43, routed)          1.534     1.744    u_clkdiv/reset_IBUF
    SLICE_X36Y42         FDCE                                         f  u_clkdiv/cnt_reg[1]/CLR
  -------------------------------------------------------------------    -------------------

                         (clock sys_clk_pin rise edge)
                                                      0.000     0.000 r  
    W5                                                0.000     0.000 r  clk_sys (IN)
                         net (fo=0)                   0.000     0.000    clk_sys
    W5                   IBUF (Prop_ibuf_I_O)         0.414     0.414 r  clk_sys_IBUF_inst/O
                         net (fo=1, routed)           0.685     1.099    clk_sys_IBUF
    BUFGCTRL_X0Y1        BUFG (Prop_bufg_I_O)         0.029     1.128 r  clk_sys_IBUF_BUFG_inst/O
                         net (fo=11, routed)          0.831     1.958    u_clkdiv/CLK
    SLICE_X36Y42         FDCE                                         r  u_clkdiv/cnt_reg[1]/C

Slack:                    inf
  Source:                 reset
                            (input port)
  Destination:            u_clkdiv/clk100k_reg/CLR
                            (removal check against rising-edge clock sys_clk_pin  {rise@0.000ns fall@5.000ns period=10.000ns})
  Path Group:             (none)
  Path Type:              Removal (Min at Fast Process Corner)
  Data Path Delay:        1.747ns  (logic 0.210ns (11.990%)  route 1.538ns (88.010%))
  Logic Levels:           1  (IBUF=1)
  Clock Path Skew:        1.959ns (DCD - SCD - CPR)
    Destination Clock Delay (DCD):    1.959ns
    Source Clock Delay      (SCD):    0.000ns
    Clock Pessimism Removal (CPR):    -0.000ns

    Location             Delay type                Incr(ns)  Path(ns)    Netlist Resource(s)
  -------------------------------------------------------------------    -------------------
    U18                                               0.000     0.000 f  reset (IN)
                         net (fo=0)                   0.000     0.000    reset
    U18                  IBUF (Prop_ibuf_I_O)         0.210     0.210 f  reset_IBUF_inst/O
                         net (fo=43, routed)          1.538     1.747    u_clkdiv/reset_IBUF
    SLICE_X37Y43         FDCE                                         f  u_clkdiv/clk100k_reg/CLR
  -------------------------------------------------------------------    -------------------

                         (clock sys_clk_pin rise edge)
                                                      0.000     0.000 r  
    W5                                                0.000     0.000 r  clk_sys (IN)
                         net (fo=0)                   0.000     0.000    clk_sys
    W5                   IBUF (Prop_ibuf_I_O)         0.414     0.414 r  clk_sys_IBUF_inst/O
                         net (fo=1, routed)           0.685     1.099    clk_sys_IBUF
    BUFGCTRL_X0Y1        BUFG (Prop_bufg_I_O)         0.029     1.128 r  clk_sys_IBUF_BUFG_inst/O
                         net (fo=11, routed)          0.832     1.959    u_clkdiv/CLK
    SLICE_X37Y43         FDCE                                         r  u_clkdiv/clk100k_reg/C

Slack:                    inf
  Source:                 reset
                            (input port)
  Destination:            u_clkdiv/cnt_reg[2]/CLR
                            (removal check against rising-edge clock sys_clk_pin  {rise@0.000ns fall@5.000ns period=10.000ns})
  Path Group:             (none)
  Path Type:              Removal (Min at Fast Process Corner)
  Data Path Delay:        1.747ns  (logic 0.210ns (11.990%)  route 1.538ns (88.010%))
  Logic Levels:           1  (IBUF=1)
  Clock Path Skew:        1.959ns (DCD - SCD - CPR)
    Destination Clock Delay (DCD):    1.959ns
    Source Clock Delay      (SCD):    0.000ns
    Clock Pessimism Removal (CPR):    -0.000ns

    Location             Delay type                Incr(ns)  Path(ns)    Netlist Resource(s)
  -------------------------------------------------------------------    -------------------
    U18                                               0.000     0.000 f  reset (IN)
                         net (fo=0)                   0.000     0.000    reset
    U18                  IBUF (Prop_ibuf_I_O)         0.210     0.210 f  reset_IBUF_inst/O
                         net (fo=43, routed)          1.538     1.747    u_clkdiv/reset_IBUF
    SLICE_X37Y43         FDCE                                         f  u_clkdiv/cnt_reg[2]/CLR
  -------------------------------------------------------------------    -------------------

                         (clock sys_clk_pin rise edge)
                                                      0.000     0.000 r  
    W5                                                0.000     0.000 r  clk_sys (IN)
                         net (fo=0)                   0.000     0.000    clk_sys
    W5                   IBUF (Prop_ibuf_I_O)         0.414     0.414 r  clk_sys_IBUF_inst/O
                         net (fo=1, routed)           0.685     1.099    clk_sys_IBUF
    BUFGCTRL_X0Y1        BUFG (Prop_bufg_I_O)         0.029     1.128 r  clk_sys_IBUF_BUFG_inst/O
                         net (fo=11, routed)          0.832     1.959    u_clkdiv/CLK
    SLICE_X37Y43         FDCE                                         r  u_clkdiv/cnt_reg[2]/C

Slack:                    inf
  Source:                 reset
                            (input port)
  Destination:            u_clkdiv/cnt_reg[4]/CLR
                            (removal check against rising-edge clock sys_clk_pin  {rise@0.000ns fall@5.000ns period=10.000ns})
  Path Group:             (none)
  Path Type:              Removal (Min at Fast Process Corner)
  Data Path Delay:        1.747ns  (logic 0.210ns (11.990%)  route 1.538ns (88.010%))
  Logic Levels:           1  (IBUF=1)
  Clock Path Skew:        1.959ns (DCD - SCD - CPR)
    Destination Clock Delay (DCD):    1.959ns
    Source Clock Delay      (SCD):    0.000ns
    Clock Pessimism Removal (CPR):    -0.000ns

    Location             Delay type                Incr(ns)  Path(ns)    Netlist Resource(s)
  -------------------------------------------------------------------    -------------------
    U18                                               0.000     0.000 f  reset (IN)
                         net (fo=0)                   0.000     0.000    reset
    U18                  IBUF (Prop_ibuf_I_O)         0.210     0.210 f  reset_IBUF_inst/O
                         net (fo=43, routed)          1.538     1.747    u_clkdiv/reset_IBUF
    SLICE_X37Y43         FDCE                                         f  u_clkdiv/cnt_reg[4]/CLR
  -------------------------------------------------------------------    -------------------

                         (clock sys_clk_pin rise edge)
                                                      0.000     0.000 r  
    W5                                                0.000     0.000 r  clk_sys (IN)
                         net (fo=0)                   0.000     0.000    clk_sys
    W5                   IBUF (Prop_ibuf_I_O)         0.414     0.414 r  clk_sys_IBUF_inst/O
                         net (fo=1, routed)           0.685     1.099    clk_sys_IBUF
    BUFGCTRL_X0Y1        BUFG (Prop_bufg_I_O)         0.029     1.128 r  clk_sys_IBUF_BUFG_inst/O
                         net (fo=11, routed)          0.832     1.959    u_clkdiv/CLK
    SLICE_X37Y43         FDCE                                         r  u_clkdiv/cnt_reg[4]/C





