Copyright 1986-2022 Xilinx, Inc. All Rights Reserved. Copyright 2022-2026 Advanced Micro Devices, Inc. All Rights Reserved.
---------------------------------------------------------------------------------------------------------------------------------------------------------------------------------------------------------------------------------------------------------
| Tool Version : Vivado v.2025.2.1 (win64) Build 6403652 Thu Mar 19 19:48:24 GMT 2026
| Date         : Fri Apr 17 16:53:54 2026
| Host         : DESKTOP-Q1F9NDB running 64-bit major release  (build 9200)
| Command      : report_timing_summary -max_paths 10 -routable_nets -report_unconstrained -file top_fnd_control_timing_summary_routed.rpt -pb top_fnd_control_timing_summary_routed.pb -rpx top_fnd_control_timing_summary_routed.rpx -warn_on_violation
| Design       : top_fnd_control
| Device       : 7a35t-cpg236
| Speed File   : -1  PRODUCTION 1.23 2018-06-13
| Design State : Routed
---------------------------------------------------------------------------------------------------------------------------------------------------------------------------------------------------------------------------------------------------------

Timing Summary Report

------------------------------------------------------------------------------------------------
| Timer Settings
| --------------
------------------------------------------------------------------------------------------------

  Enable Multi Corner Analysis               :  Yes
  Enable Pessimism Removal                   :  Yes
  Pessimism Removal Resolution               :  Nearest Common Node
  Enable Input Delay Default Clock           :  No
  Enable Preset / Clear Arcs                 :  No
  Disable Flight Delays                      :  No
  Ignore I/O Paths                           :  No
  Timing Early Launch at Borrowing Latches   :  No
  Borrow Time for Max Delay Exceptions       :  Yes
  Merge Timing Exceptions                    :  Yes
  Inter-SLR Compensation                     :  Conservative

  Corner  Analyze    Analyze    
  Name    Max Paths  Min Paths  
  ------  ---------  ---------  
  Slow    Yes        Yes        
  Fast    Yes        Yes        


------------------------------------------------------------------------------------------------
| Report Methodology
| ------------------
------------------------------------------------------------------------------------------------

Rule       Severity          Description                    Violations  
---------  ----------------  -----------------------------  ----------  
TIMING-17  Critical Warning  Non-clocked sequential cell    5           
TIMING-18  Warning           Missing input or output delay  20          

Note: This report is based on the most recent report_methodology run and may not be up-to-date. Run report_methodology on the current design for the latest report.



check_timing report

Table of Contents
-----------------
1. checking no_clock (5)
2. checking constant_clock (0)
3. checking pulse_width_clock (0)
4. checking unconstrained_internal_endpoints (10)
5. checking no_input_delay (5)
6. checking no_output_delay (22)
7. checking multiple_clock (0)
8. checking generated_clocks (0)
9. checking loops (0)
10. checking partial_input_delay (0)
11. checking partial_output_delay (0)
12. checking latch_loops (0)

1. checking no_clock (5)
------------------------
 There are 5 register/latch pins with no clock driven by root clock pin: U3/clk_out_reg/Q (HIGH)


2. checking constant_clock (0)
------------------------------
 There are 0 register/latch pins with constant_clock.


3. checking pulse_width_clock (0)
---------------------------------
 There are 0 register/latch pins which need pulse_width check


4. checking unconstrained_internal_endpoints (10)
-------------------------------------------------
 There are 10 pins that are not constrained for maximum delay. (HIGH)

 There are 0 pins that are not constrained for maximum delay due to constant clock.


5. checking no_input_delay (5)
------------------------------
 There are 5 input ports with no input delay specified. (HIGH)

 There are 0 input ports with no input delay but user has a false path constraint.


6. checking no_output_delay (22)
--------------------------------
 There are 22 ports with no output delay specified. (HIGH)

 There are 0 ports with no output delay but user has a false path constraint

 There are 0 ports with no output delay but with a timing clock defined on it or propagating through it


7. checking multiple_clock (0)
------------------------------
 There are 0 register/latch pins with multiple clocks.


8. checking generated_clocks (0)
--------------------------------
 There are 0 generated clocks that are not connected to a clock source.


9. checking loops (0)
---------------------
 There are 0 combinational loops in the design.


10. checking partial_input_delay (0)
------------------------------------
 There are 0 input ports with partial input delay specified.


11. checking partial_output_delay (0)
-------------------------------------
 There are 0 ports with partial output delay specified.


12. checking latch_loops (0)
----------------------------
 There are 0 combinational latch loops in the design through latch input



------------------------------------------------------------------------------------------------
| Design Timing Summary
| ---------------------
------------------------------------------------------------------------------------------------

    WNS(ns)      TNS(ns)  TNS Failing Endpoints  TNS Total Endpoints      WHS(ns)      THS(ns)  THS Failing Endpoints  THS Total Endpoints     WPWS(ns)     TPWS(ns)  TPWS Failing Endpoints  TPWS Total Endpoints  
    -------      -------  ---------------------  -------------------      -------      -------  ---------------------  -------------------     --------     --------  ----------------------  --------------------  
      5.164        0.000                      0                  270        0.156        0.000                      0                  270        4.500        0.000                       0                   222  


All user specified timing constraints are met.


------------------------------------------------------------------------------------------------
| Clock Summary
| -------------
------------------------------------------------------------------------------------------------

Clock        Waveform(ns)       Period(ns)      Frequency(MHz)
-----        ------------       ----------      --------------
sys_clk_pin  {0.000 5.000}      10.000          100.000         


------------------------------------------------------------------------------------------------
| Intra Clock Table
| -----------------
------------------------------------------------------------------------------------------------

Clock             WNS(ns)      TNS(ns)  TNS Failing Endpoints  TNS Total Endpoints      WHS(ns)      THS(ns)  THS Failing Endpoints  THS Total Endpoints     WPWS(ns)     TPWS(ns)  TPWS Failing Endpoints  TPWS Total Endpoints  
-----             -------      -------  ---------------------  -------------------      -------      -------  ---------------------  -------------------     --------     --------  ----------------------  --------------------  
sys_clk_pin         5.164        0.000                      0                  270        0.156        0.000                      0                  270        4.500        0.000                       0                   222  


------------------------------------------------------------------------------------------------
| Inter Clock Table
| -----------------
------------------------------------------------------------------------------------------------

From Clock    To Clock          WNS(ns)      TNS(ns)  TNS Failing Endpoints  TNS Total Endpoints      WHS(ns)      THS(ns)  THS Failing Endpoints  THS Total Endpoints  
----------    --------          -------      -------  ---------------------  -------------------      -------      -------  ---------------------  -------------------  


------------------------------------------------------------------------------------------------
| Other Path Groups Table
| -----------------------
------------------------------------------------------------------------------------------------

Path Group    From Clock    To Clock          WNS(ns)      TNS(ns)  TNS Failing Endpoints  TNS Total Endpoints      WHS(ns)      THS(ns)  THS Failing Endpoints  THS Total Endpoints  
----------    ----------    --------          -------      -------  ---------------------  -------------------      -------      -------  ---------------------  -------------------  


------------------------------------------------------------------------------------------------
| User Ignored Path Table
| -----------------------
------------------------------------------------------------------------------------------------

Path Group    From Clock    To Clock    
----------    ----------    --------    


------------------------------------------------------------------------------------------------
| Unconstrained Path Table
| ------------------------
------------------------------------------------------------------------------------------------

Path Group    From Clock    To Clock    
----------    ----------    --------    
(none)                                    
(none)        sys_clk_pin                 
(none)                      sys_clk_pin   


------------------------------------------------------------------------------------------------
| Timing Details
| --------------
------------------------------------------------------------------------------------------------


---------------------------------------------------------------------------------------------------
From Clock:  sys_clk_pin
  To Clock:  sys_clk_pin

Setup :            0  Failing Endpoints,  Worst Slack        5.164ns,  Total Violation        0.000ns
Hold  :            0  Failing Endpoints,  Worst Slack        0.156ns,  Total Violation        0.000ns
PW    :            0  Failing Endpoints,  Worst Slack        4.500ns,  Total Violation        0.000ns
---------------------------------------------------------------------------------------------------


Max Delay Paths
--------------------------------------------------------------------------------------
Slack (MET) :             5.164ns  (required time - arrival time)
  Source:                 U0/mode_reg[1]/C
                            (rising edge-triggered cell FDCE clocked by sys_clk_pin  {rise@0.000ns fall@5.000ns period=10.000ns})
  Destination:            U9/min_reg[3]/CE
                            (rising edge-triggered cell FDCE clocked by sys_clk_pin  {rise@0.000ns fall@5.000ns period=10.000ns})
  Path Group:             sys_clk_pin
  Path Type:              Setup (Max at Slow Process Corner)
  Requirement:            10.000ns  (sys_clk_pin rise@10.000ns - sys_clk_pin rise@0.000ns)
  Data Path Delay:        4.559ns  (logic 1.192ns (26.145%)  route 3.367ns (73.855%))
  Logic Levels:           3  (LUT2=2 LUT6=1)
  Clock Path Skew:        -0.036ns (DCD - SCD + CPR)
    Destination Clock Delay (DCD):    4.859ns = ( 14.859 - 10.000 ) 
    Source Clock Delay      (SCD):    5.155ns
    Clock Pessimism Removal (CPR):    0.260ns
  Clock Uncertainty:      0.035ns  ((TSJ^2 + TIJ^2)^1/2 + DJ) / 2 + PE
    Total System Jitter     (TSJ):    0.071ns
    Total Input Jitter      (TIJ):    0.000ns
    Discrete Jitter          (DJ):    0.000ns
    Phase Error              (PE):    0.000ns

    Location             Delay type                Incr(ns)  Path(ns)    Netlist Resource(s)
  -------------------------------------------------------------------    -------------------
                         (clock sys_clk_pin rise edge)
                                                      0.000     0.000 r  
    W5                                                0.000     0.000 r  clk (IN)
                         net (fo=0)                   0.000     0.000    clk
    W5                   IBUF (Prop_ibuf_I_O)         1.458     1.458 r  clk_IBUF_inst/O
                         net (fo=1, routed)           1.967     3.425    clk_IBUF
    BUFGCTRL_X0Y0        BUFG (Prop_bufg_I_O)         0.096     3.521 r  clk_IBUF_BUFG_inst/O
                         net (fo=221, routed)         1.634     5.155    U0/CLK
    SLICE_X5Y8           FDCE                                         r  U0/mode_reg[1]/C
  -------------------------------------------------------------------    -------------------
    SLICE_X5Y8           FDCE (Prop_fdce_C_Q)         0.419     5.574 r  U0/mode_reg[1]/Q
                         net (fo=46, routed)          1.287     6.862    U0/mode_out_OBUF[1]
    SLICE_X2Y7           LUT2 (Prop_lut2_I0_O)        0.321     7.183 r  U0/mmsec[3]_i_2/O
                         net (fo=5, routed)           0.719     7.902    U9/mmsec_reg[3]_4
    SLICE_X1Y10          LUT6 (Prop_lut6_I3_O)        0.328     8.230 r  U9/sec[5]_i_1__0/O
                         net (fo=7, routed)           0.875     9.104    U9/sec[5]_i_1__0_n_0
    SLICE_X3Y5           LUT2 (Prop_lut2_I0_O)        0.124     9.228 r  U9/min[5]_i_1__0/O
                         net (fo=6, routed)           0.486     9.714    U9/min[5]_i_1__0_n_0
    SLICE_X3Y8           FDCE                                         r  U9/min_reg[3]/CE
  -------------------------------------------------------------------    -------------------

                         (clock sys_clk_pin rise edge)
                                                     10.000    10.000 r  
    W5                                                0.000    10.000 r  clk (IN)
                         net (fo=0)                   0.000    10.000    clk
    W5                   IBUF (Prop_ibuf_I_O)         1.388    11.388 r  clk_IBUF_inst/O
                         net (fo=1, routed)           1.862    13.250    clk_IBUF
    BUFGCTRL_X0Y0        BUFG (Prop_bufg_I_O)         0.091    13.341 r  clk_IBUF_BUFG_inst/O
                         net (fo=221, routed)         1.518    14.859    U9/sec_reg[5]_1
    SLICE_X3Y8           FDCE                                         r  U9/min_reg[3]/C
                         clock pessimism              0.260    15.119    
                         clock uncertainty           -0.035    15.084    
    SLICE_X3Y8           FDCE (Setup_fdce_C_CE)      -0.205    14.879    U9/min_reg[3]
  -------------------------------------------------------------------
                         required time                         14.879    
                         arrival time                          -9.714    
  -------------------------------------------------------------------
                         slack                                  5.164    

Slack (MET) :             5.164ns  (required time - arrival time)
  Source:                 U0/mode_reg[1]/C
                            (rising edge-triggered cell FDCE clocked by sys_clk_pin  {rise@0.000ns fall@5.000ns period=10.000ns})
  Destination:            U9/min_reg[4]/CE
                            (rising edge-triggered cell FDCE clocked by sys_clk_pin  {rise@0.000ns fall@5.000ns period=10.000ns})
  Path Group:             sys_clk_pin
  Path Type:              Setup (Max at Slow Process Corner)
  Requirement:            10.000ns  (sys_clk_pin rise@10.000ns - sys_clk_pin rise@0.000ns)
  Data Path Delay:        4.559ns  (logic 1.192ns (26.145%)  route 3.367ns (73.855%))
  Logic Levels:           3  (LUT2=2 LUT6=1)
  Clock Path Skew:        -0.036ns (DCD - SCD + CPR)
    Destination Clock Delay (DCD):    4.859ns = ( 14.859 - 10.000 ) 
    Source Clock Delay      (SCD):    5.155ns
    Clock Pessimism Removal (CPR):    0.260ns
  Clock Uncertainty:      0.035ns  ((TSJ^2 + TIJ^2)^1/2 + DJ) / 2 + PE
    Total System Jitter     (TSJ):    0.071ns
    Total Input Jitter      (TIJ):    0.000ns
    Discrete Jitter          (DJ):    0.000ns
    Phase Error              (PE):    0.000ns

    Location             Delay type                Incr(ns)  Path(ns)    Netlist Resource(s)
  -------------------------------------------------------------------    -------------------
                         (clock sys_clk_pin rise edge)
                                                      0.000     0.000 r  
    W5                                                0.000     0.000 r  clk (IN)
                         net (fo=0)                   0.000     0.000    clk
    W5                   IBUF (Prop_ibuf_I_O)         1.458     1.458 r  clk_IBUF_inst/O
                         net (fo=1, routed)           1.967     3.425    clk_IBUF
    BUFGCTRL_X0Y0        BUFG (Prop_bufg_I_O)         0.096     3.521 r  clk_IBUF_BUFG_inst/O
                         net (fo=221, routed)         1.634     5.155    U0/CLK
    SLICE_X5Y8           FDCE                                         r  U0/mode_reg[1]/C
  -------------------------------------------------------------------    -------------------
    SLICE_X5Y8           FDCE (Prop_fdce_C_Q)         0.419     5.574 r  U0/mode_reg[1]/Q
                         net (fo=46, routed)          1.287     6.862    U0/mode_out_OBUF[1]
    SLICE_X2Y7           LUT2 (Prop_lut2_I0_O)        0.321     7.183 r  U0/mmsec[3]_i_2/O
                         net (fo=5, routed)           0.719     7.902    U9/mmsec_reg[3]_4
    SLICE_X1Y10          LUT6 (Prop_lut6_I3_O)        0.328     8.230 r  U9/sec[5]_i_1__0/O
                         net (fo=7, routed)           0.875     9.104    U9/sec[5]_i_1__0_n_0
    SLICE_X3Y5           LUT2 (Prop_lut2_I0_O)        0.124     9.228 r  U9/min[5]_i_1__0/O
                         net (fo=6, routed)           0.486     9.714    U9/min[5]_i_1__0_n_0
    SLICE_X3Y8           FDCE                                         r  U9/min_reg[4]/CE
  -------------------------------------------------------------------    -------------------

                         (clock sys_clk_pin rise edge)
                                                     10.000    10.000 r  
    W5                                                0.000    10.000 r  clk (IN)
                         net (fo=0)                   0.000    10.000    clk
    W5                   IBUF (Prop_ibuf_I_O)         1.388    11.388 r  clk_IBUF_inst/O
                         net (fo=1, routed)           1.862    13.250    clk_IBUF
    BUFGCTRL_X0Y0        BUFG (Prop_bufg_I_O)         0.091    13.341 r  clk_IBUF_BUFG_inst/O
                         net (fo=221, routed)         1.518    14.859    U9/sec_reg[5]_1
    SLICE_X3Y8           FDCE                                         r  U9/min_reg[4]/C
                         clock pessimism              0.260    15.119    
                         clock uncertainty           -0.035    15.084    
    SLICE_X3Y8           FDCE (Setup_fdce_C_CE)      -0.205    14.879    U9/min_reg[4]
  -------------------------------------------------------------------
                         required time                         14.879    
                         arrival time                          -9.714    
  -------------------------------------------------------------------
                         slack                                  5.164    

Slack (MET) :             5.167ns  (required time - arrival time)
  Source:                 U0/mode_reg[1]/C
                            (rising edge-triggered cell FDCE clocked by sys_clk_pin  {rise@0.000ns fall@5.000ns period=10.000ns})
  Destination:            U9/min_reg[0]/CE
                            (rising edge-triggered cell FDCE clocked by sys_clk_pin  {rise@0.000ns fall@5.000ns period=10.000ns})
  Path Group:             sys_clk_pin
  Path Type:              Setup (Max at Slow Process Corner)
  Requirement:            10.000ns  (sys_clk_pin rise@10.000ns - sys_clk_pin rise@0.000ns)
  Data Path Delay:        4.557ns  (logic 1.192ns (26.158%)  route 3.365ns (73.842%))
  Logic Levels:           3  (LUT2=2 LUT6=1)
  Clock Path Skew:        -0.036ns (DCD - SCD + CPR)
    Destination Clock Delay (DCD):    4.859ns = ( 14.859 - 10.000 ) 
    Source Clock Delay      (SCD):    5.155ns
    Clock Pessimism Removal (CPR):    0.260ns
  Clock Uncertainty:      0.035ns  ((TSJ^2 + TIJ^2)^1/2 + DJ) / 2 + PE
    Total System Jitter     (TSJ):    0.071ns
    Total Input Jitter      (TIJ):    0.000ns
    Discrete Jitter          (DJ):    0.000ns
    Phase Error              (PE):    0.000ns

    Location             Delay type                Incr(ns)  Path(ns)    Netlist Resource(s)
  -------------------------------------------------------------------    -------------------
                         (clock sys_clk_pin rise edge)
                                                      0.000     0.000 r  
    W5                                                0.000     0.000 r  clk (IN)
                         net (fo=0)                   0.000     0.000    clk
    W5                   IBUF (Prop_ibuf_I_O)         1.458     1.458 r  clk_IBUF_inst/O
                         net (fo=1, routed)           1.967     3.425    clk_IBUF
    BUFGCTRL_X0Y0        BUFG (Prop_bufg_I_O)         0.096     3.521 r  clk_IBUF_BUFG_inst/O
                         net (fo=221, routed)         1.634     5.155    U0/CLK
    SLICE_X5Y8           FDCE                                         r  U0/mode_reg[1]/C
  -------------------------------------------------------------------    -------------------
    SLICE_X5Y8           FDCE (Prop_fdce_C_Q)         0.419     5.574 r  U0/mode_reg[1]/Q
                         net (fo=46, routed)          1.287     6.862    U0/mode_out_OBUF[1]
    SLICE_X2Y7           LUT2 (Prop_lut2_I0_O)        0.321     7.183 r  U0/mmsec[3]_i_2/O
                         net (fo=5, routed)           0.719     7.902    U9/mmsec_reg[3]_4
    SLICE_X1Y10          LUT6 (Prop_lut6_I3_O)        0.328     8.230 r  U9/sec[5]_i_1__0/O
                         net (fo=7, routed)           0.875     9.104    U9/sec[5]_i_1__0_n_0
    SLICE_X3Y5           LUT2 (Prop_lut2_I0_O)        0.124     9.228 r  U9/min[5]_i_1__0/O
                         net (fo=6, routed)           0.484     9.712    U9/min[5]_i_1__0_n_0
    SLICE_X3Y7           FDCE                                         r  U9/min_reg[0]/CE
  -------------------------------------------------------------------    -------------------

                         (clock sys_clk_pin rise edge)
                                                     10.000    10.000 r  
    W5                                                0.000    10.000 r  clk (IN)
                         net (fo=0)                   0.000    10.000    clk
    W5                   IBUF (Prop_ibuf_I_O)         1.388    11.388 r  clk_IBUF_inst/O
                         net (fo=1, routed)           1.862    13.250    clk_IBUF
    BUFGCTRL_X0Y0        BUFG (Prop_bufg_I_O)         0.091    13.341 r  clk_IBUF_BUFG_inst/O
                         net (fo=221, routed)         1.518    14.859    U9/sec_reg[5]_1
    SLICE_X3Y7           FDCE                                         r  U9/min_reg[0]/C
                         clock pessimism              0.260    15.119    
                         clock uncertainty           -0.035    15.084    
    SLICE_X3Y7           FDCE (Setup_fdce_C_CE)      -0.205    14.879    U9/min_reg[0]
  -------------------------------------------------------------------
                         required time                         14.879    
                         arrival time                          -9.712    
  -------------------------------------------------------------------
                         slack                                  5.167    

Slack (MET) :             5.167ns  (required time - arrival time)
  Source:                 U0/mode_reg[1]/C
                            (rising edge-triggered cell FDCE clocked by sys_clk_pin  {rise@0.000ns fall@5.000ns period=10.000ns})
  Destination:            U9/min_reg[1]/CE
                            (rising edge-triggered cell FDCE clocked by sys_clk_pin  {rise@0.000ns fall@5.000ns period=10.000ns})
  Path Group:             sys_clk_pin
  Path Type:              Setup (Max at Slow Process Corner)
  Requirement:            10.000ns  (sys_clk_pin rise@10.000ns - sys_clk_pin rise@0.000ns)
  Data Path Delay:        4.557ns  (logic 1.192ns (26.158%)  route 3.365ns (73.842%))
  Logic Levels:           3  (LUT2=2 LUT6=1)
  Clock Path Skew:        -0.036ns (DCD - SCD + CPR)
    Destination Clock Delay (DCD):    4.859ns = ( 14.859 - 10.000 ) 
    Source Clock Delay      (SCD):    5.155ns
    Clock Pessimism Removal (CPR):    0.260ns
  Clock Uncertainty:      0.035ns  ((TSJ^2 + TIJ^2)^1/2 + DJ) / 2 + PE
    Total System Jitter     (TSJ):    0.071ns
    Total Input Jitter      (TIJ):    0.000ns
    Discrete Jitter          (DJ):    0.000ns
    Phase Error              (PE):    0.000ns

    Location             Delay type                Incr(ns)  Path(ns)    Netlist Resource(s)
  -------------------------------------------------------------------    -------------------
                         (clock sys_clk_pin rise edge)
                                                      0.000     0.000 r  
    W5                                                0.000     0.000 r  clk (IN)
                         net (fo=0)                   0.000     0.000    clk
    W5                   IBUF (Prop_ibuf_I_O)         1.458     1.458 r  clk_IBUF_inst/O
                         net (fo=1, routed)           1.967     3.425    clk_IBUF
    BUFGCTRL_X0Y0        BUFG (Prop_bufg_I_O)         0.096     3.521 r  clk_IBUF_BUFG_inst/O
                         net (fo=221, routed)         1.634     5.155    U0/CLK
    SLICE_X5Y8           FDCE                                         r  U0/mode_reg[1]/C
  -------------------------------------------------------------------    -------------------
    SLICE_X5Y8           FDCE (Prop_fdce_C_Q)         0.419     5.574 r  U0/mode_reg[1]/Q
                         net (fo=46, routed)          1.287     6.862    U0/mode_out_OBUF[1]
    SLICE_X2Y7           LUT2 (Prop_lut2_I0_O)        0.321     7.183 r  U0/mmsec[3]_i_2/O
                         net (fo=5, routed)           0.719     7.902    U9/mmsec_reg[3]_4
    SLICE_X1Y10          LUT6 (Prop_lut6_I3_O)        0.328     8.230 r  U9/sec[5]_i_1__0/O
                         net (fo=7, routed)           0.875     9.104    U9/sec[5]_i_1__0_n_0
    SLICE_X3Y5           LUT2 (Prop_lut2_I0_O)        0.124     9.228 r  U9/min[5]_i_1__0/O
                         net (fo=6, routed)           0.484     9.712    U9/min[5]_i_1__0_n_0
    SLICE_X3Y7           FDCE                                         r  U9/min_reg[1]/CE
  -------------------------------------------------------------------    -------------------

                         (clock sys_clk_pin rise edge)
                                                     10.000    10.000 r  
    W5                                                0.000    10.000 r  clk (IN)
                         net (fo=0)                   0.000    10.000    clk
    W5                   IBUF (Prop_ibuf_I_O)         1.388    11.388 r  clk_IBUF_inst/O
                         net (fo=1, routed)           1.862    13.250    clk_IBUF
    BUFGCTRL_X0Y0        BUFG (Prop_bufg_I_O)         0.091    13.341 r  clk_IBUF_BUFG_inst/O
                         net (fo=221, routed)         1.518    14.859    U9/sec_reg[5]_1
    SLICE_X3Y7           FDCE                                         r  U9/min_reg[1]/C
                         clock pessimism              0.260    15.119    
                         clock uncertainty           -0.035    15.084    
    SLICE_X3Y7           FDCE (Setup_fdce_C_CE)      -0.205    14.879    U9/min_reg[1]
  -------------------------------------------------------------------
                         required time                         14.879    
                         arrival time                          -9.712    
  -------------------------------------------------------------------
                         slack                                  5.167    

Slack (MET) :             5.167ns  (required time - arrival time)
  Source:                 U0/mode_reg[1]/C
                            (rising edge-triggered cell FDCE clocked by sys_clk_pin  {rise@0.000ns fall@5.000ns period=10.000ns})
  Destination:            U9/min_reg[2]/CE
                            (rising edge-triggered cell FDCE clocked by sys_clk_pin  {rise@0.000ns fall@5.000ns period=10.000ns})
  Path Group:             sys_clk_pin
  Path Type:              Setup (Max at Slow Process Corner)
  Requirement:            10.000ns  (sys_clk_pin rise@10.000ns - sys_clk_pin rise@0.000ns)
  Data Path Delay:        4.557ns  (logic 1.192ns (26.158%)  route 3.365ns (73.842%))
  Logic Levels:           3  (LUT2=2 LUT6=1)
  Clock Path Skew:        -0.036ns (DCD - SCD + CPR)
    Destination Clock Delay (DCD):    4.859ns = ( 14.859 - 10.000 ) 
    Source Clock Delay      (SCD):    5.155ns
    Clock Pessimism Removal (CPR):    0.260ns
  Clock Uncertainty:      0.035ns  ((TSJ^2 + TIJ^2)^1/2 + DJ) / 2 + PE
    Total System Jitter     (TSJ):    0.071ns
    Total Input Jitter      (TIJ):    0.000ns
    Discrete Jitter          (DJ):    0.000ns
    Phase Error              (PE):    0.000ns

    Location             Delay type                Incr(ns)  Path(ns)    Netlist Resource(s)
  -------------------------------------------------------------------    -------------------
                         (clock sys_clk_pin rise edge)
                                                      0.000     0.000 r  
    W5                                                0.000     0.000 r  clk (IN)
                         net (fo=0)                   0.000     0.000    clk
    W5                   IBUF (Prop_ibuf_I_O)         1.458     1.458 r  clk_IBUF_inst/O
                         net (fo=1, routed)           1.967     3.425    clk_IBUF
    BUFGCTRL_X0Y0        BUFG (Prop_bufg_I_O)         0.096     3.521 r  clk_IBUF_BUFG_inst/O
                         net (fo=221, routed)         1.634     5.155    U0/CLK
    SLICE_X5Y8           FDCE                                         r  U0/mode_reg[1]/C
  -------------------------------------------------------------------    -------------------
    SLICE_X5Y8           FDCE (Prop_fdce_C_Q)         0.419     5.574 r  U0/mode_reg[1]/Q
                         net (fo=46, routed)          1.287     6.862    U0/mode_out_OBUF[1]
    SLICE_X2Y7           LUT2 (Prop_lut2_I0_O)        0.321     7.183 r  U0/mmsec[3]_i_2/O
                         net (fo=5, routed)           0.719     7.902    U9/mmsec_reg[3]_4
    SLICE_X1Y10          LUT6 (Prop_lut6_I3_O)        0.328     8.230 r  U9/sec[5]_i_1__0/O
                         net (fo=7, routed)           0.875     9.104    U9/sec[5]_i_1__0_n_0
    SLICE_X3Y5           LUT2 (Prop_lut2_I0_O)        0.124     9.228 r  U9/min[5]_i_1__0/O
                         net (fo=6, routed)           0.484     9.712    U9/min[5]_i_1__0_n_0
    SLICE_X3Y7           FDCE                                         r  U9/min_reg[2]/CE
  -------------------------------------------------------------------    -------------------

                         (clock sys_clk_pin rise edge)
                                                     10.000    10.000 r  
    W5                                                0.000    10.000 r  clk (IN)
                         net (fo=0)                   0.000    10.000    clk
    W5                   IBUF (Prop_ibuf_I_O)         1.388    11.388 r  clk_IBUF_inst/O
                         net (fo=1, routed)           1.862    13.250    clk_IBUF
    BUFGCTRL_X0Y0        BUFG (Prop_bufg_I_O)         0.091    13.341 r  clk_IBUF_BUFG_inst/O
                         net (fo=221, routed)         1.518    14.859    U9/sec_reg[5]_1
    SLICE_X3Y7           FDCE                                         r  U9/min_reg[2]/C
                         clock pessimism              0.260    15.119    
                         clock uncertainty           -0.035    15.084    
    SLICE_X3Y7           FDCE (Setup_fdce_C_CE)      -0.205    14.879    U9/min_reg[2]
  -------------------------------------------------------------------
                         required time                         14.879    
                         arrival time                          -9.712    
  -------------------------------------------------------------------
                         slack                                  5.167    

Slack (MET) :             5.167ns  (required time - arrival time)
  Source:                 U0/mode_reg[1]/C
                            (rising edge-triggered cell FDCE clocked by sys_clk_pin  {rise@0.000ns fall@5.000ns period=10.000ns})
  Destination:            U9/min_reg[5]/CE
                            (rising edge-triggered cell FDCE clocked by sys_clk_pin  {rise@0.000ns fall@5.000ns period=10.000ns})
  Path Group:             sys_clk_pin
  Path Type:              Setup (Max at Slow Process Corner)
  Requirement:            10.000ns  (sys_clk_pin rise@10.000ns - sys_clk_pin rise@0.000ns)
  Data Path Delay:        4.557ns  (logic 1.192ns (26.158%)  route 3.365ns (73.842%))
  Logic Levels:           3  (LUT2=2 LUT6=1)
  Clock Path Skew:        -0.036ns (DCD - SCD + CPR)
    Destination Clock Delay (DCD):    4.859ns = ( 14.859 - 10.000 ) 
    Source Clock Delay      (SCD):    5.155ns
    Clock Pessimism Removal (CPR):    0.260ns
  Clock Uncertainty:      0.035ns  ((TSJ^2 + TIJ^2)^1/2 + DJ) / 2 + PE
    Total System Jitter     (TSJ):    0.071ns
    Total Input Jitter      (TIJ):    0.000ns
    Discrete Jitter          (DJ):    0.000ns
    Phase Error              (PE):    0.000ns

    Location             Delay type                Incr(ns)  Path(ns)    Netlist Resource(s)
  -------------------------------------------------------------------    -------------------
                         (clock sys_clk_pin rise edge)
                                                      0.000     0.000 r  
    W5                                                0.000     0.000 r  clk (IN)
                         net (fo=0)                   0.000     0.000    clk
    W5                   IBUF (Prop_ibuf_I_O)         1.458     1.458 r  clk_IBUF_inst/O
                         net (fo=1, routed)           1.967     3.425    clk_IBUF
    BUFGCTRL_X0Y0        BUFG (Prop_bufg_I_O)         0.096     3.521 r  clk_IBUF_BUFG_inst/O
                         net (fo=221, routed)         1.634     5.155    U0/CLK
    SLICE_X5Y8           FDCE                                         r  U0/mode_reg[1]/C
  -------------------------------------------------------------------    -------------------
    SLICE_X5Y8           FDCE (Prop_fdce_C_Q)         0.419     5.574 r  U0/mode_reg[1]/Q
                         net (fo=46, routed)          1.287     6.862    U0/mode_out_OBUF[1]
    SLICE_X2Y7           LUT2 (Prop_lut2_I0_O)        0.321     7.183 r  U0/mmsec[3]_i_2/O
                         net (fo=5, routed)           0.719     7.902    U9/mmsec_reg[3]_4
    SLICE_X1Y10          LUT6 (Prop_lut6_I3_O)        0.328     8.230 r  U9/sec[5]_i_1__0/O
                         net (fo=7, routed)           0.875     9.104    U9/sec[5]_i_1__0_n_0
    SLICE_X3Y5           LUT2 (Prop_lut2_I0_O)        0.124     9.228 r  U9/min[5]_i_1__0/O
                         net (fo=6, routed)           0.484     9.712    U9/min[5]_i_1__0_n_0
    SLICE_X3Y7           FDCE                                         r  U9/min_reg[5]/CE
  -------------------------------------------------------------------    -------------------

                         (clock sys_clk_pin rise edge)
                                                     10.000    10.000 r  
    W5                                                0.000    10.000 r  clk (IN)
                         net (fo=0)                   0.000    10.000    clk
    W5                   IBUF (Prop_ibuf_I_O)         1.388    11.388 r  clk_IBUF_inst/O
                         net (fo=1, routed)           1.862    13.250    clk_IBUF
    BUFGCTRL_X0Y0        BUFG (Prop_bufg_I_O)         0.091    13.341 r  clk_IBUF_BUFG_inst/O
                         net (fo=221, routed)         1.518    14.859    U9/sec_reg[5]_1
    SLICE_X3Y7           FDCE                                         r  U9/min_reg[5]/C
                         clock pessimism              0.260    15.119    
                         clock uncertainty           -0.035    15.084    
    SLICE_X3Y7           FDCE (Setup_fdce_C_CE)      -0.205    14.879    U9/min_reg[5]
  -------------------------------------------------------------------
                         required time                         14.879    
                         arrival time                          -9.712    
  -------------------------------------------------------------------
                         slack                                  5.167    

Slack (MET) :             5.562ns  (required time - arrival time)
  Source:                 U0/mode_reg[1]/C
                            (rising edge-triggered cell FDCE clocked by sys_clk_pin  {rise@0.000ns fall@5.000ns period=10.000ns})
  Destination:            U9/sec_reg[1]/CE
                            (rising edge-triggered cell FDCE clocked by sys_clk_pin  {rise@0.000ns fall@5.000ns period=10.000ns})
  Path Group:             sys_clk_pin
  Path Type:              Setup (Max at Slow Process Corner)
  Requirement:            10.000ns  (sys_clk_pin rise@10.000ns - sys_clk_pin rise@0.000ns)
  Data Path Delay:        4.163ns  (logic 1.068ns (25.656%)  route 3.095ns (74.344%))
  Logic Levels:           2  (LUT2=1 LUT6=1)
  Clock Path Skew:        -0.035ns (DCD - SCD + CPR)
    Destination Clock Delay (DCD):    4.860ns = ( 14.860 - 10.000 ) 
    Source Clock Delay      (SCD):    5.155ns
    Clock Pessimism Removal (CPR):    0.260ns
  Clock Uncertainty:      0.035ns  ((TSJ^2 + TIJ^2)^1/2 + DJ) / 2 + PE
    Total System Jitter     (TSJ):    0.071ns
    Total Input Jitter      (TIJ):    0.000ns
    Discrete Jitter          (DJ):    0.000ns
    Phase Error              (PE):    0.000ns

    Location             Delay type                Incr(ns)  Path(ns)    Netlist Resource(s)
  -------------------------------------------------------------------    -------------------
                         (clock sys_clk_pin rise edge)
                                                      0.000     0.000 r  
    W5                                                0.000     0.000 r  clk (IN)
                         net (fo=0)                   0.000     0.000    clk
    W5                   IBUF (Prop_ibuf_I_O)         1.458     1.458 r  clk_IBUF_inst/O
                         net (fo=1, routed)           1.967     3.425    clk_IBUF
    BUFGCTRL_X0Y0        BUFG (Prop_bufg_I_O)         0.096     3.521 r  clk_IBUF_BUFG_inst/O
                         net (fo=221, routed)         1.634     5.155    U0/CLK
    SLICE_X5Y8           FDCE                                         r  U0/mode_reg[1]/C
  -------------------------------------------------------------------    -------------------
    SLICE_X5Y8           FDCE (Prop_fdce_C_Q)         0.419     5.574 r  U0/mode_reg[1]/Q
                         net (fo=46, routed)          1.287     6.862    U0/mode_out_OBUF[1]
    SLICE_X2Y7           LUT2 (Prop_lut2_I0_O)        0.321     7.183 r  U0/mmsec[3]_i_2/O
                         net (fo=5, routed)           0.719     7.902    U9/mmsec_reg[3]_4
    SLICE_X1Y10          LUT6 (Prop_lut6_I3_O)        0.328     8.230 r  U9/sec[5]_i_1__0/O
                         net (fo=7, routed)           1.088     9.318    U9/sec[5]_i_1__0_n_0
    SLICE_X3Y3           FDCE                                         r  U9/sec_reg[1]/CE
  -------------------------------------------------------------------    -------------------

                         (clock sys_clk_pin rise edge)
                                                     10.000    10.000 r  
    W5                                                0.000    10.000 r  clk (IN)
                         net (fo=0)                   0.000    10.000    clk
    W5                   IBUF (Prop_ibuf_I_O)         1.388    11.388 r  clk_IBUF_inst/O
                         net (fo=1, routed)           1.862    13.250    clk_IBUF
    BUFGCTRL_X0Y0        BUFG (Prop_bufg_I_O)         0.091    13.341 r  clk_IBUF_BUFG_inst/O
                         net (fo=221, routed)         1.519    14.860    U9/sec_reg[5]_1
    SLICE_X3Y3           FDCE                                         r  U9/sec_reg[1]/C
                         clock pessimism              0.260    15.120    
                         clock uncertainty           -0.035    15.085    
    SLICE_X3Y3           FDCE (Setup_fdce_C_CE)      -0.205    14.880    U9/sec_reg[1]
  -------------------------------------------------------------------
                         required time                         14.880    
                         arrival time                          -9.318    
  -------------------------------------------------------------------
                         slack                                  5.562    

Slack (MET) :             5.562ns  (required time - arrival time)
  Source:                 U0/mode_reg[1]/C
                            (rising edge-triggered cell FDCE clocked by sys_clk_pin  {rise@0.000ns fall@5.000ns period=10.000ns})
  Destination:            U9/sec_reg[2]/CE
                            (rising edge-triggered cell FDCE clocked by sys_clk_pin  {rise@0.000ns fall@5.000ns period=10.000ns})
  Path Group:             sys_clk_pin
  Path Type:              Setup (Max at Slow Process Corner)
  Requirement:            10.000ns  (sys_clk_pin rise@10.000ns - sys_clk_pin rise@0.000ns)
  Data Path Delay:        4.163ns  (logic 1.068ns (25.656%)  route 3.095ns (74.344%))
  Logic Levels:           2  (LUT2=1 LUT6=1)
  Clock Path Skew:        -0.035ns (DCD - SCD + CPR)
    Destination Clock Delay (DCD):    4.860ns = ( 14.860 - 10.000 ) 
    Source Clock Delay      (SCD):    5.155ns
    Clock Pessimism Removal (CPR):    0.260ns
  Clock Uncertainty:      0.035ns  ((TSJ^2 + TIJ^2)^1/2 + DJ) / 2 + PE
    Total System Jitter     (TSJ):    0.071ns
    Total Input Jitter      (TIJ):    0.000ns
    Discrete Jitter          (DJ):    0.000ns
    Phase Error              (PE):    0.000ns

    Location             Delay type                Incr(ns)  Path(ns)    Netlist Resource(s)
  -------------------------------------------------------------------    -------------------
                         (clock sys_clk_pin rise edge)
                                                      0.000     0.000 r  
    W5                                                0.000     0.000 r  clk (IN)
                         net (fo=0)                   0.000     0.000    clk
    W5                   IBUF (Prop_ibuf_I_O)         1.458     1.458 r  clk_IBUF_inst/O
                         net (fo=1, routed)           1.967     3.425    clk_IBUF
    BUFGCTRL_X0Y0        BUFG (Prop_bufg_I_O)         0.096     3.521 r  clk_IBUF_BUFG_inst/O
                         net (fo=221, routed)         1.634     5.155    U0/CLK
    SLICE_X5Y8           FDCE                                         r  U0/mode_reg[1]/C
  -------------------------------------------------------------------    -------------------
    SLICE_X5Y8           FDCE (Prop_fdce_C_Q)         0.419     5.574 r  U0/mode_reg[1]/Q
                         net (fo=46, routed)          1.287     6.862    U0/mode_out_OBUF[1]
    SLICE_X2Y7           LUT2 (Prop_lut2_I0_O)        0.321     7.183 r  U0/mmsec[3]_i_2/O
                         net (fo=5, routed)           0.719     7.902    U9/mmsec_reg[3]_4
    SLICE_X1Y10          LUT6 (Prop_lut6_I3_O)        0.328     8.230 r  U9/sec[5]_i_1__0/O
                         net (fo=7, routed)           1.088     9.318    U9/sec[5]_i_1__0_n_0
    SLICE_X3Y3           FDCE                                         r  U9/sec_reg[2]/CE
  -------------------------------------------------------------------    -------------------

                         (clock sys_clk_pin rise edge)
                                                     10.000    10.000 r  
    W5                                                0.000    10.000 r  clk (IN)
                         net (fo=0)                   0.000    10.000    clk
    W5                   IBUF (Prop_ibuf_I_O)         1.388    11.388 r  clk_IBUF_inst/O
                         net (fo=1, routed)           1.862    13.250    clk_IBUF
    BUFGCTRL_X0Y0        BUFG (Prop_bufg_I_O)         0.091    13.341 r  clk_IBUF_BUFG_inst/O
                         net (fo=221, routed)         1.519    14.860    U9/sec_reg[5]_1
    SLICE_X3Y3           FDCE                                         r  U9/sec_reg[2]/C
                         clock pessimism              0.260    15.120    
                         clock uncertainty           -0.035    15.085    
    SLICE_X3Y3           FDCE (Setup_fdce_C_CE)      -0.205    14.880    U9/sec_reg[2]
  -------------------------------------------------------------------
                         required time                         14.880    
                         arrival time                          -9.318    
  -------------------------------------------------------------------
                         slack                                  5.562    

Slack (MET) :             5.562ns  (required time - arrival time)
  Source:                 U0/mode_reg[1]/C
                            (rising edge-triggered cell FDCE clocked by sys_clk_pin  {rise@0.000ns fall@5.000ns period=10.000ns})
  Destination:            U9/sec_reg[3]/CE
                            (rising edge-triggered cell FDCE clocked by sys_clk_pin  {rise@0.000ns fall@5.000ns period=10.000ns})
  Path Group:             sys_clk_pin
  Path Type:              Setup (Max at Slow Process Corner)
  Requirement:            10.000ns  (sys_clk_pin rise@10.000ns - sys_clk_pin rise@0.000ns)
  Data Path Delay:        4.163ns  (logic 1.068ns (25.656%)  route 3.095ns (74.344%))
  Logic Levels:           2  (LUT2=1 LUT6=1)
  Clock Path Skew:        -0.035ns (DCD - SCD + CPR)
    Destination Clock Delay (DCD):    4.860ns = ( 14.860 - 10.000 ) 
    Source Clock Delay      (SCD):    5.155ns
    Clock Pessimism Removal (CPR):    0.260ns
  Clock Uncertainty:      0.035ns  ((TSJ^2 + TIJ^2)^1/2 + DJ) / 2 + PE
    Total System Jitter     (TSJ):    0.071ns
    Total Input Jitter      (TIJ):    0.000ns
    Discrete Jitter          (DJ):    0.000ns
    Phase Error              (PE):    0.000ns

    Location             Delay type                Incr(ns)  Path(ns)    Netlist Resource(s)
  -------------------------------------------------------------------    -------------------
                         (clock sys_clk_pin rise edge)
                                                      0.000     0.000 r  
    W5                                                0.000     0.000 r  clk (IN)
                         net (fo=0)                   0.000     0.000    clk
    W5                   IBUF (Prop_ibuf_I_O)         1.458     1.458 r  clk_IBUF_inst/O
                         net (fo=1, routed)           1.967     3.425    clk_IBUF
    BUFGCTRL_X0Y0        BUFG (Prop_bufg_I_O)         0.096     3.521 r  clk_IBUF_BUFG_inst/O
                         net (fo=221, routed)         1.634     5.155    U0/CLK
    SLICE_X5Y8           FDCE                                         r  U0/mode_reg[1]/C
  -------------------------------------------------------------------    -------------------
    SLICE_X5Y8           FDCE (Prop_fdce_C_Q)         0.419     5.574 r  U0/mode_reg[1]/Q
                         net (fo=46, routed)          1.287     6.862    U0/mode_out_OBUF[1]
    SLICE_X2Y7           LUT2 (Prop_lut2_I0_O)        0.321     7.183 r  U0/mmsec[3]_i_2/O
                         net (fo=5, routed)           0.719     7.902    U9/mmsec_reg[3]_4
    SLICE_X1Y10          LUT6 (Prop_lut6_I3_O)        0.328     8.230 r  U9/sec[5]_i_1__0/O
                         net (fo=7, routed)           1.088     9.318    U9/sec[5]_i_1__0_n_0
    SLICE_X3Y3           FDCE                                         r  U9/sec_reg[3]/CE
  -------------------------------------------------------------------    -------------------

                         (clock sys_clk_pin rise edge)
                                                     10.000    10.000 r  
    W5                                                0.000    10.000 r  clk (IN)
                         net (fo=0)                   0.000    10.000    clk
    W5                   IBUF (Prop_ibuf_I_O)         1.388    11.388 r  clk_IBUF_inst/O
                         net (fo=1, routed)           1.862    13.250    clk_IBUF
    BUFGCTRL_X0Y0        BUFG (Prop_bufg_I_O)         0.091    13.341 r  clk_IBUF_BUFG_inst/O
                         net (fo=221, routed)         1.519    14.860    U9/sec_reg[5]_1
    SLICE_X3Y3           FDCE                                         r  U9/sec_reg[3]/C
                         clock pessimism              0.260    15.120    
                         clock uncertainty           -0.035    15.085    
    SLICE_X3Y3           FDCE (Setup_fdce_C_CE)      -0.205    14.880    U9/sec_reg[3]
  -------------------------------------------------------------------
                         required time                         14.880    
                         arrival time                          -9.318    
  -------------------------------------------------------------------
                         slack                                  5.562    

Slack (MET) :             5.562ns  (required time - arrival time)
  Source:                 U0/mode_reg[1]/C
                            (rising edge-triggered cell FDCE clocked by sys_clk_pin  {rise@0.000ns fall@5.000ns period=10.000ns})
  Destination:            U9/sec_reg[4]/CE
                            (rising edge-triggered cell FDCE clocked by sys_clk_pin  {rise@0.000ns fall@5.000ns period=10.000ns})
  Path Group:             sys_clk_pin
  Path Type:              Setup (Max at Slow Process Corner)
  Requirement:            10.000ns  (sys_clk_pin rise@10.000ns - sys_clk_pin rise@0.000ns)
  Data Path Delay:        4.163ns  (logic 1.068ns (25.656%)  route 3.095ns (74.344%))
  Logic Levels:           2  (LUT2=1 LUT6=1)
  Clock Path Skew:        -0.035ns (DCD - SCD + CPR)
    Destination Clock Delay (DCD):    4.860ns = ( 14.860 - 10.000 ) 
    Source Clock Delay      (SCD):    5.155ns
    Clock Pessimism Removal (CPR):    0.260ns
  Clock Uncertainty:      0.035ns  ((TSJ^2 + TIJ^2)^1/2 + DJ) / 2 + PE
    Total System Jitter     (TSJ):    0.071ns
    Total Input Jitter      (TIJ):    0.000ns
    Discrete Jitter          (DJ):    0.000ns
    Phase Error              (PE):    0.000ns

    Location             Delay type                Incr(ns)  Path(ns)    Netlist Resource(s)
  -------------------------------------------------------------------    -------------------
                         (clock sys_clk_pin rise edge)
                                                      0.000     0.000 r  
    W5                                                0.000     0.000 r  clk (IN)
                         net (fo=0)                   0.000     0.000    clk
    W5                   IBUF (Prop_ibuf_I_O)         1.458     1.458 r  clk_IBUF_inst/O
                         net (fo=1, routed)           1.967     3.425    clk_IBUF
    BUFGCTRL_X0Y0        BUFG (Prop_bufg_I_O)         0.096     3.521 r  clk_IBUF_BUFG_inst/O
                         net (fo=221, routed)         1.634     5.155    U0/CLK
    SLICE_X5Y8           FDCE                                         r  U0/mode_reg[1]/C
  -------------------------------------------------------------------    -------------------
    SLICE_X5Y8           FDCE (Prop_fdce_C_Q)         0.419     5.574 r  U0/mode_reg[1]/Q
                         net (fo=46, routed)          1.287     6.862    U0/mode_out_OBUF[1]
    SLICE_X2Y7           LUT2 (Prop_lut2_I0_O)        0.321     7.183 r  U0/mmsec[3]_i_2/O
                         net (fo=5, routed)           0.719     7.902    U9/mmsec_reg[3]_4
    SLICE_X1Y10          LUT6 (Prop_lut6_I3_O)        0.328     8.230 r  U9/sec[5]_i_1__0/O
                         net (fo=7, routed)           1.088     9.318    U9/sec[5]_i_1__0_n_0
    SLICE_X3Y3           FDCE                                         r  U9/sec_reg[4]/CE
  -------------------------------------------------------------------    -------------------

                         (clock sys_clk_pin rise edge)
                                                     10.000    10.000 r  
    W5                                                0.000    10.000 r  clk (IN)
                         net (fo=0)                   0.000    10.000    clk
    W5                   IBUF (Prop_ibuf_I_O)         1.388    11.388 r  clk_IBUF_inst/O
                         net (fo=1, routed)           1.862    13.250    clk_IBUF
    BUFGCTRL_X0Y0        BUFG (Prop_bufg_I_O)         0.091    13.341 r  clk_IBUF_BUFG_inst/O
                         net (fo=221, routed)         1.519    14.860    U9/sec_reg[5]_1
    SLICE_X3Y3           FDCE                                         r  U9/sec_reg[4]/C
                         clock pessimism              0.260    15.120    
                         clock uncertainty           -0.035    15.085    
    SLICE_X3Y3           FDCE (Setup_fdce_C_CE)      -0.205    14.880    U9/sec_reg[4]
  -------------------------------------------------------------------
                         required time                         14.880    
                         arrival time                          -9.318    
  -------------------------------------------------------------------
                         slack                                  5.562    





Min Delay Paths
--------------------------------------------------------------------------------------
Slack (MET) :             0.156ns  (arrival time - required time)
  Source:                 U9/sec_reg[4]/C
                            (rising edge-triggered cell FDCE clocked by sys_clk_pin  {rise@0.000ns fall@5.000ns period=10.000ns})
  Destination:            U9/sec_reg[5]/D
                            (rising edge-triggered cell FDCE clocked by sys_clk_pin  {rise@0.000ns fall@5.000ns period=10.000ns})
  Path Group:             sys_clk_pin
  Path Type:              Hold (Min at Fast Process Corner)
  Requirement:            0.000ns  (sys_clk_pin rise@0.000ns - sys_clk_pin rise@0.000ns)
  Data Path Delay:        0.289ns  (logic 0.186ns (64.453%)  route 0.103ns (35.547%))
  Logic Levels:           1  (LUT6=1)
  Clock Path Skew:        0.013ns (DCD - SCD - CPR)
    Destination Clock Delay (DCD):    1.993ns
    Source Clock Delay      (SCD):    1.478ns
    Clock Pessimism Removal (CPR):    0.502ns

    Location             Delay type                Incr(ns)  Path(ns)    Netlist Resource(s)
  -------------------------------------------------------------------    -------------------
                         (clock sys_clk_pin rise edge)
                                                      0.000     0.000 r  
    W5                                                0.000     0.000 r  clk (IN)
                         net (fo=0)                   0.000     0.000    clk
    W5                   IBUF (Prop_ibuf_I_O)         0.226     0.226 r  clk_IBUF_inst/O
                         net (fo=1, routed)           0.631     0.858    clk_IBUF
    BUFGCTRL_X0Y0        BUFG (Prop_bufg_I_O)         0.026     0.884 r  clk_IBUF_BUFG_inst/O
                         net (fo=221, routed)         0.595     1.478    U9/sec_reg[5]_1
    SLICE_X3Y3           FDCE                                         r  U9/sec_reg[4]/C
  -------------------------------------------------------------------    -------------------
    SLICE_X3Y3           FDCE (Prop_fdce_C_Q)         0.141     1.619 r  U9/sec_reg[4]/Q
                         net (fo=9, routed)           0.103     1.722    U9/w_t_sec_out[4]
    SLICE_X2Y3           LUT6 (Prop_lut6_I5_O)        0.045     1.767 r  U9/sec[5]_i_2__1/O
                         net (fo=1, routed)           0.000     1.767    U9/sec[5]_i_2__1_n_0
    SLICE_X2Y3           FDCE                                         r  U9/sec_reg[5]/D
  -------------------------------------------------------------------    -------------------

                         (clock sys_clk_pin rise edge)
                                                      0.000     0.000 r  
    W5                                                0.000     0.000 r  clk (IN)
                         net (fo=0)                   0.000     0.000    clk
    W5                   IBUF (Prop_ibuf_I_O)         0.414     0.414 r  clk_IBUF_inst/O
                         net (fo=1, routed)           0.685     1.099    clk_IBUF
    BUFGCTRL_X0Y0        BUFG (Prop_bufg_I_O)         0.029     1.128 r  clk_IBUF_BUFG_inst/O
                         net (fo=221, routed)         0.866     1.993    U9/sec_reg[5]_1
    SLICE_X2Y3           FDCE                                         r  U9/sec_reg[5]/C
                         clock pessimism             -0.502     1.491    
    SLICE_X2Y3           FDCE (Hold_fdce_C_D)         0.120     1.611    U9/sec_reg[5]
  -------------------------------------------------------------------
                         required time                         -1.611    
                         arrival time                           1.767    
  -------------------------------------------------------------------
                         slack                                  0.156    

Slack (MET) :             0.178ns  (arrival time - required time)
  Source:                 U1/hour_reg[0]/C
                            (rising edge-triggered cell FDCE clocked by sys_clk_pin  {rise@0.000ns fall@5.000ns period=10.000ns})
  Destination:            U1/hour_reg[4]/D
                            (rising edge-triggered cell FDCE clocked by sys_clk_pin  {rise@0.000ns fall@5.000ns period=10.000ns})
  Path Group:             sys_clk_pin
  Path Type:              Hold (Min at Fast Process Corner)
  Requirement:            0.000ns  (sys_clk_pin rise@0.000ns - sys_clk_pin rise@0.000ns)
  Data Path Delay:        0.298ns  (logic 0.189ns (63.440%)  route 0.109ns (36.560%))
  Logic Levels:           1  (LUT5=1)
  Clock Path Skew:        0.013ns (DCD - SCD - CPR)
    Destination Clock Delay (DCD):    1.992ns
    Source Clock Delay      (SCD):    1.477ns
    Clock Pessimism Removal (CPR):    0.502ns

    Location             Delay type                Incr(ns)  Path(ns)    Netlist Resource(s)
  -------------------------------------------------------------------    -------------------
                         (clock sys_clk_pin rise edge)
                                                      0.000     0.000 r  
    W5                                                0.000     0.000 r  clk (IN)
                         net (fo=0)                   0.000     0.000    clk
    W5                   IBUF (Prop_ibuf_I_O)         0.226     0.226 r  clk_IBUF_inst/O
                         net (fo=1, routed)           0.631     0.858    clk_IBUF
    BUFGCTRL_X0Y0        BUFG (Prop_bufg_I_O)         0.026     0.884 r  clk_IBUF_BUFG_inst/O
                         net (fo=221, routed)         0.594     1.477    U1/CLK
    SLICE_X0Y8           FDCE                                         r  U1/hour_reg[0]/C
  -------------------------------------------------------------------    -------------------
    SLICE_X0Y8           FDCE (Prop_fdce_C_Q)         0.141     1.618 r  U1/hour_reg[0]/Q
                         net (fo=7, routed)           0.109     1.727    U1/hour_reg[3]_1[0]
    SLICE_X1Y8           LUT5 (Prop_lut5_I1_O)        0.048     1.775 r  U1/hour[4]_i_2/O
                         net (fo=1, routed)           0.000     1.775    U1/hour[4]_i_2_n_0
    SLICE_X1Y8           FDCE                                         r  U1/hour_reg[4]/D
  -------------------------------------------------------------------    -------------------

                         (clock sys_clk_pin rise edge)
                                                      0.000     0.000 r  
    W5                                                0.000     0.000 r  clk (IN)
                         net (fo=0)                   0.000     0.000    clk
    W5                   IBUF (Prop_ibuf_I_O)         0.414     0.414 r  clk_IBUF_inst/O
                         net (fo=1, routed)           0.685     1.099    clk_IBUF
    BUFGCTRL_X0Y0        BUFG (Prop_bufg_I_O)         0.029     1.128 r  clk_IBUF_BUFG_inst/O
                         net (fo=221, routed)         0.865     1.992    U1/CLK
    SLICE_X1Y8           FDCE                                         r  U1/hour_reg[4]/C
                         clock pessimism             -0.502     1.490    
    SLICE_X1Y8           FDCE (Hold_fdce_C_D)         0.107     1.597    U1/hour_reg[4]
  -------------------------------------------------------------------
                         required time                         -1.597    
                         arrival time                           1.775    
  -------------------------------------------------------------------
                         slack                                  0.178    

Slack (MET) :             0.191ns  (arrival time - required time)
  Source:                 U1/hour_reg[0]/C
                            (rising edge-triggered cell FDCE clocked by sys_clk_pin  {rise@0.000ns fall@5.000ns period=10.000ns})
  Destination:            U1/hour_reg[3]/D
                            (rising edge-triggered cell FDCE clocked by sys_clk_pin  {rise@0.000ns fall@5.000ns period=10.000ns})
  Path Group:             sys_clk_pin
  Path Type:              Hold (Min at Fast Process Corner)
  Requirement:            0.000ns  (sys_clk_pin rise@0.000ns - sys_clk_pin rise@0.000ns)
  Data Path Delay:        0.295ns  (logic 0.186ns (63.068%)  route 0.109ns (36.932%))
  Logic Levels:           1  (LUT5=1)
  Clock Path Skew:        0.013ns (DCD - SCD - CPR)
    Destination Clock Delay (DCD):    1.992ns
    Source Clock Delay      (SCD):    1.477ns
    Clock Pessimism Removal (CPR):    0.502ns

    Location             Delay type                Incr(ns)  Path(ns)    Netlist Resource(s)
  -------------------------------------------------------------------    -------------------
                         (clock sys_clk_pin rise edge)
                                                      0.000     0.000 r  
    W5                                                0.000     0.000 r  clk (IN)
                         net (fo=0)                   0.000     0.000    clk
    W5                   IBUF (Prop_ibuf_I_O)         0.226     0.226 r  clk_IBUF_inst/O
                         net (fo=1, routed)           0.631     0.858    clk_IBUF
    BUFGCTRL_X0Y0        BUFG (Prop_bufg_I_O)         0.026     0.884 r  clk_IBUF_BUFG_inst/O
                         net (fo=221, routed)         0.594     1.477    U1/CLK
    SLICE_X0Y8           FDCE                                         r  U1/hour_reg[0]/C
  -------------------------------------------------------------------    -------------------
    SLICE_X0Y8           FDCE (Prop_fdce_C_Q)         0.141     1.618 r  U1/hour_reg[0]/Q
                         net (fo=7, routed)           0.109     1.727    U1/hour_reg[3]_1[0]
    SLICE_X1Y8           LUT5 (Prop_lut5_I1_O)        0.045     1.772 r  U1/hour[3]_i_1/O
                         net (fo=1, routed)           0.000     1.772    U1/hour[3]_i_1_n_0
    SLICE_X1Y8           FDCE                                         r  U1/hour_reg[3]/D
  -------------------------------------------------------------------    -------------------

                         (clock sys_clk_pin rise edge)
                                                      0.000     0.000 r  
    W5                                                0.000     0.000 r  clk (IN)
                         net (fo=0)                   0.000     0.000    clk
    W5                   IBUF (Prop_ibuf_I_O)         0.414     0.414 r  clk_IBUF_inst/O
                         net (fo=1, routed)           0.685     1.099    clk_IBUF
    BUFGCTRL_X0Y0        BUFG (Prop_bufg_I_O)         0.029     1.128 r  clk_IBUF_BUFG_inst/O
                         net (fo=221, routed)         0.865     1.992    U1/CLK
    SLICE_X1Y8           FDCE                                         r  U1/hour_reg[3]/C
                         clock pessimism             -0.502     1.490    
    SLICE_X1Y8           FDCE (Hold_fdce_C_D)         0.091     1.581    U1/hour_reg[3]
  -------------------------------------------------------------------
                         required time                         -1.581    
                         arrival time                           1.772    
  -------------------------------------------------------------------
                         slack                                  0.191    

Slack (MET) :             0.198ns  (arrival time - required time)
  Source:                 U10/sw3_d_reg/C
                            (rising edge-triggered cell FDCE clocked by sys_clk_pin  {rise@0.000ns fall@5.000ns period=10.000ns})
  Destination:            U10/alarm_on_reg[2]/D
                            (rising edge-triggered cell FDCE clocked by sys_clk_pin  {rise@0.000ns fall@5.000ns period=10.000ns})
  Path Group:             sys_clk_pin
  Path Type:              Hold (Min at Fast Process Corner)
  Requirement:            0.000ns  (sys_clk_pin rise@0.000ns - sys_clk_pin rise@0.000ns)
  Data Path Delay:        0.289ns  (logic 0.227ns (78.604%)  route 0.062ns (21.396%))
  Logic Levels:           1  (LUT3=1)
  Clock Path Skew:        0.000ns (DCD - SCD - CPR)
    Destination Clock Delay (DCD):    1.993ns
    Source Clock Delay      (SCD):    1.478ns
    Clock Pessimism Removal (CPR):    0.515ns

    Location             Delay type                Incr(ns)  Path(ns)    Netlist Resource(s)
  -------------------------------------------------------------------    -------------------
                         (clock sys_clk_pin rise edge)
                                                      0.000     0.000 r  
    W5                                                0.000     0.000 r  clk (IN)
                         net (fo=0)                   0.000     0.000    clk
    W5                   IBUF (Prop_ibuf_I_O)         0.226     0.226 r  clk_IBUF_inst/O
                         net (fo=1, routed)           0.631     0.858    clk_IBUF
    BUFGCTRL_X0Y0        BUFG (Prop_bufg_I_O)         0.026     0.884 r  clk_IBUF_BUFG_inst/O
                         net (fo=221, routed)         0.595     1.478    U10/CLK
    SLICE_X0Y4           FDCE                                         r  U10/sw3_d_reg/C
  -------------------------------------------------------------------    -------------------
    SLICE_X0Y4           FDCE (Prop_fdce_C_Q)         0.128     1.606 r  U10/sw3_d_reg/Q
                         net (fo=1, routed)           0.062     1.668    U10/sw3_d
    SLICE_X0Y4           LUT3 (Prop_lut3_I0_O)        0.099     1.767 r  U10/alarm_on[2]_i_1/O
                         net (fo=1, routed)           0.000     1.767    U10/alarm_on[2]_i_1_n_0
    SLICE_X0Y4           FDCE                                         r  U10/alarm_on_reg[2]/D
  -------------------------------------------------------------------    -------------------

                         (clock sys_clk_pin rise edge)
                                                      0.000     0.000 r  
    W5                                                0.000     0.000 r  clk (IN)
                         net (fo=0)                   0.000     0.000    clk
    W5                   IBUF (Prop_ibuf_I_O)         0.414     0.414 r  clk_IBUF_inst/O
                         net (fo=1, routed)           0.685     1.099    clk_IBUF
    BUFGCTRL_X0Y0        BUFG (Prop_bufg_I_O)         0.029     1.128 r  clk_IBUF_BUFG_inst/O
                         net (fo=221, routed)         0.866     1.993    U10/CLK
    SLICE_X0Y4           FDCE                                         r  U10/alarm_on_reg[2]/C
                         clock pessimism             -0.515     1.478    
    SLICE_X0Y4           FDCE (Hold_fdce_C_D)         0.091     1.569    U10/alarm_on_reg[2]
  -------------------------------------------------------------------
                         required time                         -1.569    
                         arrival time                           1.767    
  -------------------------------------------------------------------
                         slack                                  0.198    

Slack (MET) :             0.223ns  (arrival time - required time)
  Source:                 U9/min_reg[4]/C
                            (rising edge-triggered cell FDCE clocked by sys_clk_pin  {rise@0.000ns fall@5.000ns period=10.000ns})
  Destination:            U9/min_reg[5]/D
                            (rising edge-triggered cell FDCE clocked by sys_clk_pin  {rise@0.000ns fall@5.000ns period=10.000ns})
  Path Group:             sys_clk_pin
  Path Type:              Hold (Min at Fast Process Corner)
  Requirement:            0.000ns  (sys_clk_pin rise@0.000ns - sys_clk_pin rise@0.000ns)
  Data Path Delay:        0.331ns  (logic 0.186ns (56.140%)  route 0.145ns (43.860%))
  Logic Levels:           1  (LUT6=1)
  Clock Path Skew:        0.016ns (DCD - SCD - CPR)
    Destination Clock Delay (DCD):    1.992ns
    Source Clock Delay      (SCD):    1.477ns
    Clock Pessimism Removal (CPR):    0.499ns

    Location             Delay type                Incr(ns)  Path(ns)    Netlist Resource(s)
  -------------------------------------------------------------------    -------------------
                         (clock sys_clk_pin rise edge)
                                                      0.000     0.000 r  
    W5                                                0.000     0.000 r  clk (IN)
                         net (fo=0)                   0.000     0.000    clk
    W5                   IBUF (Prop_ibuf_I_O)         0.226     0.226 r  clk_IBUF_inst/O
                         net (fo=1, routed)           0.631     0.858    clk_IBUF
    BUFGCTRL_X0Y0        BUFG (Prop_bufg_I_O)         0.026     0.884 r  clk_IBUF_BUFG_inst/O
                         net (fo=221, routed)         0.594     1.477    U9/sec_reg[5]_1
    SLICE_X3Y8           FDCE                                         r  U9/min_reg[4]/C
  -------------------------------------------------------------------    -------------------
    SLICE_X3Y8           FDCE (Prop_fdce_C_Q)         0.141     1.618 r  U9/min_reg[4]/Q
                         net (fo=9, routed)           0.145     1.763    U9/w_t_min_out[4]
    SLICE_X3Y7           LUT6 (Prop_lut6_I2_O)        0.045     1.808 r  U9/min[5]_i_2__1/O
                         net (fo=1, routed)           0.000     1.808    U9/min[5]_i_2__1_n_0
    SLICE_X3Y7           FDCE                                         r  U9/min_reg[5]/D
  -------------------------------------------------------------------    -------------------

                         (clock sys_clk_pin rise edge)
                                                      0.000     0.000 r  
    W5                                                0.000     0.000 r  clk (IN)
                         net (fo=0)                   0.000     0.000    clk
    W5                   IBUF (Prop_ibuf_I_O)         0.414     0.414 r  clk_IBUF_inst/O
                         net (fo=1, routed)           0.685     1.099    clk_IBUF
    BUFGCTRL_X0Y0        BUFG (Prop_bufg_I_O)         0.029     1.128 r  clk_IBUF_BUFG_inst/O
                         net (fo=221, routed)         0.865     1.992    U9/sec_reg[5]_1
    SLICE_X3Y7           FDCE                                         r  U9/min_reg[5]/C
                         clock pessimism             -0.499     1.493    
    SLICE_X3Y7           FDCE (Hold_fdce_C_D)         0.092     1.585    U9/min_reg[5]
  -------------------------------------------------------------------
                         required time                         -1.585    
                         arrival time                           1.808    
  -------------------------------------------------------------------
                         slack                                  0.223    

Slack (MET) :             0.226ns  (arrival time - required time)
  Source:                 U9/min_reg[4]/C
                            (rising edge-triggered cell FDCE clocked by sys_clk_pin  {rise@0.000ns fall@5.000ns period=10.000ns})
  Destination:            U9/min_reg[2]/D
                            (rising edge-triggered cell FDCE clocked by sys_clk_pin  {rise@0.000ns fall@5.000ns period=10.000ns})
  Path Group:             sys_clk_pin
  Path Type:              Hold (Min at Fast Process Corner)
  Requirement:            0.000ns  (sys_clk_pin rise@0.000ns - sys_clk_pin rise@0.000ns)
  Data Path Delay:        0.334ns  (logic 0.186ns (55.636%)  route 0.148ns (44.364%))
  Logic Levels:           1  (LUT6=1)
  Clock Path Skew:        0.016ns (DCD - SCD - CPR)
    Destination Clock Delay (DCD):    1.992ns
    Source Clock Delay      (SCD):    1.477ns
    Clock Pessimism Removal (CPR):    0.499ns

    Location             Delay type                Incr(ns)  Path(ns)    Netlist Resource(s)
  -------------------------------------------------------------------    -------------------
                         (clock sys_clk_pin rise edge)
                                                      0.000     0.000 r  
    W5                                                0.000     0.000 r  clk (IN)
                         net (fo=0)                   0.000     0.000    clk
    W5                   IBUF (Prop_ibuf_I_O)         0.226     0.226 r  clk_IBUF_inst/O
                         net (fo=1, routed)           0.631     0.858    clk_IBUF
    BUFGCTRL_X0Y0        BUFG (Prop_bufg_I_O)         0.026     0.884 r  clk_IBUF_BUFG_inst/O
                         net (fo=221, routed)         0.594     1.477    U9/sec_reg[5]_1
    SLICE_X3Y8           FDCE                                         r  U9/min_reg[4]/C
  -------------------------------------------------------------------    -------------------
    SLICE_X3Y8           FDCE (Prop_fdce_C_Q)         0.141     1.618 f  U9/min_reg[4]/Q
                         net (fo=9, routed)           0.148     1.766    U9/w_t_min_out[4]
    SLICE_X3Y7           LUT6 (Prop_lut6_I1_O)        0.045     1.811 r  U9/min[2]_i_1__0/O
                         net (fo=1, routed)           0.000     1.811    U9/min[2]_i_1__0_n_0
    SLICE_X3Y7           FDCE                                         r  U9/min_reg[2]/D
  -------------------------------------------------------------------    -------------------

                         (clock sys_clk_pin rise edge)
                                                      0.000     0.000 r  
    W5                                                0.000     0.000 r  clk (IN)
                         net (fo=0)                   0.000     0.000    clk
    W5                   IBUF (Prop_ibuf_I_O)         0.414     0.414 r  clk_IBUF_inst/O
                         net (fo=1, routed)           0.685     1.099    clk_IBUF
    BUFGCTRL_X0Y0        BUFG (Prop_bufg_I_O)         0.029     1.128 r  clk_IBUF_BUFG_inst/O
                         net (fo=221, routed)         0.865     1.992    U9/sec_reg[5]_1
    SLICE_X3Y7           FDCE                                         r  U9/min_reg[2]/C
                         clock pessimism             -0.499     1.493    
    SLICE_X3Y7           FDCE (Hold_fdce_C_D)         0.092     1.585    U9/min_reg[2]
  -------------------------------------------------------------------
                         required time                         -1.585    
                         arrival time                           1.811    
  -------------------------------------------------------------------
                         slack                                  0.226    

Slack (MET) :             0.235ns  (arrival time - required time)
  Source:                 U1/sec_reg[3]/C
                            (rising edge-triggered cell FDCE clocked by sys_clk_pin  {rise@0.000ns fall@5.000ns period=10.000ns})
  Destination:            U1/sec_reg[3]/D
                            (rising edge-triggered cell FDCE clocked by sys_clk_pin  {rise@0.000ns fall@5.000ns period=10.000ns})
  Path Group:             sys_clk_pin
  Path Type:              Hold (Min at Fast Process Corner)
  Requirement:            0.000ns  (sys_clk_pin rise@0.000ns - sys_clk_pin rise@0.000ns)
  Data Path Delay:        0.326ns  (logic 0.186ns (57.140%)  route 0.140ns (42.860%))
  Logic Levels:           1  (LUT6=1)
  Clock Path Skew:        0.000ns (DCD - SCD - CPR)
    Destination Clock Delay (DCD):    1.990ns
    Source Clock Delay      (SCD):    1.475ns
    Clock Pessimism Removal (CPR):    0.515ns

    Location             Delay type                Incr(ns)  Path(ns)    Netlist Resource(s)
  -------------------------------------------------------------------    -------------------
                         (clock sys_clk_pin rise edge)
                                                      0.000     0.000 r  
    W5                                                0.000     0.000 r  clk (IN)
                         net (fo=0)                   0.000     0.000    clk
    W5                   IBUF (Prop_ibuf_I_O)         0.226     0.226 r  clk_IBUF_inst/O
                         net (fo=1, routed)           0.631     0.858    clk_IBUF
    BUFGCTRL_X0Y0        BUFG (Prop_bufg_I_O)         0.026     0.884 r  clk_IBUF_BUFG_inst/O
                         net (fo=221, routed)         0.592     1.475    U1/CLK
    SLICE_X5Y9           FDCE                                         r  U1/sec_reg[3]/C
  -------------------------------------------------------------------    -------------------
    SLICE_X5Y9           FDCE (Prop_fdce_C_Q)         0.141     1.616 r  U1/sec_reg[3]/Q
                         net (fo=10, routed)          0.140     1.756    U1/sec_out[3]
    SLICE_X5Y9           LUT6 (Prop_lut6_I2_O)        0.045     1.801 r  U1/sec[3]_i_1/O
                         net (fo=1, routed)           0.000     1.801    U1/sec[3]
    SLICE_X5Y9           FDCE                                         r  U1/sec_reg[3]/D
  -------------------------------------------------------------------    -------------------

                         (clock sys_clk_pin rise edge)
                                                      0.000     0.000 r  
    W5                                                0.000     0.000 r  clk (IN)
                         net (fo=0)                   0.000     0.000    clk
    W5                   IBUF (Prop_ibuf_I_O)         0.414     0.414 r  clk_IBUF_inst/O
                         net (fo=1, routed)           0.685     1.099    clk_IBUF
    BUFGCTRL_X0Y0        BUFG (Prop_bufg_I_O)         0.029     1.128 r  clk_IBUF_BUFG_inst/O
                         net (fo=221, routed)         0.863     1.990    U1/CLK
    SLICE_X5Y9           FDCE                                         r  U1/sec_reg[3]/C
                         clock pessimism             -0.515     1.475    
    SLICE_X5Y9           FDCE (Hold_fdce_C_D)         0.091     1.566    U1/sec_reg[3]
  -------------------------------------------------------------------
                         required time                         -1.566    
                         arrival time                           1.801    
  -------------------------------------------------------------------
                         slack                                  0.235    

Slack (MET) :             0.235ns  (arrival time - required time)
  Source:                 U1/min_reg[0]/C
                            (rising edge-triggered cell FDCE clocked by sys_clk_pin  {rise@0.000ns fall@5.000ns period=10.000ns})
  Destination:            U1/min_reg[3]/D
                            (rising edge-triggered cell FDCE clocked by sys_clk_pin  {rise@0.000ns fall@5.000ns period=10.000ns})
  Path Group:             sys_clk_pin
  Path Type:              Hold (Min at Fast Process Corner)
  Requirement:            0.000ns  (sys_clk_pin rise@0.000ns - sys_clk_pin rise@0.000ns)
  Data Path Delay:        0.339ns  (logic 0.186ns (54.790%)  route 0.153ns (45.210%))
  Logic Levels:           1  (LUT6=1)
  Clock Path Skew:        0.013ns (DCD - SCD - CPR)
    Destination Clock Delay (DCD):    1.993ns
    Source Clock Delay      (SCD):    1.478ns
    Clock Pessimism Removal (CPR):    0.502ns

    Location             Delay type                Incr(ns)  Path(ns)    Netlist Resource(s)
  -------------------------------------------------------------------    -------------------
                         (clock sys_clk_pin rise edge)
                                                      0.000     0.000 r  
    W5                                                0.000     0.000 r  clk (IN)
                         net (fo=0)                   0.000     0.000    clk
    W5                   IBUF (Prop_ibuf_I_O)         0.226     0.226 r  clk_IBUF_inst/O
                         net (fo=1, routed)           0.631     0.858    clk_IBUF
    BUFGCTRL_X0Y0        BUFG (Prop_bufg_I_O)         0.026     0.884 r  clk_IBUF_BUFG_inst/O
                         net (fo=221, routed)         0.595     1.478    U1/CLK
    SLICE_X1Y5           FDCE                                         r  U1/min_reg[0]/C
  -------------------------------------------------------------------    -------------------
    SLICE_X1Y5           FDCE (Prop_fdce_C_Q)         0.141     1.619 r  U1/min_reg[0]/Q
                         net (fo=9, routed)           0.153     1.773    U1/min_reg[5]_0[0]
    SLICE_X0Y5           LUT6 (Prop_lut6_I3_O)        0.045     1.818 r  U1/min[3]_i_1/O
                         net (fo=1, routed)           0.000     1.818    U1/min[3]
    SLICE_X0Y5           FDCE                                         r  U1/min_reg[3]/D
  -------------------------------------------------------------------    -------------------

                         (clock sys_clk_pin rise edge)
                                                      0.000     0.000 r  
    W5                                                0.000     0.000 r  clk (IN)
                         net (fo=0)                   0.000     0.000    clk
    W5                   IBUF (Prop_ibuf_I_O)         0.414     0.414 r  clk_IBUF_inst/O
                         net (fo=1, routed)           0.685     1.099    clk_IBUF
    BUFGCTRL_X0Y0        BUFG (Prop_bufg_I_O)         0.029     1.128 r  clk_IBUF_BUFG_inst/O
                         net (fo=221, routed)         0.866     1.993    U1/CLK
    SLICE_X0Y5           FDCE                                         r  U1/min_reg[3]/C
                         clock pessimism             -0.502     1.491    
    SLICE_X0Y5           FDCE (Hold_fdce_C_D)         0.091     1.582    U1/min_reg[3]
  -------------------------------------------------------------------
                         required time                         -1.582    
                         arrival time                           1.818    
  -------------------------------------------------------------------
                         slack                                  0.235    

Slack (MET) :             0.235ns  (arrival time - required time)
  Source:                 U1/min_reg[0]/C
                            (rising edge-triggered cell FDCE clocked by sys_clk_pin  {rise@0.000ns fall@5.000ns period=10.000ns})
  Destination:            U1/min_reg[4]/D
                            (rising edge-triggered cell FDCE clocked by sys_clk_pin  {rise@0.000ns fall@5.000ns period=10.000ns})
  Path Group:             sys_clk_pin
  Path Type:              Hold (Min at Fast Process Corner)
  Requirement:            0.000ns  (sys_clk_pin rise@0.000ns - sys_clk_pin rise@0.000ns)
  Data Path Delay:        0.340ns  (logic 0.186ns (54.629%)  route 0.154ns (45.371%))
  Logic Levels:           1  (LUT6=1)
  Clock Path Skew:        0.013ns (DCD - SCD - CPR)
    Destination Clock Delay (DCD):    1.993ns
    Source Clock Delay      (SCD):    1.478ns
    Clock Pessimism Removal (CPR):    0.502ns

    Location             Delay type                Incr(ns)  Path(ns)    Netlist Resource(s)
  -------------------------------------------------------------------    -------------------
                         (clock sys_clk_pin rise edge)
                                                      0.000     0.000 r  
    W5                                                0.000     0.000 r  clk (IN)
                         net (fo=0)                   0.000     0.000    clk
    W5                   IBUF (Prop_ibuf_I_O)         0.226     0.226 r  clk_IBUF_inst/O
                         net (fo=1, routed)           0.631     0.858    clk_IBUF
    BUFGCTRL_X0Y0        BUFG (Prop_bufg_I_O)         0.026     0.884 r  clk_IBUF_BUFG_inst/O
                         net (fo=221, routed)         0.595     1.478    U1/CLK
    SLICE_X1Y5           FDCE                                         r  U1/min_reg[0]/C
  -------------------------------------------------------------------    -------------------
    SLICE_X1Y5           FDCE (Prop_fdce_C_Q)         0.141     1.619 r  U1/min_reg[0]/Q
                         net (fo=9, routed)           0.154     1.774    U1/min_reg[5]_0[0]
    SLICE_X0Y5           LUT6 (Prop_lut6_I3_O)        0.045     1.819 r  U1/min[4]_i_1/O
                         net (fo=1, routed)           0.000     1.819    U1/min[4]
    SLICE_X0Y5           FDCE                                         r  U1/min_reg[4]/D
  -------------------------------------------------------------------    -------------------

                         (clock sys_clk_pin rise edge)
                                                      0.000     0.000 r  
    W5                                                0.000     0.000 r  clk (IN)
                         net (fo=0)                   0.000     0.000    clk
    W5                   IBUF (Prop_ibuf_I_O)         0.414     0.414 r  clk_IBUF_inst/O
                         net (fo=1, routed)           0.685     1.099    clk_IBUF
    BUFGCTRL_X0Y0        BUFG (Prop_bufg_I_O)         0.029     1.128 r  clk_IBUF_BUFG_inst/O
                         net (fo=221, routed)         0.866     1.993    U1/CLK
    SLICE_X0Y5           FDCE                                         r  U1/min_reg[4]/C
                         clock pessimism             -0.502     1.491    
    SLICE_X0Y5           FDCE (Hold_fdce_C_D)         0.092     1.583    U1/min_reg[4]
  -------------------------------------------------------------------
                         required time                         -1.583    
                         arrival time                           1.819    
  -------------------------------------------------------------------
                         slack                                  0.235    

Slack (MET) :             0.236ns  (arrival time - required time)
  Source:                 U0/sw0_db_reg/C
                            (rising edge-triggered cell FDCE clocked by sys_clk_pin  {rise@0.000ns fall@5.000ns period=10.000ns})
  Destination:            U0/cnt0_reg[8]/D
                            (rising edge-triggered cell FDCE clocked by sys_clk_pin  {rise@0.000ns fall@5.000ns period=10.000ns})
  Path Group:             sys_clk_pin
  Path Type:              Hold (Min at Fast Process Corner)
  Requirement:            0.000ns  (sys_clk_pin rise@0.000ns - sys_clk_pin rise@0.000ns)
  Data Path Delay:        0.379ns  (logic 0.213ns (56.260%)  route 0.166ns (43.740%))
  Logic Levels:           1  (LUT4=1)
  Clock Path Skew:        0.036ns (DCD - SCD - CPR)
    Destination Clock Delay (DCD):    1.961ns
    Source Clock Delay      (SCD):    1.447ns
    Clock Pessimism Removal (CPR):    0.478ns

    Location             Delay type                Incr(ns)  Path(ns)    Netlist Resource(s)
  -------------------------------------------------------------------    -------------------
                         (clock sys_clk_pin rise edge)
                                                      0.000     0.000 r  
    W5                                                0.000     0.000 r  clk (IN)
                         net (fo=0)                   0.000     0.000    clk
    W5                   IBUF (Prop_ibuf_I_O)         0.226     0.226 r  clk_IBUF_inst/O
                         net (fo=1, routed)           0.631     0.858    clk_IBUF
    BUFGCTRL_X0Y0        BUFG (Prop_bufg_I_O)         0.026     0.884 r  clk_IBUF_BUFG_inst/O
                         net (fo=221, routed)         0.564     1.447    U0/CLK
    SLICE_X10Y11         FDCE                                         r  U0/sw0_db_reg/C
  -------------------------------------------------------------------    -------------------
    SLICE_X10Y11         FDCE (Prop_fdce_C_Q)         0.164     1.611 r  U0/sw0_db_reg/Q
                         net (fo=22, routed)          0.166     1.777    U0/sw0_db
    SLICE_X9Y10          LUT4 (Prop_lut4_I1_O)        0.049     1.826 r  U0/cnt0[8]_i_1/O
                         net (fo=1, routed)           0.000     1.826    U0/cnt0[8]_i_1_n_0
    SLICE_X9Y10          FDCE                                         r  U0/cnt0_reg[8]/D
  -------------------------------------------------------------------    -------------------

                         (clock sys_clk_pin rise edge)
                                                      0.000     0.000 r  
    W5                                                0.000     0.000 r  clk (IN)
                         net (fo=0)                   0.000     0.000    clk
    W5                   IBUF (Prop_ibuf_I_O)         0.414     0.414 r  clk_IBUF_inst/O
                         net (fo=1, routed)           0.685     1.099    clk_IBUF
    BUFGCTRL_X0Y0        BUFG (Prop_bufg_I_O)         0.029     1.128 r  clk_IBUF_BUFG_inst/O
                         net (fo=221, routed)         0.834     1.961    U0/CLK
    SLICE_X9Y10          FDCE                                         r  U0/cnt0_reg[8]/C
                         clock pessimism             -0.478     1.483    
    SLICE_X9Y10          FDCE (Hold_fdce_C_D)         0.107     1.590    U0/cnt0_reg[8]
  -------------------------------------------------------------------
                         required time                         -1.590    
                         arrival time                           1.826    
  -------------------------------------------------------------------
                         slack                                  0.236    





Pulse Width Checks
--------------------------------------------------------------------------------------
Clock Name:         sys_clk_pin
Waveform(ns):       { 0.000 5.000 }
Period(ns):         10.000
Sources:            { clk }

Check Type        Corner  Lib Pin  Reference Pin  Required(ns)  Actual(ns)  Slack(ns)  Location       Pin
Min Period        n/a     BUFG/I   n/a            2.155         10.000      7.845      BUFGCTRL_X0Y0  clk_IBUF_BUFG_inst/I
Min Period        n/a     FDCE/C   n/a            1.000         10.000      9.000      SLICE_X4Y7     U0/FSM_onehot_set_pos_reg[0]/C
Min Period        n/a     FDCE/C   n/a            1.000         10.000      9.000      SLICE_X4Y6     U0/FSM_onehot_set_pos_reg[1]/C
Min Period        n/a     FDPE/C   n/a            1.000         10.000      9.000      SLICE_X4Y6     U0/FSM_onehot_set_pos_reg[2]/C
Min Period        n/a     FDCE/C   n/a            1.000         10.000      9.000      SLICE_X9Y9     U0/cnt0_reg[0]/C
Min Period        n/a     FDCE/C   n/a            1.000         10.000      9.000      SLICE_X9Y11    U0/cnt0_reg[10]/C
Min Period        n/a     FDCE/C   n/a            1.000         10.000      9.000      SLICE_X9Y11    U0/cnt0_reg[11]/C
Min Period        n/a     FDCE/C   n/a            1.000         10.000      9.000      SLICE_X9Y11    U0/cnt0_reg[12]/C
Min Period        n/a     FDCE/C   n/a            1.000         10.000      9.000      SLICE_X9Y11    U0/cnt0_reg[13]/C
Min Period        n/a     FDCE/C   n/a            1.000         10.000      9.000      SLICE_X9Y12    U0/cnt0_reg[14]/C
Low Pulse Width   Slow    FDCE/C   n/a            0.500         5.000       4.500      SLICE_X4Y7     U0/FSM_onehot_set_pos_reg[0]/C
Low Pulse Width   Fast    FDCE/C   n/a            0.500         5.000       4.500      SLICE_X4Y7     U0/FSM_onehot_set_pos_reg[0]/C
Low Pulse Width   Slow    FDCE/C   n/a            0.500         5.000       4.500      SLICE_X4Y6     U0/FSM_onehot_set_pos_reg[1]/C
Low Pulse Width   Fast    FDCE/C   n/a            0.500         5.000       4.500      SLICE_X4Y6     U0/FSM_onehot_set_pos_reg[1]/C
Low Pulse Width   Slow    FDPE/C   n/a            0.500         5.000       4.500      SLICE_X4Y6     U0/FSM_onehot_set_pos_reg[2]/C
Low Pulse Width   Fast    FDPE/C   n/a            0.500         5.000       4.500      SLICE_X4Y6     U0/FSM_onehot_set_pos_reg[2]/C
Low Pulse Width   Slow    FDCE/C   n/a            0.500         5.000       4.500      SLICE_X9Y9     U0/cnt0_reg[0]/C
Low Pulse Width   Fast    FDCE/C   n/a            0.500         5.000       4.500      SLICE_X9Y9     U0/cnt0_reg[0]/C
Low Pulse Width   Slow    FDCE/C   n/a            0.500         5.000       4.500      SLICE_X9Y11    U0/cnt0_reg[10]/C
Low Pulse Width   Fast    FDCE/C   n/a            0.500         5.000       4.500      SLICE_X9Y11    U0/cnt0_reg[10]/C
High Pulse Width  Slow    FDCE/C   n/a            0.500         5.000       4.500      SLICE_X4Y7     U0/FSM_onehot_set_pos_reg[0]/C
High Pulse Width  Fast    FDCE/C   n/a            0.500         5.000       4.500      SLICE_X4Y7     U0/FSM_onehot_set_pos_reg[0]/C
High Pulse Width  Slow    FDCE/C   n/a            0.500         5.000       4.500      SLICE_X4Y6     U0/FSM_onehot_set_pos_reg[1]/C
High Pulse Width  Fast    FDCE/C   n/a            0.500         5.000       4.500      SLICE_X4Y6     U0/FSM_onehot_set_pos_reg[1]/C
High Pulse Width  Slow    FDPE/C   n/a            0.500         5.000       4.500      SLICE_X4Y6     U0/FSM_onehot_set_pos_reg[2]/C
High Pulse Width  Fast    FDPE/C   n/a            0.500         5.000       4.500      SLICE_X4Y6     U0/FSM_onehot_set_pos_reg[2]/C
High Pulse Width  Slow    FDCE/C   n/a            0.500         5.000       4.500      SLICE_X9Y9     U0/cnt0_reg[0]/C
High Pulse Width  Fast    FDCE/C   n/a            0.500         5.000       4.500      SLICE_X9Y9     U0/cnt0_reg[0]/C
High Pulse Width  Slow    FDCE/C   n/a            0.500         5.000       4.500      SLICE_X9Y11    U0/cnt0_reg[10]/C
High Pulse Width  Fast    FDCE/C   n/a            0.500         5.000       4.500      SLICE_X9Y11    U0/cnt0_reg[10]/C



--------------------------------------------------------------------------------------
Path Group:  (none)
From Clock:  
  To Clock:  

Max Delay            21 Endpoints
Min Delay            21 Endpoints
--------------------------------------------------------------------------------------


Max Delay Paths
--------------------------------------------------------------------------------------
Slack:                    inf
  Source:                 time_mode
                            (input port)
  Destination:            fnd[6]
                            (output port)
  Path Group:             (none)
  Path Type:              Max at Slow Process Corner
  Data Path Delay:        14.884ns  (logic 5.791ns (38.906%)  route 9.094ns (61.094%))
  Logic Levels:           4  (IBUF=1 LUT4=1 MUXF7=1 OBUF=1)

    Location             Delay type                Incr(ns)  Path(ns)    Netlist Resource(s)
  -------------------------------------------------------------------    -------------------
    T1                                                0.000     0.000 r  time_mode (IN)
                         net (fo=0)                   0.000     0.000    time_mode
    T1                   IBUF (Prop_ibuf_I_O)         1.455     1.455 r  time_mode_IBUF_inst/O
                         net (fo=4, routed)           4.181     5.636    U0/time_mode_IBUF
    SLICE_X2Y9           MUXF7 (Prop_muxf7_S_O)       0.292     5.928 r  U0/fnd_OBUF[6]_inst_i_5/O
                         net (fo=7, routed)           1.232     7.160    U7/fndin[1]
    SLICE_X14Y9          LUT4 (Prop_lut4_I3_O)        0.326     7.486 r  U7/fnd_OBUF[6]_inst_i_1/O
                         net (fo=1, routed)           3.680    11.167    fnd_OBUF[6]
    W7                   OBUF (Prop_obuf_I_O)         3.718    14.884 r  fnd_OBUF[6]_inst/O
                         net (fo=0)                   0.000    14.884    fnd[6]
    W7                                                                r  fnd[6] (OUT)
  -------------------------------------------------------------------    -------------------

Slack:                    inf
  Source:                 time_mode
                            (input port)
  Destination:            fnd[5]
                            (output port)
  Path Group:             (none)
  Path Type:              Max at Slow Process Corner
  Data Path Delay:        14.542ns  (logic 5.573ns (38.326%)  route 8.969ns (61.674%))
  Logic Levels:           4  (IBUF=1 LUT4=1 MUXF7=1 OBUF=1)

    Location             Delay type                Incr(ns)  Path(ns)    Netlist Resource(s)
  -------------------------------------------------------------------    -------------------
    T1                                                0.000     0.000 r  time_mode (IN)
                         net (fo=0)                   0.000     0.000    time_mode
    T1                   IBUF (Prop_ibuf_I_O)         1.455     1.455 r  time_mode_IBUF_inst/O
                         net (fo=4, routed)           4.181     5.636    U0/time_mode_IBUF
    SLICE_X2Y9           MUXF7 (Prop_muxf7_S_O)       0.292     5.928 r  U0/fnd_OBUF[6]_inst_i_5/O
                         net (fo=7, routed)           1.232     7.160    U7/fndin[1]
    SLICE_X14Y9          LUT4 (Prop_lut4_I3_O)        0.297     7.457 r  U7/fnd_OBUF[5]_inst_i_1/O
                         net (fo=1, routed)           3.555    11.013    fnd_OBUF[5]
    W6                   OBUF (Prop_obuf_I_O)         3.529    14.542 r  fnd_OBUF[5]_inst/O
                         net (fo=0)                   0.000    14.542    fnd[5]
    W6                                                                r  fnd[5] (OUT)
  -------------------------------------------------------------------    -------------------

Slack:                    inf
  Source:                 time_mode
                            (input port)
  Destination:            fnd[3]
                            (output port)
  Path Group:             (none)
  Path Type:              Max at Slow Process Corner
  Data Path Delay:        14.412ns  (logic 5.796ns (40.215%)  route 8.616ns (59.785%))
  Logic Levels:           4  (IBUF=1 LUT4=1 MUXF7=1 OBUF=1)

    Location             Delay type                Incr(ns)  Path(ns)    Netlist Resource(s)
  -------------------------------------------------------------------    -------------------
    T1                                                0.000     0.000 r  time_mode (IN)
                         net (fo=0)                   0.000     0.000    time_mode
    T1                   IBUF (Prop_ibuf_I_O)         1.455     1.455 r  time_mode_IBUF_inst/O
                         net (fo=4, routed)           3.992     5.447    U0/time_mode_IBUF
    SLICE_X3Y9           MUXF7 (Prop_muxf7_S_O)       0.276     5.723 r  U0/fnd_OBUF[6]_inst_i_4/O
                         net (fo=7, routed)           1.238     6.961    U7/fndin[0]
    SLICE_X14Y9          LUT4 (Prop_lut4_I2_O)        0.325     7.286 r  U7/fnd_OBUF[3]_inst_i_1/O
                         net (fo=1, routed)           3.386    10.673    fnd_OBUF[3]
    V8                   OBUF (Prop_obuf_I_O)         3.740    14.412 r  fnd_OBUF[3]_inst/O
                         net (fo=0)                   0.000    14.412    fnd[3]
    V8                                                                r  fnd[3] (OUT)
  -------------------------------------------------------------------    -------------------

Slack:                    inf
  Source:                 time_mode
                            (input port)
  Destination:            fnd[1]
                            (output port)
  Path Group:             (none)
  Path Type:              Max at Slow Process Corner
  Data Path Delay:        14.322ns  (logic 5.799ns (40.489%)  route 8.523ns (59.511%))
  Logic Levels:           4  (IBUF=1 LUT4=1 MUXF7=1 OBUF=1)

    Location             Delay type                Incr(ns)  Path(ns)    Netlist Resource(s)
  -------------------------------------------------------------------    -------------------
    T1                                                0.000     0.000 r  time_mode (IN)
                         net (fo=0)                   0.000     0.000    time_mode
    T1                   IBUF (Prop_ibuf_I_O)         1.455     1.455 r  time_mode_IBUF_inst/O
                         net (fo=4, routed)           4.181     5.636    U0/time_mode_IBUF
    SLICE_X2Y9           MUXF7 (Prop_muxf7_S_O)       0.292     5.928 r  U0/fnd_OBUF[6]_inst_i_5/O
                         net (fo=7, routed)           1.236     7.164    U7/fndin[1]
    SLICE_X14Y9          LUT4 (Prop_lut4_I1_O)        0.323     7.487 r  U7/fnd_OBUF[1]_inst_i_1/O
                         net (fo=1, routed)           3.106    10.593    fnd_OBUF[1]
    V5                   OBUF (Prop_obuf_I_O)         3.728    14.322 r  fnd_OBUF[1]_inst/O
                         net (fo=0)                   0.000    14.322    fnd[1]
    V5                                                                r  fnd[1] (OUT)
  -------------------------------------------------------------------    -------------------

Slack:                    inf
  Source:                 time_mode
                            (input port)
  Destination:            fnd[4]
                            (output port)
  Path Group:             (none)
  Path Type:              Max at Slow Process Corner
  Data Path Delay:        14.287ns  (logic 5.579ns (39.053%)  route 8.707ns (60.947%))
  Logic Levels:           4  (IBUF=1 LUT4=1 MUXF7=1 OBUF=1)

    Location             Delay type                Incr(ns)  Path(ns)    Netlist Resource(s)
  -------------------------------------------------------------------    -------------------
    T1                                                0.000     0.000 r  time_mode (IN)
                         net (fo=0)                   0.000     0.000    time_mode
    T1                   IBUF (Prop_ibuf_I_O)         1.455     1.455 r  time_mode_IBUF_inst/O
                         net (fo=4, routed)           4.181     5.636    U0/time_mode_IBUF
    SLICE_X2Y9           MUXF7 (Prop_muxf7_S_O)       0.292     5.928 r  U0/fnd_OBUF[6]_inst_i_5/O
                         net (fo=7, routed)           1.236     7.164    U7/fndin[1]
    SLICE_X14Y9          LUT4 (Prop_lut4_I2_O)        0.297     7.461 r  U7/fnd_OBUF[4]_inst_i_1/O
                         net (fo=1, routed)           3.290    10.751    fnd_OBUF[4]
    U8                   OBUF (Prop_obuf_I_O)         3.535    14.287 r  fnd_OBUF[4]_inst/O
                         net (fo=0)                   0.000    14.287    fnd[4]
    U8                                                                r  fnd[4] (OUT)
  -------------------------------------------------------------------    -------------------

Slack:                    inf
  Source:                 time_mode
                            (input port)
  Destination:            fnd[2]
                            (output port)
  Path Group:             (none)
  Path Type:              Max at Slow Process Corner
  Data Path Delay:        14.146ns  (logic 5.550ns (39.235%)  route 8.596ns (60.765%))
  Logic Levels:           4  (IBUF=1 LUT4=1 MUXF7=1 OBUF=1)

    Location             Delay type                Incr(ns)  Path(ns)    Netlist Resource(s)
  -------------------------------------------------------------------    -------------------
    T1                                                0.000     0.000 r  time_mode (IN)
                         net (fo=0)                   0.000     0.000    time_mode
    T1                   IBUF (Prop_ibuf_I_O)         1.455     1.455 r  time_mode_IBUF_inst/O
                         net (fo=4, routed)           3.992     5.447    U0/time_mode_IBUF
    SLICE_X3Y9           MUXF7 (Prop_muxf7_S_O)       0.276     5.723 r  U0/fnd_OBUF[6]_inst_i_4/O
                         net (fo=7, routed)           1.238     6.961    U7/fndin[0]
    SLICE_X14Y9          LUT4 (Prop_lut4_I3_O)        0.299     7.260 r  U7/fnd_OBUF[2]_inst_i_1/O
                         net (fo=1, routed)           3.366    10.626    fnd_OBUF[2]
    U5                   OBUF (Prop_obuf_I_O)         3.520    14.146 r  fnd_OBUF[2]_inst/O
                         net (fo=0)                   0.000    14.146    fnd[2]
    U5                                                                r  fnd[2] (OUT)
  -------------------------------------------------------------------    -------------------

Slack:                    inf
  Source:                 time_mode
                            (input port)
  Destination:            fnd[0]
                            (output port)
  Path Group:             (none)
  Path Type:              Max at Slow Process Corner
  Data Path Delay:        14.050ns  (logic 5.576ns (39.684%)  route 8.475ns (60.316%))
  Logic Levels:           4  (IBUF=1 LUT4=1 MUXF7=1 OBUF=1)

    Location             Delay type                Incr(ns)  Path(ns)    Netlist Resource(s)
  -------------------------------------------------------------------    -------------------
    T1                                                0.000     0.000 r  time_mode (IN)
                         net (fo=0)                   0.000     0.000    time_mode
    T1                   IBUF (Prop_ibuf_I_O)         1.455     1.455 r  time_mode_IBUF_inst/O
                         net (fo=4, routed)           4.181     5.636    U0/time_mode_IBUF
    SLICE_X2Y9           MUXF7 (Prop_muxf7_S_O)       0.292     5.928 r  U0/fnd_OBUF[6]_inst_i_5/O
                         net (fo=7, routed)           1.384     7.312    U7/fndin[1]
    SLICE_X14Y9          LUT4 (Prop_lut4_I3_O)        0.297     7.609 r  U7/fnd_OBUF[0]_inst_i_1/O
                         net (fo=1, routed)           2.909    10.519    fnd_OBUF[0]
    U7                   OBUF (Prop_obuf_I_O)         3.531    14.050 r  fnd_OBUF[0]_inst/O
                         net (fo=0)                   0.000    14.050    fnd[0]
    U7                                                                r  fnd[0] (OUT)
  -------------------------------------------------------------------    -------------------

Slack:                    inf
  Source:                 U4/out_counter_reg[1]/C
                            (rising edge-triggered cell FDCE)
  Destination:            fndsel[3]
                            (output port)
  Path Group:             (none)
  Path Type:              Max at Slow Process Corner
  Data Path Delay:        8.993ns  (logic 4.461ns (49.610%)  route 4.531ns (50.390%))
  Logic Levels:           3  (FDCE=1 LUT2=1 OBUF=1)

    Location             Delay type                Incr(ns)  Path(ns)    Netlist Resource(s)
  -------------------------------------------------------------------    -------------------
    SLICE_X9Y13          FDCE                         0.000     0.000 r  U4/out_counter_reg[1]/C
    SLICE_X9Y13          FDCE (Prop_fdce_C_Q)         0.419     0.419 f  U4/out_counter_reg[1]/Q
                         net (fo=13, routed)          0.900     1.319    U6/Q[1]
    SLICE_X9Y13          LUT2 (Prop_lut2_I0_O)        0.329     1.648 r  U6/fndsel_OBUF[3]_inst_i_1/O
                         net (fo=1, routed)           3.631     5.279    fndsel_OBUF[3]
    W4                   OBUF (Prop_obuf_I_O)         3.713     8.993 r  fndsel_OBUF[3]_inst/O
                         net (fo=0)                   0.000     8.993    fndsel[3]
    W4                                                                r  fndsel[3] (OUT)
  -------------------------------------------------------------------    -------------------

Slack:                    inf
  Source:                 U4/out_counter_reg[1]/C
                            (rising edge-triggered cell FDCE)
  Destination:            fndsel[2]
                            (output port)
  Path Group:             (none)
  Path Type:              Max at Slow Process Corner
  Data Path Delay:        8.815ns  (logic 4.241ns (48.112%)  route 4.574ns (51.888%))
  Logic Levels:           3  (FDCE=1 LUT2=1 OBUF=1)

    Location             Delay type                Incr(ns)  Path(ns)    Netlist Resource(s)
  -------------------------------------------------------------------    -------------------
    SLICE_X9Y13          FDCE                         0.000     0.000 r  U4/out_counter_reg[1]/C
    SLICE_X9Y13          FDCE (Prop_fdce_C_Q)         0.419     0.419 f  U4/out_counter_reg[1]/Q
                         net (fo=13, routed)          0.900     1.319    U6/Q[1]
    SLICE_X9Y13          LUT2 (Prop_lut2_I1_O)        0.299     1.618 r  U6/fndsel_OBUF[2]_inst_i_1/O
                         net (fo=1, routed)           3.674     5.292    fndsel_OBUF[2]
    V4                   OBUF (Prop_obuf_I_O)         3.523     8.815 r  fndsel_OBUF[2]_inst/O
                         net (fo=0)                   0.000     8.815    fndsel[2]
    V4                                                                r  fndsel[2] (OUT)
  -------------------------------------------------------------------    -------------------

Slack:                    inf
  Source:                 U4/out_counter_reg[1]/C
                            (rising edge-triggered cell FDCE)
  Destination:            fndsel[0]
                            (output port)
  Path Group:             (none)
  Path Type:              Max at Slow Process Corner
  Data Path Delay:        8.773ns  (logic 4.221ns (48.114%)  route 4.552ns (51.886%))
  Logic Levels:           3  (FDCE=1 LUT2=1 OBUF=1)

    Location             Delay type                Incr(ns)  Path(ns)    Netlist Resource(s)
  -------------------------------------------------------------------    -------------------
    SLICE_X9Y13          FDCE                         0.000     0.000 r  U4/out_counter_reg[1]/C
    SLICE_X9Y13          FDCE (Prop_fdce_C_Q)         0.419     0.419 r  U4/out_counter_reg[1]/Q
                         net (fo=13, routed)          0.889     1.308    U6/Q[1]
    SLICE_X9Y13          LUT2 (Prop_lut2_I0_O)        0.299     1.607 r  U6/fndsel_OBUF[0]_inst_i_1/O
                         net (fo=1, routed)           3.663     5.270    fndsel_OBUF[0]
    U2                   OBUF (Prop_obuf_I_O)         3.503     8.773 r  fndsel_OBUF[0]_inst/O
                         net (fo=0)                   0.000     8.773    fndsel[0]
    U2                                                                r  fndsel[0] (OUT)
  -------------------------------------------------------------------    -------------------





Min Delay Paths
--------------------------------------------------------------------------------------
Slack:                    inf
  Source:                 U4/out_counter_reg[0]/C
                            (rising edge-triggered cell FDCE)
  Destination:            U4/out_counter_reg[1]/D
  Path Group:             (none)
  Path Type:              Min at Fast Process Corner
  Data Path Delay:        0.377ns  (logic 0.183ns (48.579%)  route 0.194ns (51.421%))
  Logic Levels:           2  (FDCE=1 LUT2=1)

    Location             Delay type                Incr(ns)  Path(ns)    Netlist Resource(s)
  -------------------------------------------------------------------    -------------------
    SLICE_X9Y13          FDCE                         0.000     0.000 r  U4/out_counter_reg[0]/C
    SLICE_X9Y13          FDCE (Prop_fdce_C_Q)         0.141     0.141 r  U4/out_counter_reg[0]/Q
                         net (fo=14, routed)          0.194     0.335    U4/Q[0]
    SLICE_X9Y13          LUT2 (Prop_lut2_I0_O)        0.042     0.377 r  U4/out_counter[1]_i_1/O
                         net (fo=1, routed)           0.000     0.377    U4/p_0_in[1]
    SLICE_X9Y13          FDCE                                         r  U4/out_counter_reg[1]/D
  -------------------------------------------------------------------    -------------------

Slack:                    inf
  Source:                 U4/out_counter_reg[0]/C
                            (rising edge-triggered cell FDCE)
  Destination:            U4/out_counter_reg[0]/D
  Path Group:             (none)
  Path Type:              Min at Fast Process Corner
  Data Path Delay:        0.380ns  (logic 0.186ns (48.985%)  route 0.194ns (51.015%))
  Logic Levels:           2  (FDCE=1 LUT1=1)

    Location             Delay type                Incr(ns)  Path(ns)    Netlist Resource(s)
  -------------------------------------------------------------------    -------------------
    SLICE_X9Y13          FDCE                         0.000     0.000 r  U4/out_counter_reg[0]/C
    SLICE_X9Y13          FDCE (Prop_fdce_C_Q)         0.141     0.141 f  U4/out_counter_reg[0]/Q
                         net (fo=14, routed)          0.194     0.335    U4/Q[0]
    SLICE_X9Y13          LUT1 (Prop_lut1_I0_O)        0.045     0.380 r  U4/out_counter[0]_i_1/O
                         net (fo=1, routed)           0.000     0.380    U4/p_0_in[0]
    SLICE_X9Y13          FDCE                                         r  U4/out_counter_reg[0]/D
  -------------------------------------------------------------------    -------------------

Slack:                    inf
  Source:                 U10/alarm_out_reg[2]_lopt_replica/C
                            (rising edge-triggered cell FDCE)
  Destination:            alarm_out[0]
                            (output port)
  Path Group:             (none)
  Path Type:              Min at Fast Process Corner
  Data Path Delay:        1.788ns  (logic 1.346ns (75.280%)  route 0.442ns (24.720%))
  Logic Levels:           2  (FDCE=1 OBUF=1)

    Location             Delay type                Incr(ns)  Path(ns)    Netlist Resource(s)
  -------------------------------------------------------------------    -------------------
    SLICE_X0Y11          FDCE                         0.000     0.000 r  U10/alarm_out_reg[2]_lopt_replica/C
    SLICE_X0Y11          FDCE (Prop_fdce_C_Q)         0.141     0.141 r  U10/alarm_out_reg[2]_lopt_replica/Q
                         net (fo=1, routed)           0.442     0.583    lopt
    V13                  OBUF (Prop_obuf_I_O)         1.205     1.788 r  alarm_out_OBUF[0]_inst/O
                         net (fo=0)                   0.000     1.788    alarm_out[0]
    V13                                                               r  alarm_out[0] (OUT)
  -------------------------------------------------------------------    -------------------

Slack:                    inf
  Source:                 reset
                            (input port)
  Destination:            U10/alarm_out_reg[2]/CLR
  Path Group:             (none)
  Path Type:              Min at Fast Process Corner
  Data Path Delay:        1.937ns  (logic 0.224ns (11.576%)  route 1.713ns (88.424%))
  Logic Levels:           1  (IBUF=1)

    Location             Delay type                Incr(ns)  Path(ns)    Netlist Resource(s)
  -------------------------------------------------------------------    -------------------
    R2                                                0.000     0.000 f  reset (IN)
                         net (fo=0)                   0.000     0.000    reset
    R2                   IBUF (Prop_ibuf_I_O)         0.224     0.224 f  reset_IBUF_inst/O
                         net (fo=220, routed)         1.713     1.937    U10/AR[0]
    SLICE_X9Y13          FDCE                                         f  U10/alarm_out_reg[2]/CLR
  -------------------------------------------------------------------    -------------------

Slack:                    inf
  Source:                 reset
                            (input port)
  Destination:            U10/alarm_out_reg[2]_lopt_replica_2/CLR
  Path Group:             (none)
  Path Type:              Min at Fast Process Corner
  Data Path Delay:        1.937ns  (logic 0.224ns (11.576%)  route 1.713ns (88.424%))
  Logic Levels:           1  (IBUF=1)

    Location             Delay type                Incr(ns)  Path(ns)    Netlist Resource(s)
  -------------------------------------------------------------------    -------------------
    R2                                                0.000     0.000 f  reset (IN)
                         net (fo=0)                   0.000     0.000    reset
    R2                   IBUF (Prop_ibuf_I_O)         0.224     0.224 f  reset_IBUF_inst/O
                         net (fo=220, routed)         1.713     1.937    U10/AR[0]
    SLICE_X9Y13          FDCE                                         f  U10/alarm_out_reg[2]_lopt_replica_2/CLR
  -------------------------------------------------------------------    -------------------

Slack:                    inf
  Source:                 reset
                            (input port)
  Destination:            U4/out_counter_reg[0]/CLR
  Path Group:             (none)
  Path Type:              Min at Fast Process Corner
  Data Path Delay:        1.937ns  (logic 0.224ns (11.576%)  route 1.713ns (88.424%))
  Logic Levels:           1  (IBUF=1)

    Location             Delay type                Incr(ns)  Path(ns)    Netlist Resource(s)
  -------------------------------------------------------------------    -------------------
    R2                                                0.000     0.000 f  reset (IN)
                         net (fo=0)                   0.000     0.000    reset
    R2                   IBUF (Prop_ibuf_I_O)         0.224     0.224 f  reset_IBUF_inst/O
                         net (fo=220, routed)         1.713     1.937    U4/AR[0]
    SLICE_X9Y13          FDCE                                         f  U4/out_counter_reg[0]/CLR
  -------------------------------------------------------------------    -------------------

Slack:                    inf
  Source:                 reset
                            (input port)
  Destination:            U4/out_counter_reg[1]/CLR
  Path Group:             (none)
  Path Type:              Min at Fast Process Corner
  Data Path Delay:        1.937ns  (logic 0.224ns (11.576%)  route 1.713ns (88.424%))
  Logic Levels:           1  (IBUF=1)

    Location             Delay type                Incr(ns)  Path(ns)    Netlist Resource(s)
  -------------------------------------------------------------------    -------------------
    R2                                                0.000     0.000 f  reset (IN)
                         net (fo=0)                   0.000     0.000    reset
    R2                   IBUF (Prop_ibuf_I_O)         0.224     0.224 f  reset_IBUF_inst/O
                         net (fo=220, routed)         1.713     1.937    U4/AR[0]
    SLICE_X9Y13          FDCE                                         f  U4/out_counter_reg[1]/CLR
  -------------------------------------------------------------------    -------------------

Slack:                    inf
  Source:                 reset
                            (input port)
  Destination:            U10/alarm_out_reg[2]_lopt_replica/CLR
  Path Group:             (none)
  Path Type:              Min at Fast Process Corner
  Data Path Delay:        2.320ns  (logic 0.224ns (9.666%)  route 2.096ns (90.334%))
  Logic Levels:           1  (IBUF=1)

    Location             Delay type                Incr(ns)  Path(ns)    Netlist Resource(s)
  -------------------------------------------------------------------    -------------------
    R2                                                0.000     0.000 f  reset (IN)
                         net (fo=0)                   0.000     0.000    reset
    R2                   IBUF (Prop_ibuf_I_O)         0.224     0.224 f  reset_IBUF_inst/O
                         net (fo=220, routed)         2.096     2.320    U10/AR[0]
    SLICE_X0Y11          FDCE                                         f  U10/alarm_out_reg[2]_lopt_replica/CLR
  -------------------------------------------------------------------    -------------------

Slack:                    inf
  Source:                 U4/out_counter_reg[0]/C
                            (rising edge-triggered cell FDCE)
  Destination:            fndsel[1]
                            (output port)
  Path Group:             (none)
  Path Type:              Min at Fast Process Corner
  Data Path Delay:        2.700ns  (logic 1.451ns (53.752%)  route 1.249ns (46.248%))
  Logic Levels:           3  (FDCE=1 LUT2=1 OBUF=1)

    Location             Delay type                Incr(ns)  Path(ns)    Netlist Resource(s)
  -------------------------------------------------------------------    -------------------
    SLICE_X9Y13          FDCE                         0.000     0.000 r  U4/out_counter_reg[0]/C
    SLICE_X9Y13          FDCE (Prop_fdce_C_Q)         0.141     0.141 f  U4/out_counter_reg[0]/Q
                         net (fo=14, routed)          0.196     0.337    U6/Q[0]
    SLICE_X9Y13          LUT2 (Prop_lut2_I1_O)        0.043     0.380 r  U6/fndsel_OBUF[1]_inst_i_1/O
                         net (fo=1, routed)           1.053     1.433    fndsel_OBUF[1]
    U4                   OBUF (Prop_obuf_I_O)         1.267     2.700 r  fndsel_OBUF[1]_inst/O
                         net (fo=0)                   0.000     2.700    fndsel[1]
    U4                                                                r  fndsel[1] (OUT)
  -------------------------------------------------------------------    -------------------

Slack:                    inf
  Source:                 U10/alarm_out_reg[2]/C
                            (rising edge-triggered cell FDCE)
  Destination:            alarm_out[2]
                            (output port)
  Path Group:             (none)
  Path Type:              Min at Fast Process Corner
  Data Path Delay:        2.800ns  (logic 1.367ns (48.833%)  route 1.433ns (51.167%))
  Logic Levels:           2  (FDCE=1 OBUF=1)

    Location             Delay type                Incr(ns)  Path(ns)    Netlist Resource(s)
  -------------------------------------------------------------------    -------------------
    SLICE_X9Y13          FDCE                         0.000     0.000 r  U10/alarm_out_reg[2]/C
    SLICE_X9Y13          FDCE (Prop_fdce_C_Q)         0.141     0.141 r  U10/alarm_out_reg[2]/Q
                         net (fo=1, routed)           1.433     1.574    alarm_out_OBUF[0]
    W3                   OBUF (Prop_obuf_I_O)         1.226     2.800 r  alarm_out_OBUF[2]_inst/O
                         net (fo=0)                   0.000     2.800    alarm_out[2]
    W3                                                                r  alarm_out[2] (OUT)
  -------------------------------------------------------------------    -------------------





--------------------------------------------------------------------------------------
Path Group:  (none)
From Clock:  sys_clk_pin
  To Clock:  

Max Delay            18 Endpoints
Min Delay            18 Endpoints
--------------------------------------------------------------------------------------


Max Delay Paths
--------------------------------------------------------------------------------------
Slack:                    inf
  Source:                 U0/mode_reg[1]/C
                            (rising edge-triggered cell FDCE clocked by sys_clk_pin  {rise@0.000ns fall@5.000ns period=10.000ns})
  Destination:            fnd[6]
                            (output port)
  Path Group:             (none)
  Path Type:              Max at Slow Process Corner
  Data Path Delay:        13.491ns  (logic 5.482ns (40.632%)  route 8.009ns (59.368%))
  Logic Levels:           6  (LUT2=1 LUT4=1 LUT6=2 MUXF7=1 OBUF=1)
  Clock Uncertainty:      0.025ns  ((TSJ^2 + TIJ^2)^1/2 + DJ) / 2 + PE
    Total System Jitter     (TSJ):    0.050ns
    Total Input Jitter      (TIJ):    0.000ns
    Discrete Jitter          (DJ):    0.000ns
    Phase Error              (PE):    0.000ns

    Location             Delay type                Incr(ns)  Path(ns)    Netlist Resource(s)
  -------------------------------------------------------------------    -------------------
                         (clock sys_clk_pin rise edge)
                                                      0.000     0.000 r  
    W5                                                0.000     0.000 r  clk (IN)
                         net (fo=0)                   0.000     0.000    clk
    W5                   IBUF (Prop_ibuf_I_O)         1.458     1.458 r  clk_IBUF_inst/O
                         net (fo=1, routed)           1.967     3.425    clk_IBUF
    BUFGCTRL_X0Y0        BUFG (Prop_bufg_I_O)         0.096     3.521 r  clk_IBUF_BUFG_inst/O
                         net (fo=221, routed)         1.634     5.155    U0/CLK
    SLICE_X5Y8           FDCE                                         r  U0/mode_reg[1]/C
  -------------------------------------------------------------------    -------------------
    SLICE_X5Y8           FDCE (Prop_fdce_C_Q)         0.419     5.574 r  U0/mode_reg[1]/Q
                         net (fo=46, routed)          1.287     6.862    U0/mode_out_OBUF[1]
    SLICE_X2Y7           LUT2 (Prop_lut2_I0_O)        0.321     7.183 r  U0/mmsec[3]_i_2/O
                         net (fo=5, routed)           0.819     8.001    U9/mmsec_reg[3]_4
    SLICE_X2Y8           LUT6 (Prop_lut6_I3_O)        0.328     8.329 r  U9/fnd_OBUF[6]_inst_i_24/O
                         net (fo=1, routed)           0.950     9.279    U0/fnd_OBUF[6]_inst_i_3_0[1]
    SLICE_X3Y9           LUT6 (Prop_lut6_I5_O)        0.124     9.403 r  U0/fnd_OBUF[6]_inst_i_9/O
                         net (fo=1, routed)           0.000     9.403    U0/fnd_OBUF[6]_inst_i_9_n_0
    SLICE_X3Y9           MUXF7 (Prop_muxf7_I1_O)      0.245     9.648 r  U0/fnd_OBUF[6]_inst_i_3/O
                         net (fo=7, routed)           1.273    10.921    U7/fndin[2]
    SLICE_X14Y9          LUT4 (Prop_lut4_I1_O)        0.327    11.248 r  U7/fnd_OBUF[6]_inst_i_1/O
                         net (fo=1, routed)           3.680    14.929    fnd_OBUF[6]
    W7                   OBUF (Prop_obuf_I_O)         3.718    18.646 r  fnd_OBUF[6]_inst/O
                         net (fo=0)                   0.000    18.646    fnd[6]
    W7                                                                r  fnd[6] (OUT)
  -------------------------------------------------------------------    -------------------

Slack:                    inf
  Source:                 U0/mode_reg[1]/C
                            (rising edge-triggered cell FDCE clocked by sys_clk_pin  {rise@0.000ns fall@5.000ns period=10.000ns})
  Destination:            fnd[5]
                            (output port)
  Path Group:             (none)
  Path Type:              Max at Slow Process Corner
  Data Path Delay:        13.148ns  (logic 5.264ns (40.036%)  route 7.884ns (59.964%))
  Logic Levels:           6  (LUT2=1 LUT4=1 LUT6=2 MUXF7=1 OBUF=1)
  Clock Uncertainty:      0.025ns  ((TSJ^2 + TIJ^2)^1/2 + DJ) / 2 + PE
    Total System Jitter     (TSJ):    0.050ns
    Total Input Jitter      (TIJ):    0.000ns
    Discrete Jitter          (DJ):    0.000ns
    Phase Error              (PE):    0.000ns

    Location             Delay type                Incr(ns)  Path(ns)    Netlist Resource(s)
  -------------------------------------------------------------------    -------------------
                         (clock sys_clk_pin rise edge)
                                                      0.000     0.000 r  
    W5                                                0.000     0.000 r  clk (IN)
                         net (fo=0)                   0.000     0.000    clk
    W5                   IBUF (Prop_ibuf_I_O)         1.458     1.458 r  clk_IBUF_inst/O
                         net (fo=1, routed)           1.967     3.425    clk_IBUF
    BUFGCTRL_X0Y0        BUFG (Prop_bufg_I_O)         0.096     3.521 r  clk_IBUF_BUFG_inst/O
                         net (fo=221, routed)         1.634     5.155    U0/CLK
    SLICE_X5Y8           FDCE                                         r  U0/mode_reg[1]/C
  -------------------------------------------------------------------    -------------------
    SLICE_X5Y8           FDCE (Prop_fdce_C_Q)         0.419     5.574 r  U0/mode_reg[1]/Q
                         net (fo=46, routed)          1.287     6.862    U0/mode_out_OBUF[1]
    SLICE_X2Y7           LUT2 (Prop_lut2_I0_O)        0.321     7.183 r  U0/mmsec[3]_i_2/O
                         net (fo=5, routed)           0.819     8.001    U9/mmsec_reg[3]_4
    SLICE_X2Y8           LUT6 (Prop_lut6_I3_O)        0.328     8.329 r  U9/fnd_OBUF[6]_inst_i_24/O
                         net (fo=1, routed)           0.950     9.279    U0/fnd_OBUF[6]_inst_i_3_0[1]
    SLICE_X3Y9           LUT6 (Prop_lut6_I5_O)        0.124     9.403 r  U0/fnd_OBUF[6]_inst_i_9/O
                         net (fo=1, routed)           0.000     9.403    U0/fnd_OBUF[6]_inst_i_9_n_0
    SLICE_X3Y9           MUXF7 (Prop_muxf7_I1_O)      0.245     9.648 r  U0/fnd_OBUF[6]_inst_i_3/O
                         net (fo=7, routed)           1.273    10.921    U7/fndin[2]
    SLICE_X14Y9          LUT4 (Prop_lut4_I1_O)        0.298    11.219 r  U7/fnd_OBUF[5]_inst_i_1/O
                         net (fo=1, routed)           3.555    14.775    fnd_OBUF[5]
    W6                   OBUF (Prop_obuf_I_O)         3.529    18.304 r  fnd_OBUF[5]_inst/O
                         net (fo=0)                   0.000    18.304    fnd[5]
    W6                                                                r  fnd[5] (OUT)
  -------------------------------------------------------------------    -------------------

Slack:                    inf
  Source:                 U0/mode_reg[1]/C
                            (rising edge-triggered cell FDCE clocked by sys_clk_pin  {rise@0.000ns fall@5.000ns period=10.000ns})
  Destination:            fnd[3]
                            (output port)
  Path Group:             (none)
  Path Type:              Max at Slow Process Corner
  Data Path Delay:        13.065ns  (logic 5.499ns (42.087%)  route 7.566ns (57.913%))
  Logic Levels:           6  (LUT2=1 LUT4=1 LUT6=2 MUXF7=1 OBUF=1)
  Clock Uncertainty:      0.025ns  ((TSJ^2 + TIJ^2)^1/2 + DJ) / 2 + PE
    Total System Jitter     (TSJ):    0.050ns
    Total Input Jitter      (TIJ):    0.000ns
    Discrete Jitter          (DJ):    0.000ns
    Phase Error              (PE):    0.000ns

    Location             Delay type                Incr(ns)  Path(ns)    Netlist Resource(s)
  -------------------------------------------------------------------    -------------------
                         (clock sys_clk_pin rise edge)
                                                      0.000     0.000 r  
    W5                                                0.000     0.000 r  clk (IN)
                         net (fo=0)                   0.000     0.000    clk
    W5                   IBUF (Prop_ibuf_I_O)         1.458     1.458 r  clk_IBUF_inst/O
                         net (fo=1, routed)           1.967     3.425    clk_IBUF
    BUFGCTRL_X0Y0        BUFG (Prop_bufg_I_O)         0.096     3.521 r  clk_IBUF_BUFG_inst/O
                         net (fo=221, routed)         1.634     5.155    U0/CLK
    SLICE_X5Y8           FDCE                                         r  U0/mode_reg[1]/C
  -------------------------------------------------------------------    -------------------
    SLICE_X5Y8           FDCE (Prop_fdce_C_Q)         0.419     5.574 r  U0/mode_reg[1]/Q
                         net (fo=46, routed)          1.287     6.862    U0/mode_out_OBUF[1]
    SLICE_X2Y7           LUT2 (Prop_lut2_I0_O)        0.321     7.183 r  U0/mmsec[3]_i_2/O
                         net (fo=5, routed)           0.819     8.001    U9/mmsec_reg[3]_4
    SLICE_X2Y8           LUT6 (Prop_lut6_I3_O)        0.328     8.329 r  U9/fnd_OBUF[6]_inst_i_24/O
                         net (fo=1, routed)           0.950     9.279    U0/fnd_OBUF[6]_inst_i_3_0[1]
    SLICE_X3Y9           LUT6 (Prop_lut6_I5_O)        0.124     9.403 r  U0/fnd_OBUF[6]_inst_i_9/O
                         net (fo=1, routed)           0.000     9.403    U0/fnd_OBUF[6]_inst_i_9_n_0
    SLICE_X3Y9           MUXF7 (Prop_muxf7_I1_O)      0.245     9.648 r  U0/fnd_OBUF[6]_inst_i_3/O
                         net (fo=7, routed)           1.124    10.772    U7/fndin[2]
    SLICE_X14Y9          LUT4 (Prop_lut4_I1_O)        0.322    11.094 r  U7/fnd_OBUF[3]_inst_i_1/O
                         net (fo=1, routed)           3.386    14.480    fnd_OBUF[3]
    V8                   OBUF (Prop_obuf_I_O)         3.740    18.220 r  fnd_OBUF[3]_inst/O
                         net (fo=0)                   0.000    18.220    fnd[3]
    V8                                                                r  fnd[3] (OUT)
  -------------------------------------------------------------------    -------------------

Slack:                    inf
  Source:                 U0/mode_reg[1]/C
                            (rising edge-triggered cell FDCE clocked by sys_clk_pin  {rise@0.000ns fall@5.000ns period=10.000ns})
  Destination:            fnd[2]
                            (output port)
  Path Group:             (none)
  Path Type:              Max at Slow Process Corner
  Data Path Delay:        12.800ns  (logic 5.255ns (41.052%)  route 7.546ns (58.948%))
  Logic Levels:           6  (LUT2=1 LUT4=1 LUT6=2 MUXF7=1 OBUF=1)
  Clock Uncertainty:      0.025ns  ((TSJ^2 + TIJ^2)^1/2 + DJ) / 2 + PE
    Total System Jitter     (TSJ):    0.050ns
    Total Input Jitter      (TIJ):    0.000ns
    Discrete Jitter          (DJ):    0.000ns
    Phase Error              (PE):    0.000ns

    Location             Delay type                Incr(ns)  Path(ns)    Netlist Resource(s)
  -------------------------------------------------------------------    -------------------
                         (clock sys_clk_pin rise edge)
                                                      0.000     0.000 r  
    W5                                                0.000     0.000 r  clk (IN)
                         net (fo=0)                   0.000     0.000    clk
    W5                   IBUF (Prop_ibuf_I_O)         1.458     1.458 r  clk_IBUF_inst/O
                         net (fo=1, routed)           1.967     3.425    clk_IBUF
    BUFGCTRL_X0Y0        BUFG (Prop_bufg_I_O)         0.096     3.521 r  clk_IBUF_BUFG_inst/O
                         net (fo=221, routed)         1.634     5.155    U0/CLK
    SLICE_X5Y8           FDCE                                         r  U0/mode_reg[1]/C
  -------------------------------------------------------------------    -------------------
    SLICE_X5Y8           FDCE (Prop_fdce_C_Q)         0.419     5.574 r  U0/mode_reg[1]/Q
                         net (fo=46, routed)          1.287     6.862    U0/mode_out_OBUF[1]
    SLICE_X2Y7           LUT2 (Prop_lut2_I0_O)        0.321     7.183 r  U0/mmsec[3]_i_2/O
                         net (fo=5, routed)           0.819     8.001    U9/mmsec_reg[3]_4
    SLICE_X2Y8           LUT6 (Prop_lut6_I3_O)        0.328     8.329 r  U9/fnd_OBUF[6]_inst_i_24/O
                         net (fo=1, routed)           0.950     9.279    U0/fnd_OBUF[6]_inst_i_3_0[1]
    SLICE_X3Y9           LUT6 (Prop_lut6_I5_O)        0.124     9.403 r  U0/fnd_OBUF[6]_inst_i_9/O
                         net (fo=1, routed)           0.000     9.403    U0/fnd_OBUF[6]_inst_i_9_n_0
    SLICE_X3Y9           MUXF7 (Prop_muxf7_I1_O)      0.245     9.648 r  U0/fnd_OBUF[6]_inst_i_3/O
                         net (fo=7, routed)           1.124    10.772    U7/fndin[2]
    SLICE_X14Y9          LUT4 (Prop_lut4_I2_O)        0.298    11.070 r  U7/fnd_OBUF[2]_inst_i_1/O
                         net (fo=1, routed)           3.366    14.436    fnd_OBUF[2]
    U5                   OBUF (Prop_obuf_I_O)         3.520    17.956 r  fnd_OBUF[2]_inst/O
                         net (fo=0)                   0.000    17.956    fnd[2]
    U5                                                                r  fnd[2] (OUT)
  -------------------------------------------------------------------    -------------------

Slack:                    inf
  Source:                 U10/min_reg[2]/C
                            (rising edge-triggered cell FDCE clocked by sys_clk_pin  {rise@0.000ns fall@5.000ns period=10.000ns})
  Destination:            fnd[1]
                            (output port)
  Path Group:             (none)
  Path Type:              Max at Slow Process Corner
  Data Path Delay:        12.662ns  (logic 5.155ns (40.715%)  route 7.507ns (59.285%))
  Logic Levels:           6  (LUT4=1 LUT5=1 LUT6=2 MUXF7=1 OBUF=1)
  Clock Uncertainty:      0.025ns  ((TSJ^2 + TIJ^2)^1/2 + DJ) / 2 + PE
    Total System Jitter     (TSJ):    0.050ns
    Total Input Jitter      (TIJ):    0.000ns
    Discrete Jitter          (DJ):    0.000ns
    Phase Error              (PE):    0.000ns

    Location             Delay type                Incr(ns)  Path(ns)    Netlist Resource(s)
  -------------------------------------------------------------------    -------------------
                         (clock sys_clk_pin rise edge)
                                                      0.000     0.000 r  
    W5                                                0.000     0.000 r  clk (IN)
                         net (fo=0)                   0.000     0.000    clk
    W5                   IBUF (Prop_ibuf_I_O)         1.458     1.458 r  clk_IBUF_inst/O
                         net (fo=1, routed)           1.967     3.425    clk_IBUF
    BUFGCTRL_X0Y0        BUFG (Prop_bufg_I_O)         0.096     3.521 r  clk_IBUF_BUFG_inst/O
                         net (fo=221, routed)         1.637     5.158    U10/CLK
    SLICE_X2Y7           FDCE                                         r  U10/min_reg[2]/C
  -------------------------------------------------------------------    -------------------
    SLICE_X2Y7           FDCE (Prop_fdce_C_Q)         0.518     5.676 r  U10/min_reg[2]/Q
                         net (fo=9, routed)           1.301     6.978    U10/w_a_min_out[2]
    SLICE_X2Y5           LUT5 (Prop_lut5_I3_O)        0.124     7.102 r  U10/fnd_OBUF[6]_inst_i_65/O
                         net (fo=2, routed)           0.868     7.970    U10/min_reg[5]_0
    SLICE_X3Y5           LUT6 (Prop_lut6_I1_O)        0.124     8.094 r  U10/fnd_OBUF[6]_inst_i_34/O
                         net (fo=2, routed)           0.995     9.089    U0/fnd_OBUF[6]_inst_i_5_0[0]
    SLICE_X2Y9           LUT6 (Prop_lut6_I1_O)        0.124     9.213 r  U0/fnd_OBUF[6]_inst_i_13/O
                         net (fo=1, routed)           0.000     9.213    U0/fnd_OBUF[6]_inst_i_13_n_0
    SLICE_X2Y9           MUXF7 (Prop_muxf7_I1_O)      0.214     9.427 r  U0/fnd_OBUF[6]_inst_i_5/O
                         net (fo=7, routed)           1.236    10.663    U7/fndin[1]
    SLICE_X14Y9          LUT4 (Prop_lut4_I1_O)        0.323    10.986 r  U7/fnd_OBUF[1]_inst_i_1/O
                         net (fo=1, routed)           3.106    14.092    fnd_OBUF[1]
    V5                   OBUF (Prop_obuf_I_O)         3.728    17.820 r  fnd_OBUF[1]_inst/O
                         net (fo=0)                   0.000    17.820    fnd[1]
    V5                                                                r  fnd[1] (OUT)
  -------------------------------------------------------------------    -------------------

Slack:                    inf
  Source:                 U10/min_reg[2]/C
                            (rising edge-triggered cell FDCE clocked by sys_clk_pin  {rise@0.000ns fall@5.000ns period=10.000ns})
  Destination:            fnd[4]
                            (output port)
  Path Group:             (none)
  Path Type:              Max at Slow Process Corner
  Data Path Delay:        12.627ns  (logic 4.936ns (39.091%)  route 7.691ns (60.909%))
  Logic Levels:           6  (LUT4=1 LUT5=1 LUT6=2 MUXF7=1 OBUF=1)
  Clock Uncertainty:      0.025ns  ((TSJ^2 + TIJ^2)^1/2 + DJ) / 2 + PE
    Total System Jitter     (TSJ):    0.050ns
    Total Input Jitter      (TIJ):    0.000ns
    Discrete Jitter          (DJ):    0.000ns
    Phase Error              (PE):    0.000ns

    Location             Delay type                Incr(ns)  Path(ns)    Netlist Resource(s)
  -------------------------------------------------------------------    -------------------
                         (clock sys_clk_pin rise edge)
                                                      0.000     0.000 r  
    W5                                                0.000     0.000 r  clk (IN)
                         net (fo=0)                   0.000     0.000    clk
    W5                   IBUF (Prop_ibuf_I_O)         1.458     1.458 r  clk_IBUF_inst/O
                         net (fo=1, routed)           1.967     3.425    clk_IBUF
    BUFGCTRL_X0Y0        BUFG (Prop_bufg_I_O)         0.096     3.521 r  clk_IBUF_BUFG_inst/O
                         net (fo=221, routed)         1.637     5.158    U10/CLK
    SLICE_X2Y7           FDCE                                         r  U10/min_reg[2]/C
  -------------------------------------------------------------------    -------------------
    SLICE_X2Y7           FDCE (Prop_fdce_C_Q)         0.518     5.676 r  U10/min_reg[2]/Q
                         net (fo=9, routed)           1.301     6.978    U10/w_a_min_out[2]
    SLICE_X2Y5           LUT5 (Prop_lut5_I3_O)        0.124     7.102 r  U10/fnd_OBUF[6]_inst_i_65/O
                         net (fo=2, routed)           0.868     7.970    U10/min_reg[5]_0
    SLICE_X3Y5           LUT6 (Prop_lut6_I1_O)        0.124     8.094 r  U10/fnd_OBUF[6]_inst_i_34/O
                         net (fo=2, routed)           0.995     9.089    U0/fnd_OBUF[6]_inst_i_5_0[0]
    SLICE_X2Y9           LUT6 (Prop_lut6_I1_O)        0.124     9.213 r  U0/fnd_OBUF[6]_inst_i_13/O
                         net (fo=1, routed)           0.000     9.213    U0/fnd_OBUF[6]_inst_i_13_n_0
    SLICE_X2Y9           MUXF7 (Prop_muxf7_I1_O)      0.214     9.427 r  U0/fnd_OBUF[6]_inst_i_5/O
                         net (fo=7, routed)           1.236    10.663    U7/fndin[1]
    SLICE_X14Y9          LUT4 (Prop_lut4_I2_O)        0.297    10.960 r  U7/fnd_OBUF[4]_inst_i_1/O
                         net (fo=1, routed)           3.290    14.250    fnd_OBUF[4]
    U8                   OBUF (Prop_obuf_I_O)         3.535    17.786 r  fnd_OBUF[4]_inst/O
                         net (fo=0)                   0.000    17.786    fnd[4]
    U8                                                                r  fnd[4] (OUT)
  -------------------------------------------------------------------    -------------------

Slack:                    inf
  Source:                 U0/mode_reg[1]/C
                            (rising edge-triggered cell FDCE clocked by sys_clk_pin  {rise@0.000ns fall@5.000ns period=10.000ns})
  Destination:            fnd[0]
                            (output port)
  Path Group:             (none)
  Path Type:              Max at Slow Process Corner
  Data Path Delay:        12.524ns  (logic 5.266ns (42.052%)  route 7.257ns (57.948%))
  Logic Levels:           6  (LUT2=1 LUT4=1 LUT6=2 MUXF7=1 OBUF=1)
  Clock Uncertainty:      0.025ns  ((TSJ^2 + TIJ^2)^1/2 + DJ) / 2 + PE
    Total System Jitter     (TSJ):    0.050ns
    Total Input Jitter      (TIJ):    0.000ns
    Discrete Jitter          (DJ):    0.000ns
    Phase Error              (PE):    0.000ns

    Location             Delay type                Incr(ns)  Path(ns)    Netlist Resource(s)
  -------------------------------------------------------------------    -------------------
                         (clock sys_clk_pin rise edge)
                                                      0.000     0.000 r  
    W5                                                0.000     0.000 r  clk (IN)
                         net (fo=0)                   0.000     0.000    clk
    W5                   IBUF (Prop_ibuf_I_O)         1.458     1.458 r  clk_IBUF_inst/O
                         net (fo=1, routed)           1.967     3.425    clk_IBUF
    BUFGCTRL_X0Y0        BUFG (Prop_bufg_I_O)         0.096     3.521 r  clk_IBUF_BUFG_inst/O
                         net (fo=221, routed)         1.634     5.155    U0/CLK
    SLICE_X5Y8           FDCE                                         r  U0/mode_reg[1]/C
  -------------------------------------------------------------------    -------------------
    SLICE_X5Y8           FDCE (Prop_fdce_C_Q)         0.419     5.574 r  U0/mode_reg[1]/Q
                         net (fo=46, routed)          1.287     6.862    U0/mode_out_OBUF[1]
    SLICE_X2Y7           LUT2 (Prop_lut2_I0_O)        0.321     7.183 r  U0/mmsec[3]_i_2/O
                         net (fo=5, routed)           0.819     8.001    U9/mmsec_reg[3]_4
    SLICE_X2Y8           LUT6 (Prop_lut6_I3_O)        0.328     8.329 r  U9/fnd_OBUF[6]_inst_i_24/O
                         net (fo=1, routed)           0.950     9.279    U0/fnd_OBUF[6]_inst_i_3_0[1]
    SLICE_X3Y9           LUT6 (Prop_lut6_I5_O)        0.124     9.403 r  U0/fnd_OBUF[6]_inst_i_9/O
                         net (fo=1, routed)           0.000     9.403    U0/fnd_OBUF[6]_inst_i_9_n_0
    SLICE_X3Y9           MUXF7 (Prop_muxf7_I1_O)      0.245     9.648 r  U0/fnd_OBUF[6]_inst_i_3/O
                         net (fo=7, routed)           1.292    10.940    U7/fndin[2]
    SLICE_X14Y9          LUT4 (Prop_lut4_I2_O)        0.298    11.238 r  U7/fnd_OBUF[0]_inst_i_1/O
                         net (fo=1, routed)           2.909    14.148    fnd_OBUF[0]
    U7                   OBUF (Prop_obuf_I_O)         3.531    17.679 r  fnd_OBUF[0]_inst/O
                         net (fo=0)                   0.000    17.679    fnd[0]
    U7                                                                r  fnd[0] (OUT)
  -------------------------------------------------------------------    -------------------

Slack:                    inf
  Source:                 U0/mode_reg[1]/C
                            (rising edge-triggered cell FDCE clocked by sys_clk_pin  {rise@0.000ns fall@5.000ns period=10.000ns})
  Destination:            mode_out[1]
                            (output port)
  Path Group:             (none)
  Path Type:              Max at Slow Process Corner
  Data Path Delay:        7.495ns  (logic 4.124ns (55.020%)  route 3.371ns (44.980%))
  Logic Levels:           1  (OBUF=1)
  Clock Uncertainty:      0.025ns  ((TSJ^2 + TIJ^2)^1/2 + DJ) / 2 + PE
    Total System Jitter     (TSJ):    0.050ns
    Total Input Jitter      (TIJ):    0.000ns
    Discrete Jitter          (DJ):    0.000ns
    Phase Error              (PE):    0.000ns

    Location             Delay type                Incr(ns)  Path(ns)    Netlist Resource(s)
  -------------------------------------------------------------------    -------------------
                         (clock sys_clk_pin rise edge)
                                                      0.000     0.000 r  
    W5                                                0.000     0.000 r  clk (IN)
                         net (fo=0)                   0.000     0.000    clk
    W5                   IBUF (Prop_ibuf_I_O)         1.458     1.458 r  clk_IBUF_inst/O
                         net (fo=1, routed)           1.967     3.425    clk_IBUF
    BUFGCTRL_X0Y0        BUFG (Prop_bufg_I_O)         0.096     3.521 r  clk_IBUF_BUFG_inst/O
                         net (fo=221, routed)         1.634     5.155    U0/CLK
    SLICE_X5Y8           FDCE                                         r  U0/mode_reg[1]/C
  -------------------------------------------------------------------    -------------------
    SLICE_X5Y8           FDCE (Prop_fdce_C_Q)         0.419     5.574 r  U0/mode_reg[1]/Q
                         net (fo=46, routed)          3.371     8.945    mode_out_OBUF[1]
    E19                  OBUF (Prop_obuf_I_O)         3.705    12.650 r  mode_out_OBUF[1]_inst/O
                         net (fo=0)                   0.000    12.650    mode_out[1]
    E19                                                               r  mode_out[1] (OUT)
  -------------------------------------------------------------------    -------------------

Slack:                    inf
  Source:                 U0/mode_reg[0]/C
                            (rising edge-triggered cell FDCE clocked by sys_clk_pin  {rise@0.000ns fall@5.000ns period=10.000ns})
  Destination:            set_pos_out[0]
                            (output port)
  Path Group:             (none)
  Path Type:              Max at Slow Process Corner
  Data Path Delay:        7.200ns  (logic 4.277ns (59.400%)  route 2.923ns (40.600%))
  Logic Levels:           2  (LUT2=1 OBUF=1)
  Clock Uncertainty:      0.025ns  ((TSJ^2 + TIJ^2)^1/2 + DJ) / 2 + PE
    Total System Jitter     (TSJ):    0.050ns
    Total Input Jitter      (TIJ):    0.000ns
    Discrete Jitter          (DJ):    0.000ns
    Phase Error              (PE):    0.000ns

    Location             Delay type                Incr(ns)  Path(ns)    Netlist Resource(s)
  -------------------------------------------------------------------    -------------------
                         (clock sys_clk_pin rise edge)
                                                      0.000     0.000 r  
    W5                                                0.000     0.000 r  clk (IN)
                         net (fo=0)                   0.000     0.000    clk
    W5                   IBUF (Prop_ibuf_I_O)         1.458     1.458 r  clk_IBUF_inst/O
                         net (fo=1, routed)           1.967     3.425    clk_IBUF
    BUFGCTRL_X0Y0        BUFG (Prop_bufg_I_O)         0.096     3.521 r  clk_IBUF_BUFG_inst/O
                         net (fo=221, routed)         1.634     5.155    U0/CLK
    SLICE_X5Y8           FDCE                                         r  U0/mode_reg[0]/C
  -------------------------------------------------------------------    -------------------
    SLICE_X5Y8           FDCE (Prop_fdce_C_Q)         0.456     5.611 r  U0/mode_reg[0]/Q
                         net (fo=49, routed)          0.675     6.286    U0/mode_out_OBUF[0]
    SLICE_X4Y6           LUT2 (Prop_lut2_I0_O)        0.118     6.404 r  U0/set_pos_out_OBUF[0]_inst_i_1/O
                         net (fo=3, routed)           2.248     8.653    set_pos_out_OBUF[0]
    U19                  OBUF (Prop_obuf_I_O)         3.703    12.355 r  set_pos_out_OBUF[0]_inst/O
                         net (fo=0)                   0.000    12.355    set_pos_out[0]
    U19                                                               r  set_pos_out[0] (OUT)
  -------------------------------------------------------------------    -------------------

Slack:                    inf
  Source:                 U0/FSM_onehot_set_pos_reg[1]/C
                            (rising edge-triggered cell FDCE clocked by sys_clk_pin  {rise@0.000ns fall@5.000ns period=10.000ns})
  Destination:            set_pos_out[1]
                            (output port)
  Path Group:             (none)
  Path Type:              Max at Slow Process Corner
  Data Path Delay:        7.154ns  (logic 4.089ns (57.156%)  route 3.065ns (42.844%))
  Logic Levels:           2  (LUT2=1 OBUF=1)
  Clock Uncertainty:      0.025ns  ((TSJ^2 + TIJ^2)^1/2 + DJ) / 2 + PE
    Total System Jitter     (TSJ):    0.050ns
    Total Input Jitter      (TIJ):    0.000ns
    Discrete Jitter          (DJ):    0.000ns
    Phase Error              (PE):    0.000ns

    Location             Delay type                Incr(ns)  Path(ns)    Netlist Resource(s)
  -------------------------------------------------------------------    -------------------
                         (clock sys_clk_pin rise edge)
                                                      0.000     0.000 r  
    W5                                                0.000     0.000 r  clk (IN)
                         net (fo=0)                   0.000     0.000    clk
    W5                   IBUF (Prop_ibuf_I_O)         1.458     1.458 r  clk_IBUF_inst/O
                         net (fo=1, routed)           1.967     3.425    clk_IBUF
    BUFGCTRL_X0Y0        BUFG (Prop_bufg_I_O)         0.096     3.521 r  clk_IBUF_BUFG_inst/O
                         net (fo=221, routed)         1.635     5.156    U0/CLK
    SLICE_X4Y6           FDCE                                         r  U0/FSM_onehot_set_pos_reg[1]/C
  -------------------------------------------------------------------    -------------------
    SLICE_X4Y6           FDCE (Prop_fdce_C_Q)         0.456     5.612 r  U0/FSM_onehot_set_pos_reg[1]/Q
                         net (fo=9, routed)           0.992     6.604    U0/set_pos_reg[1]
    SLICE_X4Y7           LUT2 (Prop_lut2_I1_O)        0.124     6.728 r  U0/set_pos_out_OBUF[1]_inst_i_1/O
                         net (fo=1, routed)           2.073     8.801    set_pos_out_OBUF[1]
    V19                  OBUF (Prop_obuf_I_O)         3.509    12.310 r  set_pos_out_OBUF[1]_inst/O
                         net (fo=0)                   0.000    12.310    set_pos_out[1]
    V19                                                               r  set_pos_out[1] (OUT)
  -------------------------------------------------------------------    -------------------





Min Delay Paths
--------------------------------------------------------------------------------------
Slack:                    inf
  Source:                 U1/hour_reg[2]/C
                            (rising edge-triggered cell FDCE clocked by sys_clk_pin  {rise@0.000ns fall@5.000ns period=10.000ns})
  Destination:            U10/alarm_out_reg[2]_lopt_replica/D
  Path Group:             (none)
  Path Type:              Min at Fast Process Corner
  Data Path Delay:        0.566ns  (logic 0.226ns (39.899%)  route 0.340ns (60.101%))
  Logic Levels:           1  (LUT6=1)
  Clock Uncertainty:      0.025ns  ((TSJ^2 + TIJ^2)^1/2 + DJ) / 2 + PE
    Total System Jitter     (TSJ):    0.050ns
    Total Input Jitter      (TIJ):    0.000ns
    Discrete Jitter          (DJ):    0.000ns
    Phase Error              (PE):    0.000ns

    Location             Delay type                Incr(ns)  Path(ns)    Netlist Resource(s)
  -------------------------------------------------------------------    -------------------
                         (clock sys_clk_pin rise edge)
                                                      0.000     0.000 r  
    W5                                                0.000     0.000 r  clk (IN)
                         net (fo=0)                   0.000     0.000    clk
    W5                   IBUF (Prop_ibuf_I_O)         0.226     0.226 r  clk_IBUF_inst/O
                         net (fo=1, routed)           0.631     0.858    clk_IBUF
    BUFGCTRL_X0Y0        BUFG (Prop_bufg_I_O)         0.026     0.884 r  clk_IBUF_BUFG_inst/O
                         net (fo=221, routed)         0.594     1.477    U1/CLK
    SLICE_X0Y8           FDCE                                         r  U1/hour_reg[2]/C
  -------------------------------------------------------------------    -------------------
    SLICE_X0Y8           FDCE (Prop_fdce_C_Q)         0.128     1.605 r  U1/hour_reg[2]/Q
                         net (fo=9, routed)           0.153     1.758    U10/alarm_out_reg[2]_0[1]
    SLICE_X0Y8           LUT6 (Prop_lut6_I1_O)        0.098     1.856 r  U10/alarm_out[2]_i_1/O
                         net (fo=3, routed)           0.187     2.044    U10/alarm_out0
    SLICE_X0Y11          FDCE                                         r  U10/alarm_out_reg[2]_lopt_replica/D
  -------------------------------------------------------------------    -------------------

Slack:                    inf
  Source:                 U1/hour_reg[2]/C
                            (rising edge-triggered cell FDCE clocked by sys_clk_pin  {rise@0.000ns fall@5.000ns period=10.000ns})
  Destination:            U10/alarm_out_reg[2]/D
  Path Group:             (none)
  Path Type:              Min at Fast Process Corner
  Data Path Delay:        0.806ns  (logic 0.226ns (28.040%)  route 0.580ns (71.960%))
  Logic Levels:           1  (LUT6=1)
  Clock Uncertainty:      0.025ns  ((TSJ^2 + TIJ^2)^1/2 + DJ) / 2 + PE
    Total System Jitter     (TSJ):    0.050ns
    Total Input Jitter      (TIJ):    0.000ns
    Discrete Jitter          (DJ):    0.000ns
    Phase Error              (PE):    0.000ns

    Location             Delay type                Incr(ns)  Path(ns)    Netlist Resource(s)
  -------------------------------------------------------------------    -------------------
                         (clock sys_clk_pin rise edge)
                                                      0.000     0.000 r  
    W5                                                0.000     0.000 r  clk (IN)
                         net (fo=0)                   0.000     0.000    clk
    W5                   IBUF (Prop_ibuf_I_O)         0.226     0.226 r  clk_IBUF_inst/O
                         net (fo=1, routed)           0.631     0.858    clk_IBUF
    BUFGCTRL_X0Y0        BUFG (Prop_bufg_I_O)         0.026     0.884 r  clk_IBUF_BUFG_inst/O
                         net (fo=221, routed)         0.594     1.477    U1/CLK
    SLICE_X0Y8           FDCE                                         r  U1/hour_reg[2]/C
  -------------------------------------------------------------------    -------------------
    SLICE_X0Y8           FDCE (Prop_fdce_C_Q)         0.128     1.605 r  U1/hour_reg[2]/Q
                         net (fo=9, routed)           0.153     1.758    U10/alarm_out_reg[2]_0[1]
    SLICE_X0Y8           LUT6 (Prop_lut6_I1_O)        0.098     1.856 r  U10/alarm_out[2]_i_1/O
                         net (fo=3, routed)           0.427     2.283    U10/alarm_out0
    SLICE_X9Y13          FDCE                                         r  U10/alarm_out_reg[2]/D
  -------------------------------------------------------------------    -------------------

Slack:                    inf
  Source:                 U1/hour_reg[2]/C
                            (rising edge-triggered cell FDCE clocked by sys_clk_pin  {rise@0.000ns fall@5.000ns period=10.000ns})
  Destination:            U10/alarm_out_reg[2]_lopt_replica_2/D
  Path Group:             (none)
  Path Type:              Min at Fast Process Corner
  Data Path Delay:        0.866ns  (logic 0.226ns (26.089%)  route 0.640ns (73.911%))
  Logic Levels:           1  (LUT6=1)
  Clock Uncertainty:      0.025ns  ((TSJ^2 + TIJ^2)^1/2 + DJ) / 2 + PE
    Total System Jitter     (TSJ):    0.050ns
    Total Input Jitter      (TIJ):    0.000ns
    Discrete Jitter          (DJ):    0.000ns
    Phase Error              (PE):    0.000ns

    Location             Delay type                Incr(ns)  Path(ns)    Netlist Resource(s)
  -------------------------------------------------------------------    -------------------
                         (clock sys_clk_pin rise edge)
                                                      0.000     0.000 r  
    W5                                                0.000     0.000 r  clk (IN)
                         net (fo=0)                   0.000     0.000    clk
    W5                   IBUF (Prop_ibuf_I_O)         0.226     0.226 r  clk_IBUF_inst/O
                         net (fo=1, routed)           0.631     0.858    clk_IBUF
    BUFGCTRL_X0Y0        BUFG (Prop_bufg_I_O)         0.026     0.884 r  clk_IBUF_BUFG_inst/O
                         net (fo=221, routed)         0.594     1.477    U1/CLK
    SLICE_X0Y8           FDCE                                         r  U1/hour_reg[2]/C
  -------------------------------------------------------------------    -------------------
    SLICE_X0Y8           FDCE (Prop_fdce_C_Q)         0.128     1.605 r  U1/hour_reg[2]/Q
                         net (fo=9, routed)           0.153     1.758    U10/alarm_out_reg[2]_0[1]
    SLICE_X0Y8           LUT6 (Prop_lut6_I1_O)        0.098     1.856 r  U10/alarm_out[2]_i_1/O
                         net (fo=3, routed)           0.487     2.343    U10/alarm_out0
    SLICE_X9Y13          FDCE                                         r  U10/alarm_out_reg[2]_lopt_replica_2/D
  -------------------------------------------------------------------    -------------------

Slack:                    inf
  Source:                 U10/alarm_on_reg[2]/C
                            (rising edge-triggered cell FDCE clocked by sys_clk_pin  {rise@0.000ns fall@5.000ns period=10.000ns})
  Destination:            alarm_on[0]
                            (output port)
  Path Group:             (none)
  Path Type:              Min at Fast Process Corner
  Data Path Delay:        1.680ns  (logic 1.357ns (80.756%)  route 0.323ns (19.244%))
  Logic Levels:           1  (OBUF=1)
  Clock Uncertainty:      0.025ns  ((TSJ^2 + TIJ^2)^1/2 + DJ) / 2 + PE
    Total System Jitter     (TSJ):    0.050ns
    Total Input Jitter      (TIJ):    0.000ns
    Discrete Jitter          (DJ):    0.000ns
    Phase Error              (PE):    0.000ns

    Location             Delay type                Incr(ns)  Path(ns)    Netlist Resource(s)
  -------------------------------------------------------------------    -------------------
                         (clock sys_clk_pin rise edge)
                                                      0.000     0.000 r  
    W5                                                0.000     0.000 r  clk (IN)
                         net (fo=0)                   0.000     0.000    clk
    W5                   IBUF (Prop_ibuf_I_O)         0.226     0.226 r  clk_IBUF_inst/O
                         net (fo=1, routed)           0.631     0.858    clk_IBUF
    BUFGCTRL_X0Y0        BUFG (Prop_bufg_I_O)         0.026     0.884 r  clk_IBUF_BUFG_inst/O
                         net (fo=221, routed)         0.595     1.478    U10/CLK
    SLICE_X0Y4           FDCE                                         r  U10/alarm_on_reg[2]/C
  -------------------------------------------------------------------    -------------------
    SLICE_X0Y4           FDCE (Prop_fdce_C_Q)         0.141     1.619 r  U10/alarm_on_reg[2]/Q
                         net (fo=5, routed)           0.323     1.942    alarm_on_OBUF[0]
    U15                  OBUF (Prop_obuf_I_O)         1.216     3.158 r  alarm_on_OBUF[0]_inst/O
                         net (fo=0)                   0.000     3.158    alarm_on[0]
    U15                                                               r  alarm_on[0] (OUT)
  -------------------------------------------------------------------    -------------------

Slack:                    inf
  Source:                 U10/alarm_on_reg[2]/C
                            (rising edge-triggered cell FDCE clocked by sys_clk_pin  {rise@0.000ns fall@5.000ns period=10.000ns})
  Destination:            alarm_on[2]
                            (output port)
  Path Group:             (none)
  Path Type:              Min at Fast Process Corner
  Data Path Delay:        1.791ns  (logic 1.343ns (74.964%)  route 0.448ns (25.036%))
  Logic Levels:           1  (OBUF=1)
  Clock Uncertainty:      0.025ns  ((TSJ^2 + TIJ^2)^1/2 + DJ) / 2 + PE
    Total System Jitter     (TSJ):    0.050ns
    Total Input Jitter      (TIJ):    0.000ns
    Discrete Jitter          (DJ):    0.000ns
    Phase Error              (PE):    0.000ns

    Location             Delay type                Incr(ns)  Path(ns)    Netlist Resource(s)
  -------------------------------------------------------------------    -------------------
                         (clock sys_clk_pin rise edge)
                                                      0.000     0.000 r  
    W5                                                0.000     0.000 r  clk (IN)
                         net (fo=0)                   0.000     0.000    clk
    W5                   IBUF (Prop_ibuf_I_O)         0.226     0.226 r  clk_IBUF_inst/O
                         net (fo=1, routed)           0.631     0.858    clk_IBUF
    BUFGCTRL_X0Y0        BUFG (Prop_bufg_I_O)         0.026     0.884 r  clk_IBUF_BUFG_inst/O
                         net (fo=221, routed)         0.595     1.478    U10/CLK
    SLICE_X0Y4           FDCE                                         r  U10/alarm_on_reg[2]/C
  -------------------------------------------------------------------    -------------------
    SLICE_X0Y4           FDCE (Prop_fdce_C_Q)         0.141     1.619 r  U10/alarm_on_reg[2]/Q
                         net (fo=5, routed)           0.448     2.068    alarm_on_OBUF[0]
    V14                  OBUF (Prop_obuf_I_O)         1.202     3.269 r  alarm_on_OBUF[2]_inst/O
                         net (fo=0)                   0.000     3.269    alarm_on[2]
    V14                                                               r  alarm_on[2] (OUT)
  -------------------------------------------------------------------    -------------------

Slack:                    inf
  Source:                 U10/alarm_on_reg[2]/C
                            (rising edge-triggered cell FDCE clocked by sys_clk_pin  {rise@0.000ns fall@5.000ns period=10.000ns})
  Destination:            alarm_on[1]
                            (output port)
  Path Group:             (none)
  Path Type:              Min at Fast Process Corner
  Data Path Delay:        1.850ns  (logic 1.348ns (72.888%)  route 0.502ns (27.112%))
  Logic Levels:           1  (OBUF=1)
  Clock Uncertainty:      0.025ns  ((TSJ^2 + TIJ^2)^1/2 + DJ) / 2 + PE
    Total System Jitter     (TSJ):    0.050ns
    Total Input Jitter      (TIJ):    0.000ns
    Discrete Jitter          (DJ):    0.000ns
    Phase Error              (PE):    0.000ns

    Location             Delay type                Incr(ns)  Path(ns)    Netlist Resource(s)
  -------------------------------------------------------------------    -------------------
                         (clock sys_clk_pin rise edge)
                                                      0.000     0.000 r  
    W5                                                0.000     0.000 r  clk (IN)
                         net (fo=0)                   0.000     0.000    clk
    W5                   IBUF (Prop_ibuf_I_O)         0.226     0.226 r  clk_IBUF_inst/O
                         net (fo=1, routed)           0.631     0.858    clk_IBUF
    BUFGCTRL_X0Y0        BUFG (Prop_bufg_I_O)         0.026     0.884 r  clk_IBUF_BUFG_inst/O
                         net (fo=221, routed)         0.595     1.478    U10/CLK
    SLICE_X0Y4           FDCE                                         r  U10/alarm_on_reg[2]/C
  -------------------------------------------------------------------    -------------------
    SLICE_X0Y4           FDCE (Prop_fdce_C_Q)         0.141     1.619 r  U10/alarm_on_reg[2]/Q
                         net (fo=5, routed)           0.502     2.121    alarm_on_OBUF[0]
    U14                  OBUF (Prop_obuf_I_O)         1.207     3.328 r  alarm_on_OBUF[1]_inst/O
                         net (fo=0)                   0.000     3.328    alarm_on[1]
    U14                                                               r  alarm_on[1] (OUT)
  -------------------------------------------------------------------    -------------------

Slack:                    inf
  Source:                 U0/mode_reg[0]/C
                            (rising edge-triggered cell FDCE clocked by sys_clk_pin  {rise@0.000ns fall@5.000ns period=10.000ns})
  Destination:            mode_out[0]
                            (output port)
  Path Group:             (none)
  Path Type:              Min at Fast Process Corner
  Data Path Delay:        2.123ns  (logic 1.347ns (63.433%)  route 0.776ns (36.567%))
  Logic Levels:           1  (OBUF=1)
  Clock Uncertainty:      0.025ns  ((TSJ^2 + TIJ^2)^1/2 + DJ) / 2 + PE
    Total System Jitter     (TSJ):    0.050ns
    Total Input Jitter      (TIJ):    0.000ns
    Discrete Jitter          (DJ):    0.000ns
    Phase Error              (PE):    0.000ns

    Location             Delay type                Incr(ns)  Path(ns)    Netlist Resource(s)
  -------------------------------------------------------------------    -------------------
                         (clock sys_clk_pin rise edge)
                                                      0.000     0.000 r  
    W5                                                0.000     0.000 r  clk (IN)
                         net (fo=0)                   0.000     0.000    clk
    W5                   IBUF (Prop_ibuf_I_O)         0.226     0.226 r  clk_IBUF_inst/O
                         net (fo=1, routed)           0.631     0.858    clk_IBUF
    BUFGCTRL_X0Y0        BUFG (Prop_bufg_I_O)         0.026     0.884 r  clk_IBUF_BUFG_inst/O
                         net (fo=221, routed)         0.592     1.475    U0/CLK
    SLICE_X5Y8           FDCE                                         r  U0/mode_reg[0]/C
  -------------------------------------------------------------------    -------------------
    SLICE_X5Y8           FDCE (Prop_fdce_C_Q)         0.141     1.616 r  U0/mode_reg[0]/Q
                         net (fo=49, routed)          0.776     2.393    mode_out_OBUF[0]
    U16                  OBUF (Prop_obuf_I_O)         1.206     3.598 r  mode_out_OBUF[0]_inst/O
                         net (fo=0)                   0.000     3.598    mode_out[0]
    U16                                                               r  mode_out[0] (OUT)
  -------------------------------------------------------------------    -------------------

Slack:                    inf
  Source:                 U0/mode_reg[0]/C
                            (rising edge-triggered cell FDCE clocked by sys_clk_pin  {rise@0.000ns fall@5.000ns period=10.000ns})
  Destination:            set_pos_out[2]
                            (output port)
  Path Group:             (none)
  Path Type:              Min at Fast Process Corner
  Data Path Delay:        2.166ns  (logic 1.396ns (64.438%)  route 0.770ns (35.562%))
  Logic Levels:           2  (LUT2=1 OBUF=1)
  Clock Uncertainty:      0.025ns  ((TSJ^2 + TIJ^2)^1/2 + DJ) / 2 + PE
    Total System Jitter     (TSJ):    0.050ns
    Total Input Jitter      (TIJ):    0.000ns
    Discrete Jitter          (DJ):    0.000ns
    Phase Error              (PE):    0.000ns

    Location             Delay type                Incr(ns)  Path(ns)    Netlist Resource(s)
  -------------------------------------------------------------------    -------------------
                         (clock sys_clk_pin rise edge)
                                                      0.000     0.000 r  
    W5                                                0.000     0.000 r  clk (IN)
                         net (fo=0)                   0.000     0.000    clk
    W5                   IBUF (Prop_ibuf_I_O)         0.226     0.226 r  clk_IBUF_inst/O
                         net (fo=1, routed)           0.631     0.858    clk_IBUF
    BUFGCTRL_X0Y0        BUFG (Prop_bufg_I_O)         0.026     0.884 r  clk_IBUF_BUFG_inst/O
                         net (fo=221, routed)         0.592     1.475    U0/CLK
    SLICE_X5Y8           FDCE                                         r  U0/mode_reg[0]/C
  -------------------------------------------------------------------    -------------------
    SLICE_X5Y8           FDCE (Prop_fdce_C_Q)         0.141     1.616 r  U0/mode_reg[0]/Q
                         net (fo=49, routed)          0.280     1.896    U0/mode_out_OBUF[0]
    SLICE_X4Y7           LUT2 (Prop_lut2_I0_O)        0.045     1.941 r  U0/set_pos_out_OBUF[2]_inst_i_1/O
                         net (fo=1, routed)           0.490     2.431    set_pos_out_OBUF[2]
    W18                  OBUF (Prop_obuf_I_O)         1.210     3.641 r  set_pos_out_OBUF[2]_inst/O
                         net (fo=0)                   0.000     3.641    set_pos_out[2]
    W18                                                               r  set_pos_out[2] (OUT)
  -------------------------------------------------------------------    -------------------

Slack:                    inf
  Source:                 U0/mode_reg[0]/C
                            (rising edge-triggered cell FDCE clocked by sys_clk_pin  {rise@0.000ns fall@5.000ns period=10.000ns})
  Destination:            set_pos_out[1]
                            (output port)
  Path Group:             (none)
  Path Type:              Min at Fast Process Corner
  Data Path Delay:        2.179ns  (logic 1.396ns (64.059%)  route 0.783ns (35.941%))
  Logic Levels:           2  (LUT2=1 OBUF=1)
  Clock Uncertainty:      0.025ns  ((TSJ^2 + TIJ^2)^1/2 + DJ) / 2 + PE
    Total System Jitter     (TSJ):    0.050ns
    Total Input Jitter      (TIJ):    0.000ns
    Discrete Jitter          (DJ):    0.000ns
    Phase Error              (PE):    0.000ns

    Location             Delay type                Incr(ns)  Path(ns)    Netlist Resource(s)
  -------------------------------------------------------------------    -------------------
                         (clock sys_clk_pin rise edge)
                                                      0.000     0.000 r  
    W5                                                0.000     0.000 r  clk (IN)
                         net (fo=0)                   0.000     0.000    clk
    W5                   IBUF (Prop_ibuf_I_O)         0.226     0.226 r  clk_IBUF_inst/O
                         net (fo=1, routed)           0.631     0.858    clk_IBUF
    BUFGCTRL_X0Y0        BUFG (Prop_bufg_I_O)         0.026     0.884 r  clk_IBUF_BUFG_inst/O
                         net (fo=221, routed)         0.592     1.475    U0/CLK
    SLICE_X5Y8           FDCE                                         r  U0/mode_reg[0]/C
  -------------------------------------------------------------------    -------------------
    SLICE_X5Y8           FDCE (Prop_fdce_C_Q)         0.141     1.616 r  U0/mode_reg[0]/Q
                         net (fo=49, routed)          0.274     1.890    U0/mode_out_OBUF[0]
    SLICE_X4Y7           LUT2 (Prop_lut2_I0_O)        0.045     1.935 r  U0/set_pos_out_OBUF[1]_inst_i_1/O
                         net (fo=1, routed)           0.509     2.444    set_pos_out_OBUF[1]
    V19                  OBUF (Prop_obuf_I_O)         1.210     3.655 r  set_pos_out_OBUF[1]_inst/O
                         net (fo=0)                   0.000     3.655    set_pos_out[1]
    V19                                                               r  set_pos_out[1] (OUT)
  -------------------------------------------------------------------    -------------------

Slack:                    inf
  Source:                 U0/FSM_onehot_set_pos_reg[0]/C
                            (rising edge-triggered cell FDCE clocked by sys_clk_pin  {rise@0.000ns fall@5.000ns period=10.000ns})
  Destination:            set_pos_out[0]
                            (output port)
  Path Group:             (none)
  Path Type:              Min at Fast Process Corner
  Data Path Delay:        2.271ns  (logic 1.451ns (63.907%)  route 0.820ns (36.093%))
  Logic Levels:           2  (LUT2=1 OBUF=1)
  Clock Uncertainty:      0.025ns  ((TSJ^2 + TIJ^2)^1/2 + DJ) / 2 + PE
    Total System Jitter     (TSJ):    0.050ns
    Total Input Jitter      (TIJ):    0.000ns
    Discrete Jitter          (DJ):    0.000ns
    Phase Error              (PE):    0.000ns

    Location             Delay type                Incr(ns)  Path(ns)    Netlist Resource(s)
  -------------------------------------------------------------------    -------------------
                         (clock sys_clk_pin rise edge)
                                                      0.000     0.000 r  
    W5                                                0.000     0.000 r  clk (IN)
                         net (fo=0)                   0.000     0.000    clk
    W5                   IBUF (Prop_ibuf_I_O)         0.226     0.226 r  clk_IBUF_inst/O
                         net (fo=1, routed)           0.631     0.858    clk_IBUF
    BUFGCTRL_X0Y0        BUFG (Prop_bufg_I_O)         0.026     0.884 r  clk_IBUF_BUFG_inst/O
                         net (fo=221, routed)         0.592     1.475    U0/CLK
    SLICE_X4Y7           FDCE                                         r  U0/FSM_onehot_set_pos_reg[0]/C
  -------------------------------------------------------------------    -------------------
    SLICE_X4Y7           FDCE (Prop_fdce_C_Q)         0.141     1.616 r  U0/FSM_onehot_set_pos_reg[0]/Q
                         net (fo=6, routed)           0.238     1.854    U0/set_pos_reg[0]
    SLICE_X4Y6           LUT2 (Prop_lut2_I1_O)        0.046     1.900 r  U0/set_pos_out_OBUF[0]_inst_i_1/O
                         net (fo=3, routed)           0.581     2.482    set_pos_out_OBUF[0]
    U19                  OBUF (Prop_obuf_I_O)         1.264     3.746 r  set_pos_out_OBUF[0]_inst/O
                         net (fo=0)                   0.000     3.746    set_pos_out[0]
    U19                                                               r  set_pos_out[0] (OUT)
  -------------------------------------------------------------------    -------------------





--------------------------------------------------------------------------------------
Path Group:  (none)
From Clock:  
  To Clock:  sys_clk_pin

Max Delay           275 Endpoints
Min Delay           275 Endpoints
--------------------------------------------------------------------------------------


Max Delay Paths
--------------------------------------------------------------------------------------
Slack:                    inf
  Source:                 reset
                            (input port)
  Destination:            U3/clk_out_reg/CLR
                            (recovery check against rising-edge clock sys_clk_pin  {rise@0.000ns fall@5.000ns period=10.000ns})
  Path Group:             (none)
  Path Type:              Recovery (Max at Slow Process Corner)
  Data Path Delay:        7.178ns  (logic 1.456ns (20.288%)  route 5.721ns (79.712%))
  Logic Levels:           1  (IBUF=1)
  Clock Path Skew:        4.856ns (DCD - SCD + CPR)
    Destination Clock Delay (DCD):    4.856ns
    Source Clock Delay      (SCD):    0.000ns
    Clock Pessimism Removal (CPR):    0.000ns
  Clock Uncertainty:      0.025ns  ((TSJ^2 + TIJ^2)^1/2 + DJ) / 2 + PE
    Total System Jitter     (TSJ):    0.050ns
    Total Input Jitter      (TIJ):    0.000ns
    Discrete Jitter          (DJ):    0.000ns
    Phase Error              (PE):    0.000ns

    Location             Delay type                Incr(ns)  Path(ns)    Netlist Resource(s)
  -------------------------------------------------------------------    -------------------
    R2                                                0.000     0.000 f  reset (IN)
                         net (fo=0)                   0.000     0.000    reset
    R2                   IBUF (Prop_ibuf_I_O)         1.456     1.456 f  reset_IBUF_inst/O
                         net (fo=220, routed)         5.721     7.178    U3/AR[0]
    SLICE_X3Y12          FDCE                                         f  U3/clk_out_reg/CLR
  -------------------------------------------------------------------    -------------------

                         (clock sys_clk_pin rise edge)
                                                      0.000     0.000 r  
    W5                                                0.000     0.000 r  clk (IN)
                         net (fo=0)                   0.000     0.000    clk
    W5                   IBUF (Prop_ibuf_I_O)         1.388     1.388 r  clk_IBUF_inst/O
                         net (fo=1, routed)           1.862     3.250    clk_IBUF
    BUFGCTRL_X0Y0        BUFG (Prop_bufg_I_O)         0.091     3.341 r  clk_IBUF_BUFG_inst/O
                         net (fo=221, routed)         1.515     4.856    U3/clk_out_reg_0
    SLICE_X3Y12          FDCE                                         r  U3/clk_out_reg/C

Slack:                    inf
  Source:                 reset
                            (input port)
  Destination:            U3/cnt_reg[1]/CLR
                            (recovery check against rising-edge clock sys_clk_pin  {rise@0.000ns fall@5.000ns period=10.000ns})
  Path Group:             (none)
  Path Type:              Recovery (Max at Slow Process Corner)
  Data Path Delay:        7.178ns  (logic 1.456ns (20.288%)  route 5.721ns (79.712%))
  Logic Levels:           1  (IBUF=1)
  Clock Path Skew:        4.856ns (DCD - SCD + CPR)
    Destination Clock Delay (DCD):    4.856ns
    Source Clock Delay      (SCD):    0.000ns
    Clock Pessimism Removal (CPR):    0.000ns
  Clock Uncertainty:      0.025ns  ((TSJ^2 + TIJ^2)^1/2 + DJ) / 2 + PE
    Total System Jitter     (TSJ):    0.050ns
    Total Input Jitter      (TIJ):    0.000ns
    Discrete Jitter          (DJ):    0.000ns
    Phase Error              (PE):    0.000ns

    Location             Delay type                Incr(ns)  Path(ns)    Netlist Resource(s)
  -------------------------------------------------------------------    -------------------
    R2                                                0.000     0.000 f  reset (IN)
                         net (fo=0)                   0.000     0.000    reset
    R2                   IBUF (Prop_ibuf_I_O)         1.456     1.456 f  reset_IBUF_inst/O
                         net (fo=220, routed)         5.721     7.178    U3/AR[0]
    SLICE_X3Y12          FDCE                                         f  U3/cnt_reg[1]/CLR
  -------------------------------------------------------------------    -------------------

                         (clock sys_clk_pin rise edge)
                                                      0.000     0.000 r  
    W5                                                0.000     0.000 r  clk (IN)
                         net (fo=0)                   0.000     0.000    clk
    W5                   IBUF (Prop_ibuf_I_O)         1.388     1.388 r  clk_IBUF_inst/O
                         net (fo=1, routed)           1.862     3.250    clk_IBUF
    BUFGCTRL_X0Y0        BUFG (Prop_bufg_I_O)         0.091     3.341 r  clk_IBUF_BUFG_inst/O
                         net (fo=221, routed)         1.515     4.856    U3/clk_out_reg_0
    SLICE_X3Y12          FDCE                                         r  U3/cnt_reg[1]/C

Slack:                    inf
  Source:                 reset
                            (input port)
  Destination:            U3/cnt_reg[2]/CLR
                            (recovery check against rising-edge clock sys_clk_pin  {rise@0.000ns fall@5.000ns period=10.000ns})
  Path Group:             (none)
  Path Type:              Recovery (Max at Slow Process Corner)
  Data Path Delay:        7.178ns  (logic 1.456ns (20.288%)  route 5.721ns (79.712%))
  Logic Levels:           1  (IBUF=1)
  Clock Path Skew:        4.856ns (DCD - SCD + CPR)
    Destination Clock Delay (DCD):    4.856ns
    Source Clock Delay      (SCD):    0.000ns
    Clock Pessimism Removal (CPR):    0.000ns
  Clock Uncertainty:      0.025ns  ((TSJ^2 + TIJ^2)^1/2 + DJ) / 2 + PE
    Total System Jitter     (TSJ):    0.050ns
    Total Input Jitter      (TIJ):    0.000ns
    Discrete Jitter          (DJ):    0.000ns
    Phase Error              (PE):    0.000ns

    Location             Delay type                Incr(ns)  Path(ns)    Netlist Resource(s)
  -------------------------------------------------------------------    -------------------
    R2                                                0.000     0.000 f  reset (IN)
                         net (fo=0)                   0.000     0.000    reset
    R2                   IBUF (Prop_ibuf_I_O)         1.456     1.456 f  reset_IBUF_inst/O
                         net (fo=220, routed)         5.721     7.178    U3/AR[0]
    SLICE_X3Y12          FDCE                                         f  U3/cnt_reg[2]/CLR
  -------------------------------------------------------------------    -------------------

                         (clock sys_clk_pin rise edge)
                                                      0.000     0.000 r  
    W5                                                0.000     0.000 r  clk (IN)
                         net (fo=0)                   0.000     0.000    clk
    W5                   IBUF (Prop_ibuf_I_O)         1.388     1.388 r  clk_IBUF_inst/O
                         net (fo=1, routed)           1.862     3.250    clk_IBUF
    BUFGCTRL_X0Y0        BUFG (Prop_bufg_I_O)         0.091     3.341 r  clk_IBUF_BUFG_inst/O
                         net (fo=221, routed)         1.515     4.856    U3/clk_out_reg_0
    SLICE_X3Y12          FDCE                                         r  U3/cnt_reg[2]/C

Slack:                    inf
  Source:                 reset
                            (input port)
  Destination:            U3/cnt_reg[3]/CLR
                            (recovery check against rising-edge clock sys_clk_pin  {rise@0.000ns fall@5.000ns period=10.000ns})
  Path Group:             (none)
  Path Type:              Recovery (Max at Slow Process Corner)
  Data Path Delay:        7.178ns  (logic 1.456ns (20.288%)  route 5.721ns (79.712%))
  Logic Levels:           1  (IBUF=1)
  Clock Path Skew:        4.856ns (DCD - SCD + CPR)
    Destination Clock Delay (DCD):    4.856ns
    Source Clock Delay      (SCD):    0.000ns
    Clock Pessimism Removal (CPR):    0.000ns
  Clock Uncertainty:      0.025ns  ((TSJ^2 + TIJ^2)^1/2 + DJ) / 2 + PE
    Total System Jitter     (TSJ):    0.050ns
    Total Input Jitter      (TIJ):    0.000ns
    Discrete Jitter          (DJ):    0.000ns
    Phase Error              (PE):    0.000ns

    Location             Delay type                Incr(ns)  Path(ns)    Netlist Resource(s)
  -------------------------------------------------------------------    -------------------
    R2                                                0.000     0.000 f  reset (IN)
                         net (fo=0)                   0.000     0.000    reset
    R2                   IBUF (Prop_ibuf_I_O)         1.456     1.456 f  reset_IBUF_inst/O
                         net (fo=220, routed)         5.721     7.178    U3/AR[0]
    SLICE_X3Y12          FDCE                                         f  U3/cnt_reg[3]/CLR
  -------------------------------------------------------------------    -------------------

                         (clock sys_clk_pin rise edge)
                                                      0.000     0.000 r  
    W5                                                0.000     0.000 r  clk (IN)
                         net (fo=0)                   0.000     0.000    clk
    W5                   IBUF (Prop_ibuf_I_O)         1.388     1.388 r  clk_IBUF_inst/O
                         net (fo=1, routed)           1.862     3.250    clk_IBUF
    BUFGCTRL_X0Y0        BUFG (Prop_bufg_I_O)         0.091     3.341 r  clk_IBUF_BUFG_inst/O
                         net (fo=221, routed)         1.515     4.856    U3/clk_out_reg_0
    SLICE_X3Y12          FDCE                                         r  U3/cnt_reg[3]/C

Slack:                    inf
  Source:                 reset
                            (input port)
  Destination:            U3/cnt_reg[4]/CLR
                            (recovery check against rising-edge clock sys_clk_pin  {rise@0.000ns fall@5.000ns period=10.000ns})
  Path Group:             (none)
  Path Type:              Recovery (Max at Slow Process Corner)
  Data Path Delay:        7.178ns  (logic 1.456ns (20.288%)  route 5.721ns (79.712%))
  Logic Levels:           1  (IBUF=1)
  Clock Path Skew:        4.856ns (DCD - SCD + CPR)
    Destination Clock Delay (DCD):    4.856ns
    Source Clock Delay      (SCD):    0.000ns
    Clock Pessimism Removal (CPR):    0.000ns
  Clock Uncertainty:      0.025ns  ((TSJ^2 + TIJ^2)^1/2 + DJ) / 2 + PE
    Total System Jitter     (TSJ):    0.050ns
    Total Input Jitter      (TIJ):    0.000ns
    Discrete Jitter          (DJ):    0.000ns
    Phase Error              (PE):    0.000ns

    Location             Delay type                Incr(ns)  Path(ns)    Netlist Resource(s)
  -------------------------------------------------------------------    -------------------
    R2                                                0.000     0.000 f  reset (IN)
                         net (fo=0)                   0.000     0.000    reset
    R2                   IBUF (Prop_ibuf_I_O)         1.456     1.456 f  reset_IBUF_inst/O
                         net (fo=220, routed)         5.721     7.178    U3/AR[0]
    SLICE_X3Y12          FDCE                                         f  U3/cnt_reg[4]/CLR
  -------------------------------------------------------------------    -------------------

                         (clock sys_clk_pin rise edge)
                                                      0.000     0.000 r  
    W5                                                0.000     0.000 r  clk (IN)
                         net (fo=0)                   0.000     0.000    clk
    W5                   IBUF (Prop_ibuf_I_O)         1.388     1.388 r  clk_IBUF_inst/O
                         net (fo=1, routed)           1.862     3.250    clk_IBUF
    BUFGCTRL_X0Y0        BUFG (Prop_bufg_I_O)         0.091     3.341 r  clk_IBUF_BUFG_inst/O
                         net (fo=221, routed)         1.515     4.856    U3/clk_out_reg_0
    SLICE_X3Y12          FDCE                                         r  U3/cnt_reg[4]/C

Slack:                    inf
  Source:                 reset
                            (input port)
  Destination:            U3/cnt_reg[5]/CLR
                            (recovery check against rising-edge clock sys_clk_pin  {rise@0.000ns fall@5.000ns period=10.000ns})
  Path Group:             (none)
  Path Type:              Recovery (Max at Slow Process Corner)
  Data Path Delay:        7.178ns  (logic 1.456ns (20.288%)  route 5.721ns (79.712%))
  Logic Levels:           1  (IBUF=1)
  Clock Path Skew:        4.856ns (DCD - SCD + CPR)
    Destination Clock Delay (DCD):    4.856ns
    Source Clock Delay      (SCD):    0.000ns
    Clock Pessimism Removal (CPR):    0.000ns
  Clock Uncertainty:      0.025ns  ((TSJ^2 + TIJ^2)^1/2 + DJ) / 2 + PE
    Total System Jitter     (TSJ):    0.050ns
    Total Input Jitter      (TIJ):    0.000ns
    Discrete Jitter          (DJ):    0.000ns
    Phase Error              (PE):    0.000ns

    Location             Delay type                Incr(ns)  Path(ns)    Netlist Resource(s)
  -------------------------------------------------------------------    -------------------
    R2                                                0.000     0.000 f  reset (IN)
                         net (fo=0)                   0.000     0.000    reset
    R2                   IBUF (Prop_ibuf_I_O)         1.456     1.456 f  reset_IBUF_inst/O
                         net (fo=220, routed)         5.721     7.178    U3/AR[0]
    SLICE_X3Y12          FDCE                                         f  U3/cnt_reg[5]/CLR
  -------------------------------------------------------------------    -------------------

                         (clock sys_clk_pin rise edge)
                                                      0.000     0.000 r  
    W5                                                0.000     0.000 r  clk (IN)
                         net (fo=0)                   0.000     0.000    clk
    W5                   IBUF (Prop_ibuf_I_O)         1.388     1.388 r  clk_IBUF_inst/O
                         net (fo=1, routed)           1.862     3.250    clk_IBUF
    BUFGCTRL_X0Y0        BUFG (Prop_bufg_I_O)         0.091     3.341 r  clk_IBUF_BUFG_inst/O
                         net (fo=221, routed)         1.515     4.856    U3/clk_out_reg_0
    SLICE_X3Y12          FDCE                                         r  U3/cnt_reg[5]/C

Slack:                    inf
  Source:                 reset
                            (input port)
  Destination:            U0/cnt1_reg[14]/CLR
                            (recovery check against rising-edge clock sys_clk_pin  {rise@0.000ns fall@5.000ns period=10.000ns})
  Path Group:             (none)
  Path Type:              Recovery (Max at Slow Process Corner)
  Data Path Delay:        7.152ns  (logic 1.456ns (20.362%)  route 5.695ns (79.638%))
  Logic Levels:           1  (IBUF=1)
  Clock Path Skew:        4.858ns (DCD - SCD + CPR)
    Destination Clock Delay (DCD):    4.858ns
    Source Clock Delay      (SCD):    0.000ns
    Clock Pessimism Removal (CPR):    0.000ns
  Clock Uncertainty:      0.025ns  ((TSJ^2 + TIJ^2)^1/2 + DJ) / 2 + PE
    Total System Jitter     (TSJ):    0.050ns
    Total Input Jitter      (TIJ):    0.000ns
    Discrete Jitter          (DJ):    0.000ns
    Phase Error              (PE):    0.000ns

    Location             Delay type                Incr(ns)  Path(ns)    Netlist Resource(s)
  -------------------------------------------------------------------    -------------------
    R2                                                0.000     0.000 f  reset (IN)
                         net (fo=0)                   0.000     0.000    reset
    R2                   IBUF (Prop_ibuf_I_O)         1.456     1.456 f  reset_IBUF_inst/O
                         net (fo=220, routed)         5.695     7.152    U0/AR[0]
    SLICE_X4Y3           FDCE                                         f  U0/cnt1_reg[14]/CLR
  -------------------------------------------------------------------    -------------------

                         (clock sys_clk_pin rise edge)
                                                      0.000     0.000 r  
    W5                                                0.000     0.000 r  clk (IN)
                         net (fo=0)                   0.000     0.000    clk
    W5                   IBUF (Prop_ibuf_I_O)         1.388     1.388 r  clk_IBUF_inst/O
                         net (fo=1, routed)           1.862     3.250    clk_IBUF
    BUFGCTRL_X0Y0        BUFG (Prop_bufg_I_O)         0.091     3.341 r  clk_IBUF_BUFG_inst/O
                         net (fo=221, routed)         1.517     4.858    U0/CLK
    SLICE_X4Y3           FDCE                                         r  U0/cnt1_reg[14]/C

Slack:                    inf
  Source:                 reset
                            (input port)
  Destination:            U0/cnt1_reg[15]/CLR
                            (recovery check against rising-edge clock sys_clk_pin  {rise@0.000ns fall@5.000ns period=10.000ns})
  Path Group:             (none)
  Path Type:              Recovery (Max at Slow Process Corner)
  Data Path Delay:        7.152ns  (logic 1.456ns (20.362%)  route 5.695ns (79.638%))
  Logic Levels:           1  (IBUF=1)
  Clock Path Skew:        4.858ns (DCD - SCD + CPR)
    Destination Clock Delay (DCD):    4.858ns
    Source Clock Delay      (SCD):    0.000ns
    Clock Pessimism Removal (CPR):    0.000ns
  Clock Uncertainty:      0.025ns  ((TSJ^2 + TIJ^2)^1/2 + DJ) / 2 + PE
    Total System Jitter     (TSJ):    0.050ns
    Total Input Jitter      (TIJ):    0.000ns
    Discrete Jitter          (DJ):    0.000ns
    Phase Error              (PE):    0.000ns

    Location             Delay type                Incr(ns)  Path(ns)    Netlist Resource(s)
  -------------------------------------------------------------------    -------------------
    R2                                                0.000     0.000 f  reset (IN)
                         net (fo=0)                   0.000     0.000    reset
    R2                   IBUF (Prop_ibuf_I_O)         1.456     1.456 f  reset_IBUF_inst/O
                         net (fo=220, routed)         5.695     7.152    U0/AR[0]
    SLICE_X4Y3           FDCE                                         f  U0/cnt1_reg[15]/CLR
  -------------------------------------------------------------------    -------------------

                         (clock sys_clk_pin rise edge)
                                                      0.000     0.000 r  
    W5                                                0.000     0.000 r  clk (IN)
                         net (fo=0)                   0.000     0.000    clk
    W5                   IBUF (Prop_ibuf_I_O)         1.388     1.388 r  clk_IBUF_inst/O
                         net (fo=1, routed)           1.862     3.250    clk_IBUF
    BUFGCTRL_X0Y0        BUFG (Prop_bufg_I_O)         0.091     3.341 r  clk_IBUF_BUFG_inst/O
                         net (fo=221, routed)         1.517     4.858    U0/CLK
    SLICE_X4Y3           FDCE                                         r  U0/cnt1_reg[15]/C

Slack:                    inf
  Source:                 reset
                            (input port)
  Destination:            U0/cnt1_reg[16]/CLR
                            (recovery check against rising-edge clock sys_clk_pin  {rise@0.000ns fall@5.000ns period=10.000ns})
  Path Group:             (none)
  Path Type:              Recovery (Max at Slow Process Corner)
  Data Path Delay:        7.152ns  (logic 1.456ns (20.362%)  route 5.695ns (79.638%))
  Logic Levels:           1  (IBUF=1)
  Clock Path Skew:        4.858ns (DCD - SCD + CPR)
    Destination Clock Delay (DCD):    4.858ns
    Source Clock Delay      (SCD):    0.000ns
    Clock Pessimism Removal (CPR):    0.000ns
  Clock Uncertainty:      0.025ns  ((TSJ^2 + TIJ^2)^1/2 + DJ) / 2 + PE
    Total System Jitter     (TSJ):    0.050ns
    Total Input Jitter      (TIJ):    0.000ns
    Discrete Jitter          (DJ):    0.000ns
    Phase Error              (PE):    0.000ns

    Location             Delay type                Incr(ns)  Path(ns)    Netlist Resource(s)
  -------------------------------------------------------------------    -------------------
    R2                                                0.000     0.000 f  reset (IN)
                         net (fo=0)                   0.000     0.000    reset
    R2                   IBUF (Prop_ibuf_I_O)         1.456     1.456 f  reset_IBUF_inst/O
                         net (fo=220, routed)         5.695     7.152    U0/AR[0]
    SLICE_X4Y3           FDCE                                         f  U0/cnt1_reg[16]/CLR
  -------------------------------------------------------------------    -------------------

                         (clock sys_clk_pin rise edge)
                                                      0.000     0.000 r  
    W5                                                0.000     0.000 r  clk (IN)
                         net (fo=0)                   0.000     0.000    clk
    W5                   IBUF (Prop_ibuf_I_O)         1.388     1.388 r  clk_IBUF_inst/O
                         net (fo=1, routed)           1.862     3.250    clk_IBUF
    BUFGCTRL_X0Y0        BUFG (Prop_bufg_I_O)         0.091     3.341 r  clk_IBUF_BUFG_inst/O
                         net (fo=221, routed)         1.517     4.858    U0/CLK
    SLICE_X4Y3           FDCE                                         r  U0/cnt1_reg[16]/C

Slack:                    inf
  Source:                 reset
                            (input port)
  Destination:            U0/cnt1_reg[17]/CLR
                            (recovery check against rising-edge clock sys_clk_pin  {rise@0.000ns fall@5.000ns period=10.000ns})
  Path Group:             (none)
  Path Type:              Recovery (Max at Slow Process Corner)
  Data Path Delay:        7.152ns  (logic 1.456ns (20.362%)  route 5.695ns (79.638%))
  Logic Levels:           1  (IBUF=1)
  Clock Path Skew:        4.858ns (DCD - SCD + CPR)
    Destination Clock Delay (DCD):    4.858ns
    Source Clock Delay      (SCD):    0.000ns
    Clock Pessimism Removal (CPR):    0.000ns
  Clock Uncertainty:      0.025ns  ((TSJ^2 + TIJ^2)^1/2 + DJ) / 2 + PE
    Total System Jitter     (TSJ):    0.050ns
    Total Input Jitter      (TIJ):    0.000ns
    Discrete Jitter          (DJ):    0.000ns
    Phase Error              (PE):    0.000ns

    Location             Delay type                Incr(ns)  Path(ns)    Netlist Resource(s)
  -------------------------------------------------------------------    -------------------
    R2                                                0.000     0.000 f  reset (IN)
                         net (fo=0)                   0.000     0.000    reset
    R2                   IBUF (Prop_ibuf_I_O)         1.456     1.456 f  reset_IBUF_inst/O
                         net (fo=220, routed)         5.695     7.152    U0/AR[0]
    SLICE_X4Y3           FDCE                                         f  U0/cnt1_reg[17]/CLR
  -------------------------------------------------------------------    -------------------

                         (clock sys_clk_pin rise edge)
                                                      0.000     0.000 r  
    W5                                                0.000     0.000 r  clk (IN)
                         net (fo=0)                   0.000     0.000    clk
    W5                   IBUF (Prop_ibuf_I_O)         1.388     1.388 r  clk_IBUF_inst/O
                         net (fo=1, routed)           1.862     3.250    clk_IBUF
    BUFGCTRL_X0Y0        BUFG (Prop_bufg_I_O)         0.091     3.341 r  clk_IBUF_BUFG_inst/O
                         net (fo=221, routed)         1.517     4.858    U0/CLK
    SLICE_X4Y3           FDCE                                         r  U0/cnt1_reg[17]/C





Min Delay Paths
--------------------------------------------------------------------------------------
Slack:                    inf
  Source:                 sw3
                            (input port)
  Destination:            U10/sw3_d_reg/D
                            (rising edge-triggered cell FDCE clocked by sys_clk_pin  {rise@0.000ns fall@5.000ns period=10.000ns})
  Path Group:             (none)
  Path Type:              Hold (Min at Fast Process Corner)
  Data Path Delay:        0.601ns  (logic 0.217ns (36.029%)  route 0.385ns (63.971%))
  Logic Levels:           1  (IBUF=1)
  Clock Path Skew:        1.993ns (DCD - SCD - CPR)
    Destination Clock Delay (DCD):    1.993ns
    Source Clock Delay      (SCD):    0.000ns
    Clock Pessimism Removal (CPR):    -0.000ns

    Location             Delay type                Incr(ns)  Path(ns)    Netlist Resource(s)
  -------------------------------------------------------------------    -------------------
    W17                                               0.000     0.000 r  sw3 (IN)
                         net (fo=0)                   0.000     0.000    sw3
    W17                  IBUF (Prop_ibuf_I_O)         0.217     0.217 r  sw3_IBUF_inst/O
                         net (fo=2, routed)           0.385     0.601    U10/sw3_IBUF
    SLICE_X0Y4           FDCE                                         r  U10/sw3_d_reg/D
  -------------------------------------------------------------------    -------------------

                         (clock sys_clk_pin rise edge)
                                                      0.000     0.000 r  
    W5                                                0.000     0.000 r  clk (IN)
                         net (fo=0)                   0.000     0.000    clk
    W5                   IBUF (Prop_ibuf_I_O)         0.414     0.414 r  clk_IBUF_inst/O
                         net (fo=1, routed)           0.685     1.099    clk_IBUF
    BUFGCTRL_X0Y0        BUFG (Prop_bufg_I_O)         0.029     1.128 r  clk_IBUF_BUFG_inst/O
                         net (fo=221, routed)         0.866     1.993    U10/CLK
    SLICE_X0Y4           FDCE                                         r  U10/sw3_d_reg/C

Slack:                    inf
  Source:                 sw3
                            (input port)
  Destination:            U10/alarm_on_reg[2]/D
                            (rising edge-triggered cell FDCE clocked by sys_clk_pin  {rise@0.000ns fall@5.000ns period=10.000ns})
  Path Group:             (none)
  Path Type:              Hold (Min at Fast Process Corner)
  Data Path Delay:        0.681ns  (logic 0.262ns (38.409%)  route 0.420ns (61.591%))
  Logic Levels:           2  (IBUF=1 LUT3=1)
  Clock Path Skew:        1.993ns (DCD - SCD - CPR)
    Destination Clock Delay (DCD):    1.993ns
    Source Clock Delay      (SCD):    0.000ns
    Clock Pessimism Removal (CPR):    -0.000ns

    Location             Delay type                Incr(ns)  Path(ns)    Netlist Resource(s)
  -------------------------------------------------------------------    -------------------
    W17                                               0.000     0.000 r  sw3 (IN)
                         net (fo=0)                   0.000     0.000    sw3
    W17                  IBUF (Prop_ibuf_I_O)         0.217     0.217 r  sw3_IBUF_inst/O
                         net (fo=2, routed)           0.420     0.636    U10/sw3_IBUF
    SLICE_X0Y4           LUT3 (Prop_lut3_I1_O)        0.045     0.681 r  U10/alarm_on[2]_i_1/O
                         net (fo=1, routed)           0.000     0.681    U10/alarm_on[2]_i_1_n_0
    SLICE_X0Y4           FDCE                                         r  U10/alarm_on_reg[2]/D
  -------------------------------------------------------------------    -------------------

                         (clock sys_clk_pin rise edge)
                                                      0.000     0.000 r  
    W5                                                0.000     0.000 r  clk (IN)
                         net (fo=0)                   0.000     0.000    clk
    W5                   IBUF (Prop_ibuf_I_O)         0.414     0.414 r  clk_IBUF_inst/O
                         net (fo=1, routed)           0.685     1.099    clk_IBUF
    BUFGCTRL_X0Y0        BUFG (Prop_bufg_I_O)         0.029     1.128 r  clk_IBUF_BUFG_inst/O
                         net (fo=221, routed)         0.866     1.993    U10/CLK
    SLICE_X0Y4           FDCE                                         r  U10/alarm_on_reg[2]/C

Slack:                    inf
  Source:                 sw2
                            (input port)
  Destination:            U9/mmsec_reg[3]/D
                            (rising edge-triggered cell FDCE clocked by sys_clk_pin  {rise@0.000ns fall@5.000ns period=10.000ns})
  Path Group:             (none)
  Path Type:              Hold (Min at Fast Process Corner)
  Data Path Delay:        0.739ns  (logic 0.277ns (37.479%)  route 0.462ns (62.521%))
  Logic Levels:           2  (IBUF=1 LUT6=1)
  Clock Path Skew:        1.991ns (DCD - SCD - CPR)
    Destination Clock Delay (DCD):    1.991ns
    Source Clock Delay      (SCD):    0.000ns
    Clock Pessimism Removal (CPR):    -0.000ns

    Location             Delay type                Incr(ns)  Path(ns)    Netlist Resource(s)
  -------------------------------------------------------------------    -------------------
    W16                                               0.000     0.000 f  sw2 (IN)
                         net (fo=0)                   0.000     0.000    sw2
    W16                  IBUF (Prop_ibuf_I_O)         0.232     0.232 f  sw2_IBUF_inst/O
                         net (fo=14, routed)          0.462     0.694    U9/sw2_IBUF
    SLICE_X1Y10          LUT6 (Prop_lut6_I1_O)        0.045     0.739 r  U9/mmsec[3]_i_1/O
                         net (fo=1, routed)           0.000     0.739    U9/mmsec[3]_i_1_n_0
    SLICE_X1Y10          FDCE                                         r  U9/mmsec_reg[3]/D
  -------------------------------------------------------------------    -------------------

                         (clock sys_clk_pin rise edge)
                                                      0.000     0.000 r  
    W5                                                0.000     0.000 r  clk (IN)
                         net (fo=0)                   0.000     0.000    clk
    W5                   IBUF (Prop_ibuf_I_O)         0.414     0.414 r  clk_IBUF_inst/O
                         net (fo=1, routed)           0.685     1.099    clk_IBUF
    BUFGCTRL_X0Y0        BUFG (Prop_bufg_I_O)         0.029     1.128 r  clk_IBUF_BUFG_inst/O
                         net (fo=221, routed)         0.864     1.991    U9/sec_reg[5]_1
    SLICE_X1Y10          FDCE                                         r  U9/mmsec_reg[3]/C

Slack:                    inf
  Source:                 sw2
                            (input port)
  Destination:            U9/mmsec_reg[6]/D
                            (rising edge-triggered cell FDCE clocked by sys_clk_pin  {rise@0.000ns fall@5.000ns period=10.000ns})
  Path Group:             (none)
  Path Type:              Hold (Min at Fast Process Corner)
  Data Path Delay:        0.746ns  (logic 0.274ns (36.679%)  route 0.473ns (63.321%))
  Logic Levels:           2  (IBUF=1 LUT4=1)
  Clock Path Skew:        1.991ns (DCD - SCD - CPR)
    Destination Clock Delay (DCD):    1.991ns
    Source Clock Delay      (SCD):    0.000ns
    Clock Pessimism Removal (CPR):    -0.000ns

    Location             Delay type                Incr(ns)  Path(ns)    Netlist Resource(s)
  -------------------------------------------------------------------    -------------------
    W16                                               0.000     0.000 f  sw2 (IN)
                         net (fo=0)                   0.000     0.000    sw2
    W16                  IBUF (Prop_ibuf_I_O)         0.232     0.232 f  sw2_IBUF_inst/O
                         net (fo=14, routed)          0.473     0.704    U9/sw2_IBUF
    SLICE_X0Y10          LUT4 (Prop_lut4_I3_O)        0.042     0.746 r  U9/mmsec[6]_i_2/O
                         net (fo=1, routed)           0.000     0.746    U9/mmsec[6]_i_2_n_0
    SLICE_X0Y10          FDCE                                         r  U9/mmsec_reg[6]/D
  -------------------------------------------------------------------    -------------------

                         (clock sys_clk_pin rise edge)
                                                      0.000     0.000 r  
    W5                                                0.000     0.000 r  clk (IN)
                         net (fo=0)                   0.000     0.000    clk
    W5                   IBUF (Prop_ibuf_I_O)         0.414     0.414 r  clk_IBUF_inst/O
                         net (fo=1, routed)           0.685     1.099    clk_IBUF
    BUFGCTRL_X0Y0        BUFG (Prop_bufg_I_O)         0.029     1.128 r  clk_IBUF_BUFG_inst/O
                         net (fo=221, routed)         0.864     1.991    U9/sec_reg[5]_1
    SLICE_X0Y10          FDCE                                         r  U9/mmsec_reg[6]/C

Slack:                    inf
  Source:                 sw2
                            (input port)
  Destination:            U9/mmsec_reg[0]/D
                            (rising edge-triggered cell FDCE clocked by sys_clk_pin  {rise@0.000ns fall@5.000ns period=10.000ns})
  Path Group:             (none)
  Path Type:              Hold (Min at Fast Process Corner)
  Data Path Delay:        0.749ns  (logic 0.277ns (36.933%)  route 0.473ns (63.067%))
  Logic Levels:           2  (IBUF=1 LUT2=1)
  Clock Path Skew:        1.991ns (DCD - SCD - CPR)
    Destination Clock Delay (DCD):    1.991ns
    Source Clock Delay      (SCD):    0.000ns
    Clock Pessimism Removal (CPR):    -0.000ns

    Location             Delay type                Incr(ns)  Path(ns)    Netlist Resource(s)
  -------------------------------------------------------------------    -------------------
    W16                                               0.000     0.000 f  sw2 (IN)
                         net (fo=0)                   0.000     0.000    sw2
    W16                  IBUF (Prop_ibuf_I_O)         0.232     0.232 f  sw2_IBUF_inst/O
                         net (fo=14, routed)          0.473     0.704    U9/sw2_IBUF
    SLICE_X0Y10          LUT2 (Prop_lut2_I1_O)        0.045     0.749 r  U9/mmsec[0]_i_1/O
                         net (fo=1, routed)           0.000     0.749    U9/mmsec[0]_i_1_n_0
    SLICE_X0Y10          FDCE                                         r  U9/mmsec_reg[0]/D
  -------------------------------------------------------------------    -------------------

                         (clock sys_clk_pin rise edge)
                                                      0.000     0.000 r  
    W5                                                0.000     0.000 r  clk (IN)
                         net (fo=0)                   0.000     0.000    clk
    W5                   IBUF (Prop_ibuf_I_O)         0.414     0.414 r  clk_IBUF_inst/O
                         net (fo=1, routed)           0.685     1.099    clk_IBUF
    BUFGCTRL_X0Y0        BUFG (Prop_bufg_I_O)         0.029     1.128 r  clk_IBUF_BUFG_inst/O
                         net (fo=221, routed)         0.864     1.991    U9/sec_reg[5]_1
    SLICE_X0Y10          FDCE                                         r  U9/mmsec_reg[0]/C

Slack:                    inf
  Source:                 sw2
                            (input port)
  Destination:            U9/mmsec_reg[1]/D
                            (rising edge-triggered cell FDCE clocked by sys_clk_pin  {rise@0.000ns fall@5.000ns period=10.000ns})
  Path Group:             (none)
  Path Type:              Hold (Min at Fast Process Corner)
  Data Path Delay:        0.792ns  (logic 0.277ns (34.968%)  route 0.515ns (65.032%))
  Logic Levels:           2  (IBUF=1 LUT3=1)
  Clock Path Skew:        1.991ns (DCD - SCD - CPR)
    Destination Clock Delay (DCD):    1.991ns
    Source Clock Delay      (SCD):    0.000ns
    Clock Pessimism Removal (CPR):    -0.000ns

    Location             Delay type                Incr(ns)  Path(ns)    Netlist Resource(s)
  -------------------------------------------------------------------    -------------------
    W16                                               0.000     0.000 f  sw2 (IN)
                         net (fo=0)                   0.000     0.000    sw2
    W16                  IBUF (Prop_ibuf_I_O)         0.232     0.232 f  sw2_IBUF_inst/O
                         net (fo=14, routed)          0.515     0.747    U9/sw2_IBUF
    SLICE_X1Y11          LUT3 (Prop_lut3_I2_O)        0.045     0.792 r  U9/mmsec[1]_i_1/O
                         net (fo=1, routed)           0.000     0.792    U9/mmsec[1]_i_1_n_0
    SLICE_X1Y11          FDCE                                         r  U9/mmsec_reg[1]/D
  -------------------------------------------------------------------    -------------------

                         (clock sys_clk_pin rise edge)
                                                      0.000     0.000 r  
    W5                                                0.000     0.000 r  clk (IN)
                         net (fo=0)                   0.000     0.000    clk
    W5                   IBUF (Prop_ibuf_I_O)         0.414     0.414 r  clk_IBUF_inst/O
                         net (fo=1, routed)           0.685     1.099    clk_IBUF
    BUFGCTRL_X0Y0        BUFG (Prop_bufg_I_O)         0.029     1.128 r  clk_IBUF_BUFG_inst/O
                         net (fo=221, routed)         0.864     1.991    U9/sec_reg[5]_1
    SLICE_X1Y11          FDCE                                         r  U9/mmsec_reg[1]/C

Slack:                    inf
  Source:                 sw2
                            (input port)
  Destination:            U10/sw2_d_reg/D
                            (rising edge-triggered cell FDCE clocked by sys_clk_pin  {rise@0.000ns fall@5.000ns period=10.000ns})
  Path Group:             (none)
  Path Type:              Hold (Min at Fast Process Corner)
  Data Path Delay:        0.793ns  (logic 0.232ns (29.243%)  route 0.561ns (70.757%))
  Logic Levels:           1  (IBUF=1)
  Clock Path Skew:        1.990ns (DCD - SCD - CPR)
    Destination Clock Delay (DCD):    1.990ns
    Source Clock Delay      (SCD):    0.000ns
    Clock Pessimism Removal (CPR):    -0.000ns

    Location             Delay type                Incr(ns)  Path(ns)    Netlist Resource(s)
  -------------------------------------------------------------------    -------------------
    W16                                               0.000     0.000 r  sw2 (IN)
                         net (fo=0)                   0.000     0.000    sw2
    W16                  IBUF (Prop_ibuf_I_O)         0.232     0.232 r  sw2_IBUF_inst/O
                         net (fo=14, routed)          0.561     0.793    U10/sw2_IBUF
    SLICE_X4Y7           FDCE                                         r  U10/sw2_d_reg/D
  -------------------------------------------------------------------    -------------------

                         (clock sys_clk_pin rise edge)
                                                      0.000     0.000 r  
    W5                                                0.000     0.000 r  clk (IN)
                         net (fo=0)                   0.000     0.000    clk
    W5                   IBUF (Prop_ibuf_I_O)         0.414     0.414 r  clk_IBUF_inst/O
                         net (fo=1, routed)           0.685     1.099    clk_IBUF
    BUFGCTRL_X0Y0        BUFG (Prop_bufg_I_O)         0.029     1.128 r  clk_IBUF_BUFG_inst/O
                         net (fo=221, routed)         0.863     1.990    U10/CLK
    SLICE_X4Y7           FDCE                                         r  U10/sw2_d_reg/C

Slack:                    inf
  Source:                 sw2
                            (input port)
  Destination:            U9/mmsec_reg[3]/CE
                            (rising edge-triggered cell FDCE clocked by sys_clk_pin  {rise@0.000ns fall@5.000ns period=10.000ns})
  Path Group:             (none)
  Path Type:              Hold (Min at Fast Process Corner)
  Data Path Delay:        0.800ns  (logic 0.277ns (34.582%)  route 0.524ns (65.418%))
  Logic Levels:           2  (IBUF=1 LUT5=1)
  Clock Path Skew:        1.991ns (DCD - SCD - CPR)
    Destination Clock Delay (DCD):    1.991ns
    Source Clock Delay      (SCD):    0.000ns
    Clock Pessimism Removal (CPR):    -0.000ns

    Location             Delay type                Incr(ns)  Path(ns)    Netlist Resource(s)
  -------------------------------------------------------------------    -------------------
    W16                                               0.000     0.000 r  sw2 (IN)
                         net (fo=0)                   0.000     0.000    sw2
    W16                  IBUF (Prop_ibuf_I_O)         0.232     0.232 r  sw2_IBUF_inst/O
                         net (fo=14, routed)          0.386     0.618    U0/sw2_IBUF
    SLICE_X1Y10          LUT5 (Prop_lut5_I0_O)        0.045     0.663 r  U0/mmsec[6]_i_1/O
                         net (fo=7, routed)           0.138     0.800    U9/E[0]
    SLICE_X1Y10          FDCE                                         r  U9/mmsec_reg[3]/CE
  -------------------------------------------------------------------    -------------------

                         (clock sys_clk_pin rise edge)
                                                      0.000     0.000 r  
    W5                                                0.000     0.000 r  clk (IN)
                         net (fo=0)                   0.000     0.000    clk
    W5                   IBUF (Prop_ibuf_I_O)         0.414     0.414 r  clk_IBUF_inst/O
                         net (fo=1, routed)           0.685     1.099    clk_IBUF
    BUFGCTRL_X0Y0        BUFG (Prop_bufg_I_O)         0.029     1.128 r  clk_IBUF_BUFG_inst/O
                         net (fo=221, routed)         0.864     1.991    U9/sec_reg[5]_1
    SLICE_X1Y10          FDCE                                         r  U9/mmsec_reg[3]/C

Slack:                    inf
  Source:                 sw2
                            (input port)
  Destination:            U9/mmsec_reg[1]/CE
                            (rising edge-triggered cell FDCE clocked by sys_clk_pin  {rise@0.000ns fall@5.000ns period=10.000ns})
  Path Group:             (none)
  Path Type:              Hold (Min at Fast Process Corner)
  Data Path Delay:        0.816ns  (logic 0.277ns (33.924%)  route 0.539ns (66.076%))
  Logic Levels:           2  (IBUF=1 LUT5=1)
  Clock Path Skew:        1.991ns (DCD - SCD - CPR)
    Destination Clock Delay (DCD):    1.991ns
    Source Clock Delay      (SCD):    0.000ns
    Clock Pessimism Removal (CPR):    -0.000ns

    Location             Delay type                Incr(ns)  Path(ns)    Netlist Resource(s)
  -------------------------------------------------------------------    -------------------
    W16                                               0.000     0.000 r  sw2 (IN)
                         net (fo=0)                   0.000     0.000    sw2
    W16                  IBUF (Prop_ibuf_I_O)         0.232     0.232 r  sw2_IBUF_inst/O
                         net (fo=14, routed)          0.386     0.618    U0/sw2_IBUF
    SLICE_X1Y10          LUT5 (Prop_lut5_I0_O)        0.045     0.663 r  U0/mmsec[6]_i_1/O
                         net (fo=7, routed)           0.153     0.816    U9/E[0]
    SLICE_X1Y11          FDCE                                         r  U9/mmsec_reg[1]/CE
  -------------------------------------------------------------------    -------------------

                         (clock sys_clk_pin rise edge)
                                                      0.000     0.000 r  
    W5                                                0.000     0.000 r  clk (IN)
                         net (fo=0)                   0.000     0.000    clk
    W5                   IBUF (Prop_ibuf_I_O)         0.414     0.414 r  clk_IBUF_inst/O
                         net (fo=1, routed)           0.685     1.099    clk_IBUF
    BUFGCTRL_X0Y0        BUFG (Prop_bufg_I_O)         0.029     1.128 r  clk_IBUF_BUFG_inst/O
                         net (fo=221, routed)         0.864     1.991    U9/sec_reg[5]_1
    SLICE_X1Y11          FDCE                                         r  U9/mmsec_reg[1]/C

Slack:                    inf
  Source:                 sw2
                            (input port)
  Destination:            U9/mmsec_reg[2]/CE
                            (rising edge-triggered cell FDCE clocked by sys_clk_pin  {rise@0.000ns fall@5.000ns period=10.000ns})
  Path Group:             (none)
  Path Type:              Hold (Min at Fast Process Corner)
  Data Path Delay:        0.816ns  (logic 0.277ns (33.924%)  route 0.539ns (66.076%))
  Logic Levels:           2  (IBUF=1 LUT5=1)
  Clock Path Skew:        1.991ns (DCD - SCD - CPR)
    Destination Clock Delay (DCD):    1.991ns
    Source Clock Delay      (SCD):    0.000ns
    Clock Pessimism Removal (CPR):    -0.000ns

    Location             Delay type                Incr(ns)  Path(ns)    Netlist Resource(s)
  -------------------------------------------------------------------    -------------------
    W16                                               0.000     0.000 r  sw2 (IN)
                         net (fo=0)                   0.000     0.000    sw2
    W16                  IBUF (Prop_ibuf_I_O)         0.232     0.232 r  sw2_IBUF_inst/O
                         net (fo=14, routed)          0.386     0.618    U0/sw2_IBUF
    SLICE_X1Y10          LUT5 (Prop_lut5_I0_O)        0.045     0.663 r  U0/mmsec[6]_i_1/O
                         net (fo=7, routed)           0.153     0.816    U9/E[0]
    SLICE_X1Y11          FDCE                                         r  U9/mmsec_reg[2]/CE
  -------------------------------------------------------------------    -------------------

                         (clock sys_clk_pin rise edge)
                                                      0.000     0.000 r  
    W5                                                0.000     0.000 r  clk (IN)
                         net (fo=0)                   0.000     0.000    clk
    W5                   IBUF (Prop_ibuf_I_O)         0.414     0.414 r  clk_IBUF_inst/O
                         net (fo=1, routed)           0.685     1.099    clk_IBUF
    BUFGCTRL_X0Y0        BUFG (Prop_bufg_I_O)         0.029     1.128 r  clk_IBUF_BUFG_inst/O
                         net (fo=221, routed)         0.864     1.991    U9/sec_reg[5]_1
    SLICE_X1Y11          FDCE                                         r  U9/mmsec_reg[2]/C





