Copyright 1986-2022 Xilinx, Inc. All Rights Reserved. Copyright 2022-2026 Advanced Micro Devices, Inc. All Rights Reserved.
------------------------------------------------------------------------------------------------------------------------------------------------------------------------------------------------------------------------------------------------------------
| Tool Version : Vivado v.2025.2.1 (win64) Build 6403652 Thu Mar 19 19:48:24 GMT 2026
| Date         : Thu Apr  9 12:58:33 2026
| Host         : DESKTOP-Q1F9NDB running 64-bit major release  (build 9200)
| Command      : report_timing_summary -max_paths 10 -routable_nets -report_unconstrained -file oneshotautoshift_timing_summary_routed.rpt -pb oneshotautoshift_timing_summary_routed.pb -rpx oneshotautoshift_timing_summary_routed.rpx -warn_on_violation
| Design       : oneshotautoshift
| Device       : 7a35t-cpg236
| Speed File   : -1  PRODUCTION 1.23 2018-06-13
| Design State : Routed
------------------------------------------------------------------------------------------------------------------------------------------------------------------------------------------------------------------------------------------------------------

Timing Summary Report

------------------------------------------------------------------------------------------------
| Timer Settings
| --------------
------------------------------------------------------------------------------------------------

  Enable Multi Corner Analysis               :  Yes
  Enable Pessimism Removal                   :  Yes
  Pessimism Removal Resolution               :  Nearest Common Node
  Enable Input Delay Default Clock           :  No
  Enable Preset / Clear Arcs                 :  No
  Disable Flight Delays                      :  No
  Ignore I/O Paths                           :  No
  Timing Early Launch at Borrowing Latches   :  No
  Borrow Time for Max Delay Exceptions       :  Yes
  Merge Timing Exceptions                    :  Yes
  Inter-SLR Compensation                     :  Conservative

  Corner  Analyze    Analyze    
  Name    Max Paths  Min Paths  
  ------  ---------  ---------  
  Slow    Yes        Yes        
  Fast    Yes        Yes        


------------------------------------------------------------------------------------------------
| Report Methodology
| ------------------
------------------------------------------------------------------------------------------------

Rule       Severity  Description                    Violations  
---------  --------  -----------------------------  ----------  
TIMING-18  Warning   Missing input or output delay  11          

Note: This report is based on the most recent report_methodology run and may not be up-to-date. Run report_methodology on the current design for the latest report.



check_timing report

Table of Contents
-----------------
1. checking no_clock (0)
2. checking constant_clock (0)
3. checking pulse_width_clock (0)
4. checking unconstrained_internal_endpoints (0)
5. checking no_input_delay (3)
6. checking no_output_delay (8)
7. checking multiple_clock (0)
8. checking generated_clocks (0)
9. checking loops (0)
10. checking partial_input_delay (0)
11. checking partial_output_delay (0)
12. checking latch_loops (0)

1. checking no_clock (0)
------------------------
 There are 0 register/latch pins with no clock.


2. checking constant_clock (0)
------------------------------
 There are 0 register/latch pins with constant_clock.


3. checking pulse_width_clock (0)
---------------------------------
 There are 0 register/latch pins which need pulse_width check


4. checking unconstrained_internal_endpoints (0)
------------------------------------------------
 There are 0 pins that are not constrained for maximum delay.

 There are 0 pins that are not constrained for maximum delay due to constant clock.


5. checking no_input_delay (3)
------------------------------
 There are 3 input ports with no input delay specified. (HIGH)

 There are 0 input ports with no input delay but user has a false path constraint.


6. checking no_output_delay (8)
-------------------------------
 There are 8 ports with no output delay specified. (HIGH)

 There are 0 ports with no output delay but user has a false path constraint

 There are 0 ports with no output delay but with a timing clock defined on it or propagating through it


7. checking multiple_clock (0)
------------------------------
 There are 0 register/latch pins with multiple clocks.


8. checking generated_clocks (0)
--------------------------------
 There are 0 generated clocks that are not connected to a clock source.


9. checking loops (0)
---------------------
 There are 0 combinational loops in the design.


10. checking partial_input_delay (0)
------------------------------------
 There are 0 input ports with partial input delay specified.


11. checking partial_output_delay (0)
-------------------------------------
 There are 0 ports with partial output delay specified.


12. checking latch_loops (0)
----------------------------
 There are 0 combinational latch loops in the design through latch input



------------------------------------------------------------------------------------------------
| Design Timing Summary
| ---------------------
------------------------------------------------------------------------------------------------

    WNS(ns)      TNS(ns)  TNS Failing Endpoints  TNS Total Endpoints      WHS(ns)      THS(ns)  THS Failing Endpoints  THS Total Endpoints     WPWS(ns)     TPWS(ns)  TPWS Failing Endpoints  TPWS Total Endpoints  
    -------      -------  ---------------------  -------------------      -------      -------  ---------------------  -------------------     --------     --------  ----------------------  --------------------  
      5.428        0.000                      0                   92        0.117        0.000                      0                   92        4.500        0.000                       0                    87  


All user specified timing constraints are met.


------------------------------------------------------------------------------------------------
| Clock Summary
| -------------
------------------------------------------------------------------------------------------------

Clock        Waveform(ns)       Period(ns)      Frequency(MHz)
-----        ------------       ----------      --------------
sys_clk_pin  {0.000 5.000}      10.000          100.000         


------------------------------------------------------------------------------------------------
| Intra Clock Table
| -----------------
------------------------------------------------------------------------------------------------

Clock             WNS(ns)      TNS(ns)  TNS Failing Endpoints  TNS Total Endpoints      WHS(ns)      THS(ns)  THS Failing Endpoints  THS Total Endpoints     WPWS(ns)     TPWS(ns)  TPWS Failing Endpoints  TPWS Total Endpoints  
-----             -------      -------  ---------------------  -------------------      -------      -------  ---------------------  -------------------     --------     --------  ----------------------  --------------------  
sys_clk_pin         5.428        0.000                      0                   92        0.117        0.000                      0                   92        4.500        0.000                       0                    87  


------------------------------------------------------------------------------------------------
| Inter Clock Table
| -----------------
------------------------------------------------------------------------------------------------

From Clock    To Clock          WNS(ns)      TNS(ns)  TNS Failing Endpoints  TNS Total Endpoints      WHS(ns)      THS(ns)  THS Failing Endpoints  THS Total Endpoints  
----------    --------          -------      -------  ---------------------  -------------------      -------      -------  ---------------------  -------------------  


------------------------------------------------------------------------------------------------
| Other Path Groups Table
| -----------------------
------------------------------------------------------------------------------------------------

Path Group    From Clock    To Clock          WNS(ns)      TNS(ns)  TNS Failing Endpoints  TNS Total Endpoints      WHS(ns)      THS(ns)  THS Failing Endpoints  THS Total Endpoints  
----------    ----------    --------          -------      -------  ---------------------  -------------------      -------      -------  ---------------------  -------------------  


------------------------------------------------------------------------------------------------
| User Ignored Path Table
| -----------------------
------------------------------------------------------------------------------------------------

Path Group    From Clock    To Clock    
----------    ----------    --------    


------------------------------------------------------------------------------------------------
| Unconstrained Path Table
| ------------------------
------------------------------------------------------------------------------------------------

Path Group    From Clock    To Clock    
----------    ----------    --------    
(none)        sys_clk_pin                 
(none)                      sys_clk_pin   


------------------------------------------------------------------------------------------------
| Timing Details
| --------------
------------------------------------------------------------------------------------------------


---------------------------------------------------------------------------------------------------
From Clock:  sys_clk_pin
  To Clock:  sys_clk_pin

Setup :            0  Failing Endpoints,  Worst Slack        5.428ns,  Total Violation        0.000ns
Hold  :            0  Failing Endpoints,  Worst Slack        0.117ns,  Total Violation        0.000ns
PW    :            0  Failing Endpoints,  Worst Slack        4.500ns,  Total Violation        0.000ns
---------------------------------------------------------------------------------------------------


Max Delay Paths
--------------------------------------------------------------------------------------
Slack (MET) :             5.428ns  (required time - arrival time)
  Source:                 sec_cnt_reg[15]/C
                            (rising edge-triggered cell FDCE clocked by sys_clk_pin  {rise@0.000ns fall@5.000ns period=10.000ns})
  Destination:            sec_cnt_reg[25]/D
                            (rising edge-triggered cell FDCE clocked by sys_clk_pin  {rise@0.000ns fall@5.000ns period=10.000ns})
  Path Group:             sys_clk_pin
  Path Type:              Setup (Max at Slow Process Corner)
  Requirement:            10.000ns  (sys_clk_pin rise@10.000ns - sys_clk_pin rise@0.000ns)
  Data Path Delay:        4.570ns  (logic 2.258ns (49.404%)  route 2.312ns (50.596%))
  Logic Levels:           10  (CARRY4=7 LUT4=1 LUT6=2)
  Clock Path Skew:        -0.028ns (DCD - SCD + CPR)
    Destination Clock Delay (DCD):    4.855ns = ( 14.855 - 10.000 ) 
    Source Clock Delay      (SCD):    5.157ns
    Clock Pessimism Removal (CPR):    0.274ns
  Clock Uncertainty:      0.035ns  ((TSJ^2 + TIJ^2)^1/2 + DJ) / 2 + PE
    Total System Jitter     (TSJ):    0.071ns
    Total Input Jitter      (TIJ):    0.000ns
    Discrete Jitter          (DJ):    0.000ns
    Phase Error              (PE):    0.000ns

    Location             Delay type                Incr(ns)  Path(ns)    Netlist Resource(s)
  -------------------------------------------------------------------    -------------------
                         (clock sys_clk_pin rise edge)
                                                      0.000     0.000 r  
    W5                                                0.000     0.000 r  clk (IN)
                         net (fo=0)                   0.000     0.000    clk
    W5                   IBUF (Prop_ibuf_I_O)         1.458     1.458 r  clk_IBUF_inst/O
                         net (fo=1, routed)           1.967     3.425    clk_IBUF
    BUFGCTRL_X0Y0        BUFG (Prop_bufg_I_O)         0.096     3.521 r  clk_IBUF_BUFG_inst/O
                         net (fo=86, routed)          1.636     5.157    clk_IBUF_BUFG
    SLICE_X0Y10          FDCE                                         r  sec_cnt_reg[15]/C
  -------------------------------------------------------------------    -------------------
    SLICE_X0Y10          FDCE (Prop_fdce_C_Q)         0.456     5.613 f  sec_cnt_reg[15]/Q
                         net (fo=2, routed)           0.679     6.292    sec_cnt_reg[15]
    SLICE_X1Y10          LUT4 (Prop_lut4_I0_O)        0.124     6.416 r  tick_1s_i_4/O
                         net (fo=1, routed)           0.797     7.214    tick_1s_i_4_n_0
    SLICE_X1Y9           LUT6 (Prop_lut6_I2_O)        0.124     7.338 f  tick_1s_i_3/O
                         net (fo=27, routed)          0.641     7.979    tick_1s_i_3_n_0
    SLICE_X1Y7           LUT6 (Prop_lut6_I2_O)        0.124     8.103 r  sec_cnt[0]_i_2/O
                         net (fo=1, routed)           0.195     8.298    sec_cnt[0]_i_2_n_0
    SLICE_X0Y7           CARRY4 (Prop_carry4_DI[0]_CO[3])
                                                      0.526     8.824 r  sec_cnt_reg[0]_i_1/CO[3]
                         net (fo=1, routed)           0.000     8.824    sec_cnt_reg[0]_i_1_n_0
    SLICE_X0Y8           CARRY4 (Prop_carry4_CI_CO[3])
                                                      0.114     8.938 r  sec_cnt_reg[4]_i_1/CO[3]
                         net (fo=1, routed)           0.000     8.938    sec_cnt_reg[4]_i_1_n_0
    SLICE_X0Y9           CARRY4 (Prop_carry4_CI_CO[3])
                                                      0.114     9.052 r  sec_cnt_reg[8]_i_1/CO[3]
                         net (fo=1, routed)           0.000     9.052    sec_cnt_reg[8]_i_1_n_0
    SLICE_X0Y10          CARRY4 (Prop_carry4_CI_CO[3])
                                                      0.114     9.166 r  sec_cnt_reg[12]_i_1/CO[3]
                         net (fo=1, routed)           0.000     9.166    sec_cnt_reg[12]_i_1_n_0
    SLICE_X0Y11          CARRY4 (Prop_carry4_CI_CO[3])
                                                      0.114     9.280 r  sec_cnt_reg[16]_i_1/CO[3]
                         net (fo=1, routed)           0.000     9.280    sec_cnt_reg[16]_i_1_n_0
    SLICE_X0Y12          CARRY4 (Prop_carry4_CI_CO[3])
                                                      0.114     9.394 r  sec_cnt_reg[20]_i_1/CO[3]
                         net (fo=1, routed)           0.000     9.394    sec_cnt_reg[20]_i_1_n_0
    SLICE_X0Y13          CARRY4 (Prop_carry4_CI_O[1])
                                                      0.334     9.728 r  sec_cnt_reg[24]_i_1/O[1]
                         net (fo=1, routed)           0.000     9.728    sec_cnt_reg[24]_i_1_n_6
    SLICE_X0Y13          FDCE                                         r  sec_cnt_reg[25]/D
  -------------------------------------------------------------------    -------------------

                         (clock sys_clk_pin rise edge)
                                                     10.000    10.000 r  
    W5                                                0.000    10.000 r  clk (IN)
                         net (fo=0)                   0.000    10.000    clk
    W5                   IBUF (Prop_ibuf_I_O)         1.388    11.388 r  clk_IBUF_inst/O
                         net (fo=1, routed)           1.862    13.250    clk_IBUF
    BUFGCTRL_X0Y0        BUFG (Prop_bufg_I_O)         0.091    13.341 r  clk_IBUF_BUFG_inst/O
                         net (fo=86, routed)          1.514    14.855    clk_IBUF_BUFG
    SLICE_X0Y13          FDCE                                         r  sec_cnt_reg[25]/C
                         clock pessimism              0.274    15.129    
                         clock uncertainty           -0.035    15.094    
    SLICE_X0Y13          FDCE (Setup_fdce_C_D)        0.062    15.156    sec_cnt_reg[25]
  -------------------------------------------------------------------
                         required time                         15.156    
                         arrival time                          -9.728    
  -------------------------------------------------------------------
                         slack                                  5.428    

Slack (MET) :             5.523ns  (required time - arrival time)
  Source:                 sec_cnt_reg[15]/C
                            (rising edge-triggered cell FDCE clocked by sys_clk_pin  {rise@0.000ns fall@5.000ns period=10.000ns})
  Destination:            sec_cnt_reg[26]/D
                            (rising edge-triggered cell FDCE clocked by sys_clk_pin  {rise@0.000ns fall@5.000ns period=10.000ns})
  Path Group:             sys_clk_pin
  Path Type:              Setup (Max at Slow Process Corner)
  Requirement:            10.000ns  (sys_clk_pin rise@10.000ns - sys_clk_pin rise@0.000ns)
  Data Path Delay:        4.475ns  (logic 2.163ns (48.330%)  route 2.312ns (51.670%))
  Logic Levels:           10  (CARRY4=7 LUT4=1 LUT6=2)
  Clock Path Skew:        -0.028ns (DCD - SCD + CPR)
    Destination Clock Delay (DCD):    4.855ns = ( 14.855 - 10.000 ) 
    Source Clock Delay      (SCD):    5.157ns
    Clock Pessimism Removal (CPR):    0.274ns
  Clock Uncertainty:      0.035ns  ((TSJ^2 + TIJ^2)^1/2 + DJ) / 2 + PE
    Total System Jitter     (TSJ):    0.071ns
    Total Input Jitter      (TIJ):    0.000ns
    Discrete Jitter          (DJ):    0.000ns
    Phase Error              (PE):    0.000ns

    Location             Delay type                Incr(ns)  Path(ns)    Netlist Resource(s)
  -------------------------------------------------------------------    -------------------
                         (clock sys_clk_pin rise edge)
                                                      0.000     0.000 r  
    W5                                                0.000     0.000 r  clk (IN)
                         net (fo=0)                   0.000     0.000    clk
    W5                   IBUF (Prop_ibuf_I_O)         1.458     1.458 r  clk_IBUF_inst/O
                         net (fo=1, routed)           1.967     3.425    clk_IBUF
    BUFGCTRL_X0Y0        BUFG (Prop_bufg_I_O)         0.096     3.521 r  clk_IBUF_BUFG_inst/O
                         net (fo=86, routed)          1.636     5.157    clk_IBUF_BUFG
    SLICE_X0Y10          FDCE                                         r  sec_cnt_reg[15]/C
  -------------------------------------------------------------------    -------------------
    SLICE_X0Y10          FDCE (Prop_fdce_C_Q)         0.456     5.613 f  sec_cnt_reg[15]/Q
                         net (fo=2, routed)           0.679     6.292    sec_cnt_reg[15]
    SLICE_X1Y10          LUT4 (Prop_lut4_I0_O)        0.124     6.416 r  tick_1s_i_4/O
                         net (fo=1, routed)           0.797     7.214    tick_1s_i_4_n_0
    SLICE_X1Y9           LUT6 (Prop_lut6_I2_O)        0.124     7.338 f  tick_1s_i_3/O
                         net (fo=27, routed)          0.641     7.979    tick_1s_i_3_n_0
    SLICE_X1Y7           LUT6 (Prop_lut6_I2_O)        0.124     8.103 r  sec_cnt[0]_i_2/O
                         net (fo=1, routed)           0.195     8.298    sec_cnt[0]_i_2_n_0
    SLICE_X0Y7           CARRY4 (Prop_carry4_DI[0]_CO[3])
                                                      0.526     8.824 r  sec_cnt_reg[0]_i_1/CO[3]
                         net (fo=1, routed)           0.000     8.824    sec_cnt_reg[0]_i_1_n_0
    SLICE_X0Y8           CARRY4 (Prop_carry4_CI_CO[3])
                                                      0.114     8.938 r  sec_cnt_reg[4]_i_1/CO[3]
                         net (fo=1, routed)           0.000     8.938    sec_cnt_reg[4]_i_1_n_0
    SLICE_X0Y9           CARRY4 (Prop_carry4_CI_CO[3])
                                                      0.114     9.052 r  sec_cnt_reg[8]_i_1/CO[3]
                         net (fo=1, routed)           0.000     9.052    sec_cnt_reg[8]_i_1_n_0
    SLICE_X0Y10          CARRY4 (Prop_carry4_CI_CO[3])
                                                      0.114     9.166 r  sec_cnt_reg[12]_i_1/CO[3]
                         net (fo=1, routed)           0.000     9.166    sec_cnt_reg[12]_i_1_n_0
    SLICE_X0Y11          CARRY4 (Prop_carry4_CI_CO[3])
                                                      0.114     9.280 r  sec_cnt_reg[16]_i_1/CO[3]
                         net (fo=1, routed)           0.000     9.280    sec_cnt_reg[16]_i_1_n_0
    SLICE_X0Y12          CARRY4 (Prop_carry4_CI_CO[3])
                                                      0.114     9.394 r  sec_cnt_reg[20]_i_1/CO[3]
                         net (fo=1, routed)           0.000     9.394    sec_cnt_reg[20]_i_1_n_0
    SLICE_X0Y13          CARRY4 (Prop_carry4_CI_O[2])
                                                      0.239     9.633 r  sec_cnt_reg[24]_i_1/O[2]
                         net (fo=1, routed)           0.000     9.633    sec_cnt_reg[24]_i_1_n_5
    SLICE_X0Y13          FDCE                                         r  sec_cnt_reg[26]/D
  -------------------------------------------------------------------    -------------------

                         (clock sys_clk_pin rise edge)
                                                     10.000    10.000 r  
    W5                                                0.000    10.000 r  clk (IN)
                         net (fo=0)                   0.000    10.000    clk
    W5                   IBUF (Prop_ibuf_I_O)         1.388    11.388 r  clk_IBUF_inst/O
                         net (fo=1, routed)           1.862    13.250    clk_IBUF
    BUFGCTRL_X0Y0        BUFG (Prop_bufg_I_O)         0.091    13.341 r  clk_IBUF_BUFG_inst/O
                         net (fo=86, routed)          1.514    14.855    clk_IBUF_BUFG
    SLICE_X0Y13          FDCE                                         r  sec_cnt_reg[26]/C
                         clock pessimism              0.274    15.129    
                         clock uncertainty           -0.035    15.094    
    SLICE_X0Y13          FDCE (Setup_fdce_C_D)        0.062    15.156    sec_cnt_reg[26]
  -------------------------------------------------------------------
                         required time                         15.156    
                         arrival time                          -9.633    
  -------------------------------------------------------------------
                         slack                                  5.523    

Slack (MET) :             5.539ns  (required time - arrival time)
  Source:                 sec_cnt_reg[15]/C
                            (rising edge-triggered cell FDCE clocked by sys_clk_pin  {rise@0.000ns fall@5.000ns period=10.000ns})
  Destination:            sec_cnt_reg[24]/D
                            (rising edge-triggered cell FDCE clocked by sys_clk_pin  {rise@0.000ns fall@5.000ns period=10.000ns})
  Path Group:             sys_clk_pin
  Path Type:              Setup (Max at Slow Process Corner)
  Requirement:            10.000ns  (sys_clk_pin rise@10.000ns - sys_clk_pin rise@0.000ns)
  Data Path Delay:        4.459ns  (logic 2.147ns (48.145%)  route 2.312ns (51.855%))
  Logic Levels:           10  (CARRY4=7 LUT4=1 LUT6=2)
  Clock Path Skew:        -0.028ns (DCD - SCD + CPR)
    Destination Clock Delay (DCD):    4.855ns = ( 14.855 - 10.000 ) 
    Source Clock Delay      (SCD):    5.157ns
    Clock Pessimism Removal (CPR):    0.274ns
  Clock Uncertainty:      0.035ns  ((TSJ^2 + TIJ^2)^1/2 + DJ) / 2 + PE
    Total System Jitter     (TSJ):    0.071ns
    Total Input Jitter      (TIJ):    0.000ns
    Discrete Jitter          (DJ):    0.000ns
    Phase Error              (PE):    0.000ns

    Location             Delay type                Incr(ns)  Path(ns)    Netlist Resource(s)
  -------------------------------------------------------------------    -------------------
                         (clock sys_clk_pin rise edge)
                                                      0.000     0.000 r  
    W5                                                0.000     0.000 r  clk (IN)
                         net (fo=0)                   0.000     0.000    clk
    W5                   IBUF (Prop_ibuf_I_O)         1.458     1.458 r  clk_IBUF_inst/O
                         net (fo=1, routed)           1.967     3.425    clk_IBUF
    BUFGCTRL_X0Y0        BUFG (Prop_bufg_I_O)         0.096     3.521 r  clk_IBUF_BUFG_inst/O
                         net (fo=86, routed)          1.636     5.157    clk_IBUF_BUFG
    SLICE_X0Y10          FDCE                                         r  sec_cnt_reg[15]/C
  -------------------------------------------------------------------    -------------------
    SLICE_X0Y10          FDCE (Prop_fdce_C_Q)         0.456     5.613 f  sec_cnt_reg[15]/Q
                         net (fo=2, routed)           0.679     6.292    sec_cnt_reg[15]
    SLICE_X1Y10          LUT4 (Prop_lut4_I0_O)        0.124     6.416 r  tick_1s_i_4/O
                         net (fo=1, routed)           0.797     7.214    tick_1s_i_4_n_0
    SLICE_X1Y9           LUT6 (Prop_lut6_I2_O)        0.124     7.338 f  tick_1s_i_3/O
                         net (fo=27, routed)          0.641     7.979    tick_1s_i_3_n_0
    SLICE_X1Y7           LUT6 (Prop_lut6_I2_O)        0.124     8.103 r  sec_cnt[0]_i_2/O
                         net (fo=1, routed)           0.195     8.298    sec_cnt[0]_i_2_n_0
    SLICE_X0Y7           CARRY4 (Prop_carry4_DI[0]_CO[3])
                                                      0.526     8.824 r  sec_cnt_reg[0]_i_1/CO[3]
                         net (fo=1, routed)           0.000     8.824    sec_cnt_reg[0]_i_1_n_0
    SLICE_X0Y8           CARRY4 (Prop_carry4_CI_CO[3])
                                                      0.114     8.938 r  sec_cnt_reg[4]_i_1/CO[3]
                         net (fo=1, routed)           0.000     8.938    sec_cnt_reg[4]_i_1_n_0
    SLICE_X0Y9           CARRY4 (Prop_carry4_CI_CO[3])
                                                      0.114     9.052 r  sec_cnt_reg[8]_i_1/CO[3]
                         net (fo=1, routed)           0.000     9.052    sec_cnt_reg[8]_i_1_n_0
    SLICE_X0Y10          CARRY4 (Prop_carry4_CI_CO[3])
                                                      0.114     9.166 r  sec_cnt_reg[12]_i_1/CO[3]
                         net (fo=1, routed)           0.000     9.166    sec_cnt_reg[12]_i_1_n_0
    SLICE_X0Y11          CARRY4 (Prop_carry4_CI_CO[3])
                                                      0.114     9.280 r  sec_cnt_reg[16]_i_1/CO[3]
                         net (fo=1, routed)           0.000     9.280    sec_cnt_reg[16]_i_1_n_0
    SLICE_X0Y12          CARRY4 (Prop_carry4_CI_CO[3])
                                                      0.114     9.394 r  sec_cnt_reg[20]_i_1/CO[3]
                         net (fo=1, routed)           0.000     9.394    sec_cnt_reg[20]_i_1_n_0
    SLICE_X0Y13          CARRY4 (Prop_carry4_CI_O[0])
                                                      0.223     9.617 r  sec_cnt_reg[24]_i_1/O[0]
                         net (fo=1, routed)           0.000     9.617    sec_cnt_reg[24]_i_1_n_7
    SLICE_X0Y13          FDCE                                         r  sec_cnt_reg[24]/D
  -------------------------------------------------------------------    -------------------

                         (clock sys_clk_pin rise edge)
                                                     10.000    10.000 r  
    W5                                                0.000    10.000 r  clk (IN)
                         net (fo=0)                   0.000    10.000    clk
    W5                   IBUF (Prop_ibuf_I_O)         1.388    11.388 r  clk_IBUF_inst/O
                         net (fo=1, routed)           1.862    13.250    clk_IBUF
    BUFGCTRL_X0Y0        BUFG (Prop_bufg_I_O)         0.091    13.341 r  clk_IBUF_BUFG_inst/O
                         net (fo=86, routed)          1.514    14.855    clk_IBUF_BUFG
    SLICE_X0Y13          FDCE                                         r  sec_cnt_reg[24]/C
                         clock pessimism              0.274    15.129    
                         clock uncertainty           -0.035    15.094    
    SLICE_X0Y13          FDCE (Setup_fdce_C_D)        0.062    15.156    sec_cnt_reg[24]
  -------------------------------------------------------------------
                         required time                         15.156    
                         arrival time                          -9.617    
  -------------------------------------------------------------------
                         slack                                  5.539    

Slack (MET) :             5.543ns  (required time - arrival time)
  Source:                 sec_cnt_reg[15]/C
                            (rising edge-triggered cell FDCE clocked by sys_clk_pin  {rise@0.000ns fall@5.000ns period=10.000ns})
  Destination:            sec_cnt_reg[21]/D
                            (rising edge-triggered cell FDCE clocked by sys_clk_pin  {rise@0.000ns fall@5.000ns period=10.000ns})
  Path Group:             sys_clk_pin
  Path Type:              Setup (Max at Slow Process Corner)
  Requirement:            10.000ns  (sys_clk_pin rise@10.000ns - sys_clk_pin rise@0.000ns)
  Data Path Delay:        4.456ns  (logic 2.144ns (48.110%)  route 2.312ns (51.890%))
  Logic Levels:           9  (CARRY4=6 LUT4=1 LUT6=2)
  Clock Path Skew:        -0.027ns (DCD - SCD + CPR)
    Destination Clock Delay (DCD):    4.856ns = ( 14.856 - 10.000 ) 
    Source Clock Delay      (SCD):    5.157ns
    Clock Pessimism Removal (CPR):    0.274ns
  Clock Uncertainty:      0.035ns  ((TSJ^2 + TIJ^2)^1/2 + DJ) / 2 + PE
    Total System Jitter     (TSJ):    0.071ns
    Total Input Jitter      (TIJ):    0.000ns
    Discrete Jitter          (DJ):    0.000ns
    Phase Error              (PE):    0.000ns

    Location             Delay type                Incr(ns)  Path(ns)    Netlist Resource(s)
  -------------------------------------------------------------------    -------------------
                         (clock sys_clk_pin rise edge)
                                                      0.000     0.000 r  
    W5                                                0.000     0.000 r  clk (IN)
                         net (fo=0)                   0.000     0.000    clk
    W5                   IBUF (Prop_ibuf_I_O)         1.458     1.458 r  clk_IBUF_inst/O
                         net (fo=1, routed)           1.967     3.425    clk_IBUF
    BUFGCTRL_X0Y0        BUFG (Prop_bufg_I_O)         0.096     3.521 r  clk_IBUF_BUFG_inst/O
                         net (fo=86, routed)          1.636     5.157    clk_IBUF_BUFG
    SLICE_X0Y10          FDCE                                         r  sec_cnt_reg[15]/C
  -------------------------------------------------------------------    -------------------
    SLICE_X0Y10          FDCE (Prop_fdce_C_Q)         0.456     5.613 f  sec_cnt_reg[15]/Q
                         net (fo=2, routed)           0.679     6.292    sec_cnt_reg[15]
    SLICE_X1Y10          LUT4 (Prop_lut4_I0_O)        0.124     6.416 r  tick_1s_i_4/O
                         net (fo=1, routed)           0.797     7.214    tick_1s_i_4_n_0
    SLICE_X1Y9           LUT6 (Prop_lut6_I2_O)        0.124     7.338 f  tick_1s_i_3/O
                         net (fo=27, routed)          0.641     7.979    tick_1s_i_3_n_0
    SLICE_X1Y7           LUT6 (Prop_lut6_I2_O)        0.124     8.103 r  sec_cnt[0]_i_2/O
                         net (fo=1, routed)           0.195     8.298    sec_cnt[0]_i_2_n_0
    SLICE_X0Y7           CARRY4 (Prop_carry4_DI[0]_CO[3])
                                                      0.526     8.824 r  sec_cnt_reg[0]_i_1/CO[3]
                         net (fo=1, routed)           0.000     8.824    sec_cnt_reg[0]_i_1_n_0
    SLICE_X0Y8           CARRY4 (Prop_carry4_CI_CO[3])
                                                      0.114     8.938 r  sec_cnt_reg[4]_i_1/CO[3]
                         net (fo=1, routed)           0.000     8.938    sec_cnt_reg[4]_i_1_n_0
    SLICE_X0Y9           CARRY4 (Prop_carry4_CI_CO[3])
                                                      0.114     9.052 r  sec_cnt_reg[8]_i_1/CO[3]
                         net (fo=1, routed)           0.000     9.052    sec_cnt_reg[8]_i_1_n_0
    SLICE_X0Y10          CARRY4 (Prop_carry4_CI_CO[3])
                                                      0.114     9.166 r  sec_cnt_reg[12]_i_1/CO[3]
                         net (fo=1, routed)           0.000     9.166    sec_cnt_reg[12]_i_1_n_0
    SLICE_X0Y11          CARRY4 (Prop_carry4_CI_CO[3])
                                                      0.114     9.280 r  sec_cnt_reg[16]_i_1/CO[3]
                         net (fo=1, routed)           0.000     9.280    sec_cnt_reg[16]_i_1_n_0
    SLICE_X0Y12          CARRY4 (Prop_carry4_CI_O[1])
                                                      0.334     9.614 r  sec_cnt_reg[20]_i_1/O[1]
                         net (fo=1, routed)           0.000     9.614    sec_cnt_reg[20]_i_1_n_6
    SLICE_X0Y12          FDCE                                         r  sec_cnt_reg[21]/D
  -------------------------------------------------------------------    -------------------

                         (clock sys_clk_pin rise edge)
                                                     10.000    10.000 r  
    W5                                                0.000    10.000 r  clk (IN)
                         net (fo=0)                   0.000    10.000    clk
    W5                   IBUF (Prop_ibuf_I_O)         1.388    11.388 r  clk_IBUF_inst/O
                         net (fo=1, routed)           1.862    13.250    clk_IBUF
    BUFGCTRL_X0Y0        BUFG (Prop_bufg_I_O)         0.091    13.341 r  clk_IBUF_BUFG_inst/O
                         net (fo=86, routed)          1.515    14.856    clk_IBUF_BUFG
    SLICE_X0Y12          FDCE                                         r  sec_cnt_reg[21]/C
                         clock pessimism              0.274    15.130    
                         clock uncertainty           -0.035    15.095    
    SLICE_X0Y12          FDCE (Setup_fdce_C_D)        0.062    15.157    sec_cnt_reg[21]
  -------------------------------------------------------------------
                         required time                         15.157    
                         arrival time                          -9.614    
  -------------------------------------------------------------------
                         slack                                  5.543    

Slack (MET) :             5.564ns  (required time - arrival time)
  Source:                 sec_cnt_reg[15]/C
                            (rising edge-triggered cell FDCE clocked by sys_clk_pin  {rise@0.000ns fall@5.000ns period=10.000ns})
  Destination:            sec_cnt_reg[23]/D
                            (rising edge-triggered cell FDCE clocked by sys_clk_pin  {rise@0.000ns fall@5.000ns period=10.000ns})
  Path Group:             sys_clk_pin
  Path Type:              Setup (Max at Slow Process Corner)
  Requirement:            10.000ns  (sys_clk_pin rise@10.000ns - sys_clk_pin rise@0.000ns)
  Data Path Delay:        4.435ns  (logic 2.123ns (47.864%)  route 2.312ns (52.136%))
  Logic Levels:           9  (CARRY4=6 LUT4=1 LUT6=2)
  Clock Path Skew:        -0.027ns (DCD - SCD + CPR)
    Destination Clock Delay (DCD):    4.856ns = ( 14.856 - 10.000 ) 
    Source Clock Delay      (SCD):    5.157ns
    Clock Pessimism Removal (CPR):    0.274ns
  Clock Uncertainty:      0.035ns  ((TSJ^2 + TIJ^2)^1/2 + DJ) / 2 + PE
    Total System Jitter     (TSJ):    0.071ns
    Total Input Jitter      (TIJ):    0.000ns
    Discrete Jitter          (DJ):    0.000ns
    Phase Error              (PE):    0.000ns

    Location             Delay type                Incr(ns)  Path(ns)    Netlist Resource(s)
  -------------------------------------------------------------------    -------------------
                         (clock sys_clk_pin rise edge)
                                                      0.000     0.000 r  
    W5                                                0.000     0.000 r  clk (IN)
                         net (fo=0)                   0.000     0.000    clk
    W5                   IBUF (Prop_ibuf_I_O)         1.458     1.458 r  clk_IBUF_inst/O
                         net (fo=1, routed)           1.967     3.425    clk_IBUF
    BUFGCTRL_X0Y0        BUFG (Prop_bufg_I_O)         0.096     3.521 r  clk_IBUF_BUFG_inst/O
                         net (fo=86, routed)          1.636     5.157    clk_IBUF_BUFG
    SLICE_X0Y10          FDCE                                         r  sec_cnt_reg[15]/C
  -------------------------------------------------------------------    -------------------
    SLICE_X0Y10          FDCE (Prop_fdce_C_Q)         0.456     5.613 f  sec_cnt_reg[15]/Q
                         net (fo=2, routed)           0.679     6.292    sec_cnt_reg[15]
    SLICE_X1Y10          LUT4 (Prop_lut4_I0_O)        0.124     6.416 r  tick_1s_i_4/O
                         net (fo=1, routed)           0.797     7.214    tick_1s_i_4_n_0
    SLICE_X1Y9           LUT6 (Prop_lut6_I2_O)        0.124     7.338 f  tick_1s_i_3/O
                         net (fo=27, routed)          0.641     7.979    tick_1s_i_3_n_0
    SLICE_X1Y7           LUT6 (Prop_lut6_I2_O)        0.124     8.103 r  sec_cnt[0]_i_2/O
                         net (fo=1, routed)           0.195     8.298    sec_cnt[0]_i_2_n_0
    SLICE_X0Y7           CARRY4 (Prop_carry4_DI[0]_CO[3])
                                                      0.526     8.824 r  sec_cnt_reg[0]_i_1/CO[3]
                         net (fo=1, routed)           0.000     8.824    sec_cnt_reg[0]_i_1_n_0
    SLICE_X0Y8           CARRY4 (Prop_carry4_CI_CO[3])
                                                      0.114     8.938 r  sec_cnt_reg[4]_i_1/CO[3]
                         net (fo=1, routed)           0.000     8.938    sec_cnt_reg[4]_i_1_n_0
    SLICE_X0Y9           CARRY4 (Prop_carry4_CI_CO[3])
                                                      0.114     9.052 r  sec_cnt_reg[8]_i_1/CO[3]
                         net (fo=1, routed)           0.000     9.052    sec_cnt_reg[8]_i_1_n_0
    SLICE_X0Y10          CARRY4 (Prop_carry4_CI_CO[3])
                                                      0.114     9.166 r  sec_cnt_reg[12]_i_1/CO[3]
                         net (fo=1, routed)           0.000     9.166    sec_cnt_reg[12]_i_1_n_0
    SLICE_X0Y11          CARRY4 (Prop_carry4_CI_CO[3])
                                                      0.114     9.280 r  sec_cnt_reg[16]_i_1/CO[3]
                         net (fo=1, routed)           0.000     9.280    sec_cnt_reg[16]_i_1_n_0
    SLICE_X0Y12          CARRY4 (Prop_carry4_CI_O[3])
                                                      0.313     9.593 r  sec_cnt_reg[20]_i_1/O[3]
                         net (fo=1, routed)           0.000     9.593    sec_cnt_reg[20]_i_1_n_4
    SLICE_X0Y12          FDCE                                         r  sec_cnt_reg[23]/D
  -------------------------------------------------------------------    -------------------

                         (clock sys_clk_pin rise edge)
                                                     10.000    10.000 r  
    W5                                                0.000    10.000 r  clk (IN)
                         net (fo=0)                   0.000    10.000    clk
    W5                   IBUF (Prop_ibuf_I_O)         1.388    11.388 r  clk_IBUF_inst/O
                         net (fo=1, routed)           1.862    13.250    clk_IBUF
    BUFGCTRL_X0Y0        BUFG (Prop_bufg_I_O)         0.091    13.341 r  clk_IBUF_BUFG_inst/O
                         net (fo=86, routed)          1.515    14.856    clk_IBUF_BUFG
    SLICE_X0Y12          FDCE                                         r  sec_cnt_reg[23]/C
                         clock pessimism              0.274    15.130    
                         clock uncertainty           -0.035    15.095    
    SLICE_X0Y12          FDCE (Setup_fdce_C_D)        0.062    15.157    sec_cnt_reg[23]
  -------------------------------------------------------------------
                         required time                         15.157    
                         arrival time                          -9.593    
  -------------------------------------------------------------------
                         slack                                  5.564    

Slack (MET) :             5.638ns  (required time - arrival time)
  Source:                 sec_cnt_reg[15]/C
                            (rising edge-triggered cell FDCE clocked by sys_clk_pin  {rise@0.000ns fall@5.000ns period=10.000ns})
  Destination:            sec_cnt_reg[22]/D
                            (rising edge-triggered cell FDCE clocked by sys_clk_pin  {rise@0.000ns fall@5.000ns period=10.000ns})
  Path Group:             sys_clk_pin
  Path Type:              Setup (Max at Slow Process Corner)
  Requirement:            10.000ns  (sys_clk_pin rise@10.000ns - sys_clk_pin rise@0.000ns)
  Data Path Delay:        4.361ns  (logic 2.049ns (46.979%)  route 2.312ns (53.020%))
  Logic Levels:           9  (CARRY4=6 LUT4=1 LUT6=2)
  Clock Path Skew:        -0.027ns (DCD - SCD + CPR)
    Destination Clock Delay (DCD):    4.856ns = ( 14.856 - 10.000 ) 
    Source Clock Delay      (SCD):    5.157ns
    Clock Pessimism Removal (CPR):    0.274ns
  Clock Uncertainty:      0.035ns  ((TSJ^2 + TIJ^2)^1/2 + DJ) / 2 + PE
    Total System Jitter     (TSJ):    0.071ns
    Total Input Jitter      (TIJ):    0.000ns
    Discrete Jitter          (DJ):    0.000ns
    Phase Error              (PE):    0.000ns

    Location             Delay type                Incr(ns)  Path(ns)    Netlist Resource(s)
  -------------------------------------------------------------------    -------------------
                         (clock sys_clk_pin rise edge)
                                                      0.000     0.000 r  
    W5                                                0.000     0.000 r  clk (IN)
                         net (fo=0)                   0.000     0.000    clk
    W5                   IBUF (Prop_ibuf_I_O)         1.458     1.458 r  clk_IBUF_inst/O
                         net (fo=1, routed)           1.967     3.425    clk_IBUF
    BUFGCTRL_X0Y0        BUFG (Prop_bufg_I_O)         0.096     3.521 r  clk_IBUF_BUFG_inst/O
                         net (fo=86, routed)          1.636     5.157    clk_IBUF_BUFG
    SLICE_X0Y10          FDCE                                         r  sec_cnt_reg[15]/C
  -------------------------------------------------------------------    -------------------
    SLICE_X0Y10          FDCE (Prop_fdce_C_Q)         0.456     5.613 f  sec_cnt_reg[15]/Q
                         net (fo=2, routed)           0.679     6.292    sec_cnt_reg[15]
    SLICE_X1Y10          LUT4 (Prop_lut4_I0_O)        0.124     6.416 r  tick_1s_i_4/O
                         net (fo=1, routed)           0.797     7.214    tick_1s_i_4_n_0
    SLICE_X1Y9           LUT6 (Prop_lut6_I2_O)        0.124     7.338 f  tick_1s_i_3/O
                         net (fo=27, routed)          0.641     7.979    tick_1s_i_3_n_0
    SLICE_X1Y7           LUT6 (Prop_lut6_I2_O)        0.124     8.103 r  sec_cnt[0]_i_2/O
                         net (fo=1, routed)           0.195     8.298    sec_cnt[0]_i_2_n_0
    SLICE_X0Y7           CARRY4 (Prop_carry4_DI[0]_CO[3])
                                                      0.526     8.824 r  sec_cnt_reg[0]_i_1/CO[3]
                         net (fo=1, routed)           0.000     8.824    sec_cnt_reg[0]_i_1_n_0
    SLICE_X0Y8           CARRY4 (Prop_carry4_CI_CO[3])
                                                      0.114     8.938 r  sec_cnt_reg[4]_i_1/CO[3]
                         net (fo=1, routed)           0.000     8.938    sec_cnt_reg[4]_i_1_n_0
    SLICE_X0Y9           CARRY4 (Prop_carry4_CI_CO[3])
                                                      0.114     9.052 r  sec_cnt_reg[8]_i_1/CO[3]
                         net (fo=1, routed)           0.000     9.052    sec_cnt_reg[8]_i_1_n_0
    SLICE_X0Y10          CARRY4 (Prop_carry4_CI_CO[3])
                                                      0.114     9.166 r  sec_cnt_reg[12]_i_1/CO[3]
                         net (fo=1, routed)           0.000     9.166    sec_cnt_reg[12]_i_1_n_0
    SLICE_X0Y11          CARRY4 (Prop_carry4_CI_CO[3])
                                                      0.114     9.280 r  sec_cnt_reg[16]_i_1/CO[3]
                         net (fo=1, routed)           0.000     9.280    sec_cnt_reg[16]_i_1_n_0
    SLICE_X0Y12          CARRY4 (Prop_carry4_CI_O[2])
                                                      0.239     9.519 r  sec_cnt_reg[20]_i_1/O[2]
                         net (fo=1, routed)           0.000     9.519    sec_cnt_reg[20]_i_1_n_5
    SLICE_X0Y12          FDCE                                         r  sec_cnt_reg[22]/D
  -------------------------------------------------------------------    -------------------

                         (clock sys_clk_pin rise edge)
                                                     10.000    10.000 r  
    W5                                                0.000    10.000 r  clk (IN)
                         net (fo=0)                   0.000    10.000    clk
    W5                   IBUF (Prop_ibuf_I_O)         1.388    11.388 r  clk_IBUF_inst/O
                         net (fo=1, routed)           1.862    13.250    clk_IBUF
    BUFGCTRL_X0Y0        BUFG (Prop_bufg_I_O)         0.091    13.341 r  clk_IBUF_BUFG_inst/O
                         net (fo=86, routed)          1.515    14.856    clk_IBUF_BUFG
    SLICE_X0Y12          FDCE                                         r  sec_cnt_reg[22]/C
                         clock pessimism              0.274    15.130    
                         clock uncertainty           -0.035    15.095    
    SLICE_X0Y12          FDCE (Setup_fdce_C_D)        0.062    15.157    sec_cnt_reg[22]
  -------------------------------------------------------------------
                         required time                         15.157    
                         arrival time                          -9.519    
  -------------------------------------------------------------------
                         slack                                  5.638    

Slack (MET) :             5.654ns  (required time - arrival time)
  Source:                 sec_cnt_reg[15]/C
                            (rising edge-triggered cell FDCE clocked by sys_clk_pin  {rise@0.000ns fall@5.000ns period=10.000ns})
  Destination:            sec_cnt_reg[20]/D
                            (rising edge-triggered cell FDCE clocked by sys_clk_pin  {rise@0.000ns fall@5.000ns period=10.000ns})
  Path Group:             sys_clk_pin
  Path Type:              Setup (Max at Slow Process Corner)
  Requirement:            10.000ns  (sys_clk_pin rise@10.000ns - sys_clk_pin rise@0.000ns)
  Data Path Delay:        4.345ns  (logic 2.033ns (46.784%)  route 2.312ns (53.216%))
  Logic Levels:           9  (CARRY4=6 LUT4=1 LUT6=2)
  Clock Path Skew:        -0.027ns (DCD - SCD + CPR)
    Destination Clock Delay (DCD):    4.856ns = ( 14.856 - 10.000 ) 
    Source Clock Delay      (SCD):    5.157ns
    Clock Pessimism Removal (CPR):    0.274ns
  Clock Uncertainty:      0.035ns  ((TSJ^2 + TIJ^2)^1/2 + DJ) / 2 + PE
    Total System Jitter     (TSJ):    0.071ns
    Total Input Jitter      (TIJ):    0.000ns
    Discrete Jitter          (DJ):    0.000ns
    Phase Error              (PE):    0.000ns

    Location             Delay type                Incr(ns)  Path(ns)    Netlist Resource(s)
  -------------------------------------------------------------------    -------------------
                         (clock sys_clk_pin rise edge)
                                                      0.000     0.000 r  
    W5                                                0.000     0.000 r  clk (IN)
                         net (fo=0)                   0.000     0.000    clk
    W5                   IBUF (Prop_ibuf_I_O)         1.458     1.458 r  clk_IBUF_inst/O
                         net (fo=1, routed)           1.967     3.425    clk_IBUF
    BUFGCTRL_X0Y0        BUFG (Prop_bufg_I_O)         0.096     3.521 r  clk_IBUF_BUFG_inst/O
                         net (fo=86, routed)          1.636     5.157    clk_IBUF_BUFG
    SLICE_X0Y10          FDCE                                         r  sec_cnt_reg[15]/C
  -------------------------------------------------------------------    -------------------
    SLICE_X0Y10          FDCE (Prop_fdce_C_Q)         0.456     5.613 f  sec_cnt_reg[15]/Q
                         net (fo=2, routed)           0.679     6.292    sec_cnt_reg[15]
    SLICE_X1Y10          LUT4 (Prop_lut4_I0_O)        0.124     6.416 r  tick_1s_i_4/O
                         net (fo=1, routed)           0.797     7.214    tick_1s_i_4_n_0
    SLICE_X1Y9           LUT6 (Prop_lut6_I2_O)        0.124     7.338 f  tick_1s_i_3/O
                         net (fo=27, routed)          0.641     7.979    tick_1s_i_3_n_0
    SLICE_X1Y7           LUT6 (Prop_lut6_I2_O)        0.124     8.103 r  sec_cnt[0]_i_2/O
                         net (fo=1, routed)           0.195     8.298    sec_cnt[0]_i_2_n_0
    SLICE_X0Y7           CARRY4 (Prop_carry4_DI[0]_CO[3])
                                                      0.526     8.824 r  sec_cnt_reg[0]_i_1/CO[3]
                         net (fo=1, routed)           0.000     8.824    sec_cnt_reg[0]_i_1_n_0
    SLICE_X0Y8           CARRY4 (Prop_carry4_CI_CO[3])
                                                      0.114     8.938 r  sec_cnt_reg[4]_i_1/CO[3]
                         net (fo=1, routed)           0.000     8.938    sec_cnt_reg[4]_i_1_n_0
    SLICE_X0Y9           CARRY4 (Prop_carry4_CI_CO[3])
                                                      0.114     9.052 r  sec_cnt_reg[8]_i_1/CO[3]
                         net (fo=1, routed)           0.000     9.052    sec_cnt_reg[8]_i_1_n_0
    SLICE_X0Y10          CARRY4 (Prop_carry4_CI_CO[3])
                                                      0.114     9.166 r  sec_cnt_reg[12]_i_1/CO[3]
                         net (fo=1, routed)           0.000     9.166    sec_cnt_reg[12]_i_1_n_0
    SLICE_X0Y11          CARRY4 (Prop_carry4_CI_CO[3])
                                                      0.114     9.280 r  sec_cnt_reg[16]_i_1/CO[3]
                         net (fo=1, routed)           0.000     9.280    sec_cnt_reg[16]_i_1_n_0
    SLICE_X0Y12          CARRY4 (Prop_carry4_CI_O[0])
                                                      0.223     9.503 r  sec_cnt_reg[20]_i_1/O[0]
                         net (fo=1, routed)           0.000     9.503    sec_cnt_reg[20]_i_1_n_7
    SLICE_X0Y12          FDCE                                         r  sec_cnt_reg[20]/D
  -------------------------------------------------------------------    -------------------

                         (clock sys_clk_pin rise edge)
                                                     10.000    10.000 r  
    W5                                                0.000    10.000 r  clk (IN)
                         net (fo=0)                   0.000    10.000    clk
    W5                   IBUF (Prop_ibuf_I_O)         1.388    11.388 r  clk_IBUF_inst/O
                         net (fo=1, routed)           1.862    13.250    clk_IBUF
    BUFGCTRL_X0Y0        BUFG (Prop_bufg_I_O)         0.091    13.341 r  clk_IBUF_BUFG_inst/O
                         net (fo=86, routed)          1.515    14.856    clk_IBUF_BUFG
    SLICE_X0Y12          FDCE                                         r  sec_cnt_reg[20]/C
                         clock pessimism              0.274    15.130    
                         clock uncertainty           -0.035    15.095    
    SLICE_X0Y12          FDCE (Setup_fdce_C_D)        0.062    15.157    sec_cnt_reg[20]
  -------------------------------------------------------------------
                         required time                         15.157    
                         arrival time                          -9.503    
  -------------------------------------------------------------------
                         slack                                  5.654    

Slack (MET) :             5.658ns  (required time - arrival time)
  Source:                 sec_cnt_reg[15]/C
                            (rising edge-triggered cell FDCE clocked by sys_clk_pin  {rise@0.000ns fall@5.000ns period=10.000ns})
  Destination:            sec_cnt_reg[17]/D
                            (rising edge-triggered cell FDCE clocked by sys_clk_pin  {rise@0.000ns fall@5.000ns period=10.000ns})
  Path Group:             sys_clk_pin
  Path Type:              Setup (Max at Slow Process Corner)
  Requirement:            10.000ns  (sys_clk_pin rise@10.000ns - sys_clk_pin rise@0.000ns)
  Data Path Delay:        4.342ns  (logic 2.030ns (46.748%)  route 2.312ns (53.252%))
  Logic Levels:           8  (CARRY4=5 LUT4=1 LUT6=2)
  Clock Path Skew:        -0.026ns (DCD - SCD + CPR)
    Destination Clock Delay (DCD):    4.857ns = ( 14.857 - 10.000 ) 
    Source Clock Delay      (SCD):    5.157ns
    Clock Pessimism Removal (CPR):    0.274ns
  Clock Uncertainty:      0.035ns  ((TSJ^2 + TIJ^2)^1/2 + DJ) / 2 + PE
    Total System Jitter     (TSJ):    0.071ns
    Total Input Jitter      (TIJ):    0.000ns
    Discrete Jitter          (DJ):    0.000ns
    Phase Error              (PE):    0.000ns

    Location             Delay type                Incr(ns)  Path(ns)    Netlist Resource(s)
  -------------------------------------------------------------------    -------------------
                         (clock sys_clk_pin rise edge)
                                                      0.000     0.000 r  
    W5                                                0.000     0.000 r  clk (IN)
                         net (fo=0)                   0.000     0.000    clk
    W5                   IBUF (Prop_ibuf_I_O)         1.458     1.458 r  clk_IBUF_inst/O
                         net (fo=1, routed)           1.967     3.425    clk_IBUF
    BUFGCTRL_X0Y0        BUFG (Prop_bufg_I_O)         0.096     3.521 r  clk_IBUF_BUFG_inst/O
                         net (fo=86, routed)          1.636     5.157    clk_IBUF_BUFG
    SLICE_X0Y10          FDCE                                         r  sec_cnt_reg[15]/C
  -------------------------------------------------------------------    -------------------
    SLICE_X0Y10          FDCE (Prop_fdce_C_Q)         0.456     5.613 f  sec_cnt_reg[15]/Q
                         net (fo=2, routed)           0.679     6.292    sec_cnt_reg[15]
    SLICE_X1Y10          LUT4 (Prop_lut4_I0_O)        0.124     6.416 r  tick_1s_i_4/O
                         net (fo=1, routed)           0.797     7.214    tick_1s_i_4_n_0
    SLICE_X1Y9           LUT6 (Prop_lut6_I2_O)        0.124     7.338 f  tick_1s_i_3/O
                         net (fo=27, routed)          0.641     7.979    tick_1s_i_3_n_0
    SLICE_X1Y7           LUT6 (Prop_lut6_I2_O)        0.124     8.103 r  sec_cnt[0]_i_2/O
                         net (fo=1, routed)           0.195     8.298    sec_cnt[0]_i_2_n_0
    SLICE_X0Y7           CARRY4 (Prop_carry4_DI[0]_CO[3])
                                                      0.526     8.824 r  sec_cnt_reg[0]_i_1/CO[3]
                         net (fo=1, routed)           0.000     8.824    sec_cnt_reg[0]_i_1_n_0
    SLICE_X0Y8           CARRY4 (Prop_carry4_CI_CO[3])
                                                      0.114     8.938 r  sec_cnt_reg[4]_i_1/CO[3]
                         net (fo=1, routed)           0.000     8.938    sec_cnt_reg[4]_i_1_n_0
    SLICE_X0Y9           CARRY4 (Prop_carry4_CI_CO[3])
                                                      0.114     9.052 r  sec_cnt_reg[8]_i_1/CO[3]
                         net (fo=1, routed)           0.000     9.052    sec_cnt_reg[8]_i_1_n_0
    SLICE_X0Y10          CARRY4 (Prop_carry4_CI_CO[3])
                                                      0.114     9.166 r  sec_cnt_reg[12]_i_1/CO[3]
                         net (fo=1, routed)           0.000     9.166    sec_cnt_reg[12]_i_1_n_0
    SLICE_X0Y11          CARRY4 (Prop_carry4_CI_O[1])
                                                      0.334     9.500 r  sec_cnt_reg[16]_i_1/O[1]
                         net (fo=1, routed)           0.000     9.500    sec_cnt_reg[16]_i_1_n_6
    SLICE_X0Y11          FDCE                                         r  sec_cnt_reg[17]/D
  -------------------------------------------------------------------    -------------------

                         (clock sys_clk_pin rise edge)
                                                     10.000    10.000 r  
    W5                                                0.000    10.000 r  clk (IN)
                         net (fo=0)                   0.000    10.000    clk
    W5                   IBUF (Prop_ibuf_I_O)         1.388    11.388 r  clk_IBUF_inst/O
                         net (fo=1, routed)           1.862    13.250    clk_IBUF
    BUFGCTRL_X0Y0        BUFG (Prop_bufg_I_O)         0.091    13.341 r  clk_IBUF_BUFG_inst/O
                         net (fo=86, routed)          1.516    14.857    clk_IBUF_BUFG
    SLICE_X0Y11          FDCE                                         r  sec_cnt_reg[17]/C
                         clock pessimism              0.274    15.131    
                         clock uncertainty           -0.035    15.096    
    SLICE_X0Y11          FDCE (Setup_fdce_C_D)        0.062    15.158    sec_cnt_reg[17]
  -------------------------------------------------------------------
                         required time                         15.158    
                         arrival time                          -9.500    
  -------------------------------------------------------------------
                         slack                                  5.658    

Slack (MET) :             5.679ns  (required time - arrival time)
  Source:                 sec_cnt_reg[15]/C
                            (rising edge-triggered cell FDCE clocked by sys_clk_pin  {rise@0.000ns fall@5.000ns period=10.000ns})
  Destination:            sec_cnt_reg[19]/D
                            (rising edge-triggered cell FDCE clocked by sys_clk_pin  {rise@0.000ns fall@5.000ns period=10.000ns})
  Path Group:             sys_clk_pin
  Path Type:              Setup (Max at Slow Process Corner)
  Requirement:            10.000ns  (sys_clk_pin rise@10.000ns - sys_clk_pin rise@0.000ns)
  Data Path Delay:        4.321ns  (logic 2.009ns (46.489%)  route 2.312ns (53.511%))
  Logic Levels:           8  (CARRY4=5 LUT4=1 LUT6=2)
  Clock Path Skew:        -0.026ns (DCD - SCD + CPR)
    Destination Clock Delay (DCD):    4.857ns = ( 14.857 - 10.000 ) 
    Source Clock Delay      (SCD):    5.157ns
    Clock Pessimism Removal (CPR):    0.274ns
  Clock Uncertainty:      0.035ns  ((TSJ^2 + TIJ^2)^1/2 + DJ) / 2 + PE
    Total System Jitter     (TSJ):    0.071ns
    Total Input Jitter      (TIJ):    0.000ns
    Discrete Jitter          (DJ):    0.000ns
    Phase Error              (PE):    0.000ns

    Location             Delay type                Incr(ns)  Path(ns)    Netlist Resource(s)
  -------------------------------------------------------------------    -------------------
                         (clock sys_clk_pin rise edge)
                                                      0.000     0.000 r  
    W5                                                0.000     0.000 r  clk (IN)
                         net (fo=0)                   0.000     0.000    clk
    W5                   IBUF (Prop_ibuf_I_O)         1.458     1.458 r  clk_IBUF_inst/O
                         net (fo=1, routed)           1.967     3.425    clk_IBUF
    BUFGCTRL_X0Y0        BUFG (Prop_bufg_I_O)         0.096     3.521 r  clk_IBUF_BUFG_inst/O
                         net (fo=86, routed)          1.636     5.157    clk_IBUF_BUFG
    SLICE_X0Y10          FDCE                                         r  sec_cnt_reg[15]/C
  -------------------------------------------------------------------    -------------------
    SLICE_X0Y10          FDCE (Prop_fdce_C_Q)         0.456     5.613 f  sec_cnt_reg[15]/Q
                         net (fo=2, routed)           0.679     6.292    sec_cnt_reg[15]
    SLICE_X1Y10          LUT4 (Prop_lut4_I0_O)        0.124     6.416 r  tick_1s_i_4/O
                         net (fo=1, routed)           0.797     7.214    tick_1s_i_4_n_0
    SLICE_X1Y9           LUT6 (Prop_lut6_I2_O)        0.124     7.338 f  tick_1s_i_3/O
                         net (fo=27, routed)          0.641     7.979    tick_1s_i_3_n_0
    SLICE_X1Y7           LUT6 (Prop_lut6_I2_O)        0.124     8.103 r  sec_cnt[0]_i_2/O
                         net (fo=1, routed)           0.195     8.298    sec_cnt[0]_i_2_n_0
    SLICE_X0Y7           CARRY4 (Prop_carry4_DI[0]_CO[3])
                                                      0.526     8.824 r  sec_cnt_reg[0]_i_1/CO[3]
                         net (fo=1, routed)           0.000     8.824    sec_cnt_reg[0]_i_1_n_0
    SLICE_X0Y8           CARRY4 (Prop_carry4_CI_CO[3])
                                                      0.114     8.938 r  sec_cnt_reg[4]_i_1/CO[3]
                         net (fo=1, routed)           0.000     8.938    sec_cnt_reg[4]_i_1_n_0
    SLICE_X0Y9           CARRY4 (Prop_carry4_CI_CO[3])
                                                      0.114     9.052 r  sec_cnt_reg[8]_i_1/CO[3]
                         net (fo=1, routed)           0.000     9.052    sec_cnt_reg[8]_i_1_n_0
    SLICE_X0Y10          CARRY4 (Prop_carry4_CI_CO[3])
                                                      0.114     9.166 r  sec_cnt_reg[12]_i_1/CO[3]
                         net (fo=1, routed)           0.000     9.166    sec_cnt_reg[12]_i_1_n_0
    SLICE_X0Y11          CARRY4 (Prop_carry4_CI_O[3])
                                                      0.313     9.479 r  sec_cnt_reg[16]_i_1/O[3]
                         net (fo=1, routed)           0.000     9.479    sec_cnt_reg[16]_i_1_n_4
    SLICE_X0Y11          FDCE                                         r  sec_cnt_reg[19]/D
  -------------------------------------------------------------------    -------------------

                         (clock sys_clk_pin rise edge)
                                                     10.000    10.000 r  
    W5                                                0.000    10.000 r  clk (IN)
                         net (fo=0)                   0.000    10.000    clk
    W5                   IBUF (Prop_ibuf_I_O)         1.388    11.388 r  clk_IBUF_inst/O
                         net (fo=1, routed)           1.862    13.250    clk_IBUF
    BUFGCTRL_X0Y0        BUFG (Prop_bufg_I_O)         0.091    13.341 r  clk_IBUF_BUFG_inst/O
                         net (fo=86, routed)          1.516    14.857    clk_IBUF_BUFG
    SLICE_X0Y11          FDCE                                         r  sec_cnt_reg[19]/C
                         clock pessimism              0.274    15.131    
                         clock uncertainty           -0.035    15.096    
    SLICE_X0Y11          FDCE (Setup_fdce_C_D)        0.062    15.158    sec_cnt_reg[19]
  -------------------------------------------------------------------
                         required time                         15.158    
                         arrival time                          -9.479    
  -------------------------------------------------------------------
                         slack                                  5.679    

Slack (MET) :             5.753ns  (required time - arrival time)
  Source:                 sec_cnt_reg[15]/C
                            (rising edge-triggered cell FDCE clocked by sys_clk_pin  {rise@0.000ns fall@5.000ns period=10.000ns})
  Destination:            sec_cnt_reg[18]/D
                            (rising edge-triggered cell FDCE clocked by sys_clk_pin  {rise@0.000ns fall@5.000ns period=10.000ns})
  Path Group:             sys_clk_pin
  Path Type:              Setup (Max at Slow Process Corner)
  Requirement:            10.000ns  (sys_clk_pin rise@10.000ns - sys_clk_pin rise@0.000ns)
  Data Path Delay:        4.247ns  (logic 1.935ns (45.556%)  route 2.312ns (54.444%))
  Logic Levels:           8  (CARRY4=5 LUT4=1 LUT6=2)
  Clock Path Skew:        -0.026ns (DCD - SCD + CPR)
    Destination Clock Delay (DCD):    4.857ns = ( 14.857 - 10.000 ) 
    Source Clock Delay      (SCD):    5.157ns
    Clock Pessimism Removal (CPR):    0.274ns
  Clock Uncertainty:      0.035ns  ((TSJ^2 + TIJ^2)^1/2 + DJ) / 2 + PE
    Total System Jitter     (TSJ):    0.071ns
    Total Input Jitter      (TIJ):    0.000ns
    Discrete Jitter          (DJ):    0.000ns
    Phase Error              (PE):    0.000ns

    Location             Delay type                Incr(ns)  Path(ns)    Netlist Resource(s)
  -------------------------------------------------------------------    -------------------
                         (clock sys_clk_pin rise edge)
                                                      0.000     0.000 r  
    W5                                                0.000     0.000 r  clk (IN)
                         net (fo=0)                   0.000     0.000    clk
    W5                   IBUF (Prop_ibuf_I_O)         1.458     1.458 r  clk_IBUF_inst/O
                         net (fo=1, routed)           1.967     3.425    clk_IBUF
    BUFGCTRL_X0Y0        BUFG (Prop_bufg_I_O)         0.096     3.521 r  clk_IBUF_BUFG_inst/O
                         net (fo=86, routed)          1.636     5.157    clk_IBUF_BUFG
    SLICE_X0Y10          FDCE                                         r  sec_cnt_reg[15]/C
  -------------------------------------------------------------------    -------------------
    SLICE_X0Y10          FDCE (Prop_fdce_C_Q)         0.456     5.613 f  sec_cnt_reg[15]/Q
                         net (fo=2, routed)           0.679     6.292    sec_cnt_reg[15]
    SLICE_X1Y10          LUT4 (Prop_lut4_I0_O)        0.124     6.416 r  tick_1s_i_4/O
                         net (fo=1, routed)           0.797     7.214    tick_1s_i_4_n_0
    SLICE_X1Y9           LUT6 (Prop_lut6_I2_O)        0.124     7.338 f  tick_1s_i_3/O
                         net (fo=27, routed)          0.641     7.979    tick_1s_i_3_n_0
    SLICE_X1Y7           LUT6 (Prop_lut6_I2_O)        0.124     8.103 r  sec_cnt[0]_i_2/O
                         net (fo=1, routed)           0.195     8.298    sec_cnt[0]_i_2_n_0
    SLICE_X0Y7           CARRY4 (Prop_carry4_DI[0]_CO[3])
                                                      0.526     8.824 r  sec_cnt_reg[0]_i_1/CO[3]
                         net (fo=1, routed)           0.000     8.824    sec_cnt_reg[0]_i_1_n_0
    SLICE_X0Y8           CARRY4 (Prop_carry4_CI_CO[3])
                                                      0.114     8.938 r  sec_cnt_reg[4]_i_1/CO[3]
                         net (fo=1, routed)           0.000     8.938    sec_cnt_reg[4]_i_1_n_0
    SLICE_X0Y9           CARRY4 (Prop_carry4_CI_CO[3])
                                                      0.114     9.052 r  sec_cnt_reg[8]_i_1/CO[3]
                         net (fo=1, routed)           0.000     9.052    sec_cnt_reg[8]_i_1_n_0
    SLICE_X0Y10          CARRY4 (Prop_carry4_CI_CO[3])
                                                      0.114     9.166 r  sec_cnt_reg[12]_i_1/CO[3]
                         net (fo=1, routed)           0.000     9.166    sec_cnt_reg[12]_i_1_n_0
    SLICE_X0Y11          CARRY4 (Prop_carry4_CI_O[2])
                                                      0.239     9.405 r  sec_cnt_reg[16]_i_1/O[2]
                         net (fo=1, routed)           0.000     9.405    sec_cnt_reg[16]_i_1_n_5
    SLICE_X0Y11          FDCE                                         r  sec_cnt_reg[18]/D
  -------------------------------------------------------------------    -------------------

                         (clock sys_clk_pin rise edge)
                                                     10.000    10.000 r  
    W5                                                0.000    10.000 r  clk (IN)
                         net (fo=0)                   0.000    10.000    clk
    W5                   IBUF (Prop_ibuf_I_O)         1.388    11.388 r  clk_IBUF_inst/O
                         net (fo=1, routed)           1.862    13.250    clk_IBUF
    BUFGCTRL_X0Y0        BUFG (Prop_bufg_I_O)         0.091    13.341 r  clk_IBUF_BUFG_inst/O
                         net (fo=86, routed)          1.516    14.857    clk_IBUF_BUFG
    SLICE_X0Y11          FDCE                                         r  sec_cnt_reg[18]/C
                         clock pessimism              0.274    15.131    
                         clock uncertainty           -0.035    15.096    
    SLICE_X0Y11          FDCE (Setup_fdce_C_D)        0.062    15.158    sec_cnt_reg[18]
  -------------------------------------------------------------------
                         required time                         15.158    
                         arrival time                          -9.405    
  -------------------------------------------------------------------
                         slack                                  5.753    





Min Delay Paths
--------------------------------------------------------------------------------------
Slack (MET) :             0.117ns  (arrival time - required time)
  Source:                 prevL_reg/C
                            (rising edge-triggered cell FDCE clocked by sys_clk_pin  {rise@0.000ns fall@5.000ns period=10.000ns})
  Destination:            dir_reg[1]/D
                            (rising edge-triggered cell FDCE clocked by sys_clk_pin  {rise@0.000ns fall@5.000ns period=10.000ns})
  Path Group:             sys_clk_pin
  Path Type:              Hold (Min at Fast Process Corner)
  Requirement:            0.000ns  (sys_clk_pin rise@0.000ns - sys_clk_pin rise@0.000ns)
  Data Path Delay:        0.251ns  (logic 0.186ns (74.042%)  route 0.065ns (25.958%))
  Logic Levels:           1  (LUT5=1)
  Clock Path Skew:        0.013ns (DCD - SCD - CPR)
    Destination Clock Delay (DCD):    1.988ns
    Source Clock Delay      (SCD):    1.474ns
    Clock Pessimism Removal (CPR):    0.501ns

    Location             Delay type                Incr(ns)  Path(ns)    Netlist Resource(s)
  -------------------------------------------------------------------    -------------------
                         (clock sys_clk_pin rise edge)
                                                      0.000     0.000 r  
    W5                                                0.000     0.000 r  clk (IN)
                         net (fo=0)                   0.000     0.000    clk
    W5                   IBUF (Prop_ibuf_I_O)         0.226     0.226 r  clk_IBUF_inst/O
                         net (fo=1, routed)           0.631     0.858    clk_IBUF
    BUFGCTRL_X0Y0        BUFG (Prop_bufg_I_O)         0.026     0.884 r  clk_IBUF_BUFG_inst/O
                         net (fo=86, routed)          0.591     1.474    clk_IBUF_BUFG
    SLICE_X3Y13          FDCE                                         r  prevL_reg/C
  -------------------------------------------------------------------    -------------------
    SLICE_X3Y13          FDCE (Prop_fdce_C_Q)         0.141     1.615 r  prevL_reg/Q
                         net (fo=2, routed)           0.065     1.680    prevL
    SLICE_X2Y13          LUT5 (Prop_lut5_I3_O)        0.045     1.725 r  dir[1]_i_1/O
                         net (fo=1, routed)           0.000     1.725    dir[1]_i_1_n_0
    SLICE_X2Y13          FDCE                                         r  dir_reg[1]/D
  -------------------------------------------------------------------    -------------------

                         (clock sys_clk_pin rise edge)
                                                      0.000     0.000 r  
    W5                                                0.000     0.000 r  clk (IN)
                         net (fo=0)                   0.000     0.000    clk
    W5                   IBUF (Prop_ibuf_I_O)         0.414     0.414 r  clk_IBUF_inst/O
                         net (fo=1, routed)           0.685     1.099    clk_IBUF
    BUFGCTRL_X0Y0        BUFG (Prop_bufg_I_O)         0.029     1.128 r  clk_IBUF_BUFG_inst/O
                         net (fo=86, routed)          0.861     1.988    clk_IBUF_BUFG
    SLICE_X2Y13          FDCE                                         r  dir_reg[1]/C
                         clock pessimism             -0.501     1.487    
    SLICE_X2Y13          FDCE (Hold_fdce_C_D)         0.121     1.608    dir_reg[1]
  -------------------------------------------------------------------
                         required time                         -1.608    
                         arrival time                           1.725    
  -------------------------------------------------------------------
                         slack                                  0.117    

Slack (MET) :             0.139ns  (arrival time - required time)
  Source:                 debR_reg/C
                            (rising edge-triggered cell FDCE clocked by sys_clk_pin  {rise@0.000ns fall@5.000ns period=10.000ns})
  Destination:            dir_reg[0]/D
                            (rising edge-triggered cell FDCE clocked by sys_clk_pin  {rise@0.000ns fall@5.000ns period=10.000ns})
  Path Group:             sys_clk_pin
  Path Type:              Hold (Min at Fast Process Corner)
  Requirement:            0.000ns  (sys_clk_pin rise@0.000ns - sys_clk_pin rise@0.000ns)
  Data Path Delay:        0.273ns  (logic 0.186ns (68.080%)  route 0.087ns (31.920%))
  Logic Levels:           1  (LUT5=1)
  Clock Path Skew:        0.013ns (DCD - SCD - CPR)
    Destination Clock Delay (DCD):    1.988ns
    Source Clock Delay      (SCD):    1.474ns
    Clock Pessimism Removal (CPR):    0.501ns

    Location             Delay type                Incr(ns)  Path(ns)    Netlist Resource(s)
  -------------------------------------------------------------------    -------------------
                         (clock sys_clk_pin rise edge)
                                                      0.000     0.000 r  
    W5                                                0.000     0.000 r  clk (IN)
                         net (fo=0)                   0.000     0.000    clk
    W5                   IBUF (Prop_ibuf_I_O)         0.226     0.226 r  clk_IBUF_inst/O
                         net (fo=1, routed)           0.631     0.858    clk_IBUF
    BUFGCTRL_X0Y0        BUFG (Prop_bufg_I_O)         0.026     0.884 r  clk_IBUF_BUFG_inst/O
                         net (fo=86, routed)          0.591     1.474    clk_IBUF_BUFG
    SLICE_X3Y13          FDCE                                         r  debR_reg/C
  -------------------------------------------------------------------    -------------------
    SLICE_X3Y13          FDCE (Prop_fdce_C_Q)         0.141     1.615 f  debR_reg/Q
                         net (fo=5, routed)           0.087     1.702    debR
    SLICE_X2Y13          LUT5 (Prop_lut5_I1_O)        0.045     1.747 r  dir[0]_i_1/O
                         net (fo=1, routed)           0.000     1.747    dir[0]_i_1_n_0
    SLICE_X2Y13          FDCE                                         r  dir_reg[0]/D
  -------------------------------------------------------------------    -------------------

                         (clock sys_clk_pin rise edge)
                                                      0.000     0.000 r  
    W5                                                0.000     0.000 r  clk (IN)
                         net (fo=0)                   0.000     0.000    clk
    W5                   IBUF (Prop_ibuf_I_O)         0.414     0.414 r  clk_IBUF_inst/O
                         net (fo=1, routed)           0.685     1.099    clk_IBUF
    BUFGCTRL_X0Y0        BUFG (Prop_bufg_I_O)         0.029     1.128 r  clk_IBUF_BUFG_inst/O
                         net (fo=86, routed)          0.861     1.988    clk_IBUF_BUFG
    SLICE_X2Y13          FDCE                                         r  dir_reg[0]/C
                         clock pessimism             -0.501     1.487    
    SLICE_X2Y13          FDCE (Hold_fdce_C_D)         0.121     1.608    dir_reg[0]
  -------------------------------------------------------------------
                         required time                         -1.608    
                         arrival time                           1.747    
  -------------------------------------------------------------------
                         slack                                  0.139    

Slack (MET) :             0.182ns  (arrival time - required time)
  Source:                 led_reg[1]/C
                            (rising edge-triggered cell FDCE clocked by sys_clk_pin  {rise@0.000ns fall@5.000ns period=10.000ns})
  Destination:            led_reg[0]/D
                            (rising edge-triggered cell FDPE clocked by sys_clk_pin  {rise@0.000ns fall@5.000ns period=10.000ns})
  Path Group:             sys_clk_pin
  Path Type:              Hold (Min at Fast Process Corner)
  Requirement:            0.000ns  (sys_clk_pin rise@0.000ns - sys_clk_pin rise@0.000ns)
  Data Path Delay:        0.286ns  (logic 0.186ns (65.024%)  route 0.100ns (34.976%))
  Logic Levels:           1  (LUT3=1)
  Clock Path Skew:        0.013ns (DCD - SCD - CPR)
    Destination Clock Delay (DCD):    1.988ns
    Source Clock Delay      (SCD):    1.474ns
    Clock Pessimism Removal (CPR):    0.501ns

    Location             Delay type                Incr(ns)  Path(ns)    Netlist Resource(s)
  -------------------------------------------------------------------    -------------------
                         (clock sys_clk_pin rise edge)
                                                      0.000     0.000 r  
    W5                                                0.000     0.000 r  clk (IN)
                         net (fo=0)                   0.000     0.000    clk
    W5                   IBUF (Prop_ibuf_I_O)         0.226     0.226 r  clk_IBUF_inst/O
                         net (fo=1, routed)           0.631     0.858    clk_IBUF
    BUFGCTRL_X0Y0        BUFG (Prop_bufg_I_O)         0.026     0.884 r  clk_IBUF_BUFG_inst/O
                         net (fo=86, routed)          0.591     1.474    clk_IBUF_BUFG
    SLICE_X0Y14          FDCE                                         r  led_reg[1]/C
  -------------------------------------------------------------------    -------------------
    SLICE_X0Y14          FDCE (Prop_fdce_C_Q)         0.141     1.615 r  led_reg[1]/Q
                         net (fo=3, routed)           0.100     1.715    led_OBUF[1]
    SLICE_X1Y14          LUT3 (Prop_lut3_I0_O)        0.045     1.760 r  led[0]_i_1/O
                         net (fo=1, routed)           0.000     1.760    led[0]_i_1_n_0
    SLICE_X1Y14          FDPE                                         r  led_reg[0]/D
  -------------------------------------------------------------------    -------------------

                         (clock sys_clk_pin rise edge)
                                                      0.000     0.000 r  
    W5                                                0.000     0.000 r  clk (IN)
                         net (fo=0)                   0.000     0.000    clk
    W5                   IBUF (Prop_ibuf_I_O)         0.414     0.414 r  clk_IBUF_inst/O
                         net (fo=1, routed)           0.685     1.099    clk_IBUF
    BUFGCTRL_X0Y0        BUFG (Prop_bufg_I_O)         0.029     1.128 r  clk_IBUF_BUFG_inst/O
                         net (fo=86, routed)          0.861     1.988    clk_IBUF_BUFG
    SLICE_X1Y14          FDPE                                         r  led_reg[0]/C
                         clock pessimism             -0.501     1.487    
    SLICE_X1Y14          FDPE (Hold_fdpe_C_D)         0.091     1.578    led_reg[0]
  -------------------------------------------------------------------
                         required time                         -1.578    
                         arrival time                           1.760    
  -------------------------------------------------------------------
                         slack                                  0.182    

Slack (MET) :             0.204ns  (arrival time - required time)
  Source:                 led_reg[0]/C
                            (rising edge-triggered cell FDPE clocked by sys_clk_pin  {rise@0.000ns fall@5.000ns period=10.000ns})
  Destination:            led_reg[1]/D
                            (rising edge-triggered cell FDCE clocked by sys_clk_pin  {rise@0.000ns fall@5.000ns period=10.000ns})
  Path Group:             sys_clk_pin
  Path Type:              Hold (Min at Fast Process Corner)
  Requirement:            0.000ns  (sys_clk_pin rise@0.000ns - sys_clk_pin rise@0.000ns)
  Data Path Delay:        0.308ns  (logic 0.186ns (60.324%)  route 0.122ns (39.676%))
  Logic Levels:           1  (LUT3=1)
  Clock Path Skew:        0.013ns (DCD - SCD - CPR)
    Destination Clock Delay (DCD):    1.988ns
    Source Clock Delay      (SCD):    1.474ns
    Clock Pessimism Removal (CPR):    0.501ns

    Location             Delay type                Incr(ns)  Path(ns)    Netlist Resource(s)
  -------------------------------------------------------------------    -------------------
                         (clock sys_clk_pin rise edge)
                                                      0.000     0.000 r  
    W5                                                0.000     0.000 r  clk (IN)
                         net (fo=0)                   0.000     0.000    clk
    W5                   IBUF (Prop_ibuf_I_O)         0.226     0.226 r  clk_IBUF_inst/O
                         net (fo=1, routed)           0.631     0.858    clk_IBUF
    BUFGCTRL_X0Y0        BUFG (Prop_bufg_I_O)         0.026     0.884 r  clk_IBUF_BUFG_inst/O
                         net (fo=86, routed)          0.591     1.474    clk_IBUF_BUFG
    SLICE_X1Y14          FDPE                                         r  led_reg[0]/C
  -------------------------------------------------------------------    -------------------
    SLICE_X1Y14          FDPE (Prop_fdpe_C_Q)         0.141     1.615 r  led_reg[0]/Q
                         net (fo=3, routed)           0.122     1.737    led_OBUF[0]
    SLICE_X0Y14          LUT3 (Prop_lut3_I2_O)        0.045     1.782 r  led[1]_i_1/O
                         net (fo=1, routed)           0.000     1.782    led[1]_i_1_n_0
    SLICE_X0Y14          FDCE                                         r  led_reg[1]/D
  -------------------------------------------------------------------    -------------------

                         (clock sys_clk_pin rise edge)
                                                      0.000     0.000 r  
    W5                                                0.000     0.000 r  clk (IN)
                         net (fo=0)                   0.000     0.000    clk
    W5                   IBUF (Prop_ibuf_I_O)         0.414     0.414 r  clk_IBUF_inst/O
                         net (fo=1, routed)           0.685     1.099    clk_IBUF
    BUFGCTRL_X0Y0        BUFG (Prop_bufg_I_O)         0.029     1.128 r  clk_IBUF_BUFG_inst/O
                         net (fo=86, routed)          0.861     1.988    clk_IBUF_BUFG
    SLICE_X0Y14          FDCE                                         r  led_reg[1]/C
                         clock pessimism             -0.501     1.487    
    SLICE_X0Y14          FDCE (Hold_fdce_C_D)         0.091     1.578    led_reg[1]
  -------------------------------------------------------------------
                         required time                         -1.578    
                         arrival time                           1.782    
  -------------------------------------------------------------------
                         slack                                  0.204    

Slack (MET) :             0.218ns  (arrival time - required time)
  Source:                 debR_reg/C
                            (rising edge-triggered cell FDCE clocked by sys_clk_pin  {rise@0.000ns fall@5.000ns period=10.000ns})
  Destination:            prevR_reg/D
                            (rising edge-triggered cell FDCE clocked by sys_clk_pin  {rise@0.000ns fall@5.000ns period=10.000ns})
  Path Group:             sys_clk_pin
  Path Type:              Hold (Min at Fast Process Corner)
  Requirement:            0.000ns  (sys_clk_pin rise@0.000ns - sys_clk_pin rise@0.000ns)
  Data Path Delay:        0.290ns  (logic 0.141ns (48.541%)  route 0.149ns (51.459%))
  Logic Levels:           0  
  Clock Path Skew:        0.013ns (DCD - SCD - CPR)
    Destination Clock Delay (DCD):    1.988ns
    Source Clock Delay      (SCD):    1.474ns
    Clock Pessimism Removal (CPR):    0.501ns

    Location             Delay type                Incr(ns)  Path(ns)    Netlist Resource(s)
  -------------------------------------------------------------------    -------------------
                         (clock sys_clk_pin rise edge)
                                                      0.000     0.000 r  
    W5                                                0.000     0.000 r  clk (IN)
                         net (fo=0)                   0.000     0.000    clk
    W5                   IBUF (Prop_ibuf_I_O)         0.226     0.226 r  clk_IBUF_inst/O
                         net (fo=1, routed)           0.631     0.858    clk_IBUF
    BUFGCTRL_X0Y0        BUFG (Prop_bufg_I_O)         0.026     0.884 r  clk_IBUF_BUFG_inst/O
                         net (fo=86, routed)          0.591     1.474    clk_IBUF_BUFG
    SLICE_X3Y13          FDCE                                         r  debR_reg/C
  -------------------------------------------------------------------    -------------------
    SLICE_X3Y13          FDCE (Prop_fdce_C_Q)         0.141     1.615 r  debR_reg/Q
                         net (fo=5, routed)           0.149     1.765    debR
    SLICE_X2Y13          FDCE                                         r  prevR_reg/D
  -------------------------------------------------------------------    -------------------

                         (clock sys_clk_pin rise edge)
                                                      0.000     0.000 r  
    W5                                                0.000     0.000 r  clk (IN)
                         net (fo=0)                   0.000     0.000    clk
    W5                   IBUF (Prop_ibuf_I_O)         0.414     0.414 r  clk_IBUF_inst/O
                         net (fo=1, routed)           0.685     1.099    clk_IBUF
    BUFGCTRL_X0Y0        BUFG (Prop_bufg_I_O)         0.029     1.128 r  clk_IBUF_BUFG_inst/O
                         net (fo=86, routed)          0.861     1.988    clk_IBUF_BUFG
    SLICE_X2Y13          FDCE                                         r  prevR_reg/C
                         clock pessimism             -0.501     1.487    
    SLICE_X2Y13          FDCE (Hold_fdce_C_D)         0.059     1.546    prevR_reg
  -------------------------------------------------------------------
                         required time                         -1.546    
                         arrival time                           1.765    
  -------------------------------------------------------------------
                         slack                                  0.218    

Slack (MET) :             0.219ns  (arrival time - required time)
  Source:                 syncL_reg[0]/C
                            (rising edge-triggered cell FDCE clocked by sys_clk_pin  {rise@0.000ns fall@5.000ns period=10.000ns})
  Destination:            syncL_reg[1]/D
                            (rising edge-triggered cell FDCE clocked by sys_clk_pin  {rise@0.000ns fall@5.000ns period=10.000ns})
  Path Group:             sys_clk_pin
  Path Type:              Hold (Min at Fast Process Corner)
  Requirement:            0.000ns  (sys_clk_pin rise@0.000ns - sys_clk_pin rise@0.000ns)
  Data Path Delay:        0.233ns  (logic 0.128ns (55.026%)  route 0.105ns (44.974%))
  Logic Levels:           0  
  Clock Path Skew:        0.015ns (DCD - SCD - CPR)
    Destination Clock Delay (DCD):    1.988ns
    Source Clock Delay      (SCD):    1.474ns
    Clock Pessimism Removal (CPR):    0.499ns

    Location             Delay type                Incr(ns)  Path(ns)    Netlist Resource(s)
  -------------------------------------------------------------------    -------------------
                         (clock sys_clk_pin rise edge)
                                                      0.000     0.000 r  
    W5                                                0.000     0.000 r  clk (IN)
                         net (fo=0)                   0.000     0.000    clk
    W5                   IBUF (Prop_ibuf_I_O)         0.226     0.226 r  clk_IBUF_inst/O
                         net (fo=1, routed)           0.631     0.858    clk_IBUF
    BUFGCTRL_X0Y0        BUFG (Prop_bufg_I_O)         0.026     0.884 r  clk_IBUF_BUFG_inst/O
                         net (fo=86, routed)          0.591     1.474    clk_IBUF_BUFG
    SLICE_X1Y13          FDCE                                         r  syncL_reg[0]/C
  -------------------------------------------------------------------    -------------------
    SLICE_X1Y13          FDCE (Prop_fdce_C_Q)         0.128     1.602 r  syncL_reg[0]/Q
                         net (fo=1, routed)           0.105     1.707    syncL_reg_n_0_[0]
    SLICE_X2Y13          FDCE                                         r  syncL_reg[1]/D
  -------------------------------------------------------------------    -------------------

                         (clock sys_clk_pin rise edge)
                                                      0.000     0.000 r  
    W5                                                0.000     0.000 r  clk (IN)
                         net (fo=0)                   0.000     0.000    clk
    W5                   IBUF (Prop_ibuf_I_O)         0.414     0.414 r  clk_IBUF_inst/O
                         net (fo=1, routed)           0.685     1.099    clk_IBUF
    BUFGCTRL_X0Y0        BUFG (Prop_bufg_I_O)         0.029     1.128 r  clk_IBUF_BUFG_inst/O
                         net (fo=86, routed)          0.861     1.988    clk_IBUF_BUFG
    SLICE_X2Y13          FDCE                                         r  syncL_reg[1]/C
                         clock pessimism             -0.499     1.489    
    SLICE_X2Y13          FDCE (Hold_fdce_C_D)        -0.001     1.488    syncL_reg[1]
  -------------------------------------------------------------------
                         required time                         -1.488    
                         arrival time                           1.707    
  -------------------------------------------------------------------
                         slack                                  0.219    

Slack (MET) :             0.254ns  (arrival time - required time)
  Source:                 led_reg[6]/C
                            (rising edge-triggered cell FDCE clocked by sys_clk_pin  {rise@0.000ns fall@5.000ns period=10.000ns})
  Destination:            led_reg[7]/D
                            (rising edge-triggered cell FDCE clocked by sys_clk_pin  {rise@0.000ns fall@5.000ns period=10.000ns})
  Path Group:             sys_clk_pin
  Path Type:              Hold (Min at Fast Process Corner)
  Requirement:            0.000ns  (sys_clk_pin rise@0.000ns - sys_clk_pin rise@0.000ns)
  Data Path Delay:        0.361ns  (logic 0.183ns (50.673%)  route 0.178ns (49.327%))
  Logic Levels:           1  (LUT3=1)
  Clock Path Skew:        0.000ns (DCD - SCD - CPR)
    Destination Clock Delay (DCD):    1.988ns
    Source Clock Delay      (SCD):    1.474ns
    Clock Pessimism Removal (CPR):    0.514ns

    Location             Delay type                Incr(ns)  Path(ns)    Netlist Resource(s)
  -------------------------------------------------------------------    -------------------
                         (clock sys_clk_pin rise edge)
                                                      0.000     0.000 r  
    W5                                                0.000     0.000 r  clk (IN)
                         net (fo=0)                   0.000     0.000    clk
    W5                   IBUF (Prop_ibuf_I_O)         0.226     0.226 r  clk_IBUF_inst/O
                         net (fo=1, routed)           0.631     0.858    clk_IBUF
    BUFGCTRL_X0Y0        BUFG (Prop_bufg_I_O)         0.026     0.884 r  clk_IBUF_BUFG_inst/O
                         net (fo=86, routed)          0.591     1.474    clk_IBUF_BUFG
    SLICE_X0Y14          FDCE                                         r  led_reg[6]/C
  -------------------------------------------------------------------    -------------------
    SLICE_X0Y14          FDCE (Prop_fdce_C_Q)         0.141     1.615 r  led_reg[6]/Q
                         net (fo=3, routed)           0.178     1.793    led_OBUF[6]
    SLICE_X0Y14          LUT3 (Prop_lut3_I2_O)        0.042     1.835 r  led[7]_i_2/O
                         net (fo=1, routed)           0.000     1.835    led[7]_i_2_n_0
    SLICE_X0Y14          FDCE                                         r  led_reg[7]/D
  -------------------------------------------------------------------    -------------------

                         (clock sys_clk_pin rise edge)
                                                      0.000     0.000 r  
    W5                                                0.000     0.000 r  clk (IN)
                         net (fo=0)                   0.000     0.000    clk
    W5                   IBUF (Prop_ibuf_I_O)         0.414     0.414 r  clk_IBUF_inst/O
                         net (fo=1, routed)           0.685     1.099    clk_IBUF
    BUFGCTRL_X0Y0        BUFG (Prop_bufg_I_O)         0.029     1.128 r  clk_IBUF_BUFG_inst/O
                         net (fo=86, routed)          0.861     1.988    clk_IBUF_BUFG
    SLICE_X0Y14          FDCE                                         r  led_reg[7]/C
                         clock pessimism             -0.514     1.474    
    SLICE_X0Y14          FDCE (Hold_fdce_C_D)         0.107     1.581    led_reg[7]
  -------------------------------------------------------------------
                         required time                         -1.581    
                         arrival time                           1.835    
  -------------------------------------------------------------------
                         slack                                  0.254    

Slack (MET) :             0.265ns  (arrival time - required time)
  Source:                 sec_cnt_reg[25]/C
                            (rising edge-triggered cell FDCE clocked by sys_clk_pin  {rise@0.000ns fall@5.000ns period=10.000ns})
  Destination:            tick_1s_reg/D
                            (rising edge-triggered cell FDCE clocked by sys_clk_pin  {rise@0.000ns fall@5.000ns period=10.000ns})
  Path Group:             sys_clk_pin
  Path Type:              Hold (Min at Fast Process Corner)
  Requirement:            0.000ns  (sys_clk_pin rise@0.000ns - sys_clk_pin rise@0.000ns)
  Data Path Delay:        0.369ns  (logic 0.186ns (50.351%)  route 0.183ns (49.649%))
  Logic Levels:           1  (LUT5=1)
  Clock Path Skew:        0.013ns (DCD - SCD - CPR)
    Destination Clock Delay (DCD):    1.988ns
    Source Clock Delay      (SCD):    1.474ns
    Clock Pessimism Removal (CPR):    0.501ns

    Location             Delay type                Incr(ns)  Path(ns)    Netlist Resource(s)
  -------------------------------------------------------------------    -------------------
                         (clock sys_clk_pin rise edge)
                                                      0.000     0.000 r  
    W5                                                0.000     0.000 r  clk (IN)
                         net (fo=0)                   0.000     0.000    clk
    W5                   IBUF (Prop_ibuf_I_O)         0.226     0.226 r  clk_IBUF_inst/O
                         net (fo=1, routed)           0.631     0.858    clk_IBUF
    BUFGCTRL_X0Y0        BUFG (Prop_bufg_I_O)         0.026     0.884 r  clk_IBUF_BUFG_inst/O
                         net (fo=86, routed)          0.591     1.474    clk_IBUF_BUFG
    SLICE_X0Y13          FDCE                                         r  sec_cnt_reg[25]/C
  -------------------------------------------------------------------    -------------------
    SLICE_X0Y13          FDCE (Prop_fdce_C_Q)         0.141     1.615 r  sec_cnt_reg[25]/Q
                         net (fo=29, routed)          0.183     1.799    sec_cnt_reg[25]
    SLICE_X1Y13          LUT5 (Prop_lut5_I1_O)        0.045     1.844 r  tick_1s_i_1/O
                         net (fo=1, routed)           0.000     1.844    tick_1s_i_1_n_0
    SLICE_X1Y13          FDCE                                         r  tick_1s_reg/D
  -------------------------------------------------------------------    -------------------

                         (clock sys_clk_pin rise edge)
                                                      0.000     0.000 r  
    W5                                                0.000     0.000 r  clk (IN)
                         net (fo=0)                   0.000     0.000    clk
    W5                   IBUF (Prop_ibuf_I_O)         0.414     0.414 r  clk_IBUF_inst/O
                         net (fo=1, routed)           0.685     1.099    clk_IBUF
    BUFGCTRL_X0Y0        BUFG (Prop_bufg_I_O)         0.029     1.128 r  clk_IBUF_BUFG_inst/O
                         net (fo=86, routed)          0.861     1.988    clk_IBUF_BUFG
    SLICE_X1Y13          FDCE                                         r  tick_1s_reg/C
                         clock pessimism             -0.501     1.487    
    SLICE_X1Y13          FDCE (Hold_fdce_C_D)         0.091     1.578    tick_1s_reg
  -------------------------------------------------------------------
                         required time                         -1.578    
                         arrival time                           1.844    
  -------------------------------------------------------------------
                         slack                                  0.265    

Slack (MET) :             0.272ns  (arrival time - required time)
  Source:                 led_reg[6]/C
                            (rising edge-triggered cell FDCE clocked by sys_clk_pin  {rise@0.000ns fall@5.000ns period=10.000ns})
  Destination:            led_reg[5]/D
                            (rising edge-triggered cell FDCE clocked by sys_clk_pin  {rise@0.000ns fall@5.000ns period=10.000ns})
  Path Group:             sys_clk_pin
  Path Type:              Hold (Min at Fast Process Corner)
  Requirement:            0.000ns  (sys_clk_pin rise@0.000ns - sys_clk_pin rise@0.000ns)
  Data Path Delay:        0.364ns  (logic 0.186ns (51.079%)  route 0.178ns (48.921%))
  Logic Levels:           1  (LUT3=1)
  Clock Path Skew:        0.000ns (DCD - SCD - CPR)
    Destination Clock Delay (DCD):    1.988ns
    Source Clock Delay      (SCD):    1.474ns
    Clock Pessimism Removal (CPR):    0.514ns

    Location             Delay type                Incr(ns)  Path(ns)    Netlist Resource(s)
  -------------------------------------------------------------------    -------------------
                         (clock sys_clk_pin rise edge)
                                                      0.000     0.000 r  
    W5                                                0.000     0.000 r  clk (IN)
                         net (fo=0)                   0.000     0.000    clk
    W5                   IBUF (Prop_ibuf_I_O)         0.226     0.226 r  clk_IBUF_inst/O
                         net (fo=1, routed)           0.631     0.858    clk_IBUF
    BUFGCTRL_X0Y0        BUFG (Prop_bufg_I_O)         0.026     0.884 r  clk_IBUF_BUFG_inst/O
                         net (fo=86, routed)          0.591     1.474    clk_IBUF_BUFG
    SLICE_X0Y14          FDCE                                         r  led_reg[6]/C
  -------------------------------------------------------------------    -------------------
    SLICE_X0Y14          FDCE (Prop_fdce_C_Q)         0.141     1.615 r  led_reg[6]/Q
                         net (fo=3, routed)           0.178     1.793    led_OBUF[6]
    SLICE_X0Y14          LUT3 (Prop_lut3_I0_O)        0.045     1.838 r  led[5]_i_1/O
                         net (fo=1, routed)           0.000     1.838    led[5]_i_1_n_0
    SLICE_X0Y14          FDCE                                         r  led_reg[5]/D
  -------------------------------------------------------------------    -------------------

                         (clock sys_clk_pin rise edge)
                                                      0.000     0.000 r  
    W5                                                0.000     0.000 r  clk (IN)
                         net (fo=0)                   0.000     0.000    clk
    W5                   IBUF (Prop_ibuf_I_O)         0.414     0.414 r  clk_IBUF_inst/O
                         net (fo=1, routed)           0.685     1.099    clk_IBUF
    BUFGCTRL_X0Y0        BUFG (Prop_bufg_I_O)         0.029     1.128 r  clk_IBUF_BUFG_inst/O
                         net (fo=86, routed)          0.861     1.988    clk_IBUF_BUFG
    SLICE_X0Y14          FDCE                                         r  led_reg[5]/C
                         clock pessimism             -0.514     1.474    
    SLICE_X0Y14          FDCE (Hold_fdce_C_D)         0.092     1.566    led_reg[5]
  -------------------------------------------------------------------
                         required time                         -1.566    
                         arrival time                           1.838    
  -------------------------------------------------------------------
                         slack                                  0.272    

Slack (MET) :             0.294ns  (arrival time - required time)
  Source:                 debL_reg/C
                            (rising edge-triggered cell FDCE clocked by sys_clk_pin  {rise@0.000ns fall@5.000ns period=10.000ns})
  Destination:            debL_reg/D
                            (rising edge-triggered cell FDCE clocked by sys_clk_pin  {rise@0.000ns fall@5.000ns period=10.000ns})
  Path Group:             sys_clk_pin
  Path Type:              Hold (Min at Fast Process Corner)
  Requirement:            0.000ns  (sys_clk_pin rise@0.000ns - sys_clk_pin rise@0.000ns)
  Data Path Delay:        0.364ns  (logic 0.186ns (51.153%)  route 0.178ns (48.847%))
  Logic Levels:           1  (LUT3=1)
  Clock Path Skew:        0.000ns (DCD - SCD - CPR)
    Destination Clock Delay (DCD):    1.988ns
    Source Clock Delay      (SCD):    1.474ns
    Clock Pessimism Removal (CPR):    0.514ns

    Location             Delay type                Incr(ns)  Path(ns)    Netlist Resource(s)
  -------------------------------------------------------------------    -------------------
                         (clock sys_clk_pin rise edge)
                                                      0.000     0.000 r  
    W5                                                0.000     0.000 r  clk (IN)
                         net (fo=0)                   0.000     0.000    clk
    W5                   IBUF (Prop_ibuf_I_O)         0.226     0.226 r  clk_IBUF_inst/O
                         net (fo=1, routed)           0.631     0.858    clk_IBUF
    BUFGCTRL_X0Y0        BUFG (Prop_bufg_I_O)         0.026     0.884 r  clk_IBUF_BUFG_inst/O
                         net (fo=86, routed)          0.591     1.474    clk_IBUF_BUFG
    SLICE_X3Y13          FDCE                                         r  debL_reg/C
  -------------------------------------------------------------------    -------------------
    SLICE_X3Y13          FDCE (Prop_fdce_C_Q)         0.141     1.615 r  debL_reg/Q
                         net (fo=5, routed)           0.121     1.737    debL
    SLICE_X2Y13          LUT3 (Prop_lut3_I1_O)        0.045     1.782 r  debL_i_1/O
                         net (fo=1, routed)           0.056     1.838    debL_i_1_n_0
    SLICE_X3Y13          FDCE                                         r  debL_reg/D
  -------------------------------------------------------------------    -------------------

                         (clock sys_clk_pin rise edge)
                                                      0.000     0.000 r  
    W5                                                0.000     0.000 r  clk (IN)
                         net (fo=0)                   0.000     0.000    clk
    W5                   IBUF (Prop_ibuf_I_O)         0.414     0.414 r  clk_IBUF_inst/O
                         net (fo=1, routed)           0.685     1.099    clk_IBUF
    BUFGCTRL_X0Y0        BUFG (Prop_bufg_I_O)         0.029     1.128 r  clk_IBUF_BUFG_inst/O
                         net (fo=86, routed)          0.861     1.988    clk_IBUF_BUFG
    SLICE_X3Y13          FDCE                                         r  debL_reg/C
                         clock pessimism             -0.514     1.474    
    SLICE_X3Y13          FDCE (Hold_fdce_C_D)         0.070     1.544    debL_reg
  -------------------------------------------------------------------
                         required time                         -1.544    
                         arrival time                           1.838    
  -------------------------------------------------------------------
                         slack                                  0.294    





Pulse Width Checks
--------------------------------------------------------------------------------------
Clock Name:         sys_clk_pin
Waveform(ns):       { 0.000 5.000 }
Period(ns):         10.000
Sources:            { clk }

Check Type        Corner  Lib Pin  Reference Pin  Required(ns)  Actual(ns)  Slack(ns)  Location       Pin
Min Period        n/a     BUFG/I   n/a            2.155         10.000      7.845      BUFGCTRL_X0Y0  clk_IBUF_BUFG_inst/I
Min Period        n/a     FDCE/C   n/a            1.000         10.000      9.000      SLICE_X3Y8     cntL_reg[0]/C
Min Period        n/a     FDCE/C   n/a            1.000         10.000      9.000      SLICE_X3Y10    cntL_reg[10]/C
Min Period        n/a     FDCE/C   n/a            1.000         10.000      9.000      SLICE_X3Y10    cntL_reg[11]/C
Min Period        n/a     FDCE/C   n/a            1.000         10.000      9.000      SLICE_X3Y10    cntL_reg[12]/C
Min Period        n/a     FDCE/C   n/a            1.000         10.000      9.000      SLICE_X3Y10    cntL_reg[13]/C
Min Period        n/a     FDCE/C   n/a            1.000         10.000      9.000      SLICE_X1Y12    cntL_reg[14]/C
Min Period        n/a     FDCE/C   n/a            1.000         10.000      9.000      SLICE_X3Y11    cntL_reg[15]/C
Min Period        n/a     FDCE/C   n/a            1.000         10.000      9.000      SLICE_X3Y11    cntL_reg[16]/C
Min Period        n/a     FDCE/C   n/a            1.000         10.000      9.000      SLICE_X1Y12    cntL_reg[17]/C
Low Pulse Width   Slow    FDCE/C   n/a            0.500         5.000       4.500      SLICE_X3Y8     cntL_reg[0]/C
Low Pulse Width   Fast    FDCE/C   n/a            0.500         5.000       4.500      SLICE_X3Y8     cntL_reg[0]/C
Low Pulse Width   Slow    FDCE/C   n/a            0.500         5.000       4.500      SLICE_X3Y10    cntL_reg[10]/C
Low Pulse Width   Fast    FDCE/C   n/a            0.500         5.000       4.500      SLICE_X3Y10    cntL_reg[10]/C
Low Pulse Width   Slow    FDCE/C   n/a            0.500         5.000       4.500      SLICE_X3Y10    cntL_reg[11]/C
Low Pulse Width   Fast    FDCE/C   n/a            0.500         5.000       4.500      SLICE_X3Y10    cntL_reg[11]/C
Low Pulse Width   Slow    FDCE/C   n/a            0.500         5.000       4.500      SLICE_X3Y10    cntL_reg[12]/C
Low Pulse Width   Fast    FDCE/C   n/a            0.500         5.000       4.500      SLICE_X3Y10    cntL_reg[12]/C
Low Pulse Width   Slow    FDCE/C   n/a            0.500         5.000       4.500      SLICE_X3Y10    cntL_reg[13]/C
Low Pulse Width   Fast    FDCE/C   n/a            0.500         5.000       4.500      SLICE_X3Y10    cntL_reg[13]/C
High Pulse Width  Slow    FDCE/C   n/a            0.500         5.000       4.500      SLICE_X3Y8     cntL_reg[0]/C
High Pulse Width  Fast    FDCE/C   n/a            0.500         5.000       4.500      SLICE_X3Y8     cntL_reg[0]/C
High Pulse Width  Slow    FDCE/C   n/a            0.500         5.000       4.500      SLICE_X3Y10    cntL_reg[10]/C
High Pulse Width  Fast    FDCE/C   n/a            0.500         5.000       4.500      SLICE_X3Y10    cntL_reg[10]/C
High Pulse Width  Slow    FDCE/C   n/a            0.500         5.000       4.500      SLICE_X3Y10    cntL_reg[11]/C
High Pulse Width  Fast    FDCE/C   n/a            0.500         5.000       4.500      SLICE_X3Y10    cntL_reg[11]/C
High Pulse Width  Slow    FDCE/C   n/a            0.500         5.000       4.500      SLICE_X3Y10    cntL_reg[12]/C
High Pulse Width  Fast    FDCE/C   n/a            0.500         5.000       4.500      SLICE_X3Y10    cntL_reg[12]/C
High Pulse Width  Slow    FDCE/C   n/a            0.500         5.000       4.500      SLICE_X3Y10    cntL_reg[13]/C
High Pulse Width  Fast    FDCE/C   n/a            0.500         5.000       4.500      SLICE_X3Y10    cntL_reg[13]/C



--------------------------------------------------------------------------------------
Path Group:  (none)
From Clock:  sys_clk_pin
  To Clock:  

Max Delay             8 Endpoints
Min Delay             8 Endpoints
--------------------------------------------------------------------------------------


Max Delay Paths
--------------------------------------------------------------------------------------
Slack:                    inf
  Source:                 led_reg[1]/C
                            (rising edge-triggered cell FDCE clocked by sys_clk_pin  {rise@0.000ns fall@5.000ns period=10.000ns})
  Destination:            led[1]
                            (output port)
  Path Group:             (none)
  Path Type:              Max at Slow Process Corner
  Data Path Delay:        6.437ns  (logic 3.986ns (61.923%)  route 2.451ns (38.077%))
  Logic Levels:           1  (OBUF=1)
  Clock Uncertainty:      0.025ns  ((TSJ^2 + TIJ^2)^1/2 + DJ) / 2 + PE
    Total System Jitter     (TSJ):    0.050ns
    Total Input Jitter      (TIJ):    0.000ns
    Discrete Jitter          (DJ):    0.000ns
    Phase Error              (PE):    0.000ns

    Location             Delay type                Incr(ns)  Path(ns)    Netlist Resource(s)
  -------------------------------------------------------------------    -------------------
                         (clock sys_clk_pin rise edge)
                                                      0.000     0.000 r  
    W5                                                0.000     0.000 r  clk (IN)
                         net (fo=0)                   0.000     0.000    clk
    W5                   IBUF (Prop_ibuf_I_O)         1.458     1.458 r  clk_IBUF_inst/O
                         net (fo=1, routed)           1.967     3.425    clk_IBUF
    BUFGCTRL_X0Y0        BUFG (Prop_bufg_I_O)         0.096     3.521 r  clk_IBUF_BUFG_inst/O
                         net (fo=86, routed)          1.633     5.154    clk_IBUF_BUFG
    SLICE_X0Y14          FDCE                                         r  led_reg[1]/C
  -------------------------------------------------------------------    -------------------
    SLICE_X0Y14          FDCE (Prop_fdce_C_Q)         0.456     5.610 r  led_reg[1]/Q
                         net (fo=3, routed)           2.451     8.061    led_OBUF[1]
    E19                  OBUF (Prop_obuf_I_O)         3.530    11.591 r  led_OBUF[1]_inst/O
                         net (fo=0)                   0.000    11.591    led[1]
    E19                                                               r  led[1] (OUT)
  -------------------------------------------------------------------    -------------------

Slack:                    inf
  Source:                 led_reg[7]/C
                            (rising edge-triggered cell FDCE clocked by sys_clk_pin  {rise@0.000ns fall@5.000ns period=10.000ns})
  Destination:            led[7]
                            (output port)
  Path Group:             (none)
  Path Type:              Max at Slow Process Corner
  Data Path Delay:        6.189ns  (logic 4.093ns (66.123%)  route 2.097ns (33.877%))
  Logic Levels:           1  (OBUF=1)
  Clock Uncertainty:      0.025ns  ((TSJ^2 + TIJ^2)^1/2 + DJ) / 2 + PE
    Total System Jitter     (TSJ):    0.050ns
    Total Input Jitter      (TIJ):    0.000ns
    Discrete Jitter          (DJ):    0.000ns
    Phase Error              (PE):    0.000ns

    Location             Delay type                Incr(ns)  Path(ns)    Netlist Resource(s)
  -------------------------------------------------------------------    -------------------
                         (clock sys_clk_pin rise edge)
                                                      0.000     0.000 r  
    W5                                                0.000     0.000 r  clk (IN)
                         net (fo=0)                   0.000     0.000    clk
    W5                   IBUF (Prop_ibuf_I_O)         1.458     1.458 r  clk_IBUF_inst/O
                         net (fo=1, routed)           1.967     3.425    clk_IBUF
    BUFGCTRL_X0Y0        BUFG (Prop_bufg_I_O)         0.096     3.521 r  clk_IBUF_BUFG_inst/O
                         net (fo=86, routed)          1.633     5.154    clk_IBUF_BUFG
    SLICE_X0Y14          FDCE                                         r  led_reg[7]/C
  -------------------------------------------------------------------    -------------------
    SLICE_X0Y14          FDCE (Prop_fdce_C_Q)         0.419     5.573 r  led_reg[7]/Q
                         net (fo=3, routed)           2.097     7.670    led_OBUF[7]
    V14                  OBUF (Prop_obuf_I_O)         3.674    11.344 r  led_OBUF[7]_inst/O
                         net (fo=0)                   0.000    11.344    led[7]
    V14                                                               r  led[7] (OUT)
  -------------------------------------------------------------------    -------------------

Slack:                    inf
  Source:                 led_reg[6]/C
                            (rising edge-triggered cell FDCE clocked by sys_clk_pin  {rise@0.000ns fall@5.000ns period=10.000ns})
  Destination:            led[6]
                            (output port)
  Path Group:             (none)
  Path Type:              Max at Slow Process Corner
  Data Path Delay:        6.104ns  (logic 3.962ns (64.915%)  route 2.141ns (35.085%))
  Logic Levels:           1  (OBUF=1)
  Clock Uncertainty:      0.025ns  ((TSJ^2 + TIJ^2)^1/2 + DJ) / 2 + PE
    Total System Jitter     (TSJ):    0.050ns
    Total Input Jitter      (TIJ):    0.000ns
    Discrete Jitter          (DJ):    0.000ns
    Phase Error              (PE):    0.000ns

    Location             Delay type                Incr(ns)  Path(ns)    Netlist Resource(s)
  -------------------------------------------------------------------    -------------------
                         (clock sys_clk_pin rise edge)
                                                      0.000     0.000 r  
    W5                                                0.000     0.000 r  clk (IN)
                         net (fo=0)                   0.000     0.000    clk
    W5                   IBUF (Prop_ibuf_I_O)         1.458     1.458 r  clk_IBUF_inst/O
                         net (fo=1, routed)           1.967     3.425    clk_IBUF
    BUFGCTRL_X0Y0        BUFG (Prop_bufg_I_O)         0.096     3.521 r  clk_IBUF_BUFG_inst/O
                         net (fo=86, routed)          1.633     5.154    clk_IBUF_BUFG
    SLICE_X0Y14          FDCE                                         r  led_reg[6]/C
  -------------------------------------------------------------------    -------------------
    SLICE_X0Y14          FDCE (Prop_fdce_C_Q)         0.456     5.610 r  led_reg[6]/Q
                         net (fo=3, routed)           2.141     7.752    led_OBUF[6]
    U14                  OBUF (Prop_obuf_I_O)         3.506    11.258 r  led_OBUF[6]_inst/O
                         net (fo=0)                   0.000    11.258    led[6]
    U14                                                               r  led[6] (OUT)
  -------------------------------------------------------------------    -------------------

Slack:                    inf
  Source:                 led_reg[0]/C
                            (rising edge-triggered cell FDPE clocked by sys_clk_pin  {rise@0.000ns fall@5.000ns period=10.000ns})
  Destination:            led[0]
                            (output port)
  Path Group:             (none)
  Path Type:              Max at Slow Process Corner
  Data Path Delay:        6.075ns  (logic 3.961ns (65.195%)  route 2.114ns (34.805%))
  Logic Levels:           1  (OBUF=1)
  Clock Uncertainty:      0.025ns  ((TSJ^2 + TIJ^2)^1/2 + DJ) / 2 + PE
    Total System Jitter     (TSJ):    0.050ns
    Total Input Jitter      (TIJ):    0.000ns
    Discrete Jitter          (DJ):    0.000ns
    Phase Error              (PE):    0.000ns

    Location             Delay type                Incr(ns)  Path(ns)    Netlist Resource(s)
  -------------------------------------------------------------------    -------------------
                         (clock sys_clk_pin rise edge)
                                                      0.000     0.000 r  
    W5                                                0.000     0.000 r  clk (IN)
                         net (fo=0)                   0.000     0.000    clk
    W5                   IBUF (Prop_ibuf_I_O)         1.458     1.458 r  clk_IBUF_inst/O
                         net (fo=1, routed)           1.967     3.425    clk_IBUF
    BUFGCTRL_X0Y0        BUFG (Prop_bufg_I_O)         0.096     3.521 r  clk_IBUF_BUFG_inst/O
                         net (fo=86, routed)          1.633     5.154    clk_IBUF_BUFG
    SLICE_X1Y14          FDPE                                         r  led_reg[0]/C
  -------------------------------------------------------------------    -------------------
    SLICE_X1Y14          FDPE (Prop_fdpe_C_Q)         0.456     5.610 r  led_reg[0]/Q
                         net (fo=3, routed)           2.114     7.725    led_OBUF[0]
    U16                  OBUF (Prop_obuf_I_O)         3.505    11.230 r  led_OBUF[0]_inst/O
                         net (fo=0)                   0.000    11.230    led[0]
    U16                                                               r  led[0] (OUT)
  -------------------------------------------------------------------    -------------------

Slack:                    inf
  Source:                 led_reg[5]/C
                            (rising edge-triggered cell FDCE clocked by sys_clk_pin  {rise@0.000ns fall@5.000ns period=10.000ns})
  Destination:            led[5]
                            (output port)
  Path Group:             (none)
  Path Type:              Max at Slow Process Corner
  Data Path Delay:        5.914ns  (logic 3.970ns (67.132%)  route 1.944ns (32.868%))
  Logic Levels:           1  (OBUF=1)
  Clock Uncertainty:      0.025ns  ((TSJ^2 + TIJ^2)^1/2 + DJ) / 2 + PE
    Total System Jitter     (TSJ):    0.050ns
    Total Input Jitter      (TIJ):    0.000ns
    Discrete Jitter          (DJ):    0.000ns
    Phase Error              (PE):    0.000ns

    Location             Delay type                Incr(ns)  Path(ns)    Netlist Resource(s)
  -------------------------------------------------------------------    -------------------
                         (clock sys_clk_pin rise edge)
                                                      0.000     0.000 r  
    W5                                                0.000     0.000 r  clk (IN)
                         net (fo=0)                   0.000     0.000    clk
    W5                   IBUF (Prop_ibuf_I_O)         1.458     1.458 r  clk_IBUF_inst/O
                         net (fo=1, routed)           1.967     3.425    clk_IBUF
    BUFGCTRL_X0Y0        BUFG (Prop_bufg_I_O)         0.096     3.521 r  clk_IBUF_BUFG_inst/O
                         net (fo=86, routed)          1.633     5.154    clk_IBUF_BUFG
    SLICE_X0Y14          FDCE                                         r  led_reg[5]/C
  -------------------------------------------------------------------    -------------------
    SLICE_X0Y14          FDCE (Prop_fdce_C_Q)         0.456     5.610 r  led_reg[5]/Q
                         net (fo=3, routed)           1.944     7.554    led_OBUF[5]
    U15                  OBUF (Prop_obuf_I_O)         3.514    11.069 r  led_OBUF[5]_inst/O
                         net (fo=0)                   0.000    11.069    led[5]
    U15                                                               r  led[5] (OUT)
  -------------------------------------------------------------------    -------------------

Slack:                    inf
  Source:                 led_reg[4]/C
                            (rising edge-triggered cell FDCE clocked by sys_clk_pin  {rise@0.000ns fall@5.000ns period=10.000ns})
  Destination:            led[4]
                            (output port)
  Path Group:             (none)
  Path Type:              Max at Slow Process Corner
  Data Path Delay:        5.850ns  (logic 4.100ns (70.081%)  route 1.750ns (29.919%))
  Logic Levels:           1  (OBUF=1)
  Clock Uncertainty:      0.025ns  ((TSJ^2 + TIJ^2)^1/2 + DJ) / 2 + PE
    Total System Jitter     (TSJ):    0.050ns
    Total Input Jitter      (TIJ):    0.000ns
    Discrete Jitter          (DJ):    0.000ns
    Phase Error              (PE):    0.000ns

    Location             Delay type                Incr(ns)  Path(ns)    Netlist Resource(s)
  -------------------------------------------------------------------    -------------------
                         (clock sys_clk_pin rise edge)
                                                      0.000     0.000 r  
    W5                                                0.000     0.000 r  clk (IN)
                         net (fo=0)                   0.000     0.000    clk
    W5                   IBUF (Prop_ibuf_I_O)         1.458     1.458 r  clk_IBUF_inst/O
                         net (fo=1, routed)           1.967     3.425    clk_IBUF
    BUFGCTRL_X0Y0        BUFG (Prop_bufg_I_O)         0.096     3.521 r  clk_IBUF_BUFG_inst/O
                         net (fo=86, routed)          1.633     5.154    clk_IBUF_BUFG
    SLICE_X0Y14          FDCE                                         r  led_reg[4]/C
  -------------------------------------------------------------------    -------------------
    SLICE_X0Y14          FDCE (Prop_fdce_C_Q)         0.419     5.573 r  led_reg[4]/Q
                         net (fo=3, routed)           1.750     7.324    led_OBUF[4]
    W18                  OBUF (Prop_obuf_I_O)         3.681    11.004 r  led_OBUF[4]_inst/O
                         net (fo=0)                   0.000    11.004    led[4]
    W18                                                               r  led[4] (OUT)
  -------------------------------------------------------------------    -------------------

Slack:                    inf
  Source:                 led_reg[3]/C
                            (rising edge-triggered cell FDCE clocked by sys_clk_pin  {rise@0.000ns fall@5.000ns period=10.000ns})
  Destination:            led[3]
                            (output port)
  Path Group:             (none)
  Path Type:              Max at Slow Process Corner
  Data Path Delay:        5.837ns  (logic 4.103ns (70.297%)  route 1.734ns (29.703%))
  Logic Levels:           1  (OBUF=1)
  Clock Uncertainty:      0.025ns  ((TSJ^2 + TIJ^2)^1/2 + DJ) / 2 + PE
    Total System Jitter     (TSJ):    0.050ns
    Total Input Jitter      (TIJ):    0.000ns
    Discrete Jitter          (DJ):    0.000ns
    Phase Error              (PE):    0.000ns

    Location             Delay type                Incr(ns)  Path(ns)    Netlist Resource(s)
  -------------------------------------------------------------------    -------------------
                         (clock sys_clk_pin rise edge)
                                                      0.000     0.000 r  
    W5                                                0.000     0.000 r  clk (IN)
                         net (fo=0)                   0.000     0.000    clk
    W5                   IBUF (Prop_ibuf_I_O)         1.458     1.458 r  clk_IBUF_inst/O
                         net (fo=1, routed)           1.967     3.425    clk_IBUF
    BUFGCTRL_X0Y0        BUFG (Prop_bufg_I_O)         0.096     3.521 r  clk_IBUF_BUFG_inst/O
                         net (fo=86, routed)          1.633     5.154    clk_IBUF_BUFG
    SLICE_X0Y14          FDCE                                         r  led_reg[3]/C
  -------------------------------------------------------------------    -------------------
    SLICE_X0Y14          FDCE (Prop_fdce_C_Q)         0.419     5.573 r  led_reg[3]/Q
                         net (fo=3, routed)           1.734     7.307    led_OBUF[3]
    V19                  OBUF (Prop_obuf_I_O)         3.684    10.991 r  led_OBUF[3]_inst/O
                         net (fo=0)                   0.000    10.991    led[3]
    V19                                                               r  led[3] (OUT)
  -------------------------------------------------------------------    -------------------

Slack:                    inf
  Source:                 led_reg[2]/C
                            (rising edge-triggered cell FDCE clocked by sys_clk_pin  {rise@0.000ns fall@5.000ns period=10.000ns})
  Destination:            led[2]
                            (output port)
  Path Group:             (none)
  Path Type:              Max at Slow Process Corner
  Data Path Delay:        5.695ns  (logic 3.957ns (69.480%)  route 1.738ns (30.520%))
  Logic Levels:           1  (OBUF=1)
  Clock Uncertainty:      0.025ns  ((TSJ^2 + TIJ^2)^1/2 + DJ) / 2 + PE
    Total System Jitter     (TSJ):    0.050ns
    Total Input Jitter      (TIJ):    0.000ns
    Discrete Jitter          (DJ):    0.000ns
    Phase Error              (PE):    0.000ns

    Location             Delay type                Incr(ns)  Path(ns)    Netlist Resource(s)
  -------------------------------------------------------------------    -------------------
                         (clock sys_clk_pin rise edge)
                                                      0.000     0.000 r  
    W5                                                0.000     0.000 r  clk (IN)
                         net (fo=0)                   0.000     0.000    clk
    W5                   IBUF (Prop_ibuf_I_O)         1.458     1.458 r  clk_IBUF_inst/O
                         net (fo=1, routed)           1.967     3.425    clk_IBUF
    BUFGCTRL_X0Y0        BUFG (Prop_bufg_I_O)         0.096     3.521 r  clk_IBUF_BUFG_inst/O
                         net (fo=86, routed)          1.633     5.154    clk_IBUF_BUFG
    SLICE_X0Y14          FDCE                                         r  led_reg[2]/C
  -------------------------------------------------------------------    -------------------
    SLICE_X0Y14          FDCE (Prop_fdce_C_Q)         0.456     5.610 r  led_reg[2]/Q
                         net (fo=3, routed)           1.738     7.348    led_OBUF[2]
    U19                  OBUF (Prop_obuf_I_O)         3.501    10.849 r  led_OBUF[2]_inst/O
                         net (fo=0)                   0.000    10.849    led[2]
    U19                                                               r  led[2] (OUT)
  -------------------------------------------------------------------    -------------------





Min Delay Paths
--------------------------------------------------------------------------------------
Slack:                    inf
  Source:                 led_reg[2]/C
                            (rising edge-triggered cell FDCE clocked by sys_clk_pin  {rise@0.000ns fall@5.000ns period=10.000ns})
  Destination:            led[2]
                            (output port)
  Path Group:             (none)
  Path Type:              Min at Fast Process Corner
  Data Path Delay:        1.721ns  (logic 1.343ns (78.030%)  route 0.378ns (21.970%))
  Logic Levels:           1  (OBUF=1)
  Clock Uncertainty:      0.025ns  ((TSJ^2 + TIJ^2)^1/2 + DJ) / 2 + PE
    Total System Jitter     (TSJ):    0.050ns
    Total Input Jitter      (TIJ):    0.000ns
    Discrete Jitter          (DJ):    0.000ns
    Phase Error              (PE):    0.000ns

    Location             Delay type                Incr(ns)  Path(ns)    Netlist Resource(s)
  -------------------------------------------------------------------    -------------------
                         (clock sys_clk_pin rise edge)
                                                      0.000     0.000 r  
    W5                                                0.000     0.000 r  clk (IN)
                         net (fo=0)                   0.000     0.000    clk
    W5                   IBUF (Prop_ibuf_I_O)         0.226     0.226 r  clk_IBUF_inst/O
                         net (fo=1, routed)           0.631     0.858    clk_IBUF
    BUFGCTRL_X0Y0        BUFG (Prop_bufg_I_O)         0.026     0.884 r  clk_IBUF_BUFG_inst/O
                         net (fo=86, routed)          0.591     1.474    clk_IBUF_BUFG
    SLICE_X0Y14          FDCE                                         r  led_reg[2]/C
  -------------------------------------------------------------------    -------------------
    SLICE_X0Y14          FDCE (Prop_fdce_C_Q)         0.141     1.615 r  led_reg[2]/Q
                         net (fo=3, routed)           0.378     1.993    led_OBUF[2]
    U19                  OBUF (Prop_obuf_I_O)         1.202     3.195 r  led_OBUF[2]_inst/O
                         net (fo=0)                   0.000     3.195    led[2]
    U19                                                               r  led[2] (OUT)
  -------------------------------------------------------------------    -------------------

Slack:                    inf
  Source:                 led_reg[3]/C
                            (rising edge-triggered cell FDCE clocked by sys_clk_pin  {rise@0.000ns fall@5.000ns period=10.000ns})
  Destination:            led[3]
                            (output port)
  Path Group:             (none)
  Path Type:              Min at Fast Process Corner
  Data Path Delay:        1.770ns  (logic 1.392ns (78.661%)  route 0.378ns (21.339%))
  Logic Levels:           1  (OBUF=1)
  Clock Uncertainty:      0.025ns  ((TSJ^2 + TIJ^2)^1/2 + DJ) / 2 + PE
    Total System Jitter     (TSJ):    0.050ns
    Total Input Jitter      (TIJ):    0.000ns
    Discrete Jitter          (DJ):    0.000ns
    Phase Error              (PE):    0.000ns

    Location             Delay type                Incr(ns)  Path(ns)    Netlist Resource(s)
  -------------------------------------------------------------------    -------------------
                         (clock sys_clk_pin rise edge)
                                                      0.000     0.000 r  
    W5                                                0.000     0.000 r  clk (IN)
                         net (fo=0)                   0.000     0.000    clk
    W5                   IBUF (Prop_ibuf_I_O)         0.226     0.226 r  clk_IBUF_inst/O
                         net (fo=1, routed)           0.631     0.858    clk_IBUF
    BUFGCTRL_X0Y0        BUFG (Prop_bufg_I_O)         0.026     0.884 r  clk_IBUF_BUFG_inst/O
                         net (fo=86, routed)          0.591     1.474    clk_IBUF_BUFG
    SLICE_X0Y14          FDCE                                         r  led_reg[3]/C
  -------------------------------------------------------------------    -------------------
    SLICE_X0Y14          FDCE (Prop_fdce_C_Q)         0.128     1.602 r  led_reg[3]/Q
                         net (fo=3, routed)           0.378     1.980    led_OBUF[3]
    V19                  OBUF (Prop_obuf_I_O)         1.264     3.244 r  led_OBUF[3]_inst/O
                         net (fo=0)                   0.000     3.244    led[3]
    V19                                                               r  led[3] (OUT)
  -------------------------------------------------------------------    -------------------

Slack:                    inf
  Source:                 led_reg[4]/C
                            (rising edge-triggered cell FDCE clocked by sys_clk_pin  {rise@0.000ns fall@5.000ns period=10.000ns})
  Destination:            led[4]
                            (output port)
  Path Group:             (none)
  Path Type:              Min at Fast Process Corner
  Data Path Delay:        1.782ns  (logic 1.391ns (78.044%)  route 0.391ns (21.956%))
  Logic Levels:           1  (OBUF=1)
  Clock Uncertainty:      0.025ns  ((TSJ^2 + TIJ^2)^1/2 + DJ) / 2 + PE
    Total System Jitter     (TSJ):    0.050ns
    Total Input Jitter      (TIJ):    0.000ns
    Discrete Jitter          (DJ):    0.000ns
    Phase Error              (PE):    0.000ns

    Location             Delay type                Incr(ns)  Path(ns)    Netlist Resource(s)
  -------------------------------------------------------------------    -------------------
                         (clock sys_clk_pin rise edge)
                                                      0.000     0.000 r  
    W5                                                0.000     0.000 r  clk (IN)
                         net (fo=0)                   0.000     0.000    clk
    W5                   IBUF (Prop_ibuf_I_O)         0.226     0.226 r  clk_IBUF_inst/O
                         net (fo=1, routed)           0.631     0.858    clk_IBUF
    BUFGCTRL_X0Y0        BUFG (Prop_bufg_I_O)         0.026     0.884 r  clk_IBUF_BUFG_inst/O
                         net (fo=86, routed)          0.591     1.474    clk_IBUF_BUFG
    SLICE_X0Y14          FDCE                                         r  led_reg[4]/C
  -------------------------------------------------------------------    -------------------
    SLICE_X0Y14          FDCE (Prop_fdce_C_Q)         0.128     1.602 r  led_reg[4]/Q
                         net (fo=3, routed)           0.391     1.993    led_OBUF[4]
    W18                  OBUF (Prop_obuf_I_O)         1.263     3.256 r  led_OBUF[4]_inst/O
                         net (fo=0)                   0.000     3.256    led[4]
    W18                                                               r  led[4] (OUT)
  -------------------------------------------------------------------    -------------------

Slack:                    inf
  Source:                 led_reg[5]/C
                            (rising edge-triggered cell FDCE clocked by sys_clk_pin  {rise@0.000ns fall@5.000ns period=10.000ns})
  Destination:            led[5]
                            (output port)
  Path Group:             (none)
  Path Type:              Min at Fast Process Corner
  Data Path Delay:        1.822ns  (logic 1.357ns (74.433%)  route 0.466ns (25.567%))
  Logic Levels:           1  (OBUF=1)
  Clock Uncertainty:      0.025ns  ((TSJ^2 + TIJ^2)^1/2 + DJ) / 2 + PE
    Total System Jitter     (TSJ):    0.050ns
    Total Input Jitter      (TIJ):    0.000ns
    Discrete Jitter          (DJ):    0.000ns
    Phase Error              (PE):    0.000ns

    Location             Delay type                Incr(ns)  Path(ns)    Netlist Resource(s)
  -------------------------------------------------------------------    -------------------
                         (clock sys_clk_pin rise edge)
                                                      0.000     0.000 r  
    W5                                                0.000     0.000 r  clk (IN)
                         net (fo=0)                   0.000     0.000    clk
    W5                   IBUF (Prop_ibuf_I_O)         0.226     0.226 r  clk_IBUF_inst/O
                         net (fo=1, routed)           0.631     0.858    clk_IBUF
    BUFGCTRL_X0Y0        BUFG (Prop_bufg_I_O)         0.026     0.884 r  clk_IBUF_BUFG_inst/O
                         net (fo=86, routed)          0.591     1.474    clk_IBUF_BUFG
    SLICE_X0Y14          FDCE                                         r  led_reg[5]/C
  -------------------------------------------------------------------    -------------------
    SLICE_X0Y14          FDCE (Prop_fdce_C_Q)         0.141     1.615 r  led_reg[5]/Q
                         net (fo=3, routed)           0.466     2.081    led_OBUF[5]
    U15                  OBUF (Prop_obuf_I_O)         1.216     3.297 r  led_OBUF[5]_inst/O
                         net (fo=0)                   0.000     3.297    led[5]
    U15                                                               r  led[5] (OUT)
  -------------------------------------------------------------------    -------------------

Slack:                    inf
  Source:                 led_reg[0]/C
                            (rising edge-triggered cell FDPE clocked by sys_clk_pin  {rise@0.000ns fall@5.000ns period=10.000ns})
  Destination:            led[0]
                            (output port)
  Path Group:             (none)
  Path Type:              Min at Fast Process Corner
  Data Path Delay:        1.872ns  (logic 1.347ns (71.935%)  route 0.525ns (28.065%))
  Logic Levels:           1  (OBUF=1)
  Clock Uncertainty:      0.025ns  ((TSJ^2 + TIJ^2)^1/2 + DJ) / 2 + PE
    Total System Jitter     (TSJ):    0.050ns
    Total Input Jitter      (TIJ):    0.000ns
    Discrete Jitter          (DJ):    0.000ns
    Phase Error              (PE):    0.000ns

    Location             Delay type                Incr(ns)  Path(ns)    Netlist Resource(s)
  -------------------------------------------------------------------    -------------------
                         (clock sys_clk_pin rise edge)
                                                      0.000     0.000 r  
    W5                                                0.000     0.000 r  clk (IN)
                         net (fo=0)                   0.000     0.000    clk
    W5                   IBUF (Prop_ibuf_I_O)         0.226     0.226 r  clk_IBUF_inst/O
                         net (fo=1, routed)           0.631     0.858    clk_IBUF
    BUFGCTRL_X0Y0        BUFG (Prop_bufg_I_O)         0.026     0.884 r  clk_IBUF_BUFG_inst/O
                         net (fo=86, routed)          0.591     1.474    clk_IBUF_BUFG
    SLICE_X1Y14          FDPE                                         r  led_reg[0]/C
  -------------------------------------------------------------------    -------------------
    SLICE_X1Y14          FDPE (Prop_fdpe_C_Q)         0.141     1.615 r  led_reg[0]/Q
                         net (fo=3, routed)           0.525     2.141    led_OBUF[0]
    U16                  OBUF (Prop_obuf_I_O)         1.206     3.347 r  led_OBUF[0]_inst/O
                         net (fo=0)                   0.000     3.347    led[0]
    U16                                                               r  led[0] (OUT)
  -------------------------------------------------------------------    -------------------

Slack:                    inf
  Source:                 led_reg[6]/C
                            (rising edge-triggered cell FDCE clocked by sys_clk_pin  {rise@0.000ns fall@5.000ns period=10.000ns})
  Destination:            led[6]
                            (output port)
  Path Group:             (none)
  Path Type:              Min at Fast Process Corner
  Data Path Delay:        1.897ns  (logic 1.348ns (71.085%)  route 0.548ns (28.915%))
  Logic Levels:           1  (OBUF=1)
  Clock Uncertainty:      0.025ns  ((TSJ^2 + TIJ^2)^1/2 + DJ) / 2 + PE
    Total System Jitter     (TSJ):    0.050ns
    Total Input Jitter      (TIJ):    0.000ns
    Discrete Jitter          (DJ):    0.000ns
    Phase Error              (PE):    0.000ns

    Location             Delay type                Incr(ns)  Path(ns)    Netlist Resource(s)
  -------------------------------------------------------------------    -------------------
                         (clock sys_clk_pin rise edge)
                                                      0.000     0.000 r  
    W5                                                0.000     0.000 r  clk (IN)
                         net (fo=0)                   0.000     0.000    clk
    W5                   IBUF (Prop_ibuf_I_O)         0.226     0.226 r  clk_IBUF_inst/O
                         net (fo=1, routed)           0.631     0.858    clk_IBUF
    BUFGCTRL_X0Y0        BUFG (Prop_bufg_I_O)         0.026     0.884 r  clk_IBUF_BUFG_inst/O
                         net (fo=86, routed)          0.591     1.474    clk_IBUF_BUFG
    SLICE_X0Y14          FDCE                                         r  led_reg[6]/C
  -------------------------------------------------------------------    -------------------
    SLICE_X0Y14          FDCE (Prop_fdce_C_Q)         0.141     1.615 r  led_reg[6]/Q
                         net (fo=3, routed)           0.548     2.164    led_OBUF[6]
    U14                  OBUF (Prop_obuf_I_O)         1.207     3.371 r  led_OBUF[6]_inst/O
                         net (fo=0)                   0.000     3.371    led[6]
    U14                                                               r  led[6] (OUT)
  -------------------------------------------------------------------    -------------------

Slack:                    inf
  Source:                 led_reg[7]/C
                            (rising edge-triggered cell FDCE clocked by sys_clk_pin  {rise@0.000ns fall@5.000ns period=10.000ns})
  Destination:            led[7]
                            (output port)
  Path Group:             (none)
  Path Type:              Min at Fast Process Corner
  Data Path Delay:        1.922ns  (logic 1.383ns (71.962%)  route 0.539ns (28.038%))
  Logic Levels:           1  (OBUF=1)
  Clock Uncertainty:      0.025ns  ((TSJ^2 + TIJ^2)^1/2 + DJ) / 2 + PE
    Total System Jitter     (TSJ):    0.050ns
    Total Input Jitter      (TIJ):    0.000ns
    Discrete Jitter          (DJ):    0.000ns
    Phase Error              (PE):    0.000ns

    Location             Delay type                Incr(ns)  Path(ns)    Netlist Resource(s)
  -------------------------------------------------------------------    -------------------
                         (clock sys_clk_pin rise edge)
                                                      0.000     0.000 r  
    W5                                                0.000     0.000 r  clk (IN)
                         net (fo=0)                   0.000     0.000    clk
    W5                   IBUF (Prop_ibuf_I_O)         0.226     0.226 r  clk_IBUF_inst/O
                         net (fo=1, routed)           0.631     0.858    clk_IBUF
    BUFGCTRL_X0Y0        BUFG (Prop_bufg_I_O)         0.026     0.884 r  clk_IBUF_BUFG_inst/O
                         net (fo=86, routed)          0.591     1.474    clk_IBUF_BUFG
    SLICE_X0Y14          FDCE                                         r  led_reg[7]/C
  -------------------------------------------------------------------    -------------------
    SLICE_X0Y14          FDCE (Prop_fdce_C_Q)         0.128     1.602 r  led_reg[7]/Q
                         net (fo=3, routed)           0.539     2.141    led_OBUF[7]
    V14                  OBUF (Prop_obuf_I_O)         1.255     3.396 r  led_OBUF[7]_inst/O
                         net (fo=0)                   0.000     3.396    led[7]
    V14                                                               r  led[7] (OUT)
  -------------------------------------------------------------------    -------------------

Slack:                    inf
  Source:                 led_reg[1]/C
                            (rising edge-triggered cell FDCE clocked by sys_clk_pin  {rise@0.000ns fall@5.000ns period=10.000ns})
  Destination:            led[1]
                            (output port)
  Path Group:             (none)
  Path Type:              Min at Fast Process Corner
  Data Path Delay:        2.030ns  (logic 1.372ns (67.552%)  route 0.659ns (32.448%))
  Logic Levels:           1  (OBUF=1)
  Clock Uncertainty:      0.025ns  ((TSJ^2 + TIJ^2)^1/2 + DJ) / 2 + PE
    Total System Jitter     (TSJ):    0.050ns
    Total Input Jitter      (TIJ):    0.000ns
    Discrete Jitter          (DJ):    0.000ns
    Phase Error              (PE):    0.000ns

    Location             Delay type                Incr(ns)  Path(ns)    Netlist Resource(s)
  -------------------------------------------------------------------    -------------------
                         (clock sys_clk_pin rise edge)
                                                      0.000     0.000 r  
    W5                                                0.000     0.000 r  clk (IN)
                         net (fo=0)                   0.000     0.000    clk
    W5                   IBUF (Prop_ibuf_I_O)         0.226     0.226 r  clk_IBUF_inst/O
                         net (fo=1, routed)           0.631     0.858    clk_IBUF
    BUFGCTRL_X0Y0        BUFG (Prop_bufg_I_O)         0.026     0.884 r  clk_IBUF_BUFG_inst/O
                         net (fo=86, routed)          0.591     1.474    clk_IBUF_BUFG
    SLICE_X0Y14          FDCE                                         r  led_reg[1]/C
  -------------------------------------------------------------------    -------------------
    SLICE_X0Y14          FDCE (Prop_fdce_C_Q)         0.141     1.615 r  led_reg[1]/Q
                         net (fo=3, routed)           0.659     2.274    led_OBUF[1]
    E19                  OBUF (Prop_obuf_I_O)         1.231     3.505 r  led_OBUF[1]_inst/O
                         net (fo=0)                   0.000     3.505    led[1]
    E19                                                               r  led[1] (OUT)
  -------------------------------------------------------------------    -------------------





--------------------------------------------------------------------------------------
Path Group:  (none)
From Clock:  
  To Clock:  sys_clk_pin

Max Delay            88 Endpoints
Min Delay            88 Endpoints
--------------------------------------------------------------------------------------


Max Delay Paths
--------------------------------------------------------------------------------------
Slack:                    inf
  Source:                 reset
                            (input port)
  Destination:            cntR_reg[18]/CLR
                            (recovery check against rising-edge clock sys_clk_pin  {rise@0.000ns fall@5.000ns period=10.000ns})
  Path Group:             (none)
  Path Type:              Recovery (Max at Slow Process Corner)
  Data Path Delay:        3.539ns  (logic 1.441ns (40.727%)  route 2.098ns (59.273%))
  Logic Levels:           1  (IBUF=1)
  Clock Path Skew:        4.853ns (DCD - SCD + CPR)
    Destination Clock Delay (DCD):    4.853ns
    Source Clock Delay      (SCD):    0.000ns
    Clock Pessimism Removal (CPR):    0.000ns
  Clock Uncertainty:      0.025ns  ((TSJ^2 + TIJ^2)^1/2 + DJ) / 2 + PE
    Total System Jitter     (TSJ):    0.050ns
    Total Input Jitter      (TIJ):    0.000ns
    Discrete Jitter          (DJ):    0.000ns
    Phase Error              (PE):    0.000ns

    Location             Delay type                Incr(ns)  Path(ns)    Netlist Resource(s)
  -------------------------------------------------------------------    -------------------
    U18                                               0.000     0.000 f  reset (IN)
                         net (fo=0)                   0.000     0.000    reset
    U18                  IBUF (Prop_ibuf_I_O)         1.441     1.441 f  reset_IBUF_inst/O
                         net (fo=86, routed)          2.098     3.539    reset_IBUF
    SLICE_X5Y13          FDCE                                         f  cntR_reg[18]/CLR
  -------------------------------------------------------------------    -------------------

                         (clock sys_clk_pin rise edge)
                                                      0.000     0.000 r  
    W5                                                0.000     0.000 r  clk (IN)
                         net (fo=0)                   0.000     0.000    clk
    W5                   IBUF (Prop_ibuf_I_O)         1.388     1.388 r  clk_IBUF_inst/O
                         net (fo=1, routed)           1.862     3.250    clk_IBUF
    BUFGCTRL_X0Y0        BUFG (Prop_bufg_I_O)         0.091     3.341 r  clk_IBUF_BUFG_inst/O
                         net (fo=86, routed)          1.512     4.853    clk_IBUF_BUFG
    SLICE_X5Y13          FDCE                                         r  cntR_reg[18]/C

Slack:                    inf
  Source:                 reset
                            (input port)
  Destination:            cntR_reg[19]/CLR
                            (recovery check against rising-edge clock sys_clk_pin  {rise@0.000ns fall@5.000ns period=10.000ns})
  Path Group:             (none)
  Path Type:              Recovery (Max at Slow Process Corner)
  Data Path Delay:        3.539ns  (logic 1.441ns (40.727%)  route 2.098ns (59.273%))
  Logic Levels:           1  (IBUF=1)
  Clock Path Skew:        4.853ns (DCD - SCD + CPR)
    Destination Clock Delay (DCD):    4.853ns
    Source Clock Delay      (SCD):    0.000ns
    Clock Pessimism Removal (CPR):    0.000ns
  Clock Uncertainty:      0.025ns  ((TSJ^2 + TIJ^2)^1/2 + DJ) / 2 + PE
    Total System Jitter     (TSJ):    0.050ns
    Total Input Jitter      (TIJ):    0.000ns
    Discrete Jitter          (DJ):    0.000ns
    Phase Error              (PE):    0.000ns

    Location             Delay type                Incr(ns)  Path(ns)    Netlist Resource(s)
  -------------------------------------------------------------------    -------------------
    U18                                               0.000     0.000 f  reset (IN)
                         net (fo=0)                   0.000     0.000    reset
    U18                  IBUF (Prop_ibuf_I_O)         1.441     1.441 f  reset_IBUF_inst/O
                         net (fo=86, routed)          2.098     3.539    reset_IBUF
    SLICE_X5Y13          FDCE                                         f  cntR_reg[19]/CLR
  -------------------------------------------------------------------    -------------------

                         (clock sys_clk_pin rise edge)
                                                      0.000     0.000 r  
    W5                                                0.000     0.000 r  clk (IN)
                         net (fo=0)                   0.000     0.000    clk
    W5                   IBUF (Prop_ibuf_I_O)         1.388     1.388 r  clk_IBUF_inst/O
                         net (fo=1, routed)           1.862     3.250    clk_IBUF
    BUFGCTRL_X0Y0        BUFG (Prop_bufg_I_O)         0.091     3.341 r  clk_IBUF_BUFG_inst/O
                         net (fo=86, routed)          1.512     4.853    clk_IBUF_BUFG
    SLICE_X5Y13          FDCE                                         r  cntR_reg[19]/C

Slack:                    inf
  Source:                 reset
                            (input port)
  Destination:            sec_cnt_reg[4]/CLR
                            (recovery check against rising-edge clock sys_clk_pin  {rise@0.000ns fall@5.000ns period=10.000ns})
  Path Group:             (none)
  Path Type:              Recovery (Max at Slow Process Corner)
  Data Path Delay:        3.429ns  (logic 1.441ns (42.037%)  route 1.987ns (57.963%))
  Logic Levels:           1  (IBUF=1)
  Clock Path Skew:        4.859ns (DCD - SCD + CPR)
    Destination Clock Delay (DCD):    4.859ns
    Source Clock Delay      (SCD):    0.000ns
    Clock Pessimism Removal (CPR):    0.000ns
  Clock Uncertainty:      0.025ns  ((TSJ^2 + TIJ^2)^1/2 + DJ) / 2 + PE
    Total System Jitter     (TSJ):    0.050ns
    Total Input Jitter      (TIJ):    0.000ns
    Discrete Jitter          (DJ):    0.000ns
    Phase Error              (PE):    0.000ns

    Location             Delay type                Incr(ns)  Path(ns)    Netlist Resource(s)
  -------------------------------------------------------------------    -------------------
    U18                                               0.000     0.000 f  reset (IN)
                         net (fo=0)                   0.000     0.000    reset
    U18                  IBUF (Prop_ibuf_I_O)         1.441     1.441 f  reset_IBUF_inst/O
                         net (fo=86, routed)          1.987     3.429    reset_IBUF
    SLICE_X0Y8           FDCE                                         f  sec_cnt_reg[4]/CLR
  -------------------------------------------------------------------    -------------------

                         (clock sys_clk_pin rise edge)
                                                      0.000     0.000 r  
    W5                                                0.000     0.000 r  clk (IN)
                         net (fo=0)                   0.000     0.000    clk
    W5                   IBUF (Prop_ibuf_I_O)         1.388     1.388 r  clk_IBUF_inst/O
                         net (fo=1, routed)           1.862     3.250    clk_IBUF
    BUFGCTRL_X0Y0        BUFG (Prop_bufg_I_O)         0.091     3.341 r  clk_IBUF_BUFG_inst/O
                         net (fo=86, routed)          1.518     4.859    clk_IBUF_BUFG
    SLICE_X0Y8           FDCE                                         r  sec_cnt_reg[4]/C

Slack:                    inf
  Source:                 reset
                            (input port)
  Destination:            sec_cnt_reg[5]/CLR
                            (recovery check against rising-edge clock sys_clk_pin  {rise@0.000ns fall@5.000ns period=10.000ns})
  Path Group:             (none)
  Path Type:              Recovery (Max at Slow Process Corner)
  Data Path Delay:        3.429ns  (logic 1.441ns (42.037%)  route 1.987ns (57.963%))
  Logic Levels:           1  (IBUF=1)
  Clock Path Skew:        4.859ns (DCD - SCD + CPR)
    Destination Clock Delay (DCD):    4.859ns
    Source Clock Delay      (SCD):    0.000ns
    Clock Pessimism Removal (CPR):    0.000ns
  Clock Uncertainty:      0.025ns  ((TSJ^2 + TIJ^2)^1/2 + DJ) / 2 + PE
    Total System Jitter     (TSJ):    0.050ns
    Total Input Jitter      (TIJ):    0.000ns
    Discrete Jitter          (DJ):    0.000ns
    Phase Error              (PE):    0.000ns

    Location             Delay type                Incr(ns)  Path(ns)    Netlist Resource(s)
  -------------------------------------------------------------------    -------------------
    U18                                               0.000     0.000 f  reset (IN)
                         net (fo=0)                   0.000     0.000    reset
    U18                  IBUF (Prop_ibuf_I_O)         1.441     1.441 f  reset_IBUF_inst/O
                         net (fo=86, routed)          1.987     3.429    reset_IBUF
    SLICE_X0Y8           FDCE                                         f  sec_cnt_reg[5]/CLR
  -------------------------------------------------------------------    -------------------

                         (clock sys_clk_pin rise edge)
                                                      0.000     0.000 r  
    W5                                                0.000     0.000 r  clk (IN)
                         net (fo=0)                   0.000     0.000    clk
    W5                   IBUF (Prop_ibuf_I_O)         1.388     1.388 r  clk_IBUF_inst/O
                         net (fo=1, routed)           1.862     3.250    clk_IBUF
    BUFGCTRL_X0Y0        BUFG (Prop_bufg_I_O)         0.091     3.341 r  clk_IBUF_BUFG_inst/O
                         net (fo=86, routed)          1.518     4.859    clk_IBUF_BUFG
    SLICE_X0Y8           FDCE                                         r  sec_cnt_reg[5]/C

Slack:                    inf
  Source:                 reset
                            (input port)
  Destination:            sec_cnt_reg[6]/CLR
                            (recovery check against rising-edge clock sys_clk_pin  {rise@0.000ns fall@5.000ns period=10.000ns})
  Path Group:             (none)
  Path Type:              Recovery (Max at Slow Process Corner)
  Data Path Delay:        3.429ns  (logic 1.441ns (42.037%)  route 1.987ns (57.963%))
  Logic Levels:           1  (IBUF=1)
  Clock Path Skew:        4.859ns (DCD - SCD + CPR)
    Destination Clock Delay (DCD):    4.859ns
    Source Clock Delay      (SCD):    0.000ns
    Clock Pessimism Removal (CPR):    0.000ns
  Clock Uncertainty:      0.025ns  ((TSJ^2 + TIJ^2)^1/2 + DJ) / 2 + PE
    Total System Jitter     (TSJ):    0.050ns
    Total Input Jitter      (TIJ):    0.000ns
    Discrete Jitter          (DJ):    0.000ns
    Phase Error              (PE):    0.000ns

    Location             Delay type                Incr(ns)  Path(ns)    Netlist Resource(s)
  -------------------------------------------------------------------    -------------------
    U18                                               0.000     0.000 f  reset (IN)
                         net (fo=0)                   0.000     0.000    reset
    U18                  IBUF (Prop_ibuf_I_O)         1.441     1.441 f  reset_IBUF_inst/O
                         net (fo=86, routed)          1.987     3.429    reset_IBUF
    SLICE_X0Y8           FDCE                                         f  sec_cnt_reg[6]/CLR
  -------------------------------------------------------------------    -------------------

                         (clock sys_clk_pin rise edge)
                                                      0.000     0.000 r  
    W5                                                0.000     0.000 r  clk (IN)
                         net (fo=0)                   0.000     0.000    clk
    W5                   IBUF (Prop_ibuf_I_O)         1.388     1.388 r  clk_IBUF_inst/O
                         net (fo=1, routed)           1.862     3.250    clk_IBUF
    BUFGCTRL_X0Y0        BUFG (Prop_bufg_I_O)         0.091     3.341 r  clk_IBUF_BUFG_inst/O
                         net (fo=86, routed)          1.518     4.859    clk_IBUF_BUFG
    SLICE_X0Y8           FDCE                                         r  sec_cnt_reg[6]/C

Slack:                    inf
  Source:                 reset
                            (input port)
  Destination:            sec_cnt_reg[7]/CLR
                            (recovery check against rising-edge clock sys_clk_pin  {rise@0.000ns fall@5.000ns period=10.000ns})
  Path Group:             (none)
  Path Type:              Recovery (Max at Slow Process Corner)
  Data Path Delay:        3.429ns  (logic 1.441ns (42.037%)  route 1.987ns (57.963%))
  Logic Levels:           1  (IBUF=1)
  Clock Path Skew:        4.859ns (DCD - SCD + CPR)
    Destination Clock Delay (DCD):    4.859ns
    Source Clock Delay      (SCD):    0.000ns
    Clock Pessimism Removal (CPR):    0.000ns
  Clock Uncertainty:      0.025ns  ((TSJ^2 + TIJ^2)^1/2 + DJ) / 2 + PE
    Total System Jitter     (TSJ):    0.050ns
    Total Input Jitter      (TIJ):    0.000ns
    Discrete Jitter          (DJ):    0.000ns
    Phase Error              (PE):    0.000ns

    Location             Delay type                Incr(ns)  Path(ns)    Netlist Resource(s)
  -------------------------------------------------------------------    -------------------
    U18                                               0.000     0.000 f  reset (IN)
                         net (fo=0)                   0.000     0.000    reset
    U18                  IBUF (Prop_ibuf_I_O)         1.441     1.441 f  reset_IBUF_inst/O
                         net (fo=86, routed)          1.987     3.429    reset_IBUF
    SLICE_X0Y8           FDCE                                         f  sec_cnt_reg[7]/CLR
  -------------------------------------------------------------------    -------------------

                         (clock sys_clk_pin rise edge)
                                                      0.000     0.000 r  
    W5                                                0.000     0.000 r  clk (IN)
                         net (fo=0)                   0.000     0.000    clk
    W5                   IBUF (Prop_ibuf_I_O)         1.388     1.388 r  clk_IBUF_inst/O
                         net (fo=1, routed)           1.862     3.250    clk_IBUF
    BUFGCTRL_X0Y0        BUFG (Prop_bufg_I_O)         0.091     3.341 r  clk_IBUF_BUFG_inst/O
                         net (fo=86, routed)          1.518     4.859    clk_IBUF_BUFG
    SLICE_X0Y8           FDCE                                         r  sec_cnt_reg[7]/C

Slack:                    inf
  Source:                 reset
                            (input port)
  Destination:            cntR_reg[14]/CLR
                            (recovery check against rising-edge clock sys_clk_pin  {rise@0.000ns fall@5.000ns period=10.000ns})
  Path Group:             (none)
  Path Type:              Recovery (Max at Slow Process Corner)
  Data Path Delay:        3.397ns  (logic 1.441ns (42.428%)  route 1.956ns (57.572%))
  Logic Levels:           1  (IBUF=1)
  Clock Path Skew:        4.854ns (DCD - SCD + CPR)
    Destination Clock Delay (DCD):    4.854ns
    Source Clock Delay      (SCD):    0.000ns
    Clock Pessimism Removal (CPR):    0.000ns
  Clock Uncertainty:      0.025ns  ((TSJ^2 + TIJ^2)^1/2 + DJ) / 2 + PE
    Total System Jitter     (TSJ):    0.050ns
    Total Input Jitter      (TIJ):    0.000ns
    Discrete Jitter          (DJ):    0.000ns
    Phase Error              (PE):    0.000ns

    Location             Delay type                Incr(ns)  Path(ns)    Netlist Resource(s)
  -------------------------------------------------------------------    -------------------
    U18                                               0.000     0.000 f  reset (IN)
                         net (fo=0)                   0.000     0.000    reset
    U18                  IBUF (Prop_ibuf_I_O)         1.441     1.441 f  reset_IBUF_inst/O
                         net (fo=86, routed)          1.956     3.397    reset_IBUF
    SLICE_X5Y12          FDCE                                         f  cntR_reg[14]/CLR
  -------------------------------------------------------------------    -------------------

                         (clock sys_clk_pin rise edge)
                                                      0.000     0.000 r  
    W5                                                0.000     0.000 r  clk (IN)
                         net (fo=0)                   0.000     0.000    clk
    W5                   IBUF (Prop_ibuf_I_O)         1.388     1.388 r  clk_IBUF_inst/O
                         net (fo=1, routed)           1.862     3.250    clk_IBUF
    BUFGCTRL_X0Y0        BUFG (Prop_bufg_I_O)         0.091     3.341 r  clk_IBUF_BUFG_inst/O
                         net (fo=86, routed)          1.513     4.854    clk_IBUF_BUFG
    SLICE_X5Y12          FDCE                                         r  cntR_reg[14]/C

Slack:                    inf
  Source:                 reset
                            (input port)
  Destination:            cntR_reg[15]/CLR
                            (recovery check against rising-edge clock sys_clk_pin  {rise@0.000ns fall@5.000ns period=10.000ns})
  Path Group:             (none)
  Path Type:              Recovery (Max at Slow Process Corner)
  Data Path Delay:        3.397ns  (logic 1.441ns (42.428%)  route 1.956ns (57.572%))
  Logic Levels:           1  (IBUF=1)
  Clock Path Skew:        4.854ns (DCD - SCD + CPR)
    Destination Clock Delay (DCD):    4.854ns
    Source Clock Delay      (SCD):    0.000ns
    Clock Pessimism Removal (CPR):    0.000ns
  Clock Uncertainty:      0.025ns  ((TSJ^2 + TIJ^2)^1/2 + DJ) / 2 + PE
    Total System Jitter     (TSJ):    0.050ns
    Total Input Jitter      (TIJ):    0.000ns
    Discrete Jitter          (DJ):    0.000ns
    Phase Error              (PE):    0.000ns

    Location             Delay type                Incr(ns)  Path(ns)    Netlist Resource(s)
  -------------------------------------------------------------------    -------------------
    U18                                               0.000     0.000 f  reset (IN)
                         net (fo=0)                   0.000     0.000    reset
    U18                  IBUF (Prop_ibuf_I_O)         1.441     1.441 f  reset_IBUF_inst/O
                         net (fo=86, routed)          1.956     3.397    reset_IBUF
    SLICE_X5Y12          FDCE                                         f  cntR_reg[15]/CLR
  -------------------------------------------------------------------    -------------------

                         (clock sys_clk_pin rise edge)
                                                      0.000     0.000 r  
    W5                                                0.000     0.000 r  clk (IN)
                         net (fo=0)                   0.000     0.000    clk
    W5                   IBUF (Prop_ibuf_I_O)         1.388     1.388 r  clk_IBUF_inst/O
                         net (fo=1, routed)           1.862     3.250    clk_IBUF
    BUFGCTRL_X0Y0        BUFG (Prop_bufg_I_O)         0.091     3.341 r  clk_IBUF_BUFG_inst/O
                         net (fo=86, routed)          1.513     4.854    clk_IBUF_BUFG
    SLICE_X5Y12          FDCE                                         r  cntR_reg[15]/C

Slack:                    inf
  Source:                 reset
                            (input port)
  Destination:            cntR_reg[16]/CLR
                            (recovery check against rising-edge clock sys_clk_pin  {rise@0.000ns fall@5.000ns period=10.000ns})
  Path Group:             (none)
  Path Type:              Recovery (Max at Slow Process Corner)
  Data Path Delay:        3.397ns  (logic 1.441ns (42.428%)  route 1.956ns (57.572%))
  Logic Levels:           1  (IBUF=1)
  Clock Path Skew:        4.854ns (DCD - SCD + CPR)
    Destination Clock Delay (DCD):    4.854ns
    Source Clock Delay      (SCD):    0.000ns
    Clock Pessimism Removal (CPR):    0.000ns
  Clock Uncertainty:      0.025ns  ((TSJ^2 + TIJ^2)^1/2 + DJ) / 2 + PE
    Total System Jitter     (TSJ):    0.050ns
    Total Input Jitter      (TIJ):    0.000ns
    Discrete Jitter          (DJ):    0.000ns
    Phase Error              (PE):    0.000ns

    Location             Delay type                Incr(ns)  Path(ns)    Netlist Resource(s)
  -------------------------------------------------------------------    -------------------
    U18                                               0.000     0.000 f  reset (IN)
                         net (fo=0)                   0.000     0.000    reset
    U18                  IBUF (Prop_ibuf_I_O)         1.441     1.441 f  reset_IBUF_inst/O
                         net (fo=86, routed)          1.956     3.397    reset_IBUF
    SLICE_X5Y12          FDCE                                         f  cntR_reg[16]/CLR
  -------------------------------------------------------------------    -------------------

                         (clock sys_clk_pin rise edge)
                                                      0.000     0.000 r  
    W5                                                0.000     0.000 r  clk (IN)
                         net (fo=0)                   0.000     0.000    clk
    W5                   IBUF (Prop_ibuf_I_O)         1.388     1.388 r  clk_IBUF_inst/O
                         net (fo=1, routed)           1.862     3.250    clk_IBUF
    BUFGCTRL_X0Y0        BUFG (Prop_bufg_I_O)         0.091     3.341 r  clk_IBUF_BUFG_inst/O
                         net (fo=86, routed)          1.513     4.854    clk_IBUF_BUFG
    SLICE_X5Y12          FDCE                                         r  cntR_reg[16]/C

Slack:                    inf
  Source:                 reset
                            (input port)
  Destination:            cntR_reg[17]/CLR
                            (recovery check against rising-edge clock sys_clk_pin  {rise@0.000ns fall@5.000ns period=10.000ns})
  Path Group:             (none)
  Path Type:              Recovery (Max at Slow Process Corner)
  Data Path Delay:        3.397ns  (logic 1.441ns (42.428%)  route 1.956ns (57.572%))
  Logic Levels:           1  (IBUF=1)
  Clock Path Skew:        4.854ns (DCD - SCD + CPR)
    Destination Clock Delay (DCD):    4.854ns
    Source Clock Delay      (SCD):    0.000ns
    Clock Pessimism Removal (CPR):    0.000ns
  Clock Uncertainty:      0.025ns  ((TSJ^2 + TIJ^2)^1/2 + DJ) / 2 + PE
    Total System Jitter     (TSJ):    0.050ns
    Total Input Jitter      (TIJ):    0.000ns
    Discrete Jitter          (DJ):    0.000ns
    Phase Error              (PE):    0.000ns

    Location             Delay type                Incr(ns)  Path(ns)    Netlist Resource(s)
  -------------------------------------------------------------------    -------------------
    U18                                               0.000     0.000 f  reset (IN)
                         net (fo=0)                   0.000     0.000    reset
    U18                  IBUF (Prop_ibuf_I_O)         1.441     1.441 f  reset_IBUF_inst/O
                         net (fo=86, routed)          1.956     3.397    reset_IBUF
    SLICE_X5Y12          FDCE                                         f  cntR_reg[17]/CLR
  -------------------------------------------------------------------    -------------------

                         (clock sys_clk_pin rise edge)
                                                      0.000     0.000 r  
    W5                                                0.000     0.000 r  clk (IN)
                         net (fo=0)                   0.000     0.000    clk
    W5                   IBUF (Prop_ibuf_I_O)         1.388     1.388 r  clk_IBUF_inst/O
                         net (fo=1, routed)           1.862     3.250    clk_IBUF
    BUFGCTRL_X0Y0        BUFG (Prop_bufg_I_O)         0.091     3.341 r  clk_IBUF_BUFG_inst/O
                         net (fo=86, routed)          1.513     4.854    clk_IBUF_BUFG
    SLICE_X5Y12          FDCE                                         r  cntR_reg[17]/C





Min Delay Paths
--------------------------------------------------------------------------------------
Slack:                    inf
  Source:                 reset
                            (input port)
  Destination:            syncL_reg[0]/CLR
                            (removal check against rising-edge clock sys_clk_pin  {rise@0.000ns fall@5.000ns period=10.000ns})
  Path Group:             (none)
  Path Type:              Removal (Min at Fast Process Corner)
  Data Path Delay:        0.590ns  (logic 0.210ns (35.524%)  route 0.380ns (64.476%))
  Logic Levels:           1  (IBUF=1)
  Clock Path Skew:        1.988ns (DCD - SCD - CPR)
    Destination Clock Delay (DCD):    1.988ns
    Source Clock Delay      (SCD):    0.000ns
    Clock Pessimism Removal (CPR):    -0.000ns

    Location             Delay type                Incr(ns)  Path(ns)    Netlist Resource(s)
  -------------------------------------------------------------------    -------------------
    U18                                               0.000     0.000 f  reset (IN)
                         net (fo=0)                   0.000     0.000    reset
    U18                  IBUF (Prop_ibuf_I_O)         0.210     0.210 f  reset_IBUF_inst/O
                         net (fo=86, routed)          0.380     0.590    reset_IBUF
    SLICE_X1Y13          FDCE                                         f  syncL_reg[0]/CLR
  -------------------------------------------------------------------    -------------------

                         (clock sys_clk_pin rise edge)
                                                      0.000     0.000 r  
    W5                                                0.000     0.000 r  clk (IN)
                         net (fo=0)                   0.000     0.000    clk
    W5                   IBUF (Prop_ibuf_I_O)         0.414     0.414 r  clk_IBUF_inst/O
                         net (fo=1, routed)           0.685     1.099    clk_IBUF
    BUFGCTRL_X0Y0        BUFG (Prop_bufg_I_O)         0.029     1.128 r  clk_IBUF_BUFG_inst/O
                         net (fo=86, routed)          0.861     1.988    clk_IBUF_BUFG
    SLICE_X1Y13          FDCE                                         r  syncL_reg[0]/C

Slack:                    inf
  Source:                 reset
                            (input port)
  Destination:            tick_1s_reg/CLR
                            (removal check against rising-edge clock sys_clk_pin  {rise@0.000ns fall@5.000ns period=10.000ns})
  Path Group:             (none)
  Path Type:              Removal (Min at Fast Process Corner)
  Data Path Delay:        0.590ns  (logic 0.210ns (35.524%)  route 0.380ns (64.476%))
  Logic Levels:           1  (IBUF=1)
  Clock Path Skew:        1.988ns (DCD - SCD - CPR)
    Destination Clock Delay (DCD):    1.988ns
    Source Clock Delay      (SCD):    0.000ns
    Clock Pessimism Removal (CPR):    -0.000ns

    Location             Delay type                Incr(ns)  Path(ns)    Netlist Resource(s)
  -------------------------------------------------------------------    -------------------
    U18                                               0.000     0.000 f  reset (IN)
                         net (fo=0)                   0.000     0.000    reset
    U18                  IBUF (Prop_ibuf_I_O)         0.210     0.210 f  reset_IBUF_inst/O
                         net (fo=86, routed)          0.380     0.590    reset_IBUF
    SLICE_X1Y13          FDCE                                         f  tick_1s_reg/CLR
  -------------------------------------------------------------------    -------------------

                         (clock sys_clk_pin rise edge)
                                                      0.000     0.000 r  
    W5                                                0.000     0.000 r  clk (IN)
                         net (fo=0)                   0.000     0.000    clk
    W5                   IBUF (Prop_ibuf_I_O)         0.414     0.414 r  clk_IBUF_inst/O
                         net (fo=1, routed)           0.685     1.099    clk_IBUF
    BUFGCTRL_X0Y0        BUFG (Prop_bufg_I_O)         0.029     1.128 r  clk_IBUF_BUFG_inst/O
                         net (fo=86, routed)          0.861     1.988    clk_IBUF_BUFG
    SLICE_X1Y13          FDCE                                         r  tick_1s_reg/C

Slack:                    inf
  Source:                 reset
                            (input port)
  Destination:            sec_cnt_reg[24]/CLR
                            (removal check against rising-edge clock sys_clk_pin  {rise@0.000ns fall@5.000ns period=10.000ns})
  Path Group:             (none)
  Path Type:              Removal (Min at Fast Process Corner)
  Data Path Delay:        0.594ns  (logic 0.210ns (35.264%)  route 0.385ns (64.736%))
  Logic Levels:           1  (IBUF=1)
  Clock Path Skew:        1.988ns (DCD - SCD - CPR)
    Destination Clock Delay (DCD):    1.988ns
    Source Clock Delay      (SCD):    0.000ns
    Clock Pessimism Removal (CPR):    -0.000ns

    Location             Delay type                Incr(ns)  Path(ns)    Netlist Resource(s)
  -------------------------------------------------------------------    -------------------
    U18                                               0.000     0.000 f  reset (IN)
                         net (fo=0)                   0.000     0.000    reset
    U18                  IBUF (Prop_ibuf_I_O)         0.210     0.210 f  reset_IBUF_inst/O
                         net (fo=86, routed)          0.385     0.594    reset_IBUF
    SLICE_X0Y13          FDCE                                         f  sec_cnt_reg[24]/CLR
  -------------------------------------------------------------------    -------------------

                         (clock sys_clk_pin rise edge)
                                                      0.000     0.000 r  
    W5                                                0.000     0.000 r  clk (IN)
                         net (fo=0)                   0.000     0.000    clk
    W5                   IBUF (Prop_ibuf_I_O)         0.414     0.414 r  clk_IBUF_inst/O
                         net (fo=1, routed)           0.685     1.099    clk_IBUF
    BUFGCTRL_X0Y0        BUFG (Prop_bufg_I_O)         0.029     1.128 r  clk_IBUF_BUFG_inst/O
                         net (fo=86, routed)          0.861     1.988    clk_IBUF_BUFG
    SLICE_X0Y13          FDCE                                         r  sec_cnt_reg[24]/C

Slack:                    inf
  Source:                 reset
                            (input port)
  Destination:            sec_cnt_reg[25]/CLR
                            (removal check against rising-edge clock sys_clk_pin  {rise@0.000ns fall@5.000ns period=10.000ns})
  Path Group:             (none)
  Path Type:              Removal (Min at Fast Process Corner)
  Data Path Delay:        0.594ns  (logic 0.210ns (35.264%)  route 0.385ns (64.736%))
  Logic Levels:           1  (IBUF=1)
  Clock Path Skew:        1.988ns (DCD - SCD - CPR)
    Destination Clock Delay (DCD):    1.988ns
    Source Clock Delay      (SCD):    0.000ns
    Clock Pessimism Removal (CPR):    -0.000ns

    Location             Delay type                Incr(ns)  Path(ns)    Netlist Resource(s)
  -------------------------------------------------------------------    -------------------
    U18                                               0.000     0.000 f  reset (IN)
                         net (fo=0)                   0.000     0.000    reset
    U18                  IBUF (Prop_ibuf_I_O)         0.210     0.210 f  reset_IBUF_inst/O
                         net (fo=86, routed)          0.385     0.594    reset_IBUF
    SLICE_X0Y13          FDCE                                         f  sec_cnt_reg[25]/CLR
  -------------------------------------------------------------------    -------------------

                         (clock sys_clk_pin rise edge)
                                                      0.000     0.000 r  
    W5                                                0.000     0.000 r  clk (IN)
                         net (fo=0)                   0.000     0.000    clk
    W5                   IBUF (Prop_ibuf_I_O)         0.414     0.414 r  clk_IBUF_inst/O
                         net (fo=1, routed)           0.685     1.099    clk_IBUF
    BUFGCTRL_X0Y0        BUFG (Prop_bufg_I_O)         0.029     1.128 r  clk_IBUF_BUFG_inst/O
                         net (fo=86, routed)          0.861     1.988    clk_IBUF_BUFG
    SLICE_X0Y13          FDCE                                         r  sec_cnt_reg[25]/C

Slack:                    inf
  Source:                 reset
                            (input port)
  Destination:            sec_cnt_reg[26]/CLR
                            (removal check against rising-edge clock sys_clk_pin  {rise@0.000ns fall@5.000ns period=10.000ns})
  Path Group:             (none)
  Path Type:              Removal (Min at Fast Process Corner)
  Data Path Delay:        0.594ns  (logic 0.210ns (35.264%)  route 0.385ns (64.736%))
  Logic Levels:           1  (IBUF=1)
  Clock Path Skew:        1.988ns (DCD - SCD - CPR)
    Destination Clock Delay (DCD):    1.988ns
    Source Clock Delay      (SCD):    0.000ns
    Clock Pessimism Removal (CPR):    -0.000ns

    Location             Delay type                Incr(ns)  Path(ns)    Netlist Resource(s)
  -------------------------------------------------------------------    -------------------
    U18                                               0.000     0.000 f  reset (IN)
                         net (fo=0)                   0.000     0.000    reset
    U18                  IBUF (Prop_ibuf_I_O)         0.210     0.210 f  reset_IBUF_inst/O
                         net (fo=86, routed)          0.385     0.594    reset_IBUF
    SLICE_X0Y13          FDCE                                         f  sec_cnt_reg[26]/CLR
  -------------------------------------------------------------------    -------------------

                         (clock sys_clk_pin rise edge)
                                                      0.000     0.000 r  
    W5                                                0.000     0.000 r  clk (IN)
                         net (fo=0)                   0.000     0.000    clk
    W5                   IBUF (Prop_ibuf_I_O)         0.414     0.414 r  clk_IBUF_inst/O
                         net (fo=1, routed)           0.685     1.099    clk_IBUF
    BUFGCTRL_X0Y0        BUFG (Prop_bufg_I_O)         0.029     1.128 r  clk_IBUF_BUFG_inst/O
                         net (fo=86, routed)          0.861     1.988    clk_IBUF_BUFG
    SLICE_X0Y13          FDCE                                         r  sec_cnt_reg[26]/C

Slack:                    inf
  Source:                 btnL
                            (input port)
  Destination:            syncL_reg[0]/D
                            (rising edge-triggered cell FDCE clocked by sys_clk_pin  {rise@0.000ns fall@5.000ns period=10.000ns})
  Path Group:             (none)
  Path Type:              Hold (Min at Fast Process Corner)
  Data Path Delay:        0.647ns  (logic 0.219ns (33.882%)  route 0.428ns (66.118%))
  Logic Levels:           1  (IBUF=1)
  Clock Path Skew:        1.988ns (DCD - SCD - CPR)
    Destination Clock Delay (DCD):    1.988ns
    Source Clock Delay      (SCD):    0.000ns
    Clock Pessimism Removal (CPR):    -0.000ns

    Location             Delay type                Incr(ns)  Path(ns)    Netlist Resource(s)
  -------------------------------------------------------------------    -------------------
    W19                                               0.000     0.000 r  btnL (IN)
                         net (fo=0)                   0.000     0.000    btnL
    W19                  IBUF (Prop_ibuf_I_O)         0.219     0.219 r  btnL_IBUF_inst/O
                         net (fo=1, routed)           0.428     0.647    btnL_IBUF
    SLICE_X1Y13          FDCE                                         r  syncL_reg[0]/D
  -------------------------------------------------------------------    -------------------

                         (clock sys_clk_pin rise edge)
                                                      0.000     0.000 r  
    W5                                                0.000     0.000 r  clk (IN)
                         net (fo=0)                   0.000     0.000    clk
    W5                   IBUF (Prop_ibuf_I_O)         0.414     0.414 r  clk_IBUF_inst/O
                         net (fo=1, routed)           0.685     1.099    clk_IBUF
    BUFGCTRL_X0Y0        BUFG (Prop_bufg_I_O)         0.029     1.128 r  clk_IBUF_BUFG_inst/O
                         net (fo=86, routed)          0.861     1.988    clk_IBUF_BUFG
    SLICE_X1Y13          FDCE                                         r  syncL_reg[0]/C

Slack:                    inf
  Source:                 reset
                            (input port)
  Destination:            led_reg[0]/PRE
                            (removal check against rising-edge clock sys_clk_pin  {rise@0.000ns fall@5.000ns period=10.000ns})
  Path Group:             (none)
  Path Type:              Removal (Min at Fast Process Corner)
  Data Path Delay:        0.651ns  (logic 0.210ns (32.203%)  route 0.441ns (67.797%))
  Logic Levels:           1  (IBUF=1)
  Clock Path Skew:        1.988ns (DCD - SCD - CPR)
    Destination Clock Delay (DCD):    1.988ns
    Source Clock Delay      (SCD):    0.000ns
    Clock Pessimism Removal (CPR):    -0.000ns

    Location             Delay type                Incr(ns)  Path(ns)    Netlist Resource(s)
  -------------------------------------------------------------------    -------------------
    U18                                               0.000     0.000 f  reset (IN)
                         net (fo=0)                   0.000     0.000    reset
    U18                  IBUF (Prop_ibuf_I_O)         0.210     0.210 f  reset_IBUF_inst/O
                         net (fo=86, routed)          0.441     0.651    reset_IBUF
    SLICE_X1Y14          FDPE                                         f  led_reg[0]/PRE
  -------------------------------------------------------------------    -------------------

                         (clock sys_clk_pin rise edge)
                                                      0.000     0.000 r  
    W5                                                0.000     0.000 r  clk (IN)
                         net (fo=0)                   0.000     0.000    clk
    W5                   IBUF (Prop_ibuf_I_O)         0.414     0.414 r  clk_IBUF_inst/O
                         net (fo=1, routed)           0.685     1.099    clk_IBUF
    BUFGCTRL_X0Y0        BUFG (Prop_bufg_I_O)         0.029     1.128 r  clk_IBUF_BUFG_inst/O
                         net (fo=86, routed)          0.861     1.988    clk_IBUF_BUFG
    SLICE_X1Y14          FDPE                                         r  led_reg[0]/C

Slack:                    inf
  Source:                 reset
                            (input port)
  Destination:            led_reg[1]/CLR
                            (removal check against rising-edge clock sys_clk_pin  {rise@0.000ns fall@5.000ns period=10.000ns})
  Path Group:             (none)
  Path Type:              Removal (Min at Fast Process Corner)
  Data Path Delay:        0.655ns  (logic 0.210ns (31.989%)  route 0.445ns (68.011%))
  Logic Levels:           1  (IBUF=1)
  Clock Path Skew:        1.988ns (DCD - SCD - CPR)
    Destination Clock Delay (DCD):    1.988ns
    Source Clock Delay      (SCD):    0.000ns
    Clock Pessimism Removal (CPR):    -0.000ns

    Location             Delay type                Incr(ns)  Path(ns)    Netlist Resource(s)
  -------------------------------------------------------------------    -------------------
    U18                                               0.000     0.000 f  reset (IN)
                         net (fo=0)                   0.000     0.000    reset
    U18                  IBUF (Prop_ibuf_I_O)         0.210     0.210 f  reset_IBUF_inst/O
                         net (fo=86, routed)          0.445     0.655    reset_IBUF
    SLICE_X0Y14          FDCE                                         f  led_reg[1]/CLR
  -------------------------------------------------------------------    -------------------

                         (clock sys_clk_pin rise edge)
                                                      0.000     0.000 r  
    W5                                                0.000     0.000 r  clk (IN)
                         net (fo=0)                   0.000     0.000    clk
    W5                   IBUF (Prop_ibuf_I_O)         0.414     0.414 r  clk_IBUF_inst/O
                         net (fo=1, routed)           0.685     1.099    clk_IBUF
    BUFGCTRL_X0Y0        BUFG (Prop_bufg_I_O)         0.029     1.128 r  clk_IBUF_BUFG_inst/O
                         net (fo=86, routed)          0.861     1.988    clk_IBUF_BUFG
    SLICE_X0Y14          FDCE                                         r  led_reg[1]/C

Slack:                    inf
  Source:                 reset
                            (input port)
  Destination:            led_reg[2]/CLR
                            (removal check against rising-edge clock sys_clk_pin  {rise@0.000ns fall@5.000ns period=10.000ns})
  Path Group:             (none)
  Path Type:              Removal (Min at Fast Process Corner)
  Data Path Delay:        0.655ns  (logic 0.210ns (31.989%)  route 0.445ns (68.011%))
  Logic Levels:           1  (IBUF=1)
  Clock Path Skew:        1.988ns (DCD - SCD - CPR)
    Destination Clock Delay (DCD):    1.988ns
    Source Clock Delay      (SCD):    0.000ns
    Clock Pessimism Removal (CPR):    -0.000ns

    Location             Delay type                Incr(ns)  Path(ns)    Netlist Resource(s)
  -------------------------------------------------------------------    -------------------
    U18                                               0.000     0.000 f  reset (IN)
                         net (fo=0)                   0.000     0.000    reset
    U18                  IBUF (Prop_ibuf_I_O)         0.210     0.210 f  reset_IBUF_inst/O
                         net (fo=86, routed)          0.445     0.655    reset_IBUF
    SLICE_X0Y14          FDCE                                         f  led_reg[2]/CLR
  -------------------------------------------------------------------    -------------------

                         (clock sys_clk_pin rise edge)
                                                      0.000     0.000 r  
    W5                                                0.000     0.000 r  clk (IN)
                         net (fo=0)                   0.000     0.000    clk
    W5                   IBUF (Prop_ibuf_I_O)         0.414     0.414 r  clk_IBUF_inst/O
                         net (fo=1, routed)           0.685     1.099    clk_IBUF
    BUFGCTRL_X0Y0        BUFG (Prop_bufg_I_O)         0.029     1.128 r  clk_IBUF_BUFG_inst/O
                         net (fo=86, routed)          0.861     1.988    clk_IBUF_BUFG
    SLICE_X0Y14          FDCE                                         r  led_reg[2]/C

Slack:                    inf
  Source:                 reset
                            (input port)
  Destination:            led_reg[3]/CLR
                            (removal check against rising-edge clock sys_clk_pin  {rise@0.000ns fall@5.000ns period=10.000ns})
  Path Group:             (none)
  Path Type:              Removal (Min at Fast Process Corner)
  Data Path Delay:        0.655ns  (logic 0.210ns (31.989%)  route 0.445ns (68.011%))
  Logic Levels:           1  (IBUF=1)
  Clock Path Skew:        1.988ns (DCD - SCD - CPR)
    Destination Clock Delay (DCD):    1.988ns
    Source Clock Delay      (SCD):    0.000ns
    Clock Pessimism Removal (CPR):    -0.000ns

    Location             Delay type                Incr(ns)  Path(ns)    Netlist Resource(s)
  -------------------------------------------------------------------    -------------------
    U18                                               0.000     0.000 f  reset (IN)
                         net (fo=0)                   0.000     0.000    reset
    U18                  IBUF (Prop_ibuf_I_O)         0.210     0.210 f  reset_IBUF_inst/O
                         net (fo=86, routed)          0.445     0.655    reset_IBUF
    SLICE_X0Y14          FDCE                                         f  led_reg[3]/CLR
  -------------------------------------------------------------------    -------------------

                         (clock sys_clk_pin rise edge)
                                                      0.000     0.000 r  
    W5                                                0.000     0.000 r  clk (IN)
                         net (fo=0)                   0.000     0.000    clk
    W5                   IBUF (Prop_ibuf_I_O)         0.414     0.414 r  clk_IBUF_inst/O
                         net (fo=1, routed)           0.685     1.099    clk_IBUF
    BUFGCTRL_X0Y0        BUFG (Prop_bufg_I_O)         0.029     1.128 r  clk_IBUF_BUFG_inst/O
                         net (fo=86, routed)          0.861     1.988    clk_IBUF_BUFG
    SLICE_X0Y14          FDCE                                         r  led_reg[3]/C





