Copyright 1986-2022 Xilinx, Inc. All Rights Reserved. Copyright 2022-2026 Advanced Micro Devices, Inc. All Rights Reserved.
---------------------------------------------------------------------------------------------------------------------------------------------------------------------------------------------------------------------------------------------------------------
| Tool Version : Vivado v.2025.2.1 (win64) Build 6403652 Thu Mar 19 19:48:24 GMT 2026
| Date         : Wed Apr 22 15:50:07 2026
| Host         : DESKTOP-Q1F9NDB running 64-bit major release  (build 9200)
| Command      : report_timing_summary -max_paths 10 -routable_nets -report_unconstrained -file top_dc_motor_l298_timing_summary_routed.rpt -pb top_dc_motor_l298_timing_summary_routed.pb -rpx top_dc_motor_l298_timing_summary_routed.rpx -warn_on_violation
| Design       : top_dc_motor_l298
| Device       : 7a35t-cpg236
| Speed File   : -1  PRODUCTION 1.23 2018-06-13
| Design State : Routed
---------------------------------------------------------------------------------------------------------------------------------------------------------------------------------------------------------------------------------------------------------------

Timing Summary Report

------------------------------------------------------------------------------------------------
| Timer Settings
| --------------
------------------------------------------------------------------------------------------------

  Enable Multi Corner Analysis               :  Yes
  Enable Pessimism Removal                   :  Yes
  Pessimism Removal Resolution               :  Nearest Common Node
  Enable Input Delay Default Clock           :  No
  Enable Preset / Clear Arcs                 :  No
  Disable Flight Delays                      :  No
  Ignore I/O Paths                           :  No
  Timing Early Launch at Borrowing Latches   :  No
  Borrow Time for Max Delay Exceptions       :  Yes
  Merge Timing Exceptions                    :  Yes
  Inter-SLR Compensation                     :  Conservative

  Corner  Analyze    Analyze    
  Name    Max Paths  Min Paths  
  ------  ---------  ---------  
  Slow    Yes        Yes        
  Fast    Yes        Yes        


------------------------------------------------------------------------------------------------
| Report Methodology
| ------------------
------------------------------------------------------------------------------------------------

Rule       Severity  Description                    Violations  
---------  --------  -----------------------------  ----------  
TIMING-18  Warning   Missing input or output delay  10          

Note: This report is based on the most recent report_methodology run and may not be up-to-date. Run report_methodology on the current design for the latest report.



check_timing report

Table of Contents
-----------------
1. checking no_clock (0)
2. checking constant_clock (0)
3. checking pulse_width_clock (0)
4. checking unconstrained_internal_endpoints (0)
5. checking no_input_delay (9)
6. checking no_output_delay (1)
7. checking multiple_clock (0)
8. checking generated_clocks (0)
9. checking loops (0)
10. checking partial_input_delay (0)
11. checking partial_output_delay (0)
12. checking latch_loops (0)

1. checking no_clock (0)
------------------------
 There are 0 register/latch pins with no clock.


2. checking constant_clock (0)
------------------------------
 There are 0 register/latch pins with constant_clock.


3. checking pulse_width_clock (0)
---------------------------------
 There are 0 register/latch pins which need pulse_width check


4. checking unconstrained_internal_endpoints (0)
------------------------------------------------
 There are 0 pins that are not constrained for maximum delay.

 There are 0 pins that are not constrained for maximum delay due to constant clock.


5. checking no_input_delay (9)
------------------------------
 There are 9 input ports with no input delay specified. (HIGH)

 There are 0 input ports with no input delay but user has a false path constraint.


6. checking no_output_delay (1)
-------------------------------
 There is 1 port with no output delay specified. (HIGH)

 There are 0 ports with no output delay but user has a false path constraint

 There are 0 ports with no output delay but with a timing clock defined on it or propagating through it


7. checking multiple_clock (0)
------------------------------
 There are 0 register/latch pins with multiple clocks.


8. checking generated_clocks (0)
--------------------------------
 There are 0 generated clocks that are not connected to a clock source.


9. checking loops (0)
---------------------
 There are 0 combinational loops in the design.


10. checking partial_input_delay (0)
------------------------------------
 There are 0 input ports with partial input delay specified.


11. checking partial_output_delay (0)
-------------------------------------
 There are 0 ports with partial output delay specified.


12. checking latch_loops (0)
----------------------------
 There are 0 combinational latch loops in the design through latch input



------------------------------------------------------------------------------------------------
| Design Timing Summary
| ---------------------
------------------------------------------------------------------------------------------------

    WNS(ns)      TNS(ns)  TNS Failing Endpoints  TNS Total Endpoints      WHS(ns)      THS(ns)  THS Failing Endpoints  THS Total Endpoints     WPWS(ns)     TPWS(ns)  TPWS Failing Endpoints  TPWS Total Endpoints  
    -------      -------  ---------------------  -------------------      -------      -------  ---------------------  -------------------     --------     --------  ----------------------  --------------------  
      6.453        0.000                      0                   14        0.248        0.000                      0                   14        4.500        0.000                       0                    16  


All user specified timing constraints are met.


------------------------------------------------------------------------------------------------
| Clock Summary
| -------------
------------------------------------------------------------------------------------------------

Clock        Waveform(ns)       Period(ns)      Frequency(MHz)
-----        ------------       ----------      --------------
sys_clk_pin  {0.000 5.000}      10.000          100.000         


------------------------------------------------------------------------------------------------
| Intra Clock Table
| -----------------
------------------------------------------------------------------------------------------------

Clock             WNS(ns)      TNS(ns)  TNS Failing Endpoints  TNS Total Endpoints      WHS(ns)      THS(ns)  THS Failing Endpoints  THS Total Endpoints     WPWS(ns)     TPWS(ns)  TPWS Failing Endpoints  TPWS Total Endpoints  
-----             -------      -------  ---------------------  -------------------      -------      -------  ---------------------  -------------------     --------     --------  ----------------------  --------------------  
sys_clk_pin         6.453        0.000                      0                   14        0.248        0.000                      0                   14        4.500        0.000                       0                    16  


------------------------------------------------------------------------------------------------
| Inter Clock Table
| -----------------
------------------------------------------------------------------------------------------------

From Clock    To Clock          WNS(ns)      TNS(ns)  TNS Failing Endpoints  TNS Total Endpoints      WHS(ns)      THS(ns)  THS Failing Endpoints  THS Total Endpoints  
----------    --------          -------      -------  ---------------------  -------------------      -------      -------  ---------------------  -------------------  


------------------------------------------------------------------------------------------------
| Other Path Groups Table
| -----------------------
------------------------------------------------------------------------------------------------

Path Group    From Clock    To Clock          WNS(ns)      TNS(ns)  TNS Failing Endpoints  TNS Total Endpoints      WHS(ns)      THS(ns)  THS Failing Endpoints  THS Total Endpoints  
----------    ----------    --------          -------      -------  ---------------------  -------------------      -------      -------  ---------------------  -------------------  


------------------------------------------------------------------------------------------------
| User Ignored Path Table
| -----------------------
------------------------------------------------------------------------------------------------

Path Group    From Clock    To Clock    
----------    ----------    --------    


------------------------------------------------------------------------------------------------
| Unconstrained Path Table
| ------------------------
------------------------------------------------------------------------------------------------

Path Group    From Clock    To Clock    
----------    ----------    --------    
(none)                                    
(none)        sys_clk_pin                 
(none)                      sys_clk_pin   


------------------------------------------------------------------------------------------------
| Timing Details
| --------------
------------------------------------------------------------------------------------------------


---------------------------------------------------------------------------------------------------
From Clock:  sys_clk_pin
  To Clock:  sys_clk_pin

Setup :            0  Failing Endpoints,  Worst Slack        6.453ns,  Total Violation        0.000ns
Hold  :            0  Failing Endpoints,  Worst Slack        0.248ns,  Total Violation        0.000ns
PW    :            0  Failing Endpoints,  Worst Slack        4.500ns,  Total Violation        0.000ns
---------------------------------------------------------------------------------------------------


Max Delay Paths
--------------------------------------------------------------------------------------
Slack (MET) :             6.453ns  (required time - arrival time)
  Source:                 u_pwm/cnt_reg[1]/C
                            (rising edge-triggered cell FDCE clocked by sys_clk_pin  {rise@0.000ns fall@5.000ns period=10.000ns})
  Destination:            u_pwm/cnt_reg[12]/D
                            (rising edge-triggered cell FDCE clocked by sys_clk_pin  {rise@0.000ns fall@5.000ns period=10.000ns})
  Path Group:             sys_clk_pin
  Path Type:              Setup (Max at Slow Process Corner)
  Requirement:            10.000ns  (sys_clk_pin rise@10.000ns - sys_clk_pin rise@0.000ns)
  Data Path Delay:        3.503ns  (logic 1.894ns (54.061%)  route 1.609ns (45.939%))
  Logic Levels:           4  (CARRY4=3 LUT6=1)
  Clock Path Skew:        -0.039ns (DCD - SCD + CPR)
    Destination Clock Delay (DCD):    4.787ns = ( 14.787 - 10.000 ) 
    Source Clock Delay      (SCD):    5.086ns
    Clock Pessimism Removal (CPR):    0.260ns
  Clock Uncertainty:      0.035ns  ((TSJ^2 + TIJ^2)^1/2 + DJ) / 2 + PE
    Total System Jitter     (TSJ):    0.071ns
    Total Input Jitter      (TIJ):    0.000ns
    Discrete Jitter          (DJ):    0.000ns
    Phase Error              (PE):    0.000ns

    Location             Delay type                Incr(ns)  Path(ns)    Netlist Resource(s)
  -------------------------------------------------------------------    -------------------
                         (clock sys_clk_pin rise edge)
                                                      0.000     0.000 r  
    W5                                                0.000     0.000 r  clk (IN)
                         net (fo=0)                   0.000     0.000    clk
    W5                   IBUF (Prop_ibuf_I_O)         1.458     1.458 r  clk_IBUF_inst/O
                         net (fo=1, routed)           1.967     3.425    clk_IBUF
    BUFGCTRL_X0Y0        BUFG (Prop_bufg_I_O)         0.096     3.521 r  clk_IBUF_BUFG_inst/O
                         net (fo=15, routed)          1.565     5.086    u_pwm/clk_IBUF_BUFG
    SLICE_X8Y12          FDCE                                         r  u_pwm/cnt_reg[1]/C
  -------------------------------------------------------------------    -------------------
    SLICE_X8Y12          FDCE (Prop_fdce_C_Q)         0.518     5.604 r  u_pwm/cnt_reg[1]/Q
                         net (fo=4, routed)           0.987     6.591    u_pwm/cnt[1]
    SLICE_X10Y12         CARRY4 (Prop_carry4_S[0]_CO[3])
                                                      0.637     7.228 r  u_pwm/cnt_reg[4]_i_2/CO[3]
                         net (fo=1, routed)           0.000     7.228    u_pwm/cnt_reg[4]_i_2_n_0
    SLICE_X10Y13         CARRY4 (Prop_carry4_CI_CO[3])
                                                      0.117     7.345 r  u_pwm/cnt_reg[8]_i_2/CO[3]
                         net (fo=1, routed)           0.000     7.345    u_pwm/cnt_reg[8]_i_2_n_0
    SLICE_X10Y14         CARRY4 (Prop_carry4_CI_O[3])
                                                      0.315     7.660 r  u_pwm/cnt_reg[12]_i_5/O[3]
                         net (fo=1, routed)           0.623     8.283    u_pwm/cnt0[12]
    SLICE_X11Y14         LUT6 (Prop_lut6_I5_O)        0.307     8.590 r  u_pwm/cnt[12]_i_1/O
                         net (fo=1, routed)           0.000     8.590    u_pwm/cnt[12]_i_1_n_0
    SLICE_X11Y14         FDCE                                         r  u_pwm/cnt_reg[12]/D
  -------------------------------------------------------------------    -------------------

                         (clock sys_clk_pin rise edge)
                                                     10.000    10.000 r  
    W5                                                0.000    10.000 r  clk (IN)
                         net (fo=0)                   0.000    10.000    clk
    W5                   IBUF (Prop_ibuf_I_O)         1.388    11.388 r  clk_IBUF_inst/O
                         net (fo=1, routed)           1.862    13.250    clk_IBUF
    BUFGCTRL_X0Y0        BUFG (Prop_bufg_I_O)         0.091    13.341 r  clk_IBUF_BUFG_inst/O
                         net (fo=15, routed)          1.446    14.787    u_pwm/clk_IBUF_BUFG
    SLICE_X11Y14         FDCE                                         r  u_pwm/cnt_reg[12]/C
                         clock pessimism              0.260    15.047    
                         clock uncertainty           -0.035    15.012    
    SLICE_X11Y14         FDCE (Setup_fdce_C_D)        0.031    15.043    u_pwm/cnt_reg[12]
  -------------------------------------------------------------------
                         required time                         15.043    
                         arrival time                          -8.590    
  -------------------------------------------------------------------
                         slack                                  6.453    

Slack (MET) :             6.524ns  (required time - arrival time)
  Source:                 u_pwm/cnt_reg[1]/C
                            (rising edge-triggered cell FDCE clocked by sys_clk_pin  {rise@0.000ns fall@5.000ns period=10.000ns})
  Destination:            u_pwm/cnt_reg[9]/D
                            (rising edge-triggered cell FDCE clocked by sys_clk_pin  {rise@0.000ns fall@5.000ns period=10.000ns})
  Path Group:             sys_clk_pin
  Path Type:              Setup (Max at Slow Process Corner)
  Requirement:            10.000ns  (sys_clk_pin rise@10.000ns - sys_clk_pin rise@0.000ns)
  Data Path Delay:        3.434ns  (logic 1.786ns (52.009%)  route 1.648ns (47.991%))
  Logic Levels:           4  (CARRY4=3 LUT6=1)
  Clock Path Skew:        -0.039ns (DCD - SCD + CPR)
    Destination Clock Delay (DCD):    4.787ns = ( 14.787 - 10.000 ) 
    Source Clock Delay      (SCD):    5.086ns
    Clock Pessimism Removal (CPR):    0.260ns
  Clock Uncertainty:      0.035ns  ((TSJ^2 + TIJ^2)^1/2 + DJ) / 2 + PE
    Total System Jitter     (TSJ):    0.071ns
    Total Input Jitter      (TIJ):    0.000ns
    Discrete Jitter          (DJ):    0.000ns
    Phase Error              (PE):    0.000ns

    Location             Delay type                Incr(ns)  Path(ns)    Netlist Resource(s)
  -------------------------------------------------------------------    -------------------
                         (clock sys_clk_pin rise edge)
                                                      0.000     0.000 r  
    W5                                                0.000     0.000 r  clk (IN)
                         net (fo=0)                   0.000     0.000    clk
    W5                   IBUF (Prop_ibuf_I_O)         1.458     1.458 r  clk_IBUF_inst/O
                         net (fo=1, routed)           1.967     3.425    clk_IBUF
    BUFGCTRL_X0Y0        BUFG (Prop_bufg_I_O)         0.096     3.521 r  clk_IBUF_BUFG_inst/O
                         net (fo=15, routed)          1.565     5.086    u_pwm/clk_IBUF_BUFG
    SLICE_X8Y12          FDCE                                         r  u_pwm/cnt_reg[1]/C
  -------------------------------------------------------------------    -------------------
    SLICE_X8Y12          FDCE (Prop_fdce_C_Q)         0.518     5.604 r  u_pwm/cnt_reg[1]/Q
                         net (fo=4, routed)           0.987     6.591    u_pwm/cnt[1]
    SLICE_X10Y12         CARRY4 (Prop_carry4_S[0]_CO[3])
                                                      0.637     7.228 r  u_pwm/cnt_reg[4]_i_2/CO[3]
                         net (fo=1, routed)           0.000     7.228    u_pwm/cnt_reg[4]_i_2_n_0
    SLICE_X10Y13         CARRY4 (Prop_carry4_CI_CO[3])
                                                      0.117     7.345 r  u_pwm/cnt_reg[8]_i_2/CO[3]
                         net (fo=1, routed)           0.000     7.345    u_pwm/cnt_reg[8]_i_2_n_0
    SLICE_X10Y14         CARRY4 (Prop_carry4_CI_O[0])
                                                      0.219     7.564 r  u_pwm/cnt_reg[12]_i_5/O[0]
                         net (fo=1, routed)           0.661     8.225    u_pwm/cnt0[9]
    SLICE_X11Y14         LUT6 (Prop_lut6_I5_O)        0.295     8.520 r  u_pwm/cnt[9]_i_1/O
                         net (fo=1, routed)           0.000     8.520    u_pwm/cnt[9]_i_1_n_0
    SLICE_X11Y14         FDCE                                         r  u_pwm/cnt_reg[9]/D
  -------------------------------------------------------------------    -------------------

                         (clock sys_clk_pin rise edge)
                                                     10.000    10.000 r  
    W5                                                0.000    10.000 r  clk (IN)
                         net (fo=0)                   0.000    10.000    clk
    W5                   IBUF (Prop_ibuf_I_O)         1.388    11.388 r  clk_IBUF_inst/O
                         net (fo=1, routed)           1.862    13.250    clk_IBUF
    BUFGCTRL_X0Y0        BUFG (Prop_bufg_I_O)         0.091    13.341 r  clk_IBUF_BUFG_inst/O
                         net (fo=15, routed)          1.446    14.787    u_pwm/clk_IBUF_BUFG
    SLICE_X11Y14         FDCE                                         r  u_pwm/cnt_reg[9]/C
                         clock pessimism              0.260    15.047    
                         clock uncertainty           -0.035    15.012    
    SLICE_X11Y14         FDCE (Setup_fdce_C_D)        0.032    15.044    u_pwm/cnt_reg[9]
  -------------------------------------------------------------------
                         required time                         15.044    
                         arrival time                          -8.520    
  -------------------------------------------------------------------
                         slack                                  6.524    

Slack (MET) :             6.568ns  (required time - arrival time)
  Source:                 u_pwm/cnt_reg[1]/C
                            (rising edge-triggered cell FDCE clocked by sys_clk_pin  {rise@0.000ns fall@5.000ns period=10.000ns})
  Destination:            u_pwm/cnt_reg[8]/D
                            (rising edge-triggered cell FDCE clocked by sys_clk_pin  {rise@0.000ns fall@5.000ns period=10.000ns})
  Path Group:             sys_clk_pin
  Path Type:              Setup (Max at Slow Process Corner)
  Requirement:            10.000ns  (sys_clk_pin rise@10.000ns - sys_clk_pin rise@0.000ns)
  Data Path Delay:        3.389ns  (logic 1.777ns (52.428%)  route 1.612ns (47.572%))
  Logic Levels:           3  (CARRY4=2 LUT6=1)
  Clock Path Skew:        -0.039ns (DCD - SCD + CPR)
    Destination Clock Delay (DCD):    4.787ns = ( 14.787 - 10.000 ) 
    Source Clock Delay      (SCD):    5.086ns
    Clock Pessimism Removal (CPR):    0.260ns
  Clock Uncertainty:      0.035ns  ((TSJ^2 + TIJ^2)^1/2 + DJ) / 2 + PE
    Total System Jitter     (TSJ):    0.071ns
    Total Input Jitter      (TIJ):    0.000ns
    Discrete Jitter          (DJ):    0.000ns
    Phase Error              (PE):    0.000ns

    Location             Delay type                Incr(ns)  Path(ns)    Netlist Resource(s)
  -------------------------------------------------------------------    -------------------
                         (clock sys_clk_pin rise edge)
                                                      0.000     0.000 r  
    W5                                                0.000     0.000 r  clk (IN)
                         net (fo=0)                   0.000     0.000    clk
    W5                   IBUF (Prop_ibuf_I_O)         1.458     1.458 r  clk_IBUF_inst/O
                         net (fo=1, routed)           1.967     3.425    clk_IBUF
    BUFGCTRL_X0Y0        BUFG (Prop_bufg_I_O)         0.096     3.521 r  clk_IBUF_BUFG_inst/O
                         net (fo=15, routed)          1.565     5.086    u_pwm/clk_IBUF_BUFG
    SLICE_X8Y12          FDCE                                         r  u_pwm/cnt_reg[1]/C
  -------------------------------------------------------------------    -------------------
    SLICE_X8Y12          FDCE (Prop_fdce_C_Q)         0.518     5.604 r  u_pwm/cnt_reg[1]/Q
                         net (fo=4, routed)           0.987     6.591    u_pwm/cnt[1]
    SLICE_X10Y12         CARRY4 (Prop_carry4_S[0]_CO[3])
                                                      0.637     7.228 r  u_pwm/cnt_reg[4]_i_2/CO[3]
                         net (fo=1, routed)           0.000     7.228    u_pwm/cnt_reg[4]_i_2_n_0
    SLICE_X10Y13         CARRY4 (Prop_carry4_CI_O[3])
                                                      0.315     7.543 r  u_pwm/cnt_reg[8]_i_2/O[3]
                         net (fo=1, routed)           0.626     8.169    u_pwm/cnt0[8]
    SLICE_X11Y13         LUT6 (Prop_lut6_I5_O)        0.307     8.476 r  u_pwm/cnt[8]_i_1/O
                         net (fo=1, routed)           0.000     8.476    u_pwm/cnt[8]_i_1_n_0
    SLICE_X11Y13         FDCE                                         r  u_pwm/cnt_reg[8]/D
  -------------------------------------------------------------------    -------------------

                         (clock sys_clk_pin rise edge)
                                                     10.000    10.000 r  
    W5                                                0.000    10.000 r  clk (IN)
                         net (fo=0)                   0.000    10.000    clk
    W5                   IBUF (Prop_ibuf_I_O)         1.388    11.388 r  clk_IBUF_inst/O
                         net (fo=1, routed)           1.862    13.250    clk_IBUF
    BUFGCTRL_X0Y0        BUFG (Prop_bufg_I_O)         0.091    13.341 r  clk_IBUF_BUFG_inst/O
                         net (fo=15, routed)          1.446    14.787    u_pwm/clk_IBUF_BUFG
    SLICE_X11Y13         FDCE                                         r  u_pwm/cnt_reg[8]/C
                         clock pessimism              0.260    15.047    
                         clock uncertainty           -0.035    15.012    
    SLICE_X11Y13         FDCE (Setup_fdce_C_D)        0.032    15.044    u_pwm/cnt_reg[8]
  -------------------------------------------------------------------
                         required time                         15.044    
                         arrival time                          -8.476    
  -------------------------------------------------------------------
                         slack                                  6.568    

Slack (MET) :             6.613ns  (required time - arrival time)
  Source:                 u_pwm/cnt_reg[1]/C
                            (rising edge-triggered cell FDCE clocked by sys_clk_pin  {rise@0.000ns fall@5.000ns period=10.000ns})
  Destination:            u_pwm/cnt_reg[5]/D
                            (rising edge-triggered cell FDCE clocked by sys_clk_pin  {rise@0.000ns fall@5.000ns period=10.000ns})
  Path Group:             sys_clk_pin
  Path Type:              Setup (Max at Slow Process Corner)
  Requirement:            10.000ns  (sys_clk_pin rise@10.000ns - sys_clk_pin rise@0.000ns)
  Data Path Delay:        3.341ns  (logic 1.669ns (49.952%)  route 1.672ns (50.048%))
  Logic Levels:           3  (CARRY4=2 LUT6=1)
  Clock Path Skew:        -0.039ns (DCD - SCD + CPR)
    Destination Clock Delay (DCD):    4.787ns = ( 14.787 - 10.000 ) 
    Source Clock Delay      (SCD):    5.086ns
    Clock Pessimism Removal (CPR):    0.260ns
  Clock Uncertainty:      0.035ns  ((TSJ^2 + TIJ^2)^1/2 + DJ) / 2 + PE
    Total System Jitter     (TSJ):    0.071ns
    Total Input Jitter      (TIJ):    0.000ns
    Discrete Jitter          (DJ):    0.000ns
    Phase Error              (PE):    0.000ns

    Location             Delay type                Incr(ns)  Path(ns)    Netlist Resource(s)
  -------------------------------------------------------------------    -------------------
                         (clock sys_clk_pin rise edge)
                                                      0.000     0.000 r  
    W5                                                0.000     0.000 r  clk (IN)
                         net (fo=0)                   0.000     0.000    clk
    W5                   IBUF (Prop_ibuf_I_O)         1.458     1.458 r  clk_IBUF_inst/O
                         net (fo=1, routed)           1.967     3.425    clk_IBUF
    BUFGCTRL_X0Y0        BUFG (Prop_bufg_I_O)         0.096     3.521 r  clk_IBUF_BUFG_inst/O
                         net (fo=15, routed)          1.565     5.086    u_pwm/clk_IBUF_BUFG
    SLICE_X8Y12          FDCE                                         r  u_pwm/cnt_reg[1]/C
  -------------------------------------------------------------------    -------------------
    SLICE_X8Y12          FDCE (Prop_fdce_C_Q)         0.518     5.604 r  u_pwm/cnt_reg[1]/Q
                         net (fo=4, routed)           0.987     6.591    u_pwm/cnt[1]
    SLICE_X10Y12         CARRY4 (Prop_carry4_S[0]_CO[3])
                                                      0.637     7.228 r  u_pwm/cnt_reg[4]_i_2/CO[3]
                         net (fo=1, routed)           0.000     7.228    u_pwm/cnt_reg[4]_i_2_n_0
    SLICE_X10Y13         CARRY4 (Prop_carry4_CI_O[0])
                                                      0.219     7.447 r  u_pwm/cnt_reg[8]_i_2/O[0]
                         net (fo=1, routed)           0.685     8.133    u_pwm/cnt0[5]
    SLICE_X11Y13         LUT6 (Prop_lut6_I5_O)        0.295     8.428 r  u_pwm/cnt[5]_i_1/O
                         net (fo=1, routed)           0.000     8.428    u_pwm/cnt[5]_i_1_n_0
    SLICE_X11Y13         FDCE                                         r  u_pwm/cnt_reg[5]/D
  -------------------------------------------------------------------    -------------------

                         (clock sys_clk_pin rise edge)
                                                     10.000    10.000 r  
    W5                                                0.000    10.000 r  clk (IN)
                         net (fo=0)                   0.000    10.000    clk
    W5                   IBUF (Prop_ibuf_I_O)         1.388    11.388 r  clk_IBUF_inst/O
                         net (fo=1, routed)           1.862    13.250    clk_IBUF
    BUFGCTRL_X0Y0        BUFG (Prop_bufg_I_O)         0.091    13.341 r  clk_IBUF_BUFG_inst/O
                         net (fo=15, routed)          1.446    14.787    u_pwm/clk_IBUF_BUFG
    SLICE_X11Y13         FDCE                                         r  u_pwm/cnt_reg[5]/C
                         clock pessimism              0.260    15.047    
                         clock uncertainty           -0.035    15.012    
    SLICE_X11Y13         FDCE (Setup_fdce_C_D)        0.029    15.041    u_pwm/cnt_reg[5]
  -------------------------------------------------------------------
                         required time                         15.041    
                         arrival time                          -8.428    
  -------------------------------------------------------------------
                         slack                                  6.613    

Slack (MET) :             6.660ns  (required time - arrival time)
  Source:                 u_pwm/cnt_reg[1]/C
                            (rising edge-triggered cell FDCE clocked by sys_clk_pin  {rise@0.000ns fall@5.000ns period=10.000ns})
  Destination:            u_pwm/cnt_reg[10]/D
                            (rising edge-triggered cell FDCE clocked by sys_clk_pin  {rise@0.000ns fall@5.000ns period=10.000ns})
  Path Group:             sys_clk_pin
  Path Type:              Setup (Max at Slow Process Corner)
  Requirement:            10.000ns  (sys_clk_pin rise@10.000ns - sys_clk_pin rise@0.000ns)
  Data Path Delay:        3.295ns  (logic 1.901ns (57.695%)  route 1.394ns (42.305%))
  Logic Levels:           4  (CARRY4=3 LUT6=1)
  Clock Path Skew:        -0.039ns (DCD - SCD + CPR)
    Destination Clock Delay (DCD):    4.787ns = ( 14.787 - 10.000 ) 
    Source Clock Delay      (SCD):    5.086ns
    Clock Pessimism Removal (CPR):    0.260ns
  Clock Uncertainty:      0.035ns  ((TSJ^2 + TIJ^2)^1/2 + DJ) / 2 + PE
    Total System Jitter     (TSJ):    0.071ns
    Total Input Jitter      (TIJ):    0.000ns
    Discrete Jitter          (DJ):    0.000ns
    Phase Error              (PE):    0.000ns

    Location             Delay type                Incr(ns)  Path(ns)    Netlist Resource(s)
  -------------------------------------------------------------------    -------------------
                         (clock sys_clk_pin rise edge)
                                                      0.000     0.000 r  
    W5                                                0.000     0.000 r  clk (IN)
                         net (fo=0)                   0.000     0.000    clk
    W5                   IBUF (Prop_ibuf_I_O)         1.458     1.458 r  clk_IBUF_inst/O
                         net (fo=1, routed)           1.967     3.425    clk_IBUF
    BUFGCTRL_X0Y0        BUFG (Prop_bufg_I_O)         0.096     3.521 r  clk_IBUF_BUFG_inst/O
                         net (fo=15, routed)          1.565     5.086    u_pwm/clk_IBUF_BUFG
    SLICE_X8Y12          FDCE                                         r  u_pwm/cnt_reg[1]/C
  -------------------------------------------------------------------    -------------------
    SLICE_X8Y12          FDCE (Prop_fdce_C_Q)         0.518     5.604 r  u_pwm/cnt_reg[1]/Q
                         net (fo=4, routed)           0.987     6.591    u_pwm/cnt[1]
    SLICE_X10Y12         CARRY4 (Prop_carry4_S[0]_CO[3])
                                                      0.637     7.228 r  u_pwm/cnt_reg[4]_i_2/CO[3]
                         net (fo=1, routed)           0.000     7.228    u_pwm/cnt_reg[4]_i_2_n_0
    SLICE_X10Y13         CARRY4 (Prop_carry4_CI_CO[3])
                                                      0.117     7.345 r  u_pwm/cnt_reg[8]_i_2/CO[3]
                         net (fo=1, routed)           0.000     7.345    u_pwm/cnt_reg[8]_i_2_n_0
    SLICE_X10Y14         CARRY4 (Prop_carry4_CI_O[1])
                                                      0.323     7.668 r  u_pwm/cnt_reg[12]_i_5/O[1]
                         net (fo=1, routed)           0.407     8.075    u_pwm/cnt0[10]
    SLICE_X11Y14         LUT6 (Prop_lut6_I5_O)        0.306     8.381 r  u_pwm/cnt[10]_i_1/O
                         net (fo=1, routed)           0.000     8.381    u_pwm/cnt[10]_i_1_n_0
    SLICE_X11Y14         FDCE                                         r  u_pwm/cnt_reg[10]/D
  -------------------------------------------------------------------    -------------------

                         (clock sys_clk_pin rise edge)
                                                     10.000    10.000 r  
    W5                                                0.000    10.000 r  clk (IN)
                         net (fo=0)                   0.000    10.000    clk
    W5                   IBUF (Prop_ibuf_I_O)         1.388    11.388 r  clk_IBUF_inst/O
                         net (fo=1, routed)           1.862    13.250    clk_IBUF
    BUFGCTRL_X0Y0        BUFG (Prop_bufg_I_O)         0.091    13.341 r  clk_IBUF_BUFG_inst/O
                         net (fo=15, routed)          1.446    14.787    u_pwm/clk_IBUF_BUFG
    SLICE_X11Y14         FDCE                                         r  u_pwm/cnt_reg[10]/C
                         clock pessimism              0.260    15.047    
                         clock uncertainty           -0.035    15.012    
    SLICE_X11Y14         FDCE (Setup_fdce_C_D)        0.029    15.041    u_pwm/cnt_reg[10]
  -------------------------------------------------------------------
                         required time                         15.041    
                         arrival time                          -8.381    
  -------------------------------------------------------------------
                         slack                                  6.660    

Slack (MET) :             6.694ns  (required time - arrival time)
  Source:                 u_pwm/cnt_reg[1]/C
                            (rising edge-triggered cell FDCE clocked by sys_clk_pin  {rise@0.000ns fall@5.000ns period=10.000ns})
  Destination:            u_pwm/cnt_reg[2]/D
                            (rising edge-triggered cell FDCE clocked by sys_clk_pin  {rise@0.000ns fall@5.000ns period=10.000ns})
  Path Group:             sys_clk_pin
  Path Type:              Setup (Max at Slow Process Corner)
  Requirement:            10.000ns  (sys_clk_pin rise@10.000ns - sys_clk_pin rise@0.000ns)
  Data Path Delay:        3.352ns  (logic 1.375ns (41.019%)  route 1.977ns (58.981%))
  Logic Levels:           2  (CARRY4=1 LUT6=1)
  Clock Path Skew:        0.000ns (DCD - SCD + CPR)
    Destination Clock Delay (DCD):    4.787ns = ( 14.787 - 10.000 ) 
    Source Clock Delay      (SCD):    5.086ns
    Clock Pessimism Removal (CPR):    0.299ns
  Clock Uncertainty:      0.035ns  ((TSJ^2 + TIJ^2)^1/2 + DJ) / 2 + PE
    Total System Jitter     (TSJ):    0.071ns
    Total Input Jitter      (TIJ):    0.000ns
    Discrete Jitter          (DJ):    0.000ns
    Phase Error              (PE):    0.000ns

    Location             Delay type                Incr(ns)  Path(ns)    Netlist Resource(s)
  -------------------------------------------------------------------    -------------------
                         (clock sys_clk_pin rise edge)
                                                      0.000     0.000 r  
    W5                                                0.000     0.000 r  clk (IN)
                         net (fo=0)                   0.000     0.000    clk
    W5                   IBUF (Prop_ibuf_I_O)         1.458     1.458 r  clk_IBUF_inst/O
                         net (fo=1, routed)           1.967     3.425    clk_IBUF
    BUFGCTRL_X0Y0        BUFG (Prop_bufg_I_O)         0.096     3.521 r  clk_IBUF_BUFG_inst/O
                         net (fo=15, routed)          1.565     5.086    u_pwm/clk_IBUF_BUFG
    SLICE_X8Y12          FDCE                                         r  u_pwm/cnt_reg[1]/C
  -------------------------------------------------------------------    -------------------
    SLICE_X8Y12          FDCE (Prop_fdce_C_Q)         0.518     5.604 r  u_pwm/cnt_reg[1]/Q
                         net (fo=4, routed)           0.987     6.591    u_pwm/cnt[1]
    SLICE_X10Y12         CARRY4 (Prop_carry4_S[0]_O[1])
                                                      0.551     7.142 r  u_pwm/cnt_reg[4]_i_2/O[1]
                         net (fo=1, routed)           0.990     8.132    u_pwm/cnt0[2]
    SLICE_X8Y12          LUT6 (Prop_lut6_I5_O)        0.306     8.438 r  u_pwm/cnt[2]_i_1/O
                         net (fo=1, routed)           0.000     8.438    u_pwm/cnt[2]_i_1_n_0
    SLICE_X8Y12          FDCE                                         r  u_pwm/cnt_reg[2]/D
  -------------------------------------------------------------------    -------------------

                         (clock sys_clk_pin rise edge)
                                                     10.000    10.000 r  
    W5                                                0.000    10.000 r  clk (IN)
                         net (fo=0)                   0.000    10.000    clk
    W5                   IBUF (Prop_ibuf_I_O)         1.388    11.388 r  clk_IBUF_inst/O
                         net (fo=1, routed)           1.862    13.250    clk_IBUF
    BUFGCTRL_X0Y0        BUFG (Prop_bufg_I_O)         0.091    13.341 r  clk_IBUF_BUFG_inst/O
                         net (fo=15, routed)          1.446    14.787    u_pwm/clk_IBUF_BUFG
    SLICE_X8Y12          FDCE                                         r  u_pwm/cnt_reg[2]/C
                         clock pessimism              0.299    15.086    
                         clock uncertainty           -0.035    15.051    
    SLICE_X8Y12          FDCE (Setup_fdce_C_D)        0.081    15.132    u_pwm/cnt_reg[2]
  -------------------------------------------------------------------
                         required time                         15.132    
                         arrival time                          -8.438    
  -------------------------------------------------------------------
                         slack                                  6.694    

Slack (MET) :             6.700ns  (required time - arrival time)
  Source:                 u_pwm/cnt_reg[1]/C
                            (rising edge-triggered cell FDCE clocked by sys_clk_pin  {rise@0.000ns fall@5.000ns period=10.000ns})
  Destination:            u_pwm/cnt_reg[7]/D
                            (rising edge-triggered cell FDCE clocked by sys_clk_pin  {rise@0.000ns fall@5.000ns period=10.000ns})
  Path Group:             sys_clk_pin
  Path Type:              Setup (Max at Slow Process Corner)
  Requirement:            10.000ns  (sys_clk_pin rise@10.000ns - sys_clk_pin rise@0.000ns)
  Data Path Delay:        3.256ns  (logic 1.695ns (52.052%)  route 1.561ns (47.948%))
  Logic Levels:           3  (CARRY4=2 LUT6=1)
  Clock Path Skew:        -0.039ns (DCD - SCD + CPR)
    Destination Clock Delay (DCD):    4.787ns = ( 14.787 - 10.000 ) 
    Source Clock Delay      (SCD):    5.086ns
    Clock Pessimism Removal (CPR):    0.260ns
  Clock Uncertainty:      0.035ns  ((TSJ^2 + TIJ^2)^1/2 + DJ) / 2 + PE
    Total System Jitter     (TSJ):    0.071ns
    Total Input Jitter      (TIJ):    0.000ns
    Discrete Jitter          (DJ):    0.000ns
    Phase Error              (PE):    0.000ns

    Location             Delay type                Incr(ns)  Path(ns)    Netlist Resource(s)
  -------------------------------------------------------------------    -------------------
                         (clock sys_clk_pin rise edge)
                                                      0.000     0.000 r  
    W5                                                0.000     0.000 r  clk (IN)
                         net (fo=0)                   0.000     0.000    clk
    W5                   IBUF (Prop_ibuf_I_O)         1.458     1.458 r  clk_IBUF_inst/O
                         net (fo=1, routed)           1.967     3.425    clk_IBUF
    BUFGCTRL_X0Y0        BUFG (Prop_bufg_I_O)         0.096     3.521 r  clk_IBUF_BUFG_inst/O
                         net (fo=15, routed)          1.565     5.086    u_pwm/clk_IBUF_BUFG
    SLICE_X8Y12          FDCE                                         r  u_pwm/cnt_reg[1]/C
  -------------------------------------------------------------------    -------------------
    SLICE_X8Y12          FDCE (Prop_fdce_C_Q)         0.518     5.604 r  u_pwm/cnt_reg[1]/Q
                         net (fo=4, routed)           0.987     6.591    u_pwm/cnt[1]
    SLICE_X10Y12         CARRY4 (Prop_carry4_S[0]_CO[3])
                                                      0.637     7.228 r  u_pwm/cnt_reg[4]_i_2/CO[3]
                         net (fo=1, routed)           0.000     7.228    u_pwm/cnt_reg[4]_i_2_n_0
    SLICE_X10Y13         CARRY4 (Prop_carry4_CI_O[2])
                                                      0.239     7.467 r  u_pwm/cnt_reg[8]_i_2/O[2]
                         net (fo=1, routed)           0.575     8.042    u_pwm/cnt0[7]
    SLICE_X11Y13         LUT6 (Prop_lut6_I5_O)        0.301     8.343 r  u_pwm/cnt[7]_i_1/O
                         net (fo=1, routed)           0.000     8.343    u_pwm/cnt[7]_i_1_n_0
    SLICE_X11Y13         FDCE                                         r  u_pwm/cnt_reg[7]/D
  -------------------------------------------------------------------    -------------------

                         (clock sys_clk_pin rise edge)
                                                     10.000    10.000 r  
    W5                                                0.000    10.000 r  clk (IN)
                         net (fo=0)                   0.000    10.000    clk
    W5                   IBUF (Prop_ibuf_I_O)         1.388    11.388 r  clk_IBUF_inst/O
                         net (fo=1, routed)           1.862    13.250    clk_IBUF
    BUFGCTRL_X0Y0        BUFG (Prop_bufg_I_O)         0.091    13.341 r  clk_IBUF_BUFG_inst/O
                         net (fo=15, routed)          1.446    14.787    u_pwm/clk_IBUF_BUFG
    SLICE_X11Y13         FDCE                                         r  u_pwm/cnt_reg[7]/C
                         clock pessimism              0.260    15.047    
                         clock uncertainty           -0.035    15.012    
    SLICE_X11Y13         FDCE (Setup_fdce_C_D)        0.031    15.043    u_pwm/cnt_reg[7]
  -------------------------------------------------------------------
                         required time                         15.043    
                         arrival time                          -8.343    
  -------------------------------------------------------------------
                         slack                                  6.700    

Slack (MET) :             6.775ns  (required time - arrival time)
  Source:                 u_pwm/cnt_reg[1]/C
                            (rising edge-triggered cell FDCE clocked by sys_clk_pin  {rise@0.000ns fall@5.000ns period=10.000ns})
  Destination:            u_pwm/cnt_reg[6]/D
                            (rising edge-triggered cell FDCE clocked by sys_clk_pin  {rise@0.000ns fall@5.000ns period=10.000ns})
  Path Group:             sys_clk_pin
  Path Type:              Setup (Max at Slow Process Corner)
  Requirement:            10.000ns  (sys_clk_pin rise@10.000ns - sys_clk_pin rise@0.000ns)
  Data Path Delay:        3.182ns  (logic 1.784ns (56.067%)  route 1.398ns (43.933%))
  Logic Levels:           3  (CARRY4=2 LUT6=1)
  Clock Path Skew:        -0.039ns (DCD - SCD + CPR)
    Destination Clock Delay (DCD):    4.787ns = ( 14.787 - 10.000 ) 
    Source Clock Delay      (SCD):    5.086ns
    Clock Pessimism Removal (CPR):    0.260ns
  Clock Uncertainty:      0.035ns  ((TSJ^2 + TIJ^2)^1/2 + DJ) / 2 + PE
    Total System Jitter     (TSJ):    0.071ns
    Total Input Jitter      (TIJ):    0.000ns
    Discrete Jitter          (DJ):    0.000ns
    Phase Error              (PE):    0.000ns

    Location             Delay type                Incr(ns)  Path(ns)    Netlist Resource(s)
  -------------------------------------------------------------------    -------------------
                         (clock sys_clk_pin rise edge)
                                                      0.000     0.000 r  
    W5                                                0.000     0.000 r  clk (IN)
                         net (fo=0)                   0.000     0.000    clk
    W5                   IBUF (Prop_ibuf_I_O)         1.458     1.458 r  clk_IBUF_inst/O
                         net (fo=1, routed)           1.967     3.425    clk_IBUF
    BUFGCTRL_X0Y0        BUFG (Prop_bufg_I_O)         0.096     3.521 r  clk_IBUF_BUFG_inst/O
                         net (fo=15, routed)          1.565     5.086    u_pwm/clk_IBUF_BUFG
    SLICE_X8Y12          FDCE                                         r  u_pwm/cnt_reg[1]/C
  -------------------------------------------------------------------    -------------------
    SLICE_X8Y12          FDCE (Prop_fdce_C_Q)         0.518     5.604 r  u_pwm/cnt_reg[1]/Q
                         net (fo=4, routed)           0.987     6.591    u_pwm/cnt[1]
    SLICE_X10Y12         CARRY4 (Prop_carry4_S[0]_CO[3])
                                                      0.637     7.228 r  u_pwm/cnt_reg[4]_i_2/CO[3]
                         net (fo=1, routed)           0.000     7.228    u_pwm/cnt_reg[4]_i_2_n_0
    SLICE_X10Y13         CARRY4 (Prop_carry4_CI_O[1])
                                                      0.323     7.551 r  u_pwm/cnt_reg[8]_i_2/O[1]
                         net (fo=1, routed)           0.411     7.962    u_pwm/cnt0[6]
    SLICE_X11Y13         LUT6 (Prop_lut6_I5_O)        0.306     8.268 r  u_pwm/cnt[6]_i_1/O
                         net (fo=1, routed)           0.000     8.268    u_pwm/cnt[6]_i_1_n_0
    SLICE_X11Y13         FDCE                                         r  u_pwm/cnt_reg[6]/D
  -------------------------------------------------------------------    -------------------

                         (clock sys_clk_pin rise edge)
                                                     10.000    10.000 r  
    W5                                                0.000    10.000 r  clk (IN)
                         net (fo=0)                   0.000    10.000    clk
    W5                   IBUF (Prop_ibuf_I_O)         1.388    11.388 r  clk_IBUF_inst/O
                         net (fo=1, routed)           1.862    13.250    clk_IBUF
    BUFGCTRL_X0Y0        BUFG (Prop_bufg_I_O)         0.091    13.341 r  clk_IBUF_BUFG_inst/O
                         net (fo=15, routed)          1.446    14.787    u_pwm/clk_IBUF_BUFG
    SLICE_X11Y13         FDCE                                         r  u_pwm/cnt_reg[6]/C
                         clock pessimism              0.260    15.047    
                         clock uncertainty           -0.035    15.012    
    SLICE_X11Y13         FDCE (Setup_fdce_C_D)        0.031    15.043    u_pwm/cnt_reg[6]
  -------------------------------------------------------------------
                         required time                         15.043    
                         arrival time                          -8.268    
  -------------------------------------------------------------------
                         slack                                  6.775    

Slack (MET) :             6.862ns  (required time - arrival time)
  Source:                 u_pwm/cnt_reg[1]/C
                            (rising edge-triggered cell FDCE clocked by sys_clk_pin  {rise@0.000ns fall@5.000ns period=10.000ns})
  Destination:            u_pwm/cnt_reg[11]/D
                            (rising edge-triggered cell FDCE clocked by sys_clk_pin  {rise@0.000ns fall@5.000ns period=10.000ns})
  Path Group:             sys_clk_pin
  Path Type:              Setup (Max at Slow Process Corner)
  Requirement:            10.000ns  (sys_clk_pin rise@10.000ns - sys_clk_pin rise@0.000ns)
  Data Path Delay:        3.094ns  (logic 1.812ns (58.558%)  route 1.282ns (41.442%))
  Logic Levels:           4  (CARRY4=3 LUT6=1)
  Clock Path Skew:        -0.039ns (DCD - SCD + CPR)
    Destination Clock Delay (DCD):    4.787ns = ( 14.787 - 10.000 ) 
    Source Clock Delay      (SCD):    5.086ns
    Clock Pessimism Removal (CPR):    0.260ns
  Clock Uncertainty:      0.035ns  ((TSJ^2 + TIJ^2)^1/2 + DJ) / 2 + PE
    Total System Jitter     (TSJ):    0.071ns
    Total Input Jitter      (TIJ):    0.000ns
    Discrete Jitter          (DJ):    0.000ns
    Phase Error              (PE):    0.000ns

    Location             Delay type                Incr(ns)  Path(ns)    Netlist Resource(s)
  -------------------------------------------------------------------    -------------------
                         (clock sys_clk_pin rise edge)
                                                      0.000     0.000 r  
    W5                                                0.000     0.000 r  clk (IN)
                         net (fo=0)                   0.000     0.000    clk
    W5                   IBUF (Prop_ibuf_I_O)         1.458     1.458 r  clk_IBUF_inst/O
                         net (fo=1, routed)           1.967     3.425    clk_IBUF
    BUFGCTRL_X0Y0        BUFG (Prop_bufg_I_O)         0.096     3.521 r  clk_IBUF_BUFG_inst/O
                         net (fo=15, routed)          1.565     5.086    u_pwm/clk_IBUF_BUFG
    SLICE_X8Y12          FDCE                                         r  u_pwm/cnt_reg[1]/C
  -------------------------------------------------------------------    -------------------
    SLICE_X8Y12          FDCE (Prop_fdce_C_Q)         0.518     5.604 r  u_pwm/cnt_reg[1]/Q
                         net (fo=4, routed)           0.987     6.591    u_pwm/cnt[1]
    SLICE_X10Y12         CARRY4 (Prop_carry4_S[0]_CO[3])
                                                      0.637     7.228 r  u_pwm/cnt_reg[4]_i_2/CO[3]
                         net (fo=1, routed)           0.000     7.228    u_pwm/cnt_reg[4]_i_2_n_0
    SLICE_X10Y13         CARRY4 (Prop_carry4_CI_CO[3])
                                                      0.117     7.345 r  u_pwm/cnt_reg[8]_i_2/CO[3]
                         net (fo=1, routed)           0.000     7.345    u_pwm/cnt_reg[8]_i_2_n_0
    SLICE_X10Y14         CARRY4 (Prop_carry4_CI_O[2])
                                                      0.239     7.584 r  u_pwm/cnt_reg[12]_i_5/O[2]
                         net (fo=1, routed)           0.296     7.880    u_pwm/cnt0[11]
    SLICE_X11Y14         LUT6 (Prop_lut6_I5_O)        0.301     8.181 r  u_pwm/cnt[11]_i_1/O
                         net (fo=1, routed)           0.000     8.181    u_pwm/cnt[11]_i_1_n_0
    SLICE_X11Y14         FDCE                                         r  u_pwm/cnt_reg[11]/D
  -------------------------------------------------------------------    -------------------

                         (clock sys_clk_pin rise edge)
                                                     10.000    10.000 r  
    W5                                                0.000    10.000 r  clk (IN)
                         net (fo=0)                   0.000    10.000    clk
    W5                   IBUF (Prop_ibuf_I_O)         1.388    11.388 r  clk_IBUF_inst/O
                         net (fo=1, routed)           1.862    13.250    clk_IBUF
    BUFGCTRL_X0Y0        BUFG (Prop_bufg_I_O)         0.091    13.341 r  clk_IBUF_BUFG_inst/O
                         net (fo=15, routed)          1.446    14.787    u_pwm/clk_IBUF_BUFG
    SLICE_X11Y14         FDCE                                         r  u_pwm/cnt_reg[11]/C
                         clock pessimism              0.260    15.047    
                         clock uncertainty           -0.035    15.012    
    SLICE_X11Y14         FDCE (Setup_fdce_C_D)        0.031    15.043    u_pwm/cnt_reg[11]
  -------------------------------------------------------------------
                         required time                         15.043    
                         arrival time                          -8.181    
  -------------------------------------------------------------------
                         slack                                  6.862    

Slack (MET) :             7.121ns  (required time - arrival time)
  Source:                 u_pwm/cnt_reg[1]/C
                            (rising edge-triggered cell FDCE clocked by sys_clk_pin  {rise@0.000ns fall@5.000ns period=10.000ns})
  Destination:            u_pwm/cnt_reg[3]/D
                            (rising edge-triggered cell FDCE clocked by sys_clk_pin  {rise@0.000ns fall@5.000ns period=10.000ns})
  Path Group:             sys_clk_pin
  Path Type:              Setup (Max at Slow Process Corner)
  Requirement:            10.000ns  (sys_clk_pin rise@10.000ns - sys_clk_pin rise@0.000ns)
  Data Path Delay:        2.923ns  (logic 1.487ns (50.880%)  route 1.436ns (49.120%))
  Logic Levels:           2  (CARRY4=1 LUT6=1)
  Clock Path Skew:        0.000ns (DCD - SCD + CPR)
    Destination Clock Delay (DCD):    4.787ns = ( 14.787 - 10.000 ) 
    Source Clock Delay      (SCD):    5.086ns
    Clock Pessimism Removal (CPR):    0.299ns
  Clock Uncertainty:      0.035ns  ((TSJ^2 + TIJ^2)^1/2 + DJ) / 2 + PE
    Total System Jitter     (TSJ):    0.071ns
    Total Input Jitter      (TIJ):    0.000ns
    Discrete Jitter          (DJ):    0.000ns
    Phase Error              (PE):    0.000ns

    Location             Delay type                Incr(ns)  Path(ns)    Netlist Resource(s)
  -------------------------------------------------------------------    -------------------
                         (clock sys_clk_pin rise edge)
                                                      0.000     0.000 r  
    W5                                                0.000     0.000 r  clk (IN)
                         net (fo=0)                   0.000     0.000    clk
    W5                   IBUF (Prop_ibuf_I_O)         1.458     1.458 r  clk_IBUF_inst/O
                         net (fo=1, routed)           1.967     3.425    clk_IBUF
    BUFGCTRL_X0Y0        BUFG (Prop_bufg_I_O)         0.096     3.521 r  clk_IBUF_BUFG_inst/O
                         net (fo=15, routed)          1.565     5.086    u_pwm/clk_IBUF_BUFG
    SLICE_X8Y12          FDCE                                         r  u_pwm/cnt_reg[1]/C
  -------------------------------------------------------------------    -------------------
    SLICE_X8Y12          FDCE (Prop_fdce_C_Q)         0.518     5.604 r  u_pwm/cnt_reg[1]/Q
                         net (fo=4, routed)           0.987     6.591    u_pwm/cnt[1]
    SLICE_X10Y12         CARRY4 (Prop_carry4_S[0]_O[2])
                                                      0.668     7.259 r  u_pwm/cnt_reg[4]_i_2/O[2]
                         net (fo=1, routed)           0.449     7.708    u_pwm/cnt0[3]
    SLICE_X8Y12          LUT6 (Prop_lut6_I5_O)        0.301     8.009 r  u_pwm/cnt[3]_i_1/O
                         net (fo=1, routed)           0.000     8.009    u_pwm/cnt[3]_i_1_n_0
    SLICE_X8Y12          FDCE                                         r  u_pwm/cnt_reg[3]/D
  -------------------------------------------------------------------    -------------------

                         (clock sys_clk_pin rise edge)
                                                     10.000    10.000 r  
    W5                                                0.000    10.000 r  clk (IN)
                         net (fo=0)                   0.000    10.000    clk
    W5                   IBUF (Prop_ibuf_I_O)         1.388    11.388 r  clk_IBUF_inst/O
                         net (fo=1, routed)           1.862    13.250    clk_IBUF
    BUFGCTRL_X0Y0        BUFG (Prop_bufg_I_O)         0.091    13.341 r  clk_IBUF_BUFG_inst/O
                         net (fo=15, routed)          1.446    14.787    u_pwm/clk_IBUF_BUFG
    SLICE_X8Y12          FDCE                                         r  u_pwm/cnt_reg[3]/C
                         clock pessimism              0.299    15.086    
                         clock uncertainty           -0.035    15.051    
    SLICE_X8Y12          FDCE (Setup_fdce_C_D)        0.079    15.130    u_pwm/cnt_reg[3]
  -------------------------------------------------------------------
                         required time                         15.130    
                         arrival time                          -8.009    
  -------------------------------------------------------------------
                         slack                                  7.121    





Min Delay Paths
--------------------------------------------------------------------------------------
Slack (MET) :             0.248ns  (arrival time - required time)
  Source:                 u_pwm/cnt_reg[0]/C
                            (rising edge-triggered cell FDCE clocked by sys_clk_pin  {rise@0.000ns fall@5.000ns period=10.000ns})
  Destination:            u_pwm/cnt_reg[0]/D
                            (rising edge-triggered cell FDCE clocked by sys_clk_pin  {rise@0.000ns fall@5.000ns period=10.000ns})
  Path Group:             sys_clk_pin
  Path Type:              Hold (Min at Fast Process Corner)
  Requirement:            0.000ns  (sys_clk_pin rise@0.000ns - sys_clk_pin rise@0.000ns)
  Data Path Delay:        0.369ns  (logic 0.209ns (56.587%)  route 0.160ns (43.413%))
  Logic Levels:           1  (LUT6=1)
  Clock Path Skew:        0.000ns (DCD - SCD - CPR)
    Destination Clock Delay (DCD):    1.959ns
    Source Clock Delay      (SCD):    1.446ns
    Clock Pessimism Removal (CPR):    0.513ns

    Location             Delay type                Incr(ns)  Path(ns)    Netlist Resource(s)
  -------------------------------------------------------------------    -------------------
                         (clock sys_clk_pin rise edge)
                                                      0.000     0.000 r  
    W5                                                0.000     0.000 r  clk (IN)
                         net (fo=0)                   0.000     0.000    clk
    W5                   IBUF (Prop_ibuf_I_O)         0.226     0.226 r  clk_IBUF_inst/O
                         net (fo=1, routed)           0.631     0.858    clk_IBUF
    BUFGCTRL_X0Y0        BUFG (Prop_bufg_I_O)         0.026     0.884 r  clk_IBUF_BUFG_inst/O
                         net (fo=15, routed)          0.563     1.446    u_pwm/clk_IBUF_BUFG
    SLICE_X8Y12          FDCE                                         r  u_pwm/cnt_reg[0]/C
  -------------------------------------------------------------------    -------------------
    SLICE_X8Y12          FDCE (Prop_fdce_C_Q)         0.164     1.610 f  u_pwm/cnt_reg[0]/Q
                         net (fo=5, routed)           0.160     1.770    u_pwm/cnt[0]
    SLICE_X8Y12          LUT6 (Prop_lut6_I5_O)        0.045     1.815 r  u_pwm/cnt[0]_i_1/O
                         net (fo=1, routed)           0.000     1.815    u_pwm/cnt[0]_i_1_n_0
    SLICE_X8Y12          FDCE                                         r  u_pwm/cnt_reg[0]/D
  -------------------------------------------------------------------    -------------------

                         (clock sys_clk_pin rise edge)
                                                      0.000     0.000 r  
    W5                                                0.000     0.000 r  clk (IN)
                         net (fo=0)                   0.000     0.000    clk
    W5                   IBUF (Prop_ibuf_I_O)         0.414     0.414 r  clk_IBUF_inst/O
                         net (fo=1, routed)           0.685     1.099    clk_IBUF
    BUFGCTRL_X0Y0        BUFG (Prop_bufg_I_O)         0.029     1.128 r  clk_IBUF_BUFG_inst/O
                         net (fo=15, routed)          0.832     1.959    u_pwm/clk_IBUF_BUFG
    SLICE_X8Y12          FDCE                                         r  u_pwm/cnt_reg[0]/C
                         clock pessimism             -0.513     1.446    
    SLICE_X8Y12          FDCE (Hold_fdce_C_D)         0.121     1.567    u_pwm/cnt_reg[0]
  -------------------------------------------------------------------
                         required time                         -1.567    
                         arrival time                           1.815    
  -------------------------------------------------------------------
                         slack                                  0.248    

Slack (MET) :             0.273ns  (arrival time - required time)
  Source:                 u_pwm/cnt_reg[3]/C
                            (rising edge-triggered cell FDCE clocked by sys_clk_pin  {rise@0.000ns fall@5.000ns period=10.000ns})
  Destination:            u_pwm/cnt_reg[3]/D
                            (rising edge-triggered cell FDCE clocked by sys_clk_pin  {rise@0.000ns fall@5.000ns period=10.000ns})
  Path Group:             sys_clk_pin
  Path Type:              Hold (Min at Fast Process Corner)
  Requirement:            0.000ns  (sys_clk_pin rise@0.000ns - sys_clk_pin rise@0.000ns)
  Data Path Delay:        0.394ns  (logic 0.209ns (53.103%)  route 0.185ns (46.897%))
  Logic Levels:           1  (LUT6=1)
  Clock Path Skew:        0.000ns (DCD - SCD - CPR)
    Destination Clock Delay (DCD):    1.959ns
    Source Clock Delay      (SCD):    1.446ns
    Clock Pessimism Removal (CPR):    0.513ns

    Location             Delay type                Incr(ns)  Path(ns)    Netlist Resource(s)
  -------------------------------------------------------------------    -------------------
                         (clock sys_clk_pin rise edge)
                                                      0.000     0.000 r  
    W5                                                0.000     0.000 r  clk (IN)
                         net (fo=0)                   0.000     0.000    clk
    W5                   IBUF (Prop_ibuf_I_O)         0.226     0.226 r  clk_IBUF_inst/O
                         net (fo=1, routed)           0.631     0.858    clk_IBUF
    BUFGCTRL_X0Y0        BUFG (Prop_bufg_I_O)         0.026     0.884 r  clk_IBUF_BUFG_inst/O
                         net (fo=15, routed)          0.563     1.446    u_pwm/clk_IBUF_BUFG
    SLICE_X8Y12          FDCE                                         r  u_pwm/cnt_reg[3]/C
  -------------------------------------------------------------------    -------------------
    SLICE_X8Y12          FDCE (Prop_fdce_C_Q)         0.164     1.610 f  u_pwm/cnt_reg[3]/Q
                         net (fo=16, routed)          0.185     1.795    u_pwm/cnt[3]
    SLICE_X8Y12          LUT6 (Prop_lut6_I3_O)        0.045     1.840 r  u_pwm/cnt[3]_i_1/O
                         net (fo=1, routed)           0.000     1.840    u_pwm/cnt[3]_i_1_n_0
    SLICE_X8Y12          FDCE                                         r  u_pwm/cnt_reg[3]/D
  -------------------------------------------------------------------    -------------------

                         (clock sys_clk_pin rise edge)
                                                      0.000     0.000 r  
    W5                                                0.000     0.000 r  clk (IN)
                         net (fo=0)                   0.000     0.000    clk
    W5                   IBUF (Prop_ibuf_I_O)         0.414     0.414 r  clk_IBUF_inst/O
                         net (fo=1, routed)           0.685     1.099    clk_IBUF
    BUFGCTRL_X0Y0        BUFG (Prop_bufg_I_O)         0.029     1.128 r  clk_IBUF_BUFG_inst/O
                         net (fo=15, routed)          0.832     1.959    u_pwm/clk_IBUF_BUFG
    SLICE_X8Y12          FDCE                                         r  u_pwm/cnt_reg[3]/C
                         clock pessimism             -0.513     1.446    
    SLICE_X8Y12          FDCE (Hold_fdce_C_D)         0.121     1.567    u_pwm/cnt_reg[3]
  -------------------------------------------------------------------
                         required time                         -1.567    
                         arrival time                           1.840    
  -------------------------------------------------------------------
                         slack                                  0.273    

Slack (MET) :             0.279ns  (arrival time - required time)
  Source:                 u_pwm/cnt_reg[3]/C
                            (rising edge-triggered cell FDCE clocked by sys_clk_pin  {rise@0.000ns fall@5.000ns period=10.000ns})
  Destination:            u_pwm/cnt_reg[7]/D
                            (rising edge-triggered cell FDCE clocked by sys_clk_pin  {rise@0.000ns fall@5.000ns period=10.000ns})
  Path Group:             sys_clk_pin
  Path Type:              Hold (Min at Fast Process Corner)
  Requirement:            0.000ns  (sys_clk_pin rise@0.000ns - sys_clk_pin rise@0.000ns)
  Data Path Delay:        0.405ns  (logic 0.209ns (51.659%)  route 0.196ns (48.341%))
  Logic Levels:           1  (LUT6=1)
  Clock Path Skew:        0.034ns (DCD - SCD - CPR)
    Destination Clock Delay (DCD):    1.958ns
    Source Clock Delay      (SCD):    1.446ns
    Clock Pessimism Removal (CPR):    0.478ns

    Location             Delay type                Incr(ns)  Path(ns)    Netlist Resource(s)
  -------------------------------------------------------------------    -------------------
                         (clock sys_clk_pin rise edge)
                                                      0.000     0.000 r  
    W5                                                0.000     0.000 r  clk (IN)
                         net (fo=0)                   0.000     0.000    clk
    W5                   IBUF (Prop_ibuf_I_O)         0.226     0.226 r  clk_IBUF_inst/O
                         net (fo=1, routed)           0.631     0.858    clk_IBUF
    BUFGCTRL_X0Y0        BUFG (Prop_bufg_I_O)         0.026     0.884 r  clk_IBUF_BUFG_inst/O
                         net (fo=15, routed)          0.563     1.446    u_pwm/clk_IBUF_BUFG
    SLICE_X8Y12          FDCE                                         r  u_pwm/cnt_reg[3]/C
  -------------------------------------------------------------------    -------------------
    SLICE_X8Y12          FDCE (Prop_fdce_C_Q)         0.164     1.610 f  u_pwm/cnt_reg[3]/Q
                         net (fo=16, routed)          0.196     1.806    u_pwm/cnt[3]
    SLICE_X11Y13         LUT6 (Prop_lut6_I3_O)        0.045     1.851 r  u_pwm/cnt[7]_i_1/O
                         net (fo=1, routed)           0.000     1.851    u_pwm/cnt[7]_i_1_n_0
    SLICE_X11Y13         FDCE                                         r  u_pwm/cnt_reg[7]/D
  -------------------------------------------------------------------    -------------------

                         (clock sys_clk_pin rise edge)
                                                      0.000     0.000 r  
    W5                                                0.000     0.000 r  clk (IN)
                         net (fo=0)                   0.000     0.000    clk
    W5                   IBUF (Prop_ibuf_I_O)         0.414     0.414 r  clk_IBUF_inst/O
                         net (fo=1, routed)           0.685     1.099    clk_IBUF
    BUFGCTRL_X0Y0        BUFG (Prop_bufg_I_O)         0.029     1.128 r  clk_IBUF_BUFG_inst/O
                         net (fo=15, routed)          0.831     1.958    u_pwm/clk_IBUF_BUFG
    SLICE_X11Y13         FDCE                                         r  u_pwm/cnt_reg[7]/C
                         clock pessimism             -0.478     1.480    
    SLICE_X11Y13         FDCE (Hold_fdce_C_D)         0.092     1.572    u_pwm/cnt_reg[7]
  -------------------------------------------------------------------
                         required time                         -1.572    
                         arrival time                           1.851    
  -------------------------------------------------------------------
                         slack                                  0.279    

Slack (MET) :             0.328ns  (arrival time - required time)
  Source:                 u_pwm/cnt_reg[6]/C
                            (rising edge-triggered cell FDCE clocked by sys_clk_pin  {rise@0.000ns fall@5.000ns period=10.000ns})
  Destination:            u_pwm/cnt_reg[1]/D
                            (rising edge-triggered cell FDCE clocked by sys_clk_pin  {rise@0.000ns fall@5.000ns period=10.000ns})
  Path Group:             sys_clk_pin
  Path Type:              Hold (Min at Fast Process Corner)
  Requirement:            0.000ns  (sys_clk_pin rise@0.000ns - sys_clk_pin rise@0.000ns)
  Data Path Delay:        0.484ns  (logic 0.186ns (38.426%)  route 0.298ns (61.574%))
  Logic Levels:           1  (LUT6=1)
  Clock Path Skew:        0.036ns (DCD - SCD - CPR)
    Destination Clock Delay (DCD):    1.959ns
    Source Clock Delay      (SCD):    1.445ns
    Clock Pessimism Removal (CPR):    0.478ns

    Location             Delay type                Incr(ns)  Path(ns)    Netlist Resource(s)
  -------------------------------------------------------------------    -------------------
                         (clock sys_clk_pin rise edge)
                                                      0.000     0.000 r  
    W5                                                0.000     0.000 r  clk (IN)
                         net (fo=0)                   0.000     0.000    clk
    W5                   IBUF (Prop_ibuf_I_O)         0.226     0.226 r  clk_IBUF_inst/O
                         net (fo=1, routed)           0.631     0.858    clk_IBUF
    BUFGCTRL_X0Y0        BUFG (Prop_bufg_I_O)         0.026     0.884 r  clk_IBUF_BUFG_inst/O
                         net (fo=15, routed)          0.562     1.445    u_pwm/clk_IBUF_BUFG
    SLICE_X11Y13         FDCE                                         r  u_pwm/cnt_reg[6]/C
  -------------------------------------------------------------------    -------------------
    SLICE_X11Y13         FDCE (Prop_fdce_C_Q)         0.141     1.586 f  u_pwm/cnt_reg[6]/Q
                         net (fo=16, routed)          0.298     1.884    u_pwm/cnt[6]
    SLICE_X8Y12          LUT6 (Prop_lut6_I2_O)        0.045     1.929 r  u_pwm/cnt[1]_i_1/O
                         net (fo=1, routed)           0.000     1.929    u_pwm/cnt[1]_i_1_n_0
    SLICE_X8Y12          FDCE                                         r  u_pwm/cnt_reg[1]/D
  -------------------------------------------------------------------    -------------------

                         (clock sys_clk_pin rise edge)
                                                      0.000     0.000 r  
    W5                                                0.000     0.000 r  clk (IN)
                         net (fo=0)                   0.000     0.000    clk
    W5                   IBUF (Prop_ibuf_I_O)         0.414     0.414 r  clk_IBUF_inst/O
                         net (fo=1, routed)           0.685     1.099    clk_IBUF
    BUFGCTRL_X0Y0        BUFG (Prop_bufg_I_O)         0.029     1.128 r  clk_IBUF_BUFG_inst/O
                         net (fo=15, routed)          0.832     1.959    u_pwm/clk_IBUF_BUFG
    SLICE_X8Y12          FDCE                                         r  u_pwm/cnt_reg[1]/C
                         clock pessimism             -0.478     1.481    
    SLICE_X8Y12          FDCE (Hold_fdce_C_D)         0.120     1.601    u_pwm/cnt_reg[1]
  -------------------------------------------------------------------
                         required time                         -1.601    
                         arrival time                           1.929    
  -------------------------------------------------------------------
                         slack                                  0.328    

Slack (MET) :             0.331ns  (arrival time - required time)
  Source:                 u_pwm/cnt_reg[6]/C
                            (rising edge-triggered cell FDCE clocked by sys_clk_pin  {rise@0.000ns fall@5.000ns period=10.000ns})
  Destination:            u_pwm/cnt_reg[2]/D
                            (rising edge-triggered cell FDCE clocked by sys_clk_pin  {rise@0.000ns fall@5.000ns period=10.000ns})
  Path Group:             sys_clk_pin
  Path Type:              Hold (Min at Fast Process Corner)
  Requirement:            0.000ns  (sys_clk_pin rise@0.000ns - sys_clk_pin rise@0.000ns)
  Data Path Delay:        0.488ns  (logic 0.186ns (38.111%)  route 0.302ns (61.889%))
  Logic Levels:           1  (LUT6=1)
  Clock Path Skew:        0.036ns (DCD - SCD - CPR)
    Destination Clock Delay (DCD):    1.959ns
    Source Clock Delay      (SCD):    1.445ns
    Clock Pessimism Removal (CPR):    0.478ns

    Location             Delay type                Incr(ns)  Path(ns)    Netlist Resource(s)
  -------------------------------------------------------------------    -------------------
                         (clock sys_clk_pin rise edge)
                                                      0.000     0.000 r  
    W5                                                0.000     0.000 r  clk (IN)
                         net (fo=0)                   0.000     0.000    clk
    W5                   IBUF (Prop_ibuf_I_O)         0.226     0.226 r  clk_IBUF_inst/O
                         net (fo=1, routed)           0.631     0.858    clk_IBUF
    BUFGCTRL_X0Y0        BUFG (Prop_bufg_I_O)         0.026     0.884 r  clk_IBUF_BUFG_inst/O
                         net (fo=15, routed)          0.562     1.445    u_pwm/clk_IBUF_BUFG
    SLICE_X11Y13         FDCE                                         r  u_pwm/cnt_reg[6]/C
  -------------------------------------------------------------------    -------------------
    SLICE_X11Y13         FDCE (Prop_fdce_C_Q)         0.141     1.586 f  u_pwm/cnt_reg[6]/Q
                         net (fo=16, routed)          0.302     1.888    u_pwm/cnt[6]
    SLICE_X8Y12          LUT6 (Prop_lut6_I2_O)        0.045     1.933 r  u_pwm/cnt[2]_i_1/O
                         net (fo=1, routed)           0.000     1.933    u_pwm/cnt[2]_i_1_n_0
    SLICE_X8Y12          FDCE                                         r  u_pwm/cnt_reg[2]/D
  -------------------------------------------------------------------    -------------------

                         (clock sys_clk_pin rise edge)
                                                      0.000     0.000 r  
    W5                                                0.000     0.000 r  clk (IN)
                         net (fo=0)                   0.000     0.000    clk
    W5                   IBUF (Prop_ibuf_I_O)         0.414     0.414 r  clk_IBUF_inst/O
                         net (fo=1, routed)           0.685     1.099    clk_IBUF
    BUFGCTRL_X0Y0        BUFG (Prop_bufg_I_O)         0.029     1.128 r  clk_IBUF_BUFG_inst/O
                         net (fo=15, routed)          0.832     1.959    u_pwm/clk_IBUF_BUFG
    SLICE_X8Y12          FDCE                                         r  u_pwm/cnt_reg[2]/C
                         clock pessimism             -0.478     1.481    
    SLICE_X8Y12          FDCE (Hold_fdce_C_D)         0.121     1.602    u_pwm/cnt_reg[2]
  -------------------------------------------------------------------
                         required time                         -1.602    
                         arrival time                           1.933    
  -------------------------------------------------------------------
                         slack                                  0.331    

Slack (MET) :             0.344ns  (arrival time - required time)
  Source:                 u_pwm/cnt_reg[3]/C
                            (rising edge-triggered cell FDCE clocked by sys_clk_pin  {rise@0.000ns fall@5.000ns period=10.000ns})
  Destination:            u_pwm/cnt_reg[8]/D
                            (rising edge-triggered cell FDCE clocked by sys_clk_pin  {rise@0.000ns fall@5.000ns period=10.000ns})
  Path Group:             sys_clk_pin
  Path Type:              Hold (Min at Fast Process Corner)
  Requirement:            0.000ns  (sys_clk_pin rise@0.000ns - sys_clk_pin rise@0.000ns)
  Data Path Delay:        0.470ns  (logic 0.209ns (44.491%)  route 0.261ns (55.509%))
  Logic Levels:           1  (LUT6=1)
  Clock Path Skew:        0.034ns (DCD - SCD - CPR)
    Destination Clock Delay (DCD):    1.958ns
    Source Clock Delay      (SCD):    1.446ns
    Clock Pessimism Removal (CPR):    0.478ns

    Location             Delay type                Incr(ns)  Path(ns)    Netlist Resource(s)
  -------------------------------------------------------------------    -------------------
                         (clock sys_clk_pin rise edge)
                                                      0.000     0.000 r  
    W5                                                0.000     0.000 r  clk (IN)
                         net (fo=0)                   0.000     0.000    clk
    W5                   IBUF (Prop_ibuf_I_O)         0.226     0.226 r  clk_IBUF_inst/O
                         net (fo=1, routed)           0.631     0.858    clk_IBUF
    BUFGCTRL_X0Y0        BUFG (Prop_bufg_I_O)         0.026     0.884 r  clk_IBUF_BUFG_inst/O
                         net (fo=15, routed)          0.563     1.446    u_pwm/clk_IBUF_BUFG
    SLICE_X8Y12          FDCE                                         r  u_pwm/cnt_reg[3]/C
  -------------------------------------------------------------------    -------------------
    SLICE_X8Y12          FDCE (Prop_fdce_C_Q)         0.164     1.610 f  u_pwm/cnt_reg[3]/Q
                         net (fo=16, routed)          0.261     1.871    u_pwm/cnt[3]
    SLICE_X11Y13         LUT6 (Prop_lut6_I3_O)        0.045     1.916 r  u_pwm/cnt[8]_i_1/O
                         net (fo=1, routed)           0.000     1.916    u_pwm/cnt[8]_i_1_n_0
    SLICE_X11Y13         FDCE                                         r  u_pwm/cnt_reg[8]/D
  -------------------------------------------------------------------    -------------------

                         (clock sys_clk_pin rise edge)
                                                      0.000     0.000 r  
    W5                                                0.000     0.000 r  clk (IN)
                         net (fo=0)                   0.000     0.000    clk
    W5                   IBUF (Prop_ibuf_I_O)         0.414     0.414 r  clk_IBUF_inst/O
                         net (fo=1, routed)           0.685     1.099    clk_IBUF
    BUFGCTRL_X0Y0        BUFG (Prop_bufg_I_O)         0.029     1.128 r  clk_IBUF_BUFG_inst/O
                         net (fo=15, routed)          0.831     1.958    u_pwm/clk_IBUF_BUFG
    SLICE_X11Y13         FDCE                                         r  u_pwm/cnt_reg[8]/C
                         clock pessimism             -0.478     1.480    
    SLICE_X11Y13         FDCE (Hold_fdce_C_D)         0.092     1.572    u_pwm/cnt_reg[8]
  -------------------------------------------------------------------
                         required time                         -1.572    
                         arrival time                           1.916    
  -------------------------------------------------------------------
                         slack                                  0.344    

Slack (MET) :             0.346ns  (arrival time - required time)
  Source:                 u_pwm/cnt_reg[3]/C
                            (rising edge-triggered cell FDCE clocked by sys_clk_pin  {rise@0.000ns fall@5.000ns period=10.000ns})
  Destination:            u_pwm/cnt_reg[6]/D
                            (rising edge-triggered cell FDCE clocked by sys_clk_pin  {rise@0.000ns fall@5.000ns period=10.000ns})
  Path Group:             sys_clk_pin
  Path Type:              Hold (Min at Fast Process Corner)
  Requirement:            0.000ns  (sys_clk_pin rise@0.000ns - sys_clk_pin rise@0.000ns)
  Data Path Delay:        0.472ns  (logic 0.209ns (44.298%)  route 0.263ns (55.702%))
  Logic Levels:           1  (LUT6=1)
  Clock Path Skew:        0.034ns (DCD - SCD - CPR)
    Destination Clock Delay (DCD):    1.958ns
    Source Clock Delay      (SCD):    1.446ns
    Clock Pessimism Removal (CPR):    0.478ns

    Location             Delay type                Incr(ns)  Path(ns)    Netlist Resource(s)
  -------------------------------------------------------------------    -------------------
                         (clock sys_clk_pin rise edge)
                                                      0.000     0.000 r  
    W5                                                0.000     0.000 r  clk (IN)
                         net (fo=0)                   0.000     0.000    clk
    W5                   IBUF (Prop_ibuf_I_O)         0.226     0.226 r  clk_IBUF_inst/O
                         net (fo=1, routed)           0.631     0.858    clk_IBUF
    BUFGCTRL_X0Y0        BUFG (Prop_bufg_I_O)         0.026     0.884 r  clk_IBUF_BUFG_inst/O
                         net (fo=15, routed)          0.563     1.446    u_pwm/clk_IBUF_BUFG
    SLICE_X8Y12          FDCE                                         r  u_pwm/cnt_reg[3]/C
  -------------------------------------------------------------------    -------------------
    SLICE_X8Y12          FDCE (Prop_fdce_C_Q)         0.164     1.610 f  u_pwm/cnt_reg[3]/Q
                         net (fo=16, routed)          0.263     1.873    u_pwm/cnt[3]
    SLICE_X11Y13         LUT6 (Prop_lut6_I3_O)        0.045     1.918 r  u_pwm/cnt[6]_i_1/O
                         net (fo=1, routed)           0.000     1.918    u_pwm/cnt[6]_i_1_n_0
    SLICE_X11Y13         FDCE                                         r  u_pwm/cnt_reg[6]/D
  -------------------------------------------------------------------    -------------------

                         (clock sys_clk_pin rise edge)
                                                      0.000     0.000 r  
    W5                                                0.000     0.000 r  clk (IN)
                         net (fo=0)                   0.000     0.000    clk
    W5                   IBUF (Prop_ibuf_I_O)         0.414     0.414 r  clk_IBUF_inst/O
                         net (fo=1, routed)           0.685     1.099    clk_IBUF
    BUFGCTRL_X0Y0        BUFG (Prop_bufg_I_O)         0.029     1.128 r  clk_IBUF_BUFG_inst/O
                         net (fo=15, routed)          0.831     1.958    u_pwm/clk_IBUF_BUFG
    SLICE_X11Y13         FDCE                                         r  u_pwm/cnt_reg[6]/C
                         clock pessimism             -0.478     1.480    
    SLICE_X11Y13         FDCE (Hold_fdce_C_D)         0.092     1.572    u_pwm/cnt_reg[6]
  -------------------------------------------------------------------
                         required time                         -1.572    
                         arrival time                           1.918    
  -------------------------------------------------------------------
                         slack                                  0.346    

Slack (MET) :             0.350ns  (arrival time - required time)
  Source:                 u_pwm/cnt_reg[6]/C
                            (rising edge-triggered cell FDCE clocked by sys_clk_pin  {rise@0.000ns fall@5.000ns period=10.000ns})
  Destination:            u_pwm/cnt_reg[5]/D
                            (rising edge-triggered cell FDCE clocked by sys_clk_pin  {rise@0.000ns fall@5.000ns period=10.000ns})
  Path Group:             sys_clk_pin
  Path Type:              Hold (Min at Fast Process Corner)
  Requirement:            0.000ns  (sys_clk_pin rise@0.000ns - sys_clk_pin rise@0.000ns)
  Data Path Delay:        0.441ns  (logic 0.186ns (42.221%)  route 0.255ns (57.779%))
  Logic Levels:           1  (LUT6=1)
  Clock Path Skew:        0.000ns (DCD - SCD - CPR)
    Destination Clock Delay (DCD):    1.958ns
    Source Clock Delay      (SCD):    1.445ns
    Clock Pessimism Removal (CPR):    0.513ns

    Location             Delay type                Incr(ns)  Path(ns)    Netlist Resource(s)
  -------------------------------------------------------------------    -------------------
                         (clock sys_clk_pin rise edge)
                                                      0.000     0.000 r  
    W5                                                0.000     0.000 r  clk (IN)
                         net (fo=0)                   0.000     0.000    clk
    W5                   IBUF (Prop_ibuf_I_O)         0.226     0.226 r  clk_IBUF_inst/O
                         net (fo=1, routed)           0.631     0.858    clk_IBUF
    BUFGCTRL_X0Y0        BUFG (Prop_bufg_I_O)         0.026     0.884 r  clk_IBUF_BUFG_inst/O
                         net (fo=15, routed)          0.562     1.445    u_pwm/clk_IBUF_BUFG
    SLICE_X11Y13         FDCE                                         r  u_pwm/cnt_reg[6]/C
  -------------------------------------------------------------------    -------------------
    SLICE_X11Y13         FDCE (Prop_fdce_C_Q)         0.141     1.586 f  u_pwm/cnt_reg[6]/Q
                         net (fo=16, routed)          0.255     1.841    u_pwm/cnt[6]
    SLICE_X11Y13         LUT6 (Prop_lut6_I2_O)        0.045     1.886 r  u_pwm/cnt[5]_i_1/O
                         net (fo=1, routed)           0.000     1.886    u_pwm/cnt[5]_i_1_n_0
    SLICE_X11Y13         FDCE                                         r  u_pwm/cnt_reg[5]/D
  -------------------------------------------------------------------    -------------------

                         (clock sys_clk_pin rise edge)
                                                      0.000     0.000 r  
    W5                                                0.000     0.000 r  clk (IN)
                         net (fo=0)                   0.000     0.000    clk
    W5                   IBUF (Prop_ibuf_I_O)         0.414     0.414 r  clk_IBUF_inst/O
                         net (fo=1, routed)           0.685     1.099    clk_IBUF
    BUFGCTRL_X0Y0        BUFG (Prop_bufg_I_O)         0.029     1.128 r  clk_IBUF_BUFG_inst/O
                         net (fo=15, routed)          0.831     1.958    u_pwm/clk_IBUF_BUFG
    SLICE_X11Y13         FDCE                                         r  u_pwm/cnt_reg[5]/C
                         clock pessimism             -0.513     1.445    
    SLICE_X11Y13         FDCE (Hold_fdce_C_D)         0.091     1.536    u_pwm/cnt_reg[5]
  -------------------------------------------------------------------
                         required time                         -1.536    
                         arrival time                           1.886    
  -------------------------------------------------------------------
                         slack                                  0.350    

Slack (MET) :             0.355ns  (arrival time - required time)
  Source:                 u_pwm/cnt_reg[12]/C
                            (rising edge-triggered cell FDCE clocked by sys_clk_pin  {rise@0.000ns fall@5.000ns period=10.000ns})
  Destination:            u_pwm/pwm_out_reg/D
                            (rising edge-triggered cell FDCE clocked by sys_clk_pin  {rise@0.000ns fall@5.000ns period=10.000ns})
  Path Group:             sys_clk_pin
  Path Type:              Hold (Min at Fast Process Corner)
  Requirement:            0.000ns  (sys_clk_pin rise@0.000ns - sys_clk_pin rise@0.000ns)
  Data Path Delay:        0.471ns  (logic 0.263ns (55.885%)  route 0.208ns (44.115%))
  Logic Levels:           2  (CARRY4=1 LUT2=1)
  Clock Path Skew:        0.016ns (DCD - SCD - CPR)
    Destination Clock Delay (DCD):    1.959ns
    Source Clock Delay      (SCD):    1.445ns
    Clock Pessimism Removal (CPR):    0.498ns

    Location             Delay type                Incr(ns)  Path(ns)    Netlist Resource(s)
  -------------------------------------------------------------------    -------------------
                         (clock sys_clk_pin rise edge)
                                                      0.000     0.000 r  
    W5                                                0.000     0.000 r  clk (IN)
                         net (fo=0)                   0.000     0.000    clk
    W5                   IBUF (Prop_ibuf_I_O)         0.226     0.226 r  clk_IBUF_inst/O
                         net (fo=1, routed)           0.631     0.858    clk_IBUF
    BUFGCTRL_X0Y0        BUFG (Prop_bufg_I_O)         0.026     0.884 r  clk_IBUF_BUFG_inst/O
                         net (fo=15, routed)          0.562     1.445    u_pwm/clk_IBUF_BUFG
    SLICE_X11Y14         FDCE                                         r  u_pwm/cnt_reg[12]/C
  -------------------------------------------------------------------    -------------------
    SLICE_X11Y14         FDCE (Prop_fdce_C_Q)         0.141     1.586 f  u_pwm/cnt_reg[12]/Q
                         net (fo=5, routed)           0.208     1.794    u_pwm/cnt[12]
    SLICE_X11Y12         LUT2 (Prop_lut2_I1_O)        0.045     1.839 r  u_pwm/pwm_out0_carry__0_i_1/O
                         net (fo=1, routed)           0.000     1.839    u_pwm/pwm_out0_carry__0_i_1_n_0
    SLICE_X11Y12         CARRY4 (Prop_carry4_DI[2]_CO[2])
                                                      0.077     1.916 r  u_pwm/pwm_out0_carry__0/CO[2]
                         net (fo=1, routed)           0.000     1.916    u_pwm/pwm_out0_carry__0_n_1
    SLICE_X11Y12         FDCE                                         r  u_pwm/pwm_out_reg/D
  -------------------------------------------------------------------    -------------------

                         (clock sys_clk_pin rise edge)
                                                      0.000     0.000 r  
    W5                                                0.000     0.000 r  clk (IN)
                         net (fo=0)                   0.000     0.000    clk
    W5                   IBUF (Prop_ibuf_I_O)         0.414     0.414 r  clk_IBUF_inst/O
                         net (fo=1, routed)           0.685     1.099    clk_IBUF
    BUFGCTRL_X0Y0        BUFG (Prop_bufg_I_O)         0.029     1.128 r  clk_IBUF_BUFG_inst/O
                         net (fo=15, routed)          0.832     1.959    u_pwm/clk_IBUF_BUFG
    SLICE_X11Y12         FDCE                                         r  u_pwm/pwm_out_reg/C
                         clock pessimism             -0.498     1.461    
    SLICE_X11Y12         FDCE (Hold_fdce_C_D)         0.100     1.561    u_pwm/pwm_out_reg
  -------------------------------------------------------------------
                         required time                         -1.561    
                         arrival time                           1.916    
  -------------------------------------------------------------------
                         slack                                  0.355    

Slack (MET) :             0.370ns  (arrival time - required time)
  Source:                 u_pwm/cnt_reg[6]/C
                            (rising edge-triggered cell FDCE clocked by sys_clk_pin  {rise@0.000ns fall@5.000ns period=10.000ns})
  Destination:            u_pwm/cnt_reg[10]/D
                            (rising edge-triggered cell FDCE clocked by sys_clk_pin  {rise@0.000ns fall@5.000ns period=10.000ns})
  Path Group:             sys_clk_pin
  Path Type:              Hold (Min at Fast Process Corner)
  Requirement:            0.000ns  (sys_clk_pin rise@0.000ns - sys_clk_pin rise@0.000ns)
  Data Path Delay:        0.476ns  (logic 0.186ns (39.036%)  route 0.290ns (60.964%))
  Logic Levels:           1  (LUT6=1)
  Clock Path Skew:        0.015ns (DCD - SCD - CPR)
    Destination Clock Delay (DCD):    1.958ns
    Source Clock Delay      (SCD):    1.445ns
    Clock Pessimism Removal (CPR):    0.498ns

    Location             Delay type                Incr(ns)  Path(ns)    Netlist Resource(s)
  -------------------------------------------------------------------    -------------------
                         (clock sys_clk_pin rise edge)
                                                      0.000     0.000 r  
    W5                                                0.000     0.000 r  clk (IN)
                         net (fo=0)                   0.000     0.000    clk
    W5                   IBUF (Prop_ibuf_I_O)         0.226     0.226 r  clk_IBUF_inst/O
                         net (fo=1, routed)           0.631     0.858    clk_IBUF
    BUFGCTRL_X0Y0        BUFG (Prop_bufg_I_O)         0.026     0.884 r  clk_IBUF_BUFG_inst/O
                         net (fo=15, routed)          0.562     1.445    u_pwm/clk_IBUF_BUFG
    SLICE_X11Y13         FDCE                                         r  u_pwm/cnt_reg[6]/C
  -------------------------------------------------------------------    -------------------
    SLICE_X11Y13         FDCE (Prop_fdce_C_Q)         0.141     1.586 f  u_pwm/cnt_reg[6]/Q
                         net (fo=16, routed)          0.290     1.877    u_pwm/cnt[6]
    SLICE_X11Y14         LUT6 (Prop_lut6_I2_O)        0.045     1.922 r  u_pwm/cnt[10]_i_1/O
                         net (fo=1, routed)           0.000     1.922    u_pwm/cnt[10]_i_1_n_0
    SLICE_X11Y14         FDCE                                         r  u_pwm/cnt_reg[10]/D
  -------------------------------------------------------------------    -------------------

                         (clock sys_clk_pin rise edge)
                                                      0.000     0.000 r  
    W5                                                0.000     0.000 r  clk (IN)
                         net (fo=0)                   0.000     0.000    clk
    W5                   IBUF (Prop_ibuf_I_O)         0.414     0.414 r  clk_IBUF_inst/O
                         net (fo=1, routed)           0.685     1.099    clk_IBUF
    BUFGCTRL_X0Y0        BUFG (Prop_bufg_I_O)         0.029     1.128 r  clk_IBUF_BUFG_inst/O
                         net (fo=15, routed)          0.831     1.958    u_pwm/clk_IBUF_BUFG
    SLICE_X11Y14         FDCE                                         r  u_pwm/cnt_reg[10]/C
                         clock pessimism             -0.498     1.460    
    SLICE_X11Y14         FDCE (Hold_fdce_C_D)         0.091     1.551    u_pwm/cnt_reg[10]
  -------------------------------------------------------------------
                         required time                         -1.551    
                         arrival time                           1.922    
  -------------------------------------------------------------------
                         slack                                  0.370    





Pulse Width Checks
--------------------------------------------------------------------------------------
Clock Name:         sys_clk_pin
Waveform(ns):       { 0.000 5.000 }
Period(ns):         10.000
Sources:            { clk }

Check Type        Corner  Lib Pin      Reference Pin  Required(ns)  Actual(ns)  Slack(ns)  Location       Pin
Min Period        n/a     BUFG/I       n/a            2.155         10.000      7.845      BUFGCTRL_X0Y0  clk_IBUF_BUFG_inst/I
Min Period        n/a     DSP48E1/CLK  n/a            2.154         10.000      7.846      DSP48_X0Y4     u_pwm/duty_scaled1/CLK
Min Period        n/a     FDCE/C       n/a            1.000         10.000      9.000      SLICE_X8Y12    u_pwm/cnt_reg[0]/C
Min Period        n/a     FDCE/C       n/a            1.000         10.000      9.000      SLICE_X11Y14   u_pwm/cnt_reg[10]/C
Min Period        n/a     FDCE/C       n/a            1.000         10.000      9.000      SLICE_X11Y14   u_pwm/cnt_reg[11]/C
Min Period        n/a     FDCE/C       n/a            1.000         10.000      9.000      SLICE_X11Y14   u_pwm/cnt_reg[12]/C
Min Period        n/a     FDCE/C       n/a            1.000         10.000      9.000      SLICE_X8Y12    u_pwm/cnt_reg[1]/C
Min Period        n/a     FDCE/C       n/a            1.000         10.000      9.000      SLICE_X8Y12    u_pwm/cnt_reg[2]/C
Min Period        n/a     FDCE/C       n/a            1.000         10.000      9.000      SLICE_X8Y12    u_pwm/cnt_reg[3]/C
Min Period        n/a     FDCE/C       n/a            1.000         10.000      9.000      SLICE_X9Y12    u_pwm/cnt_reg[4]/C
Low Pulse Width   Slow    FDCE/C       n/a            0.500         5.000       4.500      SLICE_X8Y12    u_pwm/cnt_reg[0]/C
Low Pulse Width   Fast    FDCE/C       n/a            0.500         5.000       4.500      SLICE_X8Y12    u_pwm/cnt_reg[0]/C
Low Pulse Width   Slow    FDCE/C       n/a            0.500         5.000       4.500      SLICE_X11Y14   u_pwm/cnt_reg[10]/C
Low Pulse Width   Fast    FDCE/C       n/a            0.500         5.000       4.500      SLICE_X11Y14   u_pwm/cnt_reg[10]/C
Low Pulse Width   Slow    FDCE/C       n/a            0.500         5.000       4.500      SLICE_X11Y14   u_pwm/cnt_reg[11]/C
Low Pulse Width   Fast    FDCE/C       n/a            0.500         5.000       4.500      SLICE_X11Y14   u_pwm/cnt_reg[11]/C
Low Pulse Width   Slow    FDCE/C       n/a            0.500         5.000       4.500      SLICE_X11Y14   u_pwm/cnt_reg[12]/C
Low Pulse Width   Fast    FDCE/C       n/a            0.500         5.000       4.500      SLICE_X11Y14   u_pwm/cnt_reg[12]/C
Low Pulse Width   Slow    FDCE/C       n/a            0.500         5.000       4.500      SLICE_X8Y12    u_pwm/cnt_reg[1]/C
Low Pulse Width   Fast    FDCE/C       n/a            0.500         5.000       4.500      SLICE_X8Y12    u_pwm/cnt_reg[1]/C
High Pulse Width  Slow    FDCE/C       n/a            0.500         5.000       4.500      SLICE_X8Y12    u_pwm/cnt_reg[0]/C
High Pulse Width  Fast    FDCE/C       n/a            0.500         5.000       4.500      SLICE_X8Y12    u_pwm/cnt_reg[0]/C
High Pulse Width  Slow    FDCE/C       n/a            0.500         5.000       4.500      SLICE_X11Y14   u_pwm/cnt_reg[10]/C
High Pulse Width  Fast    FDCE/C       n/a            0.500         5.000       4.500      SLICE_X11Y14   u_pwm/cnt_reg[10]/C
High Pulse Width  Slow    FDCE/C       n/a            0.500         5.000       4.500      SLICE_X11Y14   u_pwm/cnt_reg[11]/C
High Pulse Width  Fast    FDCE/C       n/a            0.500         5.000       4.500      SLICE_X11Y14   u_pwm/cnt_reg[11]/C
High Pulse Width  Slow    FDCE/C       n/a            0.500         5.000       4.500      SLICE_X11Y14   u_pwm/cnt_reg[12]/C
High Pulse Width  Fast    FDCE/C       n/a            0.500         5.000       4.500      SLICE_X11Y14   u_pwm/cnt_reg[12]/C
High Pulse Width  Slow    FDCE/C       n/a            0.500         5.000       4.500      SLICE_X8Y12    u_pwm/cnt_reg[1]/C
High Pulse Width  Fast    FDCE/C       n/a            0.500         5.000       4.500      SLICE_X8Y12    u_pwm/cnt_reg[1]/C



--------------------------------------------------------------------------------------
Path Group:  (none)
From Clock:  
  To Clock:  

Max Delay             3 Endpoints
Min Delay             3 Endpoints
--------------------------------------------------------------------------------------


Max Delay Paths
--------------------------------------------------------------------------------------
Slack:                    inf
  Source:                 sw_dir
                            (input port)
  Destination:            IN1
                            (output port)
  Path Group:             (none)
  Path Type:              Max at Slow Process Corner
  Data Path Delay:        9.701ns  (logic 5.325ns (54.893%)  route 4.376ns (45.107%))
  Logic Levels:           3  (IBUF=1 LUT2=1 OBUF=1)

    Location             Delay type                Incr(ns)  Path(ns)    Netlist Resource(s)
  -------------------------------------------------------------------    -------------------
    T1                                                0.000     0.000 f  sw_dir (IN)
                         net (fo=0)                   0.000     0.000    sw_dir
    T1                   IBUF (Prop_ibuf_I_O)         1.455     1.455 f  sw_dir_IBUF_inst/O
                         net (fo=2, routed)           1.422     2.877    sw_dir_IBUF
    SLICE_X65Y48         LUT2 (Prop_lut2_I1_O)        0.152     3.029 r  IN1_OBUF_inst_i_1/O
                         net (fo=1, routed)           2.954     5.983    IN1_OBUF
    L2                   OBUF (Prop_obuf_I_O)         3.718     9.701 r  IN1_OBUF_inst/O
                         net (fo=0)                   0.000     9.701    IN1
    L2                                                                r  IN1 (OUT)
  -------------------------------------------------------------------    -------------------

Slack:                    inf
  Source:                 sw_dir
                            (input port)
  Destination:            IN2
                            (output port)
  Path Group:             (none)
  Path Type:              Max at Slow Process Corner
  Data Path Delay:        9.534ns  (logic 5.087ns (53.359%)  route 4.447ns (46.641%))
  Logic Levels:           3  (IBUF=1 LUT2=1 OBUF=1)

    Location             Delay type                Incr(ns)  Path(ns)    Netlist Resource(s)
  -------------------------------------------------------------------    -------------------
    T1                                                0.000     0.000 r  sw_dir (IN)
                         net (fo=0)                   0.000     0.000    sw_dir
    T1                   IBUF (Prop_ibuf_I_O)         1.455     1.455 r  sw_dir_IBUF_inst/O
                         net (fo=2, routed)           1.422     2.877    sw_dir_IBUF
    SLICE_X65Y48         LUT2 (Prop_lut2_I1_O)        0.124     3.001 r  IN2_OBUF_inst_i_1/O
                         net (fo=1, routed)           3.025     6.026    IN2_OBUF
    J2                   OBUF (Prop_obuf_I_O)         3.508     9.534 r  IN2_OBUF_inst/O
                         net (fo=0)                   0.000     9.534    IN2
    J2                                                                r  IN2 (OUT)
  -------------------------------------------------------------------    -------------------

Slack:                    inf
  Source:                 sw_en
                            (input port)
  Destination:            ENA
                            (output port)
  Path Group:             (none)
  Path Type:              Max at Slow Process Corner
  Data Path Delay:        9.053ns  (logic 5.085ns (56.171%)  route 3.968ns (43.829%))
  Logic Levels:           3  (IBUF=1 LUT2=1 OBUF=1)

    Location             Delay type                Incr(ns)  Path(ns)    Netlist Resource(s)
  -------------------------------------------------------------------    -------------------
    R2                                                0.000     0.000 r  sw_en (IN)
                         net (fo=0)                   0.000     0.000    sw_en
    R2                   IBUF (Prop_ibuf_I_O)         1.456     1.456 r  sw_en_IBUF_inst/O
                         net (fo=3, routed)           0.846     2.302    u_pwm/sw_en_IBUF
    SLICE_X65Y48         LUT2 (Prop_lut2_I0_O)        0.124     2.426 r  u_pwm/ENA_OBUF_inst_i_1/O
                         net (fo=1, routed)           3.122     5.548    ENA_OBUF
    J1                   OBUF (Prop_obuf_I_O)         3.505     9.053 r  ENA_OBUF_inst/O
                         net (fo=0)                   0.000     9.053    ENA
    J1                                                                r  ENA (OUT)
  -------------------------------------------------------------------    -------------------





Min Delay Paths
--------------------------------------------------------------------------------------
Slack:                    inf
  Source:                 sw_en
                            (input port)
  Destination:            IN2
                            (output port)
  Path Group:             (none)
  Path Type:              Min at Fast Process Corner
  Data Path Delay:        2.750ns  (logic 1.478ns (53.757%)  route 1.272ns (46.243%))
  Logic Levels:           3  (IBUF=1 LUT2=1 OBUF=1)

    Location             Delay type                Incr(ns)  Path(ns)    Netlist Resource(s)
  -------------------------------------------------------------------    -------------------
    R2                                                0.000     0.000 r  sw_en (IN)
                         net (fo=0)                   0.000     0.000    sw_en
    R2                   IBUF (Prop_ibuf_I_O)         0.224     0.224 r  sw_en_IBUF_inst/O
                         net (fo=3, routed)           0.388     0.612    sw_en_IBUF
    SLICE_X65Y48         LUT2 (Prop_lut2_I0_O)        0.045     0.657 r  IN2_OBUF_inst_i_1/O
                         net (fo=1, routed)           0.884     1.541    IN2_OBUF
    J2                   OBUF (Prop_obuf_I_O)         1.209     2.750 r  IN2_OBUF_inst/O
                         net (fo=0)                   0.000     2.750    IN2
    J2                                                                r  IN2 (OUT)
  -------------------------------------------------------------------    -------------------

Slack:                    inf
  Source:                 sw_en
                            (input port)
  Destination:            ENA
                            (output port)
  Path Group:             (none)
  Path Type:              Min at Fast Process Corner
  Data Path Delay:        2.770ns  (logic 1.475ns (53.257%)  route 1.295ns (46.743%))
  Logic Levels:           3  (IBUF=1 LUT2=1 OBUF=1)

    Location             Delay type                Incr(ns)  Path(ns)    Netlist Resource(s)
  -------------------------------------------------------------------    -------------------
    R2                                                0.000     0.000 r  sw_en (IN)
                         net (fo=0)                   0.000     0.000    sw_en
    R2                   IBUF (Prop_ibuf_I_O)         0.224     0.224 r  sw_en_IBUF_inst/O
                         net (fo=3, routed)           0.336     0.560    u_pwm/sw_en_IBUF
    SLICE_X65Y48         LUT2 (Prop_lut2_I0_O)        0.045     0.605 r  u_pwm/ENA_OBUF_inst_i_1/O
                         net (fo=1, routed)           0.959     1.564    ENA_OBUF
    J1                   OBUF (Prop_obuf_I_O)         1.206     2.770 r  ENA_OBUF_inst/O
                         net (fo=0)                   0.000     2.770    ENA
    J1                                                                r  ENA (OUT)
  -------------------------------------------------------------------    -------------------

Slack:                    inf
  Source:                 sw_en
                            (input port)
  Destination:            IN1
                            (output port)
  Path Group:             (none)
  Path Type:              Min at Fast Process Corner
  Data Path Delay:        2.840ns  (logic 1.549ns (54.552%)  route 1.291ns (45.448%))
  Logic Levels:           3  (IBUF=1 LUT2=1 OBUF=1)

    Location             Delay type                Incr(ns)  Path(ns)    Netlist Resource(s)
  -------------------------------------------------------------------    -------------------
    R2                                                0.000     0.000 r  sw_en (IN)
                         net (fo=0)                   0.000     0.000    sw_en
    R2                   IBUF (Prop_ibuf_I_O)         0.224     0.224 r  sw_en_IBUF_inst/O
                         net (fo=3, routed)           0.388     0.612    sw_en_IBUF
    SLICE_X65Y48         LUT2 (Prop_lut2_I0_O)        0.046     0.658 r  IN1_OBUF_inst_i_1/O
                         net (fo=1, routed)           0.903     1.561    IN1_OBUF
    L2                   OBUF (Prop_obuf_I_O)         1.279     2.840 r  IN1_OBUF_inst/O
                         net (fo=0)                   0.000     2.840    IN1
    L2                                                                r  IN1 (OUT)
  -------------------------------------------------------------------    -------------------





--------------------------------------------------------------------------------------
Path Group:  (none)
From Clock:  sys_clk_pin
  To Clock:  

Max Delay             1 Endpoint
Min Delay             1 Endpoint
--------------------------------------------------------------------------------------


Max Delay Paths
--------------------------------------------------------------------------------------
Slack:                    inf
  Source:                 u_pwm/pwm_out_reg/C
                            (rising edge-triggered cell FDCE clocked by sys_clk_pin  {rise@0.000ns fall@5.000ns period=10.000ns})
  Destination:            ENA
                            (output port)
  Path Group:             (none)
  Path Type:              Max at Slow Process Corner
  Data Path Delay:        10.606ns  (logic 4.085ns (38.515%)  route 6.521ns (61.485%))
  Logic Levels:           2  (LUT2=1 OBUF=1)
  Clock Uncertainty:      0.025ns  ((TSJ^2 + TIJ^2)^1/2 + DJ) / 2 + PE
    Total System Jitter     (TSJ):    0.050ns
    Total Input Jitter      (TIJ):    0.000ns
    Discrete Jitter          (DJ):    0.000ns
    Phase Error              (PE):    0.000ns

    Location             Delay type                Incr(ns)  Path(ns)    Netlist Resource(s)
  -------------------------------------------------------------------    -------------------
                         (clock sys_clk_pin rise edge)
                                                      0.000     0.000 r  
    W5                                                0.000     0.000 r  clk (IN)
                         net (fo=0)                   0.000     0.000    clk
    W5                   IBUF (Prop_ibuf_I_O)         1.458     1.458 r  clk_IBUF_inst/O
                         net (fo=1, routed)           1.967     3.425    clk_IBUF
    BUFGCTRL_X0Y0        BUFG (Prop_bufg_I_O)         0.096     3.521 r  clk_IBUF_BUFG_inst/O
                         net (fo=15, routed)          1.565     5.086    u_pwm/clk_IBUF_BUFG
    SLICE_X11Y12         FDCE                                         r  u_pwm/pwm_out_reg/C
  -------------------------------------------------------------------    -------------------
    SLICE_X11Y12         FDCE (Prop_fdce_C_Q)         0.456     5.542 r  u_pwm/pwm_out_reg/Q
                         net (fo=1, routed)           3.399     8.941    u_pwm/pwm_sig
    SLICE_X65Y48         LUT2 (Prop_lut2_I1_O)        0.124     9.065 r  u_pwm/ENA_OBUF_inst_i_1/O
                         net (fo=1, routed)           3.122    12.187    ENA_OBUF
    J1                   OBUF (Prop_obuf_I_O)         3.505    15.692 r  ENA_OBUF_inst/O
                         net (fo=0)                   0.000    15.692    ENA
    J1                                                                r  ENA (OUT)
  -------------------------------------------------------------------    -------------------





Min Delay Paths
--------------------------------------------------------------------------------------
Slack:                    inf
  Source:                 u_pwm/pwm_out_reg/C
                            (rising edge-triggered cell FDCE clocked by sys_clk_pin  {rise@0.000ns fall@5.000ns period=10.000ns})
  Destination:            ENA
                            (output port)
  Path Group:             (none)
  Path Type:              Min at Fast Process Corner
  Data Path Delay:        3.932ns  (logic 1.392ns (35.402%)  route 2.540ns (64.598%))
  Logic Levels:           2  (LUT2=1 OBUF=1)
  Clock Uncertainty:      0.025ns  ((TSJ^2 + TIJ^2)^1/2 + DJ) / 2 + PE
    Total System Jitter     (TSJ):    0.050ns
    Total Input Jitter      (TIJ):    0.000ns
    Discrete Jitter          (DJ):    0.000ns
    Phase Error              (PE):    0.000ns

    Location             Delay type                Incr(ns)  Path(ns)    Netlist Resource(s)
  -------------------------------------------------------------------    -------------------
                         (clock sys_clk_pin rise edge)
                                                      0.000     0.000 r  
    W5                                                0.000     0.000 r  clk (IN)
                         net (fo=0)                   0.000     0.000    clk
    W5                   IBUF (Prop_ibuf_I_O)         0.226     0.226 r  clk_IBUF_inst/O
                         net (fo=1, routed)           0.631     0.858    clk_IBUF
    BUFGCTRL_X0Y0        BUFG (Prop_bufg_I_O)         0.026     0.884 r  clk_IBUF_BUFG_inst/O
                         net (fo=15, routed)          0.563     1.446    u_pwm/clk_IBUF_BUFG
    SLICE_X11Y12         FDCE                                         r  u_pwm/pwm_out_reg/C
  -------------------------------------------------------------------    -------------------
    SLICE_X11Y12         FDCE (Prop_fdce_C_Q)         0.141     1.587 r  u_pwm/pwm_out_reg/Q
                         net (fo=1, routed)           1.581     3.168    u_pwm/pwm_sig
    SLICE_X65Y48         LUT2 (Prop_lut2_I1_O)        0.045     3.213 r  u_pwm/ENA_OBUF_inst_i_1/O
                         net (fo=1, routed)           0.959     4.172    ENA_OBUF
    J1                   OBUF (Prop_obuf_I_O)         1.206     5.378 r  ENA_OBUF_inst/O
                         net (fo=0)                   0.000     5.378    ENA
    J1                                                                r  ENA (OUT)
  -------------------------------------------------------------------    -------------------





--------------------------------------------------------------------------------------
Path Group:  (none)
From Clock:  
  To Clock:  sys_clk_pin

Max Delay            23 Endpoints
Min Delay            23 Endpoints
--------------------------------------------------------------------------------------


Max Delay Paths
--------------------------------------------------------------------------------------
Slack:                    inf
  Source:                 rst
                            (input port)
  Destination:            u_pwm/duty_scaled1/CEP
                            (rising edge-triggered cell DSP48E1 clocked by sys_clk_pin  {rise@0.000ns fall@5.000ns period=10.000ns})
  Path Group:             (none)
  Path Type:              Setup (Max at Slow Process Corner)
  Data Path Delay:        3.629ns  (logic 1.565ns (43.134%)  route 2.064ns (56.866%))
  Logic Levels:           2  (IBUF=1 LUT1=1)
  Clock Path Skew:        4.879ns (DCD - SCD + CPR)
    Destination Clock Delay (DCD):    4.879ns
    Source Clock Delay      (SCD):    0.000ns
    Clock Pessimism Removal (CPR):    0.000ns
  Clock Uncertainty:      0.025ns  ((TSJ^2 + TIJ^2)^1/2 + DJ) / 2 + PE
    Total System Jitter     (TSJ):    0.050ns
    Total Input Jitter      (TIJ):    0.000ns
    Discrete Jitter          (DJ):    0.000ns
    Phase Error              (PE):    0.000ns

    Location             Delay type                Incr(ns)  Path(ns)    Netlist Resource(s)
  -------------------------------------------------------------------    -------------------
    U18                                               0.000     0.000 f  rst (IN)
                         net (fo=0)                   0.000     0.000    rst
    U18                  IBUF (Prop_ibuf_I_O)         1.441     1.441 f  rst_IBUF_inst/O
                         net (fo=15, routed)          1.754     3.195    u_pwm/rst
    SLICE_X12Y12         LUT1 (Prop_lut1_I0_O)        0.124     3.319 r  u_pwm/duty_scaled1_i_1/O
                         net (fo=1, routed)           0.309     3.629    u_pwm/p_0_in
    DSP48_X0Y4           DSP48E1                                      r  u_pwm/duty_scaled1/CEP
  -------------------------------------------------------------------    -------------------

                         (clock sys_clk_pin rise edge)
                                                      0.000     0.000 r  
    W5                                                0.000     0.000 r  clk (IN)
                         net (fo=0)                   0.000     0.000    clk
    W5                   IBUF (Prop_ibuf_I_O)         1.388     1.388 r  clk_IBUF_inst/O
                         net (fo=1, routed)           1.862     3.250    clk_IBUF
    BUFGCTRL_X0Y0        BUFG (Prop_bufg_I_O)         0.091     3.341 r  clk_IBUF_BUFG_inst/O
                         net (fo=15, routed)          1.538     4.879    u_pwm/clk_IBUF_BUFG
    DSP48_X0Y4           DSP48E1                                      r  u_pwm/duty_scaled1/CLK

Slack:                    inf
  Source:                 rst
                            (input port)
  Destination:            u_pwm/cnt_reg[10]/CLR
                            (recovery check against rising-edge clock sys_clk_pin  {rise@0.000ns fall@5.000ns period=10.000ns})
  Path Group:             (none)
  Path Type:              Recovery (Max at Slow Process Corner)
  Data Path Delay:        3.358ns  (logic 1.441ns (42.918%)  route 1.917ns (57.082%))
  Logic Levels:           1  (IBUF=1)
  Clock Path Skew:        4.787ns (DCD - SCD + CPR)
    Destination Clock Delay (DCD):    4.787ns
    Source Clock Delay      (SCD):    0.000ns
    Clock Pessimism Removal (CPR):    0.000ns
  Clock Uncertainty:      0.025ns  ((TSJ^2 + TIJ^2)^1/2 + DJ) / 2 + PE
    Total System Jitter     (TSJ):    0.050ns
    Total Input Jitter      (TIJ):    0.000ns
    Discrete Jitter          (DJ):    0.000ns
    Phase Error              (PE):    0.000ns

    Location             Delay type                Incr(ns)  Path(ns)    Netlist Resource(s)
  -------------------------------------------------------------------    -------------------
    U18                                               0.000     0.000 f  rst (IN)
                         net (fo=0)                   0.000     0.000    rst
    U18                  IBUF (Prop_ibuf_I_O)         1.441     1.441 f  rst_IBUF_inst/O
                         net (fo=15, routed)          1.917     3.358    u_pwm/rst
    SLICE_X11Y14         FDCE                                         f  u_pwm/cnt_reg[10]/CLR
  -------------------------------------------------------------------    -------------------

                         (clock sys_clk_pin rise edge)
                                                      0.000     0.000 r  
    W5                                                0.000     0.000 r  clk (IN)
                         net (fo=0)                   0.000     0.000    clk
    W5                   IBUF (Prop_ibuf_I_O)         1.388     1.388 r  clk_IBUF_inst/O
                         net (fo=1, routed)           1.862     3.250    clk_IBUF
    BUFGCTRL_X0Y0        BUFG (Prop_bufg_I_O)         0.091     3.341 r  clk_IBUF_BUFG_inst/O
                         net (fo=15, routed)          1.446     4.787    u_pwm/clk_IBUF_BUFG
    SLICE_X11Y14         FDCE                                         r  u_pwm/cnt_reg[10]/C

Slack:                    inf
  Source:                 rst
                            (input port)
  Destination:            u_pwm/cnt_reg[11]/CLR
                            (recovery check against rising-edge clock sys_clk_pin  {rise@0.000ns fall@5.000ns period=10.000ns})
  Path Group:             (none)
  Path Type:              Recovery (Max at Slow Process Corner)
  Data Path Delay:        3.358ns  (logic 1.441ns (42.918%)  route 1.917ns (57.082%))
  Logic Levels:           1  (IBUF=1)
  Clock Path Skew:        4.787ns (DCD - SCD + CPR)
    Destination Clock Delay (DCD):    4.787ns
    Source Clock Delay      (SCD):    0.000ns
    Clock Pessimism Removal (CPR):    0.000ns
  Clock Uncertainty:      0.025ns  ((TSJ^2 + TIJ^2)^1/2 + DJ) / 2 + PE
    Total System Jitter     (TSJ):    0.050ns
    Total Input Jitter      (TIJ):    0.000ns
    Discrete Jitter          (DJ):    0.000ns
    Phase Error              (PE):    0.000ns

    Location             Delay type                Incr(ns)  Path(ns)    Netlist Resource(s)
  -------------------------------------------------------------------    -------------------
    U18                                               0.000     0.000 f  rst (IN)
                         net (fo=0)                   0.000     0.000    rst
    U18                  IBUF (Prop_ibuf_I_O)         1.441     1.441 f  rst_IBUF_inst/O
                         net (fo=15, routed)          1.917     3.358    u_pwm/rst
    SLICE_X11Y14         FDCE                                         f  u_pwm/cnt_reg[11]/CLR
  -------------------------------------------------------------------    -------------------

                         (clock sys_clk_pin rise edge)
                                                      0.000     0.000 r  
    W5                                                0.000     0.000 r  clk (IN)
                         net (fo=0)                   0.000     0.000    clk
    W5                   IBUF (Prop_ibuf_I_O)         1.388     1.388 r  clk_IBUF_inst/O
                         net (fo=1, routed)           1.862     3.250    clk_IBUF
    BUFGCTRL_X0Y0        BUFG (Prop_bufg_I_O)         0.091     3.341 r  clk_IBUF_BUFG_inst/O
                         net (fo=15, routed)          1.446     4.787    u_pwm/clk_IBUF_BUFG
    SLICE_X11Y14         FDCE                                         r  u_pwm/cnt_reg[11]/C

Slack:                    inf
  Source:                 rst
                            (input port)
  Destination:            u_pwm/cnt_reg[12]/CLR
                            (recovery check against rising-edge clock sys_clk_pin  {rise@0.000ns fall@5.000ns period=10.000ns})
  Path Group:             (none)
  Path Type:              Recovery (Max at Slow Process Corner)
  Data Path Delay:        3.358ns  (logic 1.441ns (42.918%)  route 1.917ns (57.082%))
  Logic Levels:           1  (IBUF=1)
  Clock Path Skew:        4.787ns (DCD - SCD + CPR)
    Destination Clock Delay (DCD):    4.787ns
    Source Clock Delay      (SCD):    0.000ns
    Clock Pessimism Removal (CPR):    0.000ns
  Clock Uncertainty:      0.025ns  ((TSJ^2 + TIJ^2)^1/2 + DJ) / 2 + PE
    Total System Jitter     (TSJ):    0.050ns
    Total Input Jitter      (TIJ):    0.000ns
    Discrete Jitter          (DJ):    0.000ns
    Phase Error              (PE):    0.000ns

    Location             Delay type                Incr(ns)  Path(ns)    Netlist Resource(s)
  -------------------------------------------------------------------    -------------------
    U18                                               0.000     0.000 f  rst (IN)
                         net (fo=0)                   0.000     0.000    rst
    U18                  IBUF (Prop_ibuf_I_O)         1.441     1.441 f  rst_IBUF_inst/O
                         net (fo=15, routed)          1.917     3.358    u_pwm/rst
    SLICE_X11Y14         FDCE                                         f  u_pwm/cnt_reg[12]/CLR
  -------------------------------------------------------------------    -------------------

                         (clock sys_clk_pin rise edge)
                                                      0.000     0.000 r  
    W5                                                0.000     0.000 r  clk (IN)
                         net (fo=0)                   0.000     0.000    clk
    W5                   IBUF (Prop_ibuf_I_O)         1.388     1.388 r  clk_IBUF_inst/O
                         net (fo=1, routed)           1.862     3.250    clk_IBUF
    BUFGCTRL_X0Y0        BUFG (Prop_bufg_I_O)         0.091     3.341 r  clk_IBUF_BUFG_inst/O
                         net (fo=15, routed)          1.446     4.787    u_pwm/clk_IBUF_BUFG
    SLICE_X11Y14         FDCE                                         r  u_pwm/cnt_reg[12]/C

Slack:                    inf
  Source:                 rst
                            (input port)
  Destination:            u_pwm/cnt_reg[9]/CLR
                            (recovery check against rising-edge clock sys_clk_pin  {rise@0.000ns fall@5.000ns period=10.000ns})
  Path Group:             (none)
  Path Type:              Recovery (Max at Slow Process Corner)
  Data Path Delay:        3.358ns  (logic 1.441ns (42.918%)  route 1.917ns (57.082%))
  Logic Levels:           1  (IBUF=1)
  Clock Path Skew:        4.787ns (DCD - SCD + CPR)
    Destination Clock Delay (DCD):    4.787ns
    Source Clock Delay      (SCD):    0.000ns
    Clock Pessimism Removal (CPR):    0.000ns
  Clock Uncertainty:      0.025ns  ((TSJ^2 + TIJ^2)^1/2 + DJ) / 2 + PE
    Total System Jitter     (TSJ):    0.050ns
    Total Input Jitter      (TIJ):    0.000ns
    Discrete Jitter          (DJ):    0.000ns
    Phase Error              (PE):    0.000ns

    Location             Delay type                Incr(ns)  Path(ns)    Netlist Resource(s)
  -------------------------------------------------------------------    -------------------
    U18                                               0.000     0.000 f  rst (IN)
                         net (fo=0)                   0.000     0.000    rst
    U18                  IBUF (Prop_ibuf_I_O)         1.441     1.441 f  rst_IBUF_inst/O
                         net (fo=15, routed)          1.917     3.358    u_pwm/rst
    SLICE_X11Y14         FDCE                                         f  u_pwm/cnt_reg[9]/CLR
  -------------------------------------------------------------------    -------------------

                         (clock sys_clk_pin rise edge)
                                                      0.000     0.000 r  
    W5                                                0.000     0.000 r  clk (IN)
                         net (fo=0)                   0.000     0.000    clk
    W5                   IBUF (Prop_ibuf_I_O)         1.388     1.388 r  clk_IBUF_inst/O
                         net (fo=1, routed)           1.862     3.250    clk_IBUF
    BUFGCTRL_X0Y0        BUFG (Prop_bufg_I_O)         0.091     3.341 r  clk_IBUF_BUFG_inst/O
                         net (fo=15, routed)          1.446     4.787    u_pwm/clk_IBUF_BUFG
    SLICE_X11Y14         FDCE                                         r  u_pwm/cnt_reg[9]/C

Slack:                    inf
  Source:                 rst
                            (input port)
  Destination:            u_pwm/cnt_reg[5]/CLR
                            (recovery check against rising-edge clock sys_clk_pin  {rise@0.000ns fall@5.000ns period=10.000ns})
  Path Group:             (none)
  Path Type:              Recovery (Max at Slow Process Corner)
  Data Path Delay:        3.220ns  (logic 1.441ns (44.763%)  route 1.779ns (55.237%))
  Logic Levels:           1  (IBUF=1)
  Clock Path Skew:        4.787ns (DCD - SCD + CPR)
    Destination Clock Delay (DCD):    4.787ns
    Source Clock Delay      (SCD):    0.000ns
    Clock Pessimism Removal (CPR):    0.000ns
  Clock Uncertainty:      0.025ns  ((TSJ^2 + TIJ^2)^1/2 + DJ) / 2 + PE
    Total System Jitter     (TSJ):    0.050ns
    Total Input Jitter      (TIJ):    0.000ns
    Discrete Jitter          (DJ):    0.000ns
    Phase Error              (PE):    0.000ns

    Location             Delay type                Incr(ns)  Path(ns)    Netlist Resource(s)
  -------------------------------------------------------------------    -------------------
    U18                                               0.000     0.000 f  rst (IN)
                         net (fo=0)                   0.000     0.000    rst
    U18                  IBUF (Prop_ibuf_I_O)         1.441     1.441 f  rst_IBUF_inst/O
                         net (fo=15, routed)          1.779     3.220    u_pwm/rst
    SLICE_X11Y13         FDCE                                         f  u_pwm/cnt_reg[5]/CLR
  -------------------------------------------------------------------    -------------------

                         (clock sys_clk_pin rise edge)
                                                      0.000     0.000 r  
    W5                                                0.000     0.000 r  clk (IN)
                         net (fo=0)                   0.000     0.000    clk
    W5                   IBUF (Prop_ibuf_I_O)         1.388     1.388 r  clk_IBUF_inst/O
                         net (fo=1, routed)           1.862     3.250    clk_IBUF
    BUFGCTRL_X0Y0        BUFG (Prop_bufg_I_O)         0.091     3.341 r  clk_IBUF_BUFG_inst/O
                         net (fo=15, routed)          1.446     4.787    u_pwm/clk_IBUF_BUFG
    SLICE_X11Y13         FDCE                                         r  u_pwm/cnt_reg[5]/C

Slack:                    inf
  Source:                 rst
                            (input port)
  Destination:            u_pwm/cnt_reg[6]/CLR
                            (recovery check against rising-edge clock sys_clk_pin  {rise@0.000ns fall@5.000ns period=10.000ns})
  Path Group:             (none)
  Path Type:              Recovery (Max at Slow Process Corner)
  Data Path Delay:        3.220ns  (logic 1.441ns (44.763%)  route 1.779ns (55.237%))
  Logic Levels:           1  (IBUF=1)
  Clock Path Skew:        4.787ns (DCD - SCD + CPR)
    Destination Clock Delay (DCD):    4.787ns
    Source Clock Delay      (SCD):    0.000ns
    Clock Pessimism Removal (CPR):    0.000ns
  Clock Uncertainty:      0.025ns  ((TSJ^2 + TIJ^2)^1/2 + DJ) / 2 + PE
    Total System Jitter     (TSJ):    0.050ns
    Total Input Jitter      (TIJ):    0.000ns
    Discrete Jitter          (DJ):    0.000ns
    Phase Error              (PE):    0.000ns

    Location             Delay type                Incr(ns)  Path(ns)    Netlist Resource(s)
  -------------------------------------------------------------------    -------------------
    U18                                               0.000     0.000 f  rst (IN)
                         net (fo=0)                   0.000     0.000    rst
    U18                  IBUF (Prop_ibuf_I_O)         1.441     1.441 f  rst_IBUF_inst/O
                         net (fo=15, routed)          1.779     3.220    u_pwm/rst
    SLICE_X11Y13         FDCE                                         f  u_pwm/cnt_reg[6]/CLR
  -------------------------------------------------------------------    -------------------

                         (clock sys_clk_pin rise edge)
                                                      0.000     0.000 r  
    W5                                                0.000     0.000 r  clk (IN)
                         net (fo=0)                   0.000     0.000    clk
    W5                   IBUF (Prop_ibuf_I_O)         1.388     1.388 r  clk_IBUF_inst/O
                         net (fo=1, routed)           1.862     3.250    clk_IBUF
    BUFGCTRL_X0Y0        BUFG (Prop_bufg_I_O)         0.091     3.341 r  clk_IBUF_BUFG_inst/O
                         net (fo=15, routed)          1.446     4.787    u_pwm/clk_IBUF_BUFG
    SLICE_X11Y13         FDCE                                         r  u_pwm/cnt_reg[6]/C

Slack:                    inf
  Source:                 rst
                            (input port)
  Destination:            u_pwm/cnt_reg[7]/CLR
                            (recovery check against rising-edge clock sys_clk_pin  {rise@0.000ns fall@5.000ns period=10.000ns})
  Path Group:             (none)
  Path Type:              Recovery (Max at Slow Process Corner)
  Data Path Delay:        3.220ns  (logic 1.441ns (44.763%)  route 1.779ns (55.237%))
  Logic Levels:           1  (IBUF=1)
  Clock Path Skew:        4.787ns (DCD - SCD + CPR)
    Destination Clock Delay (DCD):    4.787ns
    Source Clock Delay      (SCD):    0.000ns
    Clock Pessimism Removal (CPR):    0.000ns
  Clock Uncertainty:      0.025ns  ((TSJ^2 + TIJ^2)^1/2 + DJ) / 2 + PE
    Total System Jitter     (TSJ):    0.050ns
    Total Input Jitter      (TIJ):    0.000ns
    Discrete Jitter          (DJ):    0.000ns
    Phase Error              (PE):    0.000ns

    Location             Delay type                Incr(ns)  Path(ns)    Netlist Resource(s)
  -------------------------------------------------------------------    -------------------
    U18                                               0.000     0.000 f  rst (IN)
                         net (fo=0)                   0.000     0.000    rst
    U18                  IBUF (Prop_ibuf_I_O)         1.441     1.441 f  rst_IBUF_inst/O
                         net (fo=15, routed)          1.779     3.220    u_pwm/rst
    SLICE_X11Y13         FDCE                                         f  u_pwm/cnt_reg[7]/CLR
  -------------------------------------------------------------------    -------------------

                         (clock sys_clk_pin rise edge)
                                                      0.000     0.000 r  
    W5                                                0.000     0.000 r  clk (IN)
                         net (fo=0)                   0.000     0.000    clk
    W5                   IBUF (Prop_ibuf_I_O)         1.388     1.388 r  clk_IBUF_inst/O
                         net (fo=1, routed)           1.862     3.250    clk_IBUF
    BUFGCTRL_X0Y0        BUFG (Prop_bufg_I_O)         0.091     3.341 r  clk_IBUF_BUFG_inst/O
                         net (fo=15, routed)          1.446     4.787    u_pwm/clk_IBUF_BUFG
    SLICE_X11Y13         FDCE                                         r  u_pwm/cnt_reg[7]/C

Slack:                    inf
  Source:                 rst
                            (input port)
  Destination:            u_pwm/cnt_reg[8]/CLR
                            (recovery check against rising-edge clock sys_clk_pin  {rise@0.000ns fall@5.000ns period=10.000ns})
  Path Group:             (none)
  Path Type:              Recovery (Max at Slow Process Corner)
  Data Path Delay:        3.220ns  (logic 1.441ns (44.763%)  route 1.779ns (55.237%))
  Logic Levels:           1  (IBUF=1)
  Clock Path Skew:        4.787ns (DCD - SCD + CPR)
    Destination Clock Delay (DCD):    4.787ns
    Source Clock Delay      (SCD):    0.000ns
    Clock Pessimism Removal (CPR):    0.000ns
  Clock Uncertainty:      0.025ns  ((TSJ^2 + TIJ^2)^1/2 + DJ) / 2 + PE
    Total System Jitter     (TSJ):    0.050ns
    Total Input Jitter      (TIJ):    0.000ns
    Discrete Jitter          (DJ):    0.000ns
    Phase Error              (PE):    0.000ns

    Location             Delay type                Incr(ns)  Path(ns)    Netlist Resource(s)
  -------------------------------------------------------------------    -------------------
    U18                                               0.000     0.000 f  rst (IN)
                         net (fo=0)                   0.000     0.000    rst
    U18                  IBUF (Prop_ibuf_I_O)         1.441     1.441 f  rst_IBUF_inst/O
                         net (fo=15, routed)          1.779     3.220    u_pwm/rst
    SLICE_X11Y13         FDCE                                         f  u_pwm/cnt_reg[8]/CLR
  -------------------------------------------------------------------    -------------------

                         (clock sys_clk_pin rise edge)
                                                      0.000     0.000 r  
    W5                                                0.000     0.000 r  clk (IN)
                         net (fo=0)                   0.000     0.000    clk
    W5                   IBUF (Prop_ibuf_I_O)         1.388     1.388 r  clk_IBUF_inst/O
                         net (fo=1, routed)           1.862     3.250    clk_IBUF
    BUFGCTRL_X0Y0        BUFG (Prop_bufg_I_O)         0.091     3.341 r  clk_IBUF_BUFG_inst/O
                         net (fo=15, routed)          1.446     4.787    u_pwm/clk_IBUF_BUFG
    SLICE_X11Y13         FDCE                                         r  u_pwm/cnt_reg[8]/C

Slack:                    inf
  Source:                 rst
                            (input port)
  Destination:            u_pwm/pwm_out_reg/CLR
                            (recovery check against rising-edge clock sys_clk_pin  {rise@0.000ns fall@5.000ns period=10.000ns})
  Path Group:             (none)
  Path Type:              Recovery (Max at Slow Process Corner)
  Data Path Delay:        3.072ns  (logic 1.441ns (46.924%)  route 1.630ns (53.076%))
  Logic Levels:           1  (IBUF=1)
  Clock Path Skew:        4.788ns (DCD - SCD + CPR)
    Destination Clock Delay (DCD):    4.788ns
    Source Clock Delay      (SCD):    0.000ns
    Clock Pessimism Removal (CPR):    0.000ns
  Clock Uncertainty:      0.025ns  ((TSJ^2 + TIJ^2)^1/2 + DJ) / 2 + PE
    Total System Jitter     (TSJ):    0.050ns
    Total Input Jitter      (TIJ):    0.000ns
    Discrete Jitter          (DJ):    0.000ns
    Phase Error              (PE):    0.000ns

    Location             Delay type                Incr(ns)  Path(ns)    Netlist Resource(s)
  -------------------------------------------------------------------    -------------------
    U18                                               0.000     0.000 f  rst (IN)
                         net (fo=0)                   0.000     0.000    rst
    U18                  IBUF (Prop_ibuf_I_O)         1.441     1.441 f  rst_IBUF_inst/O
                         net (fo=15, routed)          1.630     3.072    u_pwm/rst
    SLICE_X11Y12         FDCE                                         f  u_pwm/pwm_out_reg/CLR
  -------------------------------------------------------------------    -------------------

                         (clock sys_clk_pin rise edge)
                                                      0.000     0.000 r  
    W5                                                0.000     0.000 r  clk (IN)
                         net (fo=0)                   0.000     0.000    clk
    W5                   IBUF (Prop_ibuf_I_O)         1.388     1.388 r  clk_IBUF_inst/O
                         net (fo=1, routed)           1.862     3.250    clk_IBUF
    BUFGCTRL_X0Y0        BUFG (Prop_bufg_I_O)         0.091     3.341 r  clk_IBUF_BUFG_inst/O
                         net (fo=15, routed)          1.447     4.788    u_pwm/clk_IBUF_BUFG
    SLICE_X11Y12         FDCE                                         r  u_pwm/pwm_out_reg/C





Min Delay Paths
--------------------------------------------------------------------------------------
Slack:                    inf
  Source:                 rst
                            (input port)
  Destination:            u_pwm/cnt_reg[0]/CLR
                            (removal check against rising-edge clock sys_clk_pin  {rise@0.000ns fall@5.000ns period=10.000ns})
  Path Group:             (none)
  Path Type:              Removal (Min at Fast Process Corner)
  Data Path Delay:        0.757ns  (logic 0.210ns (27.694%)  route 0.547ns (72.306%))
  Logic Levels:           1  (IBUF=1)
  Clock Path Skew:        1.959ns (DCD - SCD - CPR)
    Destination Clock Delay (DCD):    1.959ns
    Source Clock Delay      (SCD):    0.000ns
    Clock Pessimism Removal (CPR):    -0.000ns

    Location             Delay type                Incr(ns)  Path(ns)    Netlist Resource(s)
  -------------------------------------------------------------------    -------------------
    U18                                               0.000     0.000 f  rst (IN)
                         net (fo=0)                   0.000     0.000    rst
    U18                  IBUF (Prop_ibuf_I_O)         0.210     0.210 f  rst_IBUF_inst/O
                         net (fo=15, routed)          0.547     0.757    u_pwm/rst
    SLICE_X8Y12          FDCE                                         f  u_pwm/cnt_reg[0]/CLR
  -------------------------------------------------------------------    -------------------

                         (clock sys_clk_pin rise edge)
                                                      0.000     0.000 r  
    W5                                                0.000     0.000 r  clk (IN)
                         net (fo=0)                   0.000     0.000    clk
    W5                   IBUF (Prop_ibuf_I_O)         0.414     0.414 r  clk_IBUF_inst/O
                         net (fo=1, routed)           0.685     1.099    clk_IBUF
    BUFGCTRL_X0Y0        BUFG (Prop_bufg_I_O)         0.029     1.128 r  clk_IBUF_BUFG_inst/O
                         net (fo=15, routed)          0.832     1.959    u_pwm/clk_IBUF_BUFG
    SLICE_X8Y12          FDCE                                         r  u_pwm/cnt_reg[0]/C

Slack:                    inf
  Source:                 rst
                            (input port)
  Destination:            u_pwm/cnt_reg[1]/CLR
                            (removal check against rising-edge clock sys_clk_pin  {rise@0.000ns fall@5.000ns period=10.000ns})
  Path Group:             (none)
  Path Type:              Removal (Min at Fast Process Corner)
  Data Path Delay:        0.757ns  (logic 0.210ns (27.694%)  route 0.547ns (72.306%))
  Logic Levels:           1  (IBUF=1)
  Clock Path Skew:        1.959ns (DCD - SCD - CPR)
    Destination Clock Delay (DCD):    1.959ns
    Source Clock Delay      (SCD):    0.000ns
    Clock Pessimism Removal (CPR):    -0.000ns

    Location             Delay type                Incr(ns)  Path(ns)    Netlist Resource(s)
  -------------------------------------------------------------------    -------------------
    U18                                               0.000     0.000 f  rst (IN)
                         net (fo=0)                   0.000     0.000    rst
    U18                  IBUF (Prop_ibuf_I_O)         0.210     0.210 f  rst_IBUF_inst/O
                         net (fo=15, routed)          0.547     0.757    u_pwm/rst
    SLICE_X8Y12          FDCE                                         f  u_pwm/cnt_reg[1]/CLR
  -------------------------------------------------------------------    -------------------

                         (clock sys_clk_pin rise edge)
                                                      0.000     0.000 r  
    W5                                                0.000     0.000 r  clk (IN)
                         net (fo=0)                   0.000     0.000    clk
    W5                   IBUF (Prop_ibuf_I_O)         0.414     0.414 r  clk_IBUF_inst/O
                         net (fo=1, routed)           0.685     1.099    clk_IBUF
    BUFGCTRL_X0Y0        BUFG (Prop_bufg_I_O)         0.029     1.128 r  clk_IBUF_BUFG_inst/O
                         net (fo=15, routed)          0.832     1.959    u_pwm/clk_IBUF_BUFG
    SLICE_X8Y12          FDCE                                         r  u_pwm/cnt_reg[1]/C

Slack:                    inf
  Source:                 rst
                            (input port)
  Destination:            u_pwm/cnt_reg[2]/CLR
                            (removal check against rising-edge clock sys_clk_pin  {rise@0.000ns fall@5.000ns period=10.000ns})
  Path Group:             (none)
  Path Type:              Removal (Min at Fast Process Corner)
  Data Path Delay:        0.757ns  (logic 0.210ns (27.694%)  route 0.547ns (72.306%))
  Logic Levels:           1  (IBUF=1)
  Clock Path Skew:        1.959ns (DCD - SCD - CPR)
    Destination Clock Delay (DCD):    1.959ns
    Source Clock Delay      (SCD):    0.000ns
    Clock Pessimism Removal (CPR):    -0.000ns

    Location             Delay type                Incr(ns)  Path(ns)    Netlist Resource(s)
  -------------------------------------------------------------------    -------------------
    U18                                               0.000     0.000 f  rst (IN)
                         net (fo=0)                   0.000     0.000    rst
    U18                  IBUF (Prop_ibuf_I_O)         0.210     0.210 f  rst_IBUF_inst/O
                         net (fo=15, routed)          0.547     0.757    u_pwm/rst
    SLICE_X8Y12          FDCE                                         f  u_pwm/cnt_reg[2]/CLR
  -------------------------------------------------------------------    -------------------

                         (clock sys_clk_pin rise edge)
                                                      0.000     0.000 r  
    W5                                                0.000     0.000 r  clk (IN)
                         net (fo=0)                   0.000     0.000    clk
    W5                   IBUF (Prop_ibuf_I_O)         0.414     0.414 r  clk_IBUF_inst/O
                         net (fo=1, routed)           0.685     1.099    clk_IBUF
    BUFGCTRL_X0Y0        BUFG (Prop_bufg_I_O)         0.029     1.128 r  clk_IBUF_BUFG_inst/O
                         net (fo=15, routed)          0.832     1.959    u_pwm/clk_IBUF_BUFG
    SLICE_X8Y12          FDCE                                         r  u_pwm/cnt_reg[2]/C

Slack:                    inf
  Source:                 rst
                            (input port)
  Destination:            u_pwm/cnt_reg[3]/CLR
                            (removal check against rising-edge clock sys_clk_pin  {rise@0.000ns fall@5.000ns period=10.000ns})
  Path Group:             (none)
  Path Type:              Removal (Min at Fast Process Corner)
  Data Path Delay:        0.757ns  (logic 0.210ns (27.694%)  route 0.547ns (72.306%))
  Logic Levels:           1  (IBUF=1)
  Clock Path Skew:        1.959ns (DCD - SCD - CPR)
    Destination Clock Delay (DCD):    1.959ns
    Source Clock Delay      (SCD):    0.000ns
    Clock Pessimism Removal (CPR):    -0.000ns

    Location             Delay type                Incr(ns)  Path(ns)    Netlist Resource(s)
  -------------------------------------------------------------------    -------------------
    U18                                               0.000     0.000 f  rst (IN)
                         net (fo=0)                   0.000     0.000    rst
    U18                  IBUF (Prop_ibuf_I_O)         0.210     0.210 f  rst_IBUF_inst/O
                         net (fo=15, routed)          0.547     0.757    u_pwm/rst
    SLICE_X8Y12          FDCE                                         f  u_pwm/cnt_reg[3]/CLR
  -------------------------------------------------------------------    -------------------

                         (clock sys_clk_pin rise edge)
                                                      0.000     0.000 r  
    W5                                                0.000     0.000 r  clk (IN)
                         net (fo=0)                   0.000     0.000    clk
    W5                   IBUF (Prop_ibuf_I_O)         0.414     0.414 r  clk_IBUF_inst/O
                         net (fo=1, routed)           0.685     1.099    clk_IBUF
    BUFGCTRL_X0Y0        BUFG (Prop_bufg_I_O)         0.029     1.128 r  clk_IBUF_BUFG_inst/O
                         net (fo=15, routed)          0.832     1.959    u_pwm/clk_IBUF_BUFG
    SLICE_X8Y12          FDCE                                         r  u_pwm/cnt_reg[3]/C

Slack:                    inf
  Source:                 rst
                            (input port)
  Destination:            u_pwm/cnt_reg[4]/CLR
                            (removal check against rising-edge clock sys_clk_pin  {rise@0.000ns fall@5.000ns period=10.000ns})
  Path Group:             (none)
  Path Type:              Removal (Min at Fast Process Corner)
  Data Path Delay:        0.757ns  (logic 0.210ns (27.694%)  route 0.547ns (72.306%))
  Logic Levels:           1  (IBUF=1)
  Clock Path Skew:        1.959ns (DCD - SCD - CPR)
    Destination Clock Delay (DCD):    1.959ns
    Source Clock Delay      (SCD):    0.000ns
    Clock Pessimism Removal (CPR):    -0.000ns

    Location             Delay type                Incr(ns)  Path(ns)    Netlist Resource(s)
  -------------------------------------------------------------------    -------------------
    U18                                               0.000     0.000 f  rst (IN)
                         net (fo=0)                   0.000     0.000    rst
    U18                  IBUF (Prop_ibuf_I_O)         0.210     0.210 f  rst_IBUF_inst/O
                         net (fo=15, routed)          0.547     0.757    u_pwm/rst
    SLICE_X9Y12          FDCE                                         f  u_pwm/cnt_reg[4]/CLR
  -------------------------------------------------------------------    -------------------

                         (clock sys_clk_pin rise edge)
                                                      0.000     0.000 r  
    W5                                                0.000     0.000 r  clk (IN)
                         net (fo=0)                   0.000     0.000    clk
    W5                   IBUF (Prop_ibuf_I_O)         0.414     0.414 r  clk_IBUF_inst/O
                         net (fo=1, routed)           0.685     1.099    clk_IBUF
    BUFGCTRL_X0Y0        BUFG (Prop_bufg_I_O)         0.029     1.128 r  clk_IBUF_BUFG_inst/O
                         net (fo=15, routed)          0.832     1.959    u_pwm/clk_IBUF_BUFG
    SLICE_X9Y12          FDCE                                         r  u_pwm/cnt_reg[4]/C

Slack:                    inf
  Source:                 sw_pwm[3]
                            (input port)
  Destination:            u_pwm/duty_scaled1/A[3]
                            (rising edge-triggered cell DSP48E1 clocked by sys_clk_pin  {rise@0.000ns fall@5.000ns period=10.000ns})
  Path Group:             (none)
  Path Type:              Hold (Min at Fast Process Corner)
  Data Path Delay:        0.790ns  (logic 0.217ns (27.441%)  route 0.573ns (72.559%))
  Logic Levels:           1  (IBUF=1)
  Clock Path Skew:        2.051ns (DCD - SCD - CPR)
    Destination Clock Delay (DCD):    2.051ns
    Source Clock Delay      (SCD):    0.000ns
    Clock Pessimism Removal (CPR):    -0.000ns

    Location             Delay type                Incr(ns)  Path(ns)    Netlist Resource(s)
  -------------------------------------------------------------------    -------------------
    W17                                               0.000     0.000 r  sw_pwm[3] (IN)
                         net (fo=0)                   0.000     0.000    sw_pwm[3]
    W17                  IBUF (Prop_ibuf_I_O)         0.217     0.217 r  sw_pwm_IBUF[3]_inst/O
                         net (fo=1, routed)           0.573     0.790    u_pwm/sw_pwm[3]
    DSP48_X0Y4           DSP48E1                                      r  u_pwm/duty_scaled1/A[3]
  -------------------------------------------------------------------    -------------------

                         (clock sys_clk_pin rise edge)
                                                      0.000     0.000 r  
    W5                                                0.000     0.000 r  clk (IN)
                         net (fo=0)                   0.000     0.000    clk
    W5                   IBUF (Prop_ibuf_I_O)         0.414     0.414 r  clk_IBUF_inst/O
                         net (fo=1, routed)           0.685     1.099    clk_IBUF
    BUFGCTRL_X0Y0        BUFG (Prop_bufg_I_O)         0.029     1.128 r  clk_IBUF_BUFG_inst/O
                         net (fo=15, routed)          0.923     2.051    u_pwm/clk_IBUF_BUFG
    DSP48_X0Y4           DSP48E1                                      r  u_pwm/duty_scaled1/CLK

Slack:                    inf
  Source:                 sw_pwm[0]
                            (input port)
  Destination:            u_pwm/duty_scaled1/A[0]
                            (rising edge-triggered cell DSP48E1 clocked by sys_clk_pin  {rise@0.000ns fall@5.000ns period=10.000ns})
  Path Group:             (none)
  Path Type:              Hold (Min at Fast Process Corner)
  Data Path Delay:        0.796ns  (logic 0.221ns (27.774%)  route 0.575ns (72.226%))
  Logic Levels:           1  (IBUF=1)
  Clock Path Skew:        2.051ns (DCD - SCD - CPR)
    Destination Clock Delay (DCD):    2.051ns
    Source Clock Delay      (SCD):    0.000ns
    Clock Pessimism Removal (CPR):    -0.000ns

    Location             Delay type                Incr(ns)  Path(ns)    Netlist Resource(s)
  -------------------------------------------------------------------    -------------------
    V17                                               0.000     0.000 r  sw_pwm[0] (IN)
                         net (fo=0)                   0.000     0.000    sw_pwm[0]
    V17                  IBUF (Prop_ibuf_I_O)         0.221     0.221 r  sw_pwm_IBUF[0]_inst/O
                         net (fo=1, routed)           0.575     0.796    u_pwm/sw_pwm[0]
    DSP48_X0Y4           DSP48E1                                      r  u_pwm/duty_scaled1/A[0]
  -------------------------------------------------------------------    -------------------

                         (clock sys_clk_pin rise edge)
                                                      0.000     0.000 r  
    W5                                                0.000     0.000 r  clk (IN)
                         net (fo=0)                   0.000     0.000    clk
    W5                   IBUF (Prop_ibuf_I_O)         0.414     0.414 r  clk_IBUF_inst/O
                         net (fo=1, routed)           0.685     1.099    clk_IBUF
    BUFGCTRL_X0Y0        BUFG (Prop_bufg_I_O)         0.029     1.128 r  clk_IBUF_BUFG_inst/O
                         net (fo=15, routed)          0.923     2.051    u_pwm/clk_IBUF_BUFG
    DSP48_X0Y4           DSP48E1                                      r  u_pwm/duty_scaled1/CLK

Slack:                    inf
  Source:                 sw_pwm[1]
                            (input port)
  Destination:            u_pwm/duty_scaled1/A[1]
                            (rising edge-triggered cell DSP48E1 clocked by sys_clk_pin  {rise@0.000ns fall@5.000ns period=10.000ns})
  Path Group:             (none)
  Path Type:              Hold (Min at Fast Process Corner)
  Data Path Delay:        0.865ns  (logic 0.229ns (26.513%)  route 0.636ns (73.487%))
  Logic Levels:           1  (IBUF=1)
  Clock Path Skew:        2.051ns (DCD - SCD - CPR)
    Destination Clock Delay (DCD):    2.051ns
    Source Clock Delay      (SCD):    0.000ns
    Clock Pessimism Removal (CPR):    -0.000ns

    Location             Delay type                Incr(ns)  Path(ns)    Netlist Resource(s)
  -------------------------------------------------------------------    -------------------
    V16                                               0.000     0.000 r  sw_pwm[1] (IN)
                         net (fo=0)                   0.000     0.000    sw_pwm[1]
    V16                  IBUF (Prop_ibuf_I_O)         0.229     0.229 r  sw_pwm_IBUF[1]_inst/O
                         net (fo=1, routed)           0.636     0.865    u_pwm/sw_pwm[1]
    DSP48_X0Y4           DSP48E1                                      r  u_pwm/duty_scaled1/A[1]
  -------------------------------------------------------------------    -------------------

                         (clock sys_clk_pin rise edge)
                                                      0.000     0.000 r  
    W5                                                0.000     0.000 r  clk (IN)
                         net (fo=0)                   0.000     0.000    clk
    W5                   IBUF (Prop_ibuf_I_O)         0.414     0.414 r  clk_IBUF_inst/O
                         net (fo=1, routed)           0.685     1.099    clk_IBUF
    BUFGCTRL_X0Y0        BUFG (Prop_bufg_I_O)         0.029     1.128 r  clk_IBUF_BUFG_inst/O
                         net (fo=15, routed)          0.923     2.051    u_pwm/clk_IBUF_BUFG
    DSP48_X0Y4           DSP48E1                                      r  u_pwm/duty_scaled1/CLK

Slack:                    inf
  Source:                 sw_pwm[7]
                            (input port)
  Destination:            u_pwm/duty_scaled1/A[7]
                            (rising edge-triggered cell DSP48E1 clocked by sys_clk_pin  {rise@0.000ns fall@5.000ns period=10.000ns})
  Path Group:             (none)
  Path Type:              Hold (Min at Fast Process Corner)
  Data Path Delay:        0.872ns  (logic 0.227ns (26.035%)  route 0.645ns (73.965%))
  Logic Levels:           1  (IBUF=1)
  Clock Path Skew:        2.051ns (DCD - SCD - CPR)
    Destination Clock Delay (DCD):    2.051ns
    Source Clock Delay      (SCD):    0.000ns
    Clock Pessimism Removal (CPR):    -0.000ns

    Location             Delay type                Incr(ns)  Path(ns)    Netlist Resource(s)
  -------------------------------------------------------------------    -------------------
    W13                                               0.000     0.000 r  sw_pwm[7] (IN)
                         net (fo=0)                   0.000     0.000    sw_pwm[7]
    W13                  IBUF (Prop_ibuf_I_O)         0.227     0.227 r  sw_pwm_IBUF[7]_inst/O
                         net (fo=1, routed)           0.645     0.872    u_pwm/sw_pwm[7]
    DSP48_X0Y4           DSP48E1                                      r  u_pwm/duty_scaled1/A[7]
  -------------------------------------------------------------------    -------------------

                         (clock sys_clk_pin rise edge)
                                                      0.000     0.000 r  
    W5                                                0.000     0.000 r  clk (IN)
                         net (fo=0)                   0.000     0.000    clk
    W5                   IBUF (Prop_ibuf_I_O)         0.414     0.414 r  clk_IBUF_inst/O
                         net (fo=1, routed)           0.685     1.099    clk_IBUF
    BUFGCTRL_X0Y0        BUFG (Prop_bufg_I_O)         0.029     1.128 r  clk_IBUF_BUFG_inst/O
                         net (fo=15, routed)          0.923     2.051    u_pwm/clk_IBUF_BUFG
    DSP48_X0Y4           DSP48E1                                      r  u_pwm/duty_scaled1/CLK

Slack:                    inf
  Source:                 sw_pwm[2]
                            (input port)
  Destination:            u_pwm/duty_scaled1/A[2]
                            (rising edge-triggered cell DSP48E1 clocked by sys_clk_pin  {rise@0.000ns fall@5.000ns period=10.000ns})
  Path Group:             (none)
  Path Type:              Hold (Min at Fast Process Corner)
  Data Path Delay:        0.879ns  (logic 0.232ns (26.378%)  route 0.647ns (73.622%))
  Logic Levels:           1  (IBUF=1)
  Clock Path Skew:        2.051ns (DCD - SCD - CPR)
    Destination Clock Delay (DCD):    2.051ns
    Source Clock Delay      (SCD):    0.000ns
    Clock Pessimism Removal (CPR):    -0.000ns

    Location             Delay type                Incr(ns)  Path(ns)    Netlist Resource(s)
  -------------------------------------------------------------------    -------------------
    W16                                               0.000     0.000 r  sw_pwm[2] (IN)
                         net (fo=0)                   0.000     0.000    sw_pwm[2]
    W16                  IBUF (Prop_ibuf_I_O)         0.232     0.232 r  sw_pwm_IBUF[2]_inst/O
                         net (fo=1, routed)           0.647     0.879    u_pwm/sw_pwm[2]
    DSP48_X0Y4           DSP48E1                                      r  u_pwm/duty_scaled1/A[2]
  -------------------------------------------------------------------    -------------------

                         (clock sys_clk_pin rise edge)
                                                      0.000     0.000 r  
    W5                                                0.000     0.000 r  clk (IN)
                         net (fo=0)                   0.000     0.000    clk
    W5                   IBUF (Prop_ibuf_I_O)         0.414     0.414 r  clk_IBUF_inst/O
                         net (fo=1, routed)           0.685     1.099    clk_IBUF
    BUFGCTRL_X0Y0        BUFG (Prop_bufg_I_O)         0.029     1.128 r  clk_IBUF_BUFG_inst/O
                         net (fo=15, routed)          0.923     2.051    u_pwm/clk_IBUF_BUFG
    DSP48_X0Y4           DSP48E1                                      r  u_pwm/duty_scaled1/CLK





