Copyright 1986-2022 Xilinx, Inc. All Rights Reserved. Copyright 2022-2026 Advanced Micro Devices, Inc. All Rights Reserved.
------------------------------------------------------------------------------------------------------------------------------------------------------------------------------------------------------------------------------------------------------
| Tool Version : Vivado v.2025.2.1 (win64) Build 6403652 Thu Mar 19 19:48:24 GMT 2026
| Date         : Fri Apr 17 10:03:24 2026
| Host         : DESKTOP-Q1F9NDB running 64-bit major release  (build 9200)
| Command      : report_timing_summary -max_paths 10 -routable_nets -report_unconstrained -file top_fndcontrol_timing_summary_routed.rpt -pb top_fndcontrol_timing_summary_routed.pb -rpx top_fndcontrol_timing_summary_routed.rpx -warn_on_violation
| Design       : top_fndcontrol
| Device       : 7a35t-cpg236
| Speed File   : -1  PRODUCTION 1.23 2018-06-13
| Design State : Routed
------------------------------------------------------------------------------------------------------------------------------------------------------------------------------------------------------------------------------------------------------

Timing Summary Report

------------------------------------------------------------------------------------------------
| Timer Settings
| --------------
------------------------------------------------------------------------------------------------

  Enable Multi Corner Analysis               :  Yes
  Enable Pessimism Removal                   :  Yes
  Pessimism Removal Resolution               :  Nearest Common Node
  Enable Input Delay Default Clock           :  No
  Enable Preset / Clear Arcs                 :  No
  Disable Flight Delays                      :  No
  Ignore I/O Paths                           :  No
  Timing Early Launch at Borrowing Latches   :  No
  Borrow Time for Max Delay Exceptions       :  Yes
  Merge Timing Exceptions                    :  Yes
  Inter-SLR Compensation                     :  Conservative

  Corner  Analyze    Analyze    
  Name    Max Paths  Min Paths  
  ------  ---------  ---------  
  Slow    Yes        Yes        
  Fast    Yes        Yes        


------------------------------------------------------------------------------------------------
| Report Methodology
| ------------------
------------------------------------------------------------------------------------------------

Rule       Severity          Description                    Violations  
---------  ----------------  -----------------------------  ----------  
TIMING-17  Critical Warning  Non-clocked sequential cell    25          
TIMING-18  Warning           Missing input or output delay  16          

Note: This report is based on the most recent report_methodology run and may not be up-to-date. Run report_methodology on the current design for the latest report.



check_timing report

Table of Contents
-----------------
1. checking no_clock (25)
2. checking constant_clock (0)
3. checking pulse_width_clock (0)
4. checking unconstrained_internal_endpoints (64)
5. checking no_input_delay (5)
6. checking no_output_delay (22)
7. checking multiple_clock (0)
8. checking generated_clocks (0)
9. checking loops (0)
10. checking partial_input_delay (0)
11. checking partial_output_delay (0)
12. checking latch_loops (0)

1. checking no_clock (25)
-------------------------
 There are 25 register/latch pins with no clock driven by root clock pin: u3/clk_out_reg/Q (HIGH)


2. checking constant_clock (0)
------------------------------
 There are 0 register/latch pins with constant_clock.


3. checking pulse_width_clock (0)
---------------------------------
 There are 0 register/latch pins which need pulse_width check


4. checking unconstrained_internal_endpoints (64)
-------------------------------------------------
 There are 64 pins that are not constrained for maximum delay. (HIGH)

 There are 0 pins that are not constrained for maximum delay due to constant clock.


5. checking no_input_delay (5)
------------------------------
 There are 5 input ports with no input delay specified. (HIGH)

 There are 0 input ports with no input delay but user has a false path constraint.


6. checking no_output_delay (22)
--------------------------------
 There are 22 ports with no output delay specified. (HIGH)

 There are 0 ports with no output delay but user has a false path constraint

 There are 0 ports with no output delay but with a timing clock defined on it or propagating through it


7. checking multiple_clock (0)
------------------------------
 There are 0 register/latch pins with multiple clocks.


8. checking generated_clocks (0)
--------------------------------
 There are 0 generated clocks that are not connected to a clock source.


9. checking loops (0)
---------------------
 There are 0 combinational loops in the design.


10. checking partial_input_delay (0)
------------------------------------
 There are 0 input ports with partial input delay specified.


11. checking partial_output_delay (0)
-------------------------------------
 There are 0 ports with partial output delay specified.


12. checking latch_loops (0)
----------------------------
 There are 0 combinational latch loops in the design through latch input



------------------------------------------------------------------------------------------------
| Design Timing Summary
| ---------------------
------------------------------------------------------------------------------------------------

    WNS(ns)      TNS(ns)  TNS Failing Endpoints  TNS Total Endpoints      WHS(ns)      THS(ns)  THS Failing Endpoints  THS Total Endpoints     WPWS(ns)     TPWS(ns)  TPWS Failing Endpoints  TPWS Total Endpoints  
    -------      -------  ---------------------  -------------------      -------      -------  ---------------------  -------------------     --------     --------  ----------------------  --------------------  
      4.898        0.000                      0                  196        0.168        0.000                      0                  196        4.500        0.000                       0                   164  


All user specified timing constraints are met.


------------------------------------------------------------------------------------------------
| Clock Summary
| -------------
------------------------------------------------------------------------------------------------

Clock  Waveform(ns)       Period(ns)      Frequency(MHz)
-----  ------------       ----------      --------------
clk    {0.000 5.000}      10.000          100.000         


------------------------------------------------------------------------------------------------
| Intra Clock Table
| -----------------
------------------------------------------------------------------------------------------------

Clock             WNS(ns)      TNS(ns)  TNS Failing Endpoints  TNS Total Endpoints      WHS(ns)      THS(ns)  THS Failing Endpoints  THS Total Endpoints     WPWS(ns)     TPWS(ns)  TPWS Failing Endpoints  TPWS Total Endpoints  
-----             -------      -------  ---------------------  -------------------      -------      -------  ---------------------  -------------------     --------     --------  ----------------------  --------------------  
clk                 4.898        0.000                      0                  196        0.168        0.000                      0                  196        4.500        0.000                       0                   164  


------------------------------------------------------------------------------------------------
| Inter Clock Table
| -----------------
------------------------------------------------------------------------------------------------

From Clock    To Clock          WNS(ns)      TNS(ns)  TNS Failing Endpoints  TNS Total Endpoints      WHS(ns)      THS(ns)  THS Failing Endpoints  THS Total Endpoints  
----------    --------          -------      -------  ---------------------  -------------------      -------      -------  ---------------------  -------------------  


------------------------------------------------------------------------------------------------
| Other Path Groups Table
| -----------------------
------------------------------------------------------------------------------------------------

Path Group    From Clock    To Clock          WNS(ns)      TNS(ns)  TNS Failing Endpoints  TNS Total Endpoints      WHS(ns)      THS(ns)  THS Failing Endpoints  THS Total Endpoints  
----------    ----------    --------          -------      -------  ---------------------  -------------------      -------      -------  ---------------------  -------------------  


------------------------------------------------------------------------------------------------
| User Ignored Path Table
| -----------------------
------------------------------------------------------------------------------------------------

Path Group    From Clock    To Clock    
----------    ----------    --------    


------------------------------------------------------------------------------------------------
| Unconstrained Path Table
| ------------------------
------------------------------------------------------------------------------------------------

Path Group    From Clock    To Clock    
----------    ----------    --------    
(none)                                    
(none)        clk                         
(none)                      clk           


------------------------------------------------------------------------------------------------
| Timing Details
| --------------
------------------------------------------------------------------------------------------------


---------------------------------------------------------------------------------------------------
From Clock:  clk
  To Clock:  clk

Setup :            0  Failing Endpoints,  Worst Slack        4.898ns,  Total Violation        0.000ns
Hold  :            0  Failing Endpoints,  Worst Slack        0.168ns,  Total Violation        0.000ns
PW    :            0  Failing Endpoints,  Worst Slack        4.500ns,  Total Violation        0.000ns
---------------------------------------------------------------------------------------------------


Max Delay Paths
--------------------------------------------------------------------------------------
Slack (MET) :             4.898ns  (required time - arrival time)
  Source:                 u0/mode_reg[1]/C
                            (rising edge-triggered cell FDCE clocked by clk  {rise@0.000ns fall@5.000ns period=10.000ns})
  Destination:            u9/min_reg[0]/CE
                            (rising edge-triggered cell FDCE clocked by clk  {rise@0.000ns fall@5.000ns period=10.000ns})
  Path Group:             clk
  Path Type:              Setup (Max at Slow Process Corner)
  Requirement:            10.000ns  (clk rise@10.000ns - clk rise@0.000ns)
  Data Path Delay:        4.888ns  (logic 1.376ns (28.150%)  route 3.512ns (71.850%))
  Logic Levels:           4  (LUT2=2 LUT6=2)
  Clock Path Skew:        0.026ns (DCD - SCD + CPR)
    Destination Clock Delay (DCD):    4.843ns = ( 14.843 - 10.000 ) 
    Source Clock Delay      (SCD):    5.077ns
    Clock Pessimism Removal (CPR):    0.260ns
  Clock Uncertainty:      0.035ns  ((TSJ^2 + TIJ^2)^1/2 + DJ) / 2 + PE
    Total System Jitter     (TSJ):    0.071ns
    Total Input Jitter      (TIJ):    0.000ns
    Discrete Jitter          (DJ):    0.000ns
    Phase Error              (PE):    0.000ns

    Location             Delay type                Incr(ns)  Path(ns)    Netlist Resource(s)
  -------------------------------------------------------------------    -------------------
                         (clock clk rise edge)        0.000     0.000 r  
    W5                                                0.000     0.000 r  clk (IN)
                         net (fo=0)                   0.000     0.000    clk
    W5                   IBUF (Prop_ibuf_I_O)         1.458     1.458 r  clk_IBUF_inst/O
                         net (fo=1, routed)           1.967     3.425    clk_IBUF
    BUFGCTRL_X0Y0        BUFG (Prop_bufg_I_O)         0.096     3.521 r  clk_IBUF_BUFG_inst/O
                         net (fo=163, routed)         1.556     5.077    u0/CLK
    SLICE_X8Y29          FDCE                                         r  u0/mode_reg[1]/C
  -------------------------------------------------------------------    -------------------
    SLICE_X8Y29          FDCE (Prop_fdce_C_Q)         0.478     5.555 r  u0/mode_reg[1]/Q
                         net (fo=47, routed)          1.571     7.127    u0/mode_out_OBUF[1]
    SLICE_X7Y26          LUT2 (Prop_lut2_I0_O)        0.324     7.451 r  u0/mmsec[3]_i_2/O
                         net (fo=11, routed)          0.793     8.243    u9/mmsec_reg[3]_1
    SLICE_X5Y23          LUT6 (Prop_lut6_I0_O)        0.326     8.569 f  u9/mmsec[6]_i_3/O
                         net (fo=3, routed)           0.275     8.844    u0/sec_reg[5]_0
    SLICE_X5Y23          LUT6 (Prop_lut6_I5_O)        0.124     8.968 r  u0/sec[5]_i_1__1/O
                         net (fo=7, routed)           0.341     9.309    u0/mode_reg[0]_1[0]
    SLICE_X2Y23          LUT2 (Prop_lut2_I0_O)        0.124     9.433 r  u0/min[5]_i_1__1/O
                         net (fo=6, routed)           0.532     9.965    u9/min_reg[5]_3[0]
    SLICE_X3Y24          FDCE                                         r  u9/min_reg[0]/CE
  -------------------------------------------------------------------    -------------------

                         (clock clk rise edge)       10.000    10.000 r  
    W5                                                0.000    10.000 r  clk (IN)
                         net (fo=0)                   0.000    10.000    clk
    W5                   IBUF (Prop_ibuf_I_O)         1.388    11.388 r  clk_IBUF_inst/O
                         net (fo=1, routed)           1.862    13.250    clk_IBUF
    BUFGCTRL_X0Y0        BUFG (Prop_bufg_I_O)         0.091    13.341 r  clk_IBUF_BUFG_inst/O
                         net (fo=163, routed)         1.502    14.843    u9/min_reg[5]_2
    SLICE_X3Y24          FDCE                                         r  u9/min_reg[0]/C
                         clock pessimism              0.260    15.103    
                         clock uncertainty           -0.035    15.068    
    SLICE_X3Y24          FDCE (Setup_fdce_C_CE)      -0.205    14.863    u9/min_reg[0]
  -------------------------------------------------------------------
                         required time                         14.863    
                         arrival time                          -9.965    
  -------------------------------------------------------------------
                         slack                                  4.898    

Slack (MET) :             5.091ns  (required time - arrival time)
  Source:                 u0/mode_reg[1]/C
                            (rising edge-triggered cell FDCE clocked by clk  {rise@0.000ns fall@5.000ns period=10.000ns})
  Destination:            u9/min_reg[1]/CE
                            (rising edge-triggered cell FDCE clocked by clk  {rise@0.000ns fall@5.000ns period=10.000ns})
  Path Group:             clk
  Path Type:              Setup (Max at Slow Process Corner)
  Requirement:            10.000ns  (clk rise@10.000ns - clk rise@0.000ns)
  Data Path Delay:        4.731ns  (logic 1.376ns (29.087%)  route 3.355ns (70.913%))
  Logic Levels:           4  (LUT2=2 LUT6=2)
  Clock Path Skew:        0.026ns (DCD - SCD + CPR)
    Destination Clock Delay (DCD):    4.843ns = ( 14.843 - 10.000 ) 
    Source Clock Delay      (SCD):    5.077ns
    Clock Pessimism Removal (CPR):    0.260ns
  Clock Uncertainty:      0.035ns  ((TSJ^2 + TIJ^2)^1/2 + DJ) / 2 + PE
    Total System Jitter     (TSJ):    0.071ns
    Total Input Jitter      (TIJ):    0.000ns
    Discrete Jitter          (DJ):    0.000ns
    Phase Error              (PE):    0.000ns

    Location             Delay type                Incr(ns)  Path(ns)    Netlist Resource(s)
  -------------------------------------------------------------------    -------------------
                         (clock clk rise edge)        0.000     0.000 r  
    W5                                                0.000     0.000 r  clk (IN)
                         net (fo=0)                   0.000     0.000    clk
    W5                   IBUF (Prop_ibuf_I_O)         1.458     1.458 r  clk_IBUF_inst/O
                         net (fo=1, routed)           1.967     3.425    clk_IBUF
    BUFGCTRL_X0Y0        BUFG (Prop_bufg_I_O)         0.096     3.521 r  clk_IBUF_BUFG_inst/O
                         net (fo=163, routed)         1.556     5.077    u0/CLK
    SLICE_X8Y29          FDCE                                         r  u0/mode_reg[1]/C
  -------------------------------------------------------------------    -------------------
    SLICE_X8Y29          FDCE (Prop_fdce_C_Q)         0.478     5.555 r  u0/mode_reg[1]/Q
                         net (fo=47, routed)          1.571     7.127    u0/mode_out_OBUF[1]
    SLICE_X7Y26          LUT2 (Prop_lut2_I0_O)        0.324     7.451 r  u0/mmsec[3]_i_2/O
                         net (fo=11, routed)          0.793     8.243    u9/mmsec_reg[3]_1
    SLICE_X5Y23          LUT6 (Prop_lut6_I0_O)        0.326     8.569 f  u9/mmsec[6]_i_3/O
                         net (fo=3, routed)           0.275     8.844    u0/sec_reg[5]_0
    SLICE_X5Y23          LUT6 (Prop_lut6_I5_O)        0.124     8.968 r  u0/sec[5]_i_1__1/O
                         net (fo=7, routed)           0.341     9.309    u0/mode_reg[0]_1[0]
    SLICE_X2Y23          LUT2 (Prop_lut2_I0_O)        0.124     9.433 r  u0/min[5]_i_1__1/O
                         net (fo=6, routed)           0.375     9.808    u9/min_reg[5]_3[0]
    SLICE_X2Y25          FDCE                                         r  u9/min_reg[1]/CE
  -------------------------------------------------------------------    -------------------

                         (clock clk rise edge)       10.000    10.000 r  
    W5                                                0.000    10.000 r  clk (IN)
                         net (fo=0)                   0.000    10.000    clk
    W5                   IBUF (Prop_ibuf_I_O)         1.388    11.388 r  clk_IBUF_inst/O
                         net (fo=1, routed)           1.862    13.250    clk_IBUF
    BUFGCTRL_X0Y0        BUFG (Prop_bufg_I_O)         0.091    13.341 r  clk_IBUF_BUFG_inst/O
                         net (fo=163, routed)         1.502    14.843    u9/min_reg[5]_2
    SLICE_X2Y25          FDCE                                         r  u9/min_reg[1]/C
                         clock pessimism              0.260    15.103    
                         clock uncertainty           -0.035    15.068    
    SLICE_X2Y25          FDCE (Setup_fdce_C_CE)      -0.169    14.899    u9/min_reg[1]
  -------------------------------------------------------------------
                         required time                         14.899    
                         arrival time                          -9.808    
  -------------------------------------------------------------------
                         slack                                  5.091    

Slack (MET) :             5.091ns  (required time - arrival time)
  Source:                 u0/mode_reg[1]/C
                            (rising edge-triggered cell FDCE clocked by clk  {rise@0.000ns fall@5.000ns period=10.000ns})
  Destination:            u9/min_reg[5]/CE
                            (rising edge-triggered cell FDCE clocked by clk  {rise@0.000ns fall@5.000ns period=10.000ns})
  Path Group:             clk
  Path Type:              Setup (Max at Slow Process Corner)
  Requirement:            10.000ns  (clk rise@10.000ns - clk rise@0.000ns)
  Data Path Delay:        4.731ns  (logic 1.376ns (29.087%)  route 3.355ns (70.913%))
  Logic Levels:           4  (LUT2=2 LUT6=2)
  Clock Path Skew:        0.026ns (DCD - SCD + CPR)
    Destination Clock Delay (DCD):    4.843ns = ( 14.843 - 10.000 ) 
    Source Clock Delay      (SCD):    5.077ns
    Clock Pessimism Removal (CPR):    0.260ns
  Clock Uncertainty:      0.035ns  ((TSJ^2 + TIJ^2)^1/2 + DJ) / 2 + PE
    Total System Jitter     (TSJ):    0.071ns
    Total Input Jitter      (TIJ):    0.000ns
    Discrete Jitter          (DJ):    0.000ns
    Phase Error              (PE):    0.000ns

    Location             Delay type                Incr(ns)  Path(ns)    Netlist Resource(s)
  -------------------------------------------------------------------    -------------------
                         (clock clk rise edge)        0.000     0.000 r  
    W5                                                0.000     0.000 r  clk (IN)
                         net (fo=0)                   0.000     0.000    clk
    W5                   IBUF (Prop_ibuf_I_O)         1.458     1.458 r  clk_IBUF_inst/O
                         net (fo=1, routed)           1.967     3.425    clk_IBUF
    BUFGCTRL_X0Y0        BUFG (Prop_bufg_I_O)         0.096     3.521 r  clk_IBUF_BUFG_inst/O
                         net (fo=163, routed)         1.556     5.077    u0/CLK
    SLICE_X8Y29          FDCE                                         r  u0/mode_reg[1]/C
  -------------------------------------------------------------------    -------------------
    SLICE_X8Y29          FDCE (Prop_fdce_C_Q)         0.478     5.555 r  u0/mode_reg[1]/Q
                         net (fo=47, routed)          1.571     7.127    u0/mode_out_OBUF[1]
    SLICE_X7Y26          LUT2 (Prop_lut2_I0_O)        0.324     7.451 r  u0/mmsec[3]_i_2/O
                         net (fo=11, routed)          0.793     8.243    u9/mmsec_reg[3]_1
    SLICE_X5Y23          LUT6 (Prop_lut6_I0_O)        0.326     8.569 f  u9/mmsec[6]_i_3/O
                         net (fo=3, routed)           0.275     8.844    u0/sec_reg[5]_0
    SLICE_X5Y23          LUT6 (Prop_lut6_I5_O)        0.124     8.968 r  u0/sec[5]_i_1__1/O
                         net (fo=7, routed)           0.341     9.309    u0/mode_reg[0]_1[0]
    SLICE_X2Y23          LUT2 (Prop_lut2_I0_O)        0.124     9.433 r  u0/min[5]_i_1__1/O
                         net (fo=6, routed)           0.375     9.808    u9/min_reg[5]_3[0]
    SLICE_X2Y25          FDCE                                         r  u9/min_reg[5]/CE
  -------------------------------------------------------------------    -------------------

                         (clock clk rise edge)       10.000    10.000 r  
    W5                                                0.000    10.000 r  clk (IN)
                         net (fo=0)                   0.000    10.000    clk
    W5                   IBUF (Prop_ibuf_I_O)         1.388    11.388 r  clk_IBUF_inst/O
                         net (fo=1, routed)           1.862    13.250    clk_IBUF
    BUFGCTRL_X0Y0        BUFG (Prop_bufg_I_O)         0.091    13.341 r  clk_IBUF_BUFG_inst/O
                         net (fo=163, routed)         1.502    14.843    u9/min_reg[5]_2
    SLICE_X2Y25          FDCE                                         r  u9/min_reg[5]/C
                         clock pessimism              0.260    15.103    
                         clock uncertainty           -0.035    15.068    
    SLICE_X2Y25          FDCE (Setup_fdce_C_CE)      -0.169    14.899    u9/min_reg[5]
  -------------------------------------------------------------------
                         required time                         14.899    
                         arrival time                          -9.808    
  -------------------------------------------------------------------
                         slack                                  5.091    

Slack (MET) :             5.123ns  (required time - arrival time)
  Source:                 u0/mode_reg[1]/C
                            (rising edge-triggered cell FDCE clocked by clk  {rise@0.000ns fall@5.000ns period=10.000ns})
  Destination:            u9/min_reg[2]/CE
                            (rising edge-triggered cell FDCE clocked by clk  {rise@0.000ns fall@5.000ns period=10.000ns})
  Path Group:             clk
  Path Type:              Setup (Max at Slow Process Corner)
  Requirement:            10.000ns  (clk rise@10.000ns - clk rise@0.000ns)
  Data Path Delay:        4.699ns  (logic 1.376ns (29.284%)  route 3.323ns (70.716%))
  Logic Levels:           4  (LUT2=2 LUT6=2)
  Clock Path Skew:        0.026ns (DCD - SCD + CPR)
    Destination Clock Delay (DCD):    4.843ns = ( 14.843 - 10.000 ) 
    Source Clock Delay      (SCD):    5.077ns
    Clock Pessimism Removal (CPR):    0.260ns
  Clock Uncertainty:      0.035ns  ((TSJ^2 + TIJ^2)^1/2 + DJ) / 2 + PE
    Total System Jitter     (TSJ):    0.071ns
    Total Input Jitter      (TIJ):    0.000ns
    Discrete Jitter          (DJ):    0.000ns
    Phase Error              (PE):    0.000ns

    Location             Delay type                Incr(ns)  Path(ns)    Netlist Resource(s)
  -------------------------------------------------------------------    -------------------
                         (clock clk rise edge)        0.000     0.000 r  
    W5                                                0.000     0.000 r  clk (IN)
                         net (fo=0)                   0.000     0.000    clk
    W5                   IBUF (Prop_ibuf_I_O)         1.458     1.458 r  clk_IBUF_inst/O
                         net (fo=1, routed)           1.967     3.425    clk_IBUF
    BUFGCTRL_X0Y0        BUFG (Prop_bufg_I_O)         0.096     3.521 r  clk_IBUF_BUFG_inst/O
                         net (fo=163, routed)         1.556     5.077    u0/CLK
    SLICE_X8Y29          FDCE                                         r  u0/mode_reg[1]/C
  -------------------------------------------------------------------    -------------------
    SLICE_X8Y29          FDCE (Prop_fdce_C_Q)         0.478     5.555 r  u0/mode_reg[1]/Q
                         net (fo=47, routed)          1.571     7.127    u0/mode_out_OBUF[1]
    SLICE_X7Y26          LUT2 (Prop_lut2_I0_O)        0.324     7.451 r  u0/mmsec[3]_i_2/O
                         net (fo=11, routed)          0.793     8.243    u9/mmsec_reg[3]_1
    SLICE_X5Y23          LUT6 (Prop_lut6_I0_O)        0.326     8.569 f  u9/mmsec[6]_i_3/O
                         net (fo=3, routed)           0.275     8.844    u0/sec_reg[5]_0
    SLICE_X5Y23          LUT6 (Prop_lut6_I5_O)        0.124     8.968 r  u0/sec[5]_i_1__1/O
                         net (fo=7, routed)           0.341     9.309    u0/mode_reg[0]_1[0]
    SLICE_X2Y23          LUT2 (Prop_lut2_I0_O)        0.124     9.433 r  u0/min[5]_i_1__1/O
                         net (fo=6, routed)           0.343     9.776    u9/min_reg[5]_3[0]
    SLICE_X2Y24          FDCE                                         r  u9/min_reg[2]/CE
  -------------------------------------------------------------------    -------------------

                         (clock clk rise edge)       10.000    10.000 r  
    W5                                                0.000    10.000 r  clk (IN)
                         net (fo=0)                   0.000    10.000    clk
    W5                   IBUF (Prop_ibuf_I_O)         1.388    11.388 r  clk_IBUF_inst/O
                         net (fo=1, routed)           1.862    13.250    clk_IBUF
    BUFGCTRL_X0Y0        BUFG (Prop_bufg_I_O)         0.091    13.341 r  clk_IBUF_BUFG_inst/O
                         net (fo=163, routed)         1.502    14.843    u9/min_reg[5]_2
    SLICE_X2Y24          FDCE                                         r  u9/min_reg[2]/C
                         clock pessimism              0.260    15.103    
                         clock uncertainty           -0.035    15.068    
    SLICE_X2Y24          FDCE (Setup_fdce_C_CE)      -0.169    14.899    u9/min_reg[2]
  -------------------------------------------------------------------
                         required time                         14.899    
                         arrival time                          -9.776    
  -------------------------------------------------------------------
                         slack                                  5.123    

Slack (MET) :             5.123ns  (required time - arrival time)
  Source:                 u0/mode_reg[1]/C
                            (rising edge-triggered cell FDCE clocked by clk  {rise@0.000ns fall@5.000ns period=10.000ns})
  Destination:            u9/min_reg[3]/CE
                            (rising edge-triggered cell FDCE clocked by clk  {rise@0.000ns fall@5.000ns period=10.000ns})
  Path Group:             clk
  Path Type:              Setup (Max at Slow Process Corner)
  Requirement:            10.000ns  (clk rise@10.000ns - clk rise@0.000ns)
  Data Path Delay:        4.699ns  (logic 1.376ns (29.284%)  route 3.323ns (70.716%))
  Logic Levels:           4  (LUT2=2 LUT6=2)
  Clock Path Skew:        0.026ns (DCD - SCD + CPR)
    Destination Clock Delay (DCD):    4.843ns = ( 14.843 - 10.000 ) 
    Source Clock Delay      (SCD):    5.077ns
    Clock Pessimism Removal (CPR):    0.260ns
  Clock Uncertainty:      0.035ns  ((TSJ^2 + TIJ^2)^1/2 + DJ) / 2 + PE
    Total System Jitter     (TSJ):    0.071ns
    Total Input Jitter      (TIJ):    0.000ns
    Discrete Jitter          (DJ):    0.000ns
    Phase Error              (PE):    0.000ns

    Location             Delay type                Incr(ns)  Path(ns)    Netlist Resource(s)
  -------------------------------------------------------------------    -------------------
                         (clock clk rise edge)        0.000     0.000 r  
    W5                                                0.000     0.000 r  clk (IN)
                         net (fo=0)                   0.000     0.000    clk
    W5                   IBUF (Prop_ibuf_I_O)         1.458     1.458 r  clk_IBUF_inst/O
                         net (fo=1, routed)           1.967     3.425    clk_IBUF
    BUFGCTRL_X0Y0        BUFG (Prop_bufg_I_O)         0.096     3.521 r  clk_IBUF_BUFG_inst/O
                         net (fo=163, routed)         1.556     5.077    u0/CLK
    SLICE_X8Y29          FDCE                                         r  u0/mode_reg[1]/C
  -------------------------------------------------------------------    -------------------
    SLICE_X8Y29          FDCE (Prop_fdce_C_Q)         0.478     5.555 r  u0/mode_reg[1]/Q
                         net (fo=47, routed)          1.571     7.127    u0/mode_out_OBUF[1]
    SLICE_X7Y26          LUT2 (Prop_lut2_I0_O)        0.324     7.451 r  u0/mmsec[3]_i_2/O
                         net (fo=11, routed)          0.793     8.243    u9/mmsec_reg[3]_1
    SLICE_X5Y23          LUT6 (Prop_lut6_I0_O)        0.326     8.569 f  u9/mmsec[6]_i_3/O
                         net (fo=3, routed)           0.275     8.844    u0/sec_reg[5]_0
    SLICE_X5Y23          LUT6 (Prop_lut6_I5_O)        0.124     8.968 r  u0/sec[5]_i_1__1/O
                         net (fo=7, routed)           0.341     9.309    u0/mode_reg[0]_1[0]
    SLICE_X2Y23          LUT2 (Prop_lut2_I0_O)        0.124     9.433 r  u0/min[5]_i_1__1/O
                         net (fo=6, routed)           0.343     9.776    u9/min_reg[5]_3[0]
    SLICE_X2Y24          FDCE                                         r  u9/min_reg[3]/CE
  -------------------------------------------------------------------    -------------------

                         (clock clk rise edge)       10.000    10.000 r  
    W5                                                0.000    10.000 r  clk (IN)
                         net (fo=0)                   0.000    10.000    clk
    W5                   IBUF (Prop_ibuf_I_O)         1.388    11.388 r  clk_IBUF_inst/O
                         net (fo=1, routed)           1.862    13.250    clk_IBUF
    BUFGCTRL_X0Y0        BUFG (Prop_bufg_I_O)         0.091    13.341 r  clk_IBUF_BUFG_inst/O
                         net (fo=163, routed)         1.502    14.843    u9/min_reg[5]_2
    SLICE_X2Y24          FDCE                                         r  u9/min_reg[3]/C
                         clock pessimism              0.260    15.103    
                         clock uncertainty           -0.035    15.068    
    SLICE_X2Y24          FDCE (Setup_fdce_C_CE)      -0.169    14.899    u9/min_reg[3]
  -------------------------------------------------------------------
                         required time                         14.899    
                         arrival time                          -9.776    
  -------------------------------------------------------------------
                         slack                                  5.123    

Slack (MET) :             5.123ns  (required time - arrival time)
  Source:                 u0/mode_reg[1]/C
                            (rising edge-triggered cell FDCE clocked by clk  {rise@0.000ns fall@5.000ns period=10.000ns})
  Destination:            u9/min_reg[4]/CE
                            (rising edge-triggered cell FDCE clocked by clk  {rise@0.000ns fall@5.000ns period=10.000ns})
  Path Group:             clk
  Path Type:              Setup (Max at Slow Process Corner)
  Requirement:            10.000ns  (clk rise@10.000ns - clk rise@0.000ns)
  Data Path Delay:        4.699ns  (logic 1.376ns (29.284%)  route 3.323ns (70.716%))
  Logic Levels:           4  (LUT2=2 LUT6=2)
  Clock Path Skew:        0.026ns (DCD - SCD + CPR)
    Destination Clock Delay (DCD):    4.843ns = ( 14.843 - 10.000 ) 
    Source Clock Delay      (SCD):    5.077ns
    Clock Pessimism Removal (CPR):    0.260ns
  Clock Uncertainty:      0.035ns  ((TSJ^2 + TIJ^2)^1/2 + DJ) / 2 + PE
    Total System Jitter     (TSJ):    0.071ns
    Total Input Jitter      (TIJ):    0.000ns
    Discrete Jitter          (DJ):    0.000ns
    Phase Error              (PE):    0.000ns

    Location             Delay type                Incr(ns)  Path(ns)    Netlist Resource(s)
  -------------------------------------------------------------------    -------------------
                         (clock clk rise edge)        0.000     0.000 r  
    W5                                                0.000     0.000 r  clk (IN)
                         net (fo=0)                   0.000     0.000    clk
    W5                   IBUF (Prop_ibuf_I_O)         1.458     1.458 r  clk_IBUF_inst/O
                         net (fo=1, routed)           1.967     3.425    clk_IBUF
    BUFGCTRL_X0Y0        BUFG (Prop_bufg_I_O)         0.096     3.521 r  clk_IBUF_BUFG_inst/O
                         net (fo=163, routed)         1.556     5.077    u0/CLK
    SLICE_X8Y29          FDCE                                         r  u0/mode_reg[1]/C
  -------------------------------------------------------------------    -------------------
    SLICE_X8Y29          FDCE (Prop_fdce_C_Q)         0.478     5.555 r  u0/mode_reg[1]/Q
                         net (fo=47, routed)          1.571     7.127    u0/mode_out_OBUF[1]
    SLICE_X7Y26          LUT2 (Prop_lut2_I0_O)        0.324     7.451 r  u0/mmsec[3]_i_2/O
                         net (fo=11, routed)          0.793     8.243    u9/mmsec_reg[3]_1
    SLICE_X5Y23          LUT6 (Prop_lut6_I0_O)        0.326     8.569 f  u9/mmsec[6]_i_3/O
                         net (fo=3, routed)           0.275     8.844    u0/sec_reg[5]_0
    SLICE_X5Y23          LUT6 (Prop_lut6_I5_O)        0.124     8.968 r  u0/sec[5]_i_1__1/O
                         net (fo=7, routed)           0.341     9.309    u0/mode_reg[0]_1[0]
    SLICE_X2Y23          LUT2 (Prop_lut2_I0_O)        0.124     9.433 r  u0/min[5]_i_1__1/O
                         net (fo=6, routed)           0.343     9.776    u9/min_reg[5]_3[0]
    SLICE_X2Y24          FDCE                                         r  u9/min_reg[4]/CE
  -------------------------------------------------------------------    -------------------

                         (clock clk rise edge)       10.000    10.000 r  
    W5                                                0.000    10.000 r  clk (IN)
                         net (fo=0)                   0.000    10.000    clk
    W5                   IBUF (Prop_ibuf_I_O)         1.388    11.388 r  clk_IBUF_inst/O
                         net (fo=1, routed)           1.862    13.250    clk_IBUF
    BUFGCTRL_X0Y0        BUFG (Prop_bufg_I_O)         0.091    13.341 r  clk_IBUF_BUFG_inst/O
                         net (fo=163, routed)         1.502    14.843    u9/min_reg[5]_2
    SLICE_X2Y24          FDCE                                         r  u9/min_reg[4]/C
                         clock pessimism              0.260    15.103    
                         clock uncertainty           -0.035    15.068    
    SLICE_X2Y24          FDCE (Setup_fdce_C_CE)      -0.169    14.899    u9/min_reg[4]
  -------------------------------------------------------------------
                         required time                         14.899    
                         arrival time                          -9.776    
  -------------------------------------------------------------------
                         slack                                  5.123    

Slack (MET) :             5.527ns  (required time - arrival time)
  Source:                 u0/mode_reg[1]/C
                            (rising edge-triggered cell FDCE clocked by clk  {rise@0.000ns fall@5.000ns period=10.000ns})
  Destination:            u9/sec_reg[5]/CE
                            (rising edge-triggered cell FDCE clocked by clk  {rise@0.000ns fall@5.000ns period=10.000ns})
  Path Group:             clk
  Path Type:              Setup (Max at Slow Process Corner)
  Requirement:            10.000ns  (clk rise@10.000ns - clk rise@0.000ns)
  Data Path Delay:        4.261ns  (logic 1.252ns (29.382%)  route 3.009ns (70.618%))
  Logic Levels:           3  (LUT2=1 LUT6=2)
  Clock Path Skew:        0.028ns (DCD - SCD + CPR)
    Destination Clock Delay (DCD):    4.845ns = ( 14.845 - 10.000 ) 
    Source Clock Delay      (SCD):    5.077ns
    Clock Pessimism Removal (CPR):    0.260ns
  Clock Uncertainty:      0.035ns  ((TSJ^2 + TIJ^2)^1/2 + DJ) / 2 + PE
    Total System Jitter     (TSJ):    0.071ns
    Total Input Jitter      (TIJ):    0.000ns
    Discrete Jitter          (DJ):    0.000ns
    Phase Error              (PE):    0.000ns

    Location             Delay type                Incr(ns)  Path(ns)    Netlist Resource(s)
  -------------------------------------------------------------------    -------------------
                         (clock clk rise edge)        0.000     0.000 r  
    W5                                                0.000     0.000 r  clk (IN)
                         net (fo=0)                   0.000     0.000    clk
    W5                   IBUF (Prop_ibuf_I_O)         1.458     1.458 r  clk_IBUF_inst/O
                         net (fo=1, routed)           1.967     3.425    clk_IBUF
    BUFGCTRL_X0Y0        BUFG (Prop_bufg_I_O)         0.096     3.521 r  clk_IBUF_BUFG_inst/O
                         net (fo=163, routed)         1.556     5.077    u0/CLK
    SLICE_X8Y29          FDCE                                         r  u0/mode_reg[1]/C
  -------------------------------------------------------------------    -------------------
    SLICE_X8Y29          FDCE (Prop_fdce_C_Q)         0.478     5.555 r  u0/mode_reg[1]/Q
                         net (fo=47, routed)          1.571     7.127    u0/mode_out_OBUF[1]
    SLICE_X7Y26          LUT2 (Prop_lut2_I0_O)        0.324     7.451 r  u0/mmsec[3]_i_2/O
                         net (fo=11, routed)          0.793     8.243    u9/mmsec_reg[3]_1
    SLICE_X5Y23          LUT6 (Prop_lut6_I0_O)        0.326     8.569 f  u9/mmsec[6]_i_3/O
                         net (fo=3, routed)           0.275     8.844    u0/sec_reg[5]_0
    SLICE_X5Y23          LUT6 (Prop_lut6_I5_O)        0.124     8.968 r  u0/sec[5]_i_1__1/O
                         net (fo=7, routed)           0.370     9.338    u9/sec_reg[5]_2[0]
    SLICE_X3Y23          FDCE                                         r  u9/sec_reg[5]/CE
  -------------------------------------------------------------------    -------------------

                         (clock clk rise edge)       10.000    10.000 r  
    W5                                                0.000    10.000 r  clk (IN)
                         net (fo=0)                   0.000    10.000    clk
    W5                   IBUF (Prop_ibuf_I_O)         1.388    11.388 r  clk_IBUF_inst/O
                         net (fo=1, routed)           1.862    13.250    clk_IBUF
    BUFGCTRL_X0Y0        BUFG (Prop_bufg_I_O)         0.091    13.341 r  clk_IBUF_BUFG_inst/O
                         net (fo=163, routed)         1.504    14.845    u9/min_reg[5]_2
    SLICE_X3Y23          FDCE                                         r  u9/sec_reg[5]/C
                         clock pessimism              0.260    15.105    
                         clock uncertainty           -0.035    15.070    
    SLICE_X3Y23          FDCE (Setup_fdce_C_CE)      -0.205    14.865    u9/sec_reg[5]
  -------------------------------------------------------------------
                         required time                         14.865    
                         arrival time                          -9.338    
  -------------------------------------------------------------------
                         slack                                  5.527    

Slack (MET) :             5.552ns  (required time - arrival time)
  Source:                 u0/mode_reg[1]/C
                            (rising edge-triggered cell FDCE clocked by clk  {rise@0.000ns fall@5.000ns period=10.000ns})
  Destination:            u9/sec_reg[0]/CE
                            (rising edge-triggered cell FDCE clocked by clk  {rise@0.000ns fall@5.000ns period=10.000ns})
  Path Group:             clk
  Path Type:              Setup (Max at Slow Process Corner)
  Requirement:            10.000ns  (clk rise@10.000ns - clk rise@0.000ns)
  Data Path Delay:        4.235ns  (logic 1.252ns (29.566%)  route 2.983ns (70.434%))
  Logic Levels:           3  (LUT2=1 LUT6=2)
  Clock Path Skew:        0.027ns (DCD - SCD + CPR)
    Destination Clock Delay (DCD):    4.844ns = ( 14.844 - 10.000 ) 
    Source Clock Delay      (SCD):    5.077ns
    Clock Pessimism Removal (CPR):    0.260ns
  Clock Uncertainty:      0.035ns  ((TSJ^2 + TIJ^2)^1/2 + DJ) / 2 + PE
    Total System Jitter     (TSJ):    0.071ns
    Total Input Jitter      (TIJ):    0.000ns
    Discrete Jitter          (DJ):    0.000ns
    Phase Error              (PE):    0.000ns

    Location             Delay type                Incr(ns)  Path(ns)    Netlist Resource(s)
  -------------------------------------------------------------------    -------------------
                         (clock clk rise edge)        0.000     0.000 r  
    W5                                                0.000     0.000 r  clk (IN)
                         net (fo=0)                   0.000     0.000    clk
    W5                   IBUF (Prop_ibuf_I_O)         1.458     1.458 r  clk_IBUF_inst/O
                         net (fo=1, routed)           1.967     3.425    clk_IBUF
    BUFGCTRL_X0Y0        BUFG (Prop_bufg_I_O)         0.096     3.521 r  clk_IBUF_BUFG_inst/O
                         net (fo=163, routed)         1.556     5.077    u0/CLK
    SLICE_X8Y29          FDCE                                         r  u0/mode_reg[1]/C
  -------------------------------------------------------------------    -------------------
    SLICE_X8Y29          FDCE (Prop_fdce_C_Q)         0.478     5.555 r  u0/mode_reg[1]/Q
                         net (fo=47, routed)          1.571     7.127    u0/mode_out_OBUF[1]
    SLICE_X7Y26          LUT2 (Prop_lut2_I0_O)        0.324     7.451 r  u0/mmsec[3]_i_2/O
                         net (fo=11, routed)          0.793     8.243    u9/mmsec_reg[3]_1
    SLICE_X5Y23          LUT6 (Prop_lut6_I0_O)        0.326     8.569 f  u9/mmsec[6]_i_3/O
                         net (fo=3, routed)           0.275     8.844    u0/sec_reg[5]_0
    SLICE_X5Y23          LUT6 (Prop_lut6_I5_O)        0.124     8.968 r  u0/sec[5]_i_1__1/O
                         net (fo=7, routed)           0.344     9.312    u9/sec_reg[5]_2[0]
    SLICE_X4Y22          FDCE                                         r  u9/sec_reg[0]/CE
  -------------------------------------------------------------------    -------------------

                         (clock clk rise edge)       10.000    10.000 r  
    W5                                                0.000    10.000 r  clk (IN)
                         net (fo=0)                   0.000    10.000    clk
    W5                   IBUF (Prop_ibuf_I_O)         1.388    11.388 r  clk_IBUF_inst/O
                         net (fo=1, routed)           1.862    13.250    clk_IBUF
    BUFGCTRL_X0Y0        BUFG (Prop_bufg_I_O)         0.091    13.341 r  clk_IBUF_BUFG_inst/O
                         net (fo=163, routed)         1.503    14.844    u9/min_reg[5]_2
    SLICE_X4Y22          FDCE                                         r  u9/sec_reg[0]/C
                         clock pessimism              0.260    15.104    
                         clock uncertainty           -0.035    15.069    
    SLICE_X4Y22          FDCE (Setup_fdce_C_CE)      -0.205    14.864    u9/sec_reg[0]
  -------------------------------------------------------------------
                         required time                         14.864    
                         arrival time                          -9.312    
  -------------------------------------------------------------------
                         slack                                  5.552    

Slack (MET) :             5.552ns  (required time - arrival time)
  Source:                 u0/mode_reg[1]/C
                            (rising edge-triggered cell FDCE clocked by clk  {rise@0.000ns fall@5.000ns period=10.000ns})
  Destination:            u9/sec_reg[1]/CE
                            (rising edge-triggered cell FDCE clocked by clk  {rise@0.000ns fall@5.000ns period=10.000ns})
  Path Group:             clk
  Path Type:              Setup (Max at Slow Process Corner)
  Requirement:            10.000ns  (clk rise@10.000ns - clk rise@0.000ns)
  Data Path Delay:        4.235ns  (logic 1.252ns (29.566%)  route 2.983ns (70.434%))
  Logic Levels:           3  (LUT2=1 LUT6=2)
  Clock Path Skew:        0.027ns (DCD - SCD + CPR)
    Destination Clock Delay (DCD):    4.844ns = ( 14.844 - 10.000 ) 
    Source Clock Delay      (SCD):    5.077ns
    Clock Pessimism Removal (CPR):    0.260ns
  Clock Uncertainty:      0.035ns  ((TSJ^2 + TIJ^2)^1/2 + DJ) / 2 + PE
    Total System Jitter     (TSJ):    0.071ns
    Total Input Jitter      (TIJ):    0.000ns
    Discrete Jitter          (DJ):    0.000ns
    Phase Error              (PE):    0.000ns

    Location             Delay type                Incr(ns)  Path(ns)    Netlist Resource(s)
  -------------------------------------------------------------------    -------------------
                         (clock clk rise edge)        0.000     0.000 r  
    W5                                                0.000     0.000 r  clk (IN)
                         net (fo=0)                   0.000     0.000    clk
    W5                   IBUF (Prop_ibuf_I_O)         1.458     1.458 r  clk_IBUF_inst/O
                         net (fo=1, routed)           1.967     3.425    clk_IBUF
    BUFGCTRL_X0Y0        BUFG (Prop_bufg_I_O)         0.096     3.521 r  clk_IBUF_BUFG_inst/O
                         net (fo=163, routed)         1.556     5.077    u0/CLK
    SLICE_X8Y29          FDCE                                         r  u0/mode_reg[1]/C
  -------------------------------------------------------------------    -------------------
    SLICE_X8Y29          FDCE (Prop_fdce_C_Q)         0.478     5.555 r  u0/mode_reg[1]/Q
                         net (fo=47, routed)          1.571     7.127    u0/mode_out_OBUF[1]
    SLICE_X7Y26          LUT2 (Prop_lut2_I0_O)        0.324     7.451 r  u0/mmsec[3]_i_2/O
                         net (fo=11, routed)          0.793     8.243    u9/mmsec_reg[3]_1
    SLICE_X5Y23          LUT6 (Prop_lut6_I0_O)        0.326     8.569 f  u9/mmsec[6]_i_3/O
                         net (fo=3, routed)           0.275     8.844    u0/sec_reg[5]_0
    SLICE_X5Y23          LUT6 (Prop_lut6_I5_O)        0.124     8.968 r  u0/sec[5]_i_1__1/O
                         net (fo=7, routed)           0.344     9.312    u9/sec_reg[5]_2[0]
    SLICE_X4Y22          FDCE                                         r  u9/sec_reg[1]/CE
  -------------------------------------------------------------------    -------------------

                         (clock clk rise edge)       10.000    10.000 r  
    W5                                                0.000    10.000 r  clk (IN)
                         net (fo=0)                   0.000    10.000    clk
    W5                   IBUF (Prop_ibuf_I_O)         1.388    11.388 r  clk_IBUF_inst/O
                         net (fo=1, routed)           1.862    13.250    clk_IBUF
    BUFGCTRL_X0Y0        BUFG (Prop_bufg_I_O)         0.091    13.341 r  clk_IBUF_BUFG_inst/O
                         net (fo=163, routed)         1.503    14.844    u9/min_reg[5]_2
    SLICE_X4Y22          FDCE                                         r  u9/sec_reg[1]/C
                         clock pessimism              0.260    15.104    
                         clock uncertainty           -0.035    15.069    
    SLICE_X4Y22          FDCE (Setup_fdce_C_CE)      -0.205    14.864    u9/sec_reg[1]
  -------------------------------------------------------------------
                         required time                         14.864    
                         arrival time                          -9.312    
  -------------------------------------------------------------------
                         slack                                  5.552    

Slack (MET) :             5.563ns  (required time - arrival time)
  Source:                 u0/mode_reg[1]/C
                            (rising edge-triggered cell FDCE clocked by clk  {rise@0.000ns fall@5.000ns period=10.000ns})
  Destination:            u9/sec_reg[2]/CE
                            (rising edge-triggered cell FDCE clocked by clk  {rise@0.000ns fall@5.000ns period=10.000ns})
  Path Group:             clk
  Path Type:              Setup (Max at Slow Process Corner)
  Requirement:            10.000ns  (clk rise@10.000ns - clk rise@0.000ns)
  Data Path Delay:        4.261ns  (logic 1.252ns (29.382%)  route 3.009ns (70.618%))
  Logic Levels:           3  (LUT2=1 LUT6=2)
  Clock Path Skew:        0.028ns (DCD - SCD + CPR)
    Destination Clock Delay (DCD):    4.845ns = ( 14.845 - 10.000 ) 
    Source Clock Delay      (SCD):    5.077ns
    Clock Pessimism Removal (CPR):    0.260ns
  Clock Uncertainty:      0.035ns  ((TSJ^2 + TIJ^2)^1/2 + DJ) / 2 + PE
    Total System Jitter     (TSJ):    0.071ns
    Total Input Jitter      (TIJ):    0.000ns
    Discrete Jitter          (DJ):    0.000ns
    Phase Error              (PE):    0.000ns

    Location             Delay type                Incr(ns)  Path(ns)    Netlist Resource(s)
  -------------------------------------------------------------------    -------------------
                         (clock clk rise edge)        0.000     0.000 r  
    W5                                                0.000     0.000 r  clk (IN)
                         net (fo=0)                   0.000     0.000    clk
    W5                   IBUF (Prop_ibuf_I_O)         1.458     1.458 r  clk_IBUF_inst/O
                         net (fo=1, routed)           1.967     3.425    clk_IBUF
    BUFGCTRL_X0Y0        BUFG (Prop_bufg_I_O)         0.096     3.521 r  clk_IBUF_BUFG_inst/O
                         net (fo=163, routed)         1.556     5.077    u0/CLK
    SLICE_X8Y29          FDCE                                         r  u0/mode_reg[1]/C
  -------------------------------------------------------------------    -------------------
    SLICE_X8Y29          FDCE (Prop_fdce_C_Q)         0.478     5.555 r  u0/mode_reg[1]/Q
                         net (fo=47, routed)          1.571     7.127    u0/mode_out_OBUF[1]
    SLICE_X7Y26          LUT2 (Prop_lut2_I0_O)        0.324     7.451 r  u0/mmsec[3]_i_2/O
                         net (fo=11, routed)          0.793     8.243    u9/mmsec_reg[3]_1
    SLICE_X5Y23          LUT6 (Prop_lut6_I0_O)        0.326     8.569 f  u9/mmsec[6]_i_3/O
                         net (fo=3, routed)           0.275     8.844    u0/sec_reg[5]_0
    SLICE_X5Y23          LUT6 (Prop_lut6_I5_O)        0.124     8.968 r  u0/sec[5]_i_1__1/O
                         net (fo=7, routed)           0.370     9.338    u9/sec_reg[5]_2[0]
    SLICE_X2Y23          FDCE                                         r  u9/sec_reg[2]/CE
  -------------------------------------------------------------------    -------------------

                         (clock clk rise edge)       10.000    10.000 r  
    W5                                                0.000    10.000 r  clk (IN)
                         net (fo=0)                   0.000    10.000    clk
    W5                   IBUF (Prop_ibuf_I_O)         1.388    11.388 r  clk_IBUF_inst/O
                         net (fo=1, routed)           1.862    13.250    clk_IBUF
    BUFGCTRL_X0Y0        BUFG (Prop_bufg_I_O)         0.091    13.341 r  clk_IBUF_BUFG_inst/O
                         net (fo=163, routed)         1.504    14.845    u9/min_reg[5]_2
    SLICE_X2Y23          FDCE                                         r  u9/sec_reg[2]/C
                         clock pessimism              0.260    15.105    
                         clock uncertainty           -0.035    15.070    
    SLICE_X2Y23          FDCE (Setup_fdce_C_CE)      -0.169    14.901    u9/sec_reg[2]
  -------------------------------------------------------------------
                         required time                         14.901    
                         arrival time                          -9.338    
  -------------------------------------------------------------------
                         slack                                  5.563    





Min Delay Paths
--------------------------------------------------------------------------------------
Slack (MET) :             0.168ns  (arrival time - required time)
  Source:                 u9/mmsec_reg[2]/C
                            (rising edge-triggered cell FDCE clocked by clk  {rise@0.000ns fall@5.000ns period=10.000ns})
  Destination:            u9/mmsec_reg[4]/D
                            (rising edge-triggered cell FDCE clocked by clk  {rise@0.000ns fall@5.000ns period=10.000ns})
  Path Group:             clk
  Path Type:              Hold (Min at Fast Process Corner)
  Requirement:            0.000ns  (clk rise@0.000ns - clk rise@0.000ns)
  Data Path Delay:        0.301ns  (logic 0.186ns (61.882%)  route 0.115ns (38.118%))
  Logic Levels:           1  (LUT6=1)
  Clock Path Skew:        0.013ns (DCD - SCD - CPR)
    Destination Clock Delay (DCD):    1.976ns
    Source Clock Delay      (SCD):    1.464ns
    Clock Pessimism Removal (CPR):    0.499ns

    Location             Delay type                Incr(ns)  Path(ns)    Netlist Resource(s)
  -------------------------------------------------------------------    -------------------
                         (clock clk rise edge)        0.000     0.000 r  
    W5                                                0.000     0.000 r  clk (IN)
                         net (fo=0)                   0.000     0.000    clk
    W5                   IBUF (Prop_ibuf_I_O)         0.226     0.226 r  clk_IBUF_inst/O
                         net (fo=1, routed)           0.631     0.858    clk_IBUF
    BUFGCTRL_X0Y0        BUFG (Prop_bufg_I_O)         0.026     0.884 r  clk_IBUF_BUFG_inst/O
                         net (fo=163, routed)         0.581     1.464    u9/min_reg[5]_2
    SLICE_X7Y23          FDCE                                         r  u9/mmsec_reg[2]/C
  -------------------------------------------------------------------    -------------------
    SLICE_X7Y23          FDCE (Prop_fdce_C_Q)         0.141     1.605 r  u9/mmsec_reg[2]/Q
                         net (fo=11, routed)          0.115     1.720    u9/w_t_mmsec_out[2]
    SLICE_X6Y23          LUT6 (Prop_lut6_I1_O)        0.045     1.765 r  u9/mmsec[4]_i_1/O
                         net (fo=1, routed)           0.000     1.765    u9/mmsec[4]_i_1_n_0
    SLICE_X6Y23          FDCE                                         r  u9/mmsec_reg[4]/D
  -------------------------------------------------------------------    -------------------

                         (clock clk rise edge)        0.000     0.000 r  
    W5                                                0.000     0.000 r  clk (IN)
                         net (fo=0)                   0.000     0.000    clk
    W5                   IBUF (Prop_ibuf_I_O)         0.414     0.414 r  clk_IBUF_inst/O
                         net (fo=1, routed)           0.685     1.099    clk_IBUF
    BUFGCTRL_X0Y0        BUFG (Prop_bufg_I_O)         0.029     1.128 r  clk_IBUF_BUFG_inst/O
                         net (fo=163, routed)         0.849     1.976    u9/min_reg[5]_2
    SLICE_X6Y23          FDCE                                         r  u9/mmsec_reg[4]/C
                         clock pessimism             -0.499     1.477    
    SLICE_X6Y23          FDCE (Hold_fdce_C_D)         0.120     1.597    u9/mmsec_reg[4]
  -------------------------------------------------------------------
                         required time                         -1.597    
                         arrival time                           1.765    
  -------------------------------------------------------------------
                         slack                                  0.168    

Slack (MET) :             0.180ns  (arrival time - required time)
  Source:                 u0/sw0_prev_reg/C
                            (rising edge-triggered cell FDRE clocked by clk  {rise@0.000ns fall@5.000ns period=10.000ns})
  Destination:            u0/mode_reg[1]/D
                            (rising edge-triggered cell FDCE clocked by clk  {rise@0.000ns fall@5.000ns period=10.000ns})
  Path Group:             clk
  Path Type:              Hold (Min at Fast Process Corner)
  Requirement:            0.000ns  (clk rise@0.000ns - clk rise@0.000ns)
  Data Path Delay:        0.324ns  (logic 0.190ns (58.611%)  route 0.134ns (41.389%))
  Logic Levels:           1  (LUT4=1)
  Clock Path Skew:        0.013ns (DCD - SCD - CPR)
    Destination Clock Delay (DCD):    1.952ns
    Source Clock Delay      (SCD):    1.440ns
    Clock Pessimism Removal (CPR):    0.499ns

    Location             Delay type                Incr(ns)  Path(ns)    Netlist Resource(s)
  -------------------------------------------------------------------    -------------------
                         (clock clk rise edge)        0.000     0.000 r  
    W5                                                0.000     0.000 r  clk (IN)
                         net (fo=0)                   0.000     0.000    clk
    W5                   IBUF (Prop_ibuf_I_O)         0.226     0.226 r  clk_IBUF_inst/O
                         net (fo=1, routed)           0.631     0.858    clk_IBUF
    BUFGCTRL_X0Y0        BUFG (Prop_bufg_I_O)         0.026     0.884 r  clk_IBUF_BUFG_inst/O
                         net (fo=163, routed)         0.557     1.440    u0/CLK
    SLICE_X9Y29          FDRE                                         r  u0/sw0_prev_reg/C
  -------------------------------------------------------------------    -------------------
    SLICE_X9Y29          FDRE (Prop_fdre_C_Q)         0.141     1.581 r  u0/sw0_prev_reg/Q
                         net (fo=2, routed)           0.134     1.715    u0/sw0_prev
    SLICE_X8Y29          LUT4 (Prop_lut4_I2_O)        0.049     1.764 r  u0/mode[1]_i_1/O
                         net (fo=1, routed)           0.000     1.764    u0/mode[1]_i_1_n_0
    SLICE_X8Y29          FDCE                                         r  u0/mode_reg[1]/D
  -------------------------------------------------------------------    -------------------

                         (clock clk rise edge)        0.000     0.000 r  
    W5                                                0.000     0.000 r  clk (IN)
                         net (fo=0)                   0.000     0.000    clk
    W5                   IBUF (Prop_ibuf_I_O)         0.414     0.414 r  clk_IBUF_inst/O
                         net (fo=1, routed)           0.685     1.099    clk_IBUF
    BUFGCTRL_X0Y0        BUFG (Prop_bufg_I_O)         0.029     1.128 r  clk_IBUF_BUFG_inst/O
                         net (fo=163, routed)         0.825     1.952    u0/CLK
    SLICE_X8Y29          FDCE                                         r  u0/mode_reg[1]/C
                         clock pessimism             -0.499     1.453    
    SLICE_X8Y29          FDCE (Hold_fdce_C_D)         0.131     1.584    u0/mode_reg[1]
  -------------------------------------------------------------------
                         required time                         -1.584    
                         arrival time                           1.764    
  -------------------------------------------------------------------
                         slack                                  0.180    

Slack (MET) :             0.186ns  (arrival time - required time)
  Source:                 u0/sw0_prev_reg/C
                            (rising edge-triggered cell FDRE clocked by clk  {rise@0.000ns fall@5.000ns period=10.000ns})
  Destination:            u0/mode_reg[0]/D
                            (rising edge-triggered cell FDCE clocked by clk  {rise@0.000ns fall@5.000ns period=10.000ns})
  Path Group:             clk
  Path Type:              Hold (Min at Fast Process Corner)
  Requirement:            0.000ns  (clk rise@0.000ns - clk rise@0.000ns)
  Data Path Delay:        0.320ns  (logic 0.186ns (58.094%)  route 0.134ns (41.906%))
  Logic Levels:           1  (LUT3=1)
  Clock Path Skew:        0.013ns (DCD - SCD - CPR)
    Destination Clock Delay (DCD):    1.952ns
    Source Clock Delay      (SCD):    1.440ns
    Clock Pessimism Removal (CPR):    0.499ns

    Location             Delay type                Incr(ns)  Path(ns)    Netlist Resource(s)
  -------------------------------------------------------------------    -------------------
                         (clock clk rise edge)        0.000     0.000 r  
    W5                                                0.000     0.000 r  clk (IN)
                         net (fo=0)                   0.000     0.000    clk
    W5                   IBUF (Prop_ibuf_I_O)         0.226     0.226 r  clk_IBUF_inst/O
                         net (fo=1, routed)           0.631     0.858    clk_IBUF
    BUFGCTRL_X0Y0        BUFG (Prop_bufg_I_O)         0.026     0.884 r  clk_IBUF_BUFG_inst/O
                         net (fo=163, routed)         0.557     1.440    u0/CLK
    SLICE_X9Y29          FDRE                                         r  u0/sw0_prev_reg/C
  -------------------------------------------------------------------    -------------------
    SLICE_X9Y29          FDRE (Prop_fdre_C_Q)         0.141     1.581 r  u0/sw0_prev_reg/Q
                         net (fo=2, routed)           0.134     1.715    u0/sw0_prev
    SLICE_X8Y29          LUT3 (Prop_lut3_I0_O)        0.045     1.760 r  u0/mode[0]_i_1/O
                         net (fo=1, routed)           0.000     1.760    u0/mode[0]_i_1_n_0
    SLICE_X8Y29          FDCE                                         r  u0/mode_reg[0]/D
  -------------------------------------------------------------------    -------------------

                         (clock clk rise edge)        0.000     0.000 r  
    W5                                                0.000     0.000 r  clk (IN)
                         net (fo=0)                   0.000     0.000    clk
    W5                   IBUF (Prop_ibuf_I_O)         0.414     0.414 r  clk_IBUF_inst/O
                         net (fo=1, routed)           0.685     1.099    clk_IBUF
    BUFGCTRL_X0Y0        BUFG (Prop_bufg_I_O)         0.029     1.128 r  clk_IBUF_BUFG_inst/O
                         net (fo=163, routed)         0.825     1.952    u0/CLK
    SLICE_X8Y29          FDCE                                         r  u0/mode_reg[0]/C
                         clock pessimism             -0.499     1.453    
    SLICE_X8Y29          FDCE (Hold_fdce_C_D)         0.121     1.574    u0/mode_reg[0]
  -------------------------------------------------------------------
                         required time                         -1.574    
                         arrival time                           1.760    
  -------------------------------------------------------------------
                         slack                                  0.186    

Slack (MET) :             0.196ns  (arrival time - required time)
  Source:                 u9/sec_reg[0]/C
                            (rising edge-triggered cell FDCE clocked by clk  {rise@0.000ns fall@5.000ns period=10.000ns})
  Destination:            u9/sec_reg[4]/D
                            (rising edge-triggered cell FDCE clocked by clk  {rise@0.000ns fall@5.000ns period=10.000ns})
  Path Group:             clk
  Path Type:              Hold (Min at Fast Process Corner)
  Requirement:            0.000ns  (clk rise@0.000ns - clk rise@0.000ns)
  Data Path Delay:        0.351ns  (logic 0.186ns (53.011%)  route 0.165ns (46.989%))
  Logic Levels:           1  (LUT6=1)
  Clock Path Skew:        0.034ns (DCD - SCD - CPR)
    Destination Clock Delay (DCD):    1.978ns
    Source Clock Delay      (SCD):    1.466ns
    Clock Pessimism Removal (CPR):    0.478ns

    Location             Delay type                Incr(ns)  Path(ns)    Netlist Resource(s)
  -------------------------------------------------------------------    -------------------
                         (clock clk rise edge)        0.000     0.000 r  
    W5                                                0.000     0.000 r  clk (IN)
                         net (fo=0)                   0.000     0.000    clk
    W5                   IBUF (Prop_ibuf_I_O)         0.226     0.226 r  clk_IBUF_inst/O
                         net (fo=1, routed)           0.631     0.858    clk_IBUF
    BUFGCTRL_X0Y0        BUFG (Prop_bufg_I_O)         0.026     0.884 r  clk_IBUF_BUFG_inst/O
                         net (fo=163, routed)         0.583     1.466    u9/min_reg[5]_2
    SLICE_X4Y22          FDCE                                         r  u9/sec_reg[0]/C
  -------------------------------------------------------------------    -------------------
    SLICE_X4Y22          FDCE (Prop_fdce_C_Q)         0.141     1.607 r  u9/sec_reg[0]/Q
                         net (fo=8, routed)           0.165     1.772    u9/sec_reg[0]_0[0]
    SLICE_X2Y23          LUT6 (Prop_lut6_I2_O)        0.045     1.817 r  u9/sec[4]_i_1__0/O
                         net (fo=1, routed)           0.000     1.817    u9/sec[4]_i_1__0_n_0
    SLICE_X2Y23          FDCE                                         r  u9/sec_reg[4]/D
  -------------------------------------------------------------------    -------------------

                         (clock clk rise edge)        0.000     0.000 r  
    W5                                                0.000     0.000 r  clk (IN)
                         net (fo=0)                   0.000     0.000    clk
    W5                   IBUF (Prop_ibuf_I_O)         0.414     0.414 r  clk_IBUF_inst/O
                         net (fo=1, routed)           0.685     1.099    clk_IBUF
    BUFGCTRL_X0Y0        BUFG (Prop_bufg_I_O)         0.029     1.128 r  clk_IBUF_BUFG_inst/O
                         net (fo=163, routed)         0.851     1.978    u9/min_reg[5]_2
    SLICE_X2Y23          FDCE                                         r  u9/sec_reg[4]/C
                         clock pessimism             -0.478     1.500    
    SLICE_X2Y23          FDCE (Hold_fdce_C_D)         0.121     1.621    u9/sec_reg[4]
  -------------------------------------------------------------------
                         required time                         -1.621    
                         arrival time                           1.817    
  -------------------------------------------------------------------
                         slack                                  0.196    

Slack (MET) :             0.219ns  (arrival time - required time)
  Source:                 u9/min_reg[0]/C
                            (rising edge-triggered cell FDCE clocked by clk  {rise@0.000ns fall@5.000ns period=10.000ns})
  Destination:            u9/min_reg[3]/D
                            (rising edge-triggered cell FDCE clocked by clk  {rise@0.000ns fall@5.000ns period=10.000ns})
  Path Group:             clk
  Path Type:              Hold (Min at Fast Process Corner)
  Requirement:            0.000ns  (clk rise@0.000ns - clk rise@0.000ns)
  Data Path Delay:        0.363ns  (logic 0.187ns (51.580%)  route 0.176ns (48.420%))
  Logic Levels:           1  (LUT5=1)
  Clock Path Skew:        0.013ns (DCD - SCD - CPR)
    Destination Clock Delay (DCD):    1.977ns
    Source Clock Delay      (SCD):    1.465ns
    Clock Pessimism Removal (CPR):    0.499ns

    Location             Delay type                Incr(ns)  Path(ns)    Netlist Resource(s)
  -------------------------------------------------------------------    -------------------
                         (clock clk rise edge)        0.000     0.000 r  
    W5                                                0.000     0.000 r  clk (IN)
                         net (fo=0)                   0.000     0.000    clk
    W5                   IBUF (Prop_ibuf_I_O)         0.226     0.226 r  clk_IBUF_inst/O
                         net (fo=1, routed)           0.631     0.858    clk_IBUF
    BUFGCTRL_X0Y0        BUFG (Prop_bufg_I_O)         0.026     0.884 r  clk_IBUF_BUFG_inst/O
                         net (fo=163, routed)         0.582     1.465    u9/min_reg[5]_2
    SLICE_X3Y24          FDCE                                         r  u9/min_reg[0]/C
  -------------------------------------------------------------------    -------------------
    SLICE_X3Y24          FDCE (Prop_fdce_C_Q)         0.141     1.606 r  u9/min_reg[0]/Q
                         net (fo=8, routed)           0.176     1.782    u9/min_reg[0]_0[0]
    SLICE_X2Y24          LUT5 (Prop_lut5_I1_O)        0.046     1.828 r  u9/min[3]_i_1__0/O
                         net (fo=1, routed)           0.000     1.828    u9/min[3]_i_1__0_n_0
    SLICE_X2Y24          FDCE                                         r  u9/min_reg[3]/D
  -------------------------------------------------------------------    -------------------

                         (clock clk rise edge)        0.000     0.000 r  
    W5                                                0.000     0.000 r  clk (IN)
                         net (fo=0)                   0.000     0.000    clk
    W5                   IBUF (Prop_ibuf_I_O)         0.414     0.414 r  clk_IBUF_inst/O
                         net (fo=1, routed)           0.685     1.099    clk_IBUF
    BUFGCTRL_X0Y0        BUFG (Prop_bufg_I_O)         0.029     1.128 r  clk_IBUF_BUFG_inst/O
                         net (fo=163, routed)         0.850     1.977    u9/min_reg[5]_2
    SLICE_X2Y24          FDCE                                         r  u9/min_reg[3]/C
                         clock pessimism             -0.499     1.478    
    SLICE_X2Y24          FDCE (Hold_fdce_C_D)         0.131     1.609    u9/min_reg[3]
  -------------------------------------------------------------------
                         required time                         -1.609    
                         arrival time                           1.828    
  -------------------------------------------------------------------
                         slack                                  0.219    

Slack (MET) :             0.221ns  (arrival time - required time)
  Source:                 u1/min_reg[2]/C
                            (rising edge-triggered cell FDCE clocked by clk  {rise@0.000ns fall@5.000ns period=10.000ns})
  Destination:            u1/min_reg[3]/D
                            (rising edge-triggered cell FDCE clocked by clk  {rise@0.000ns fall@5.000ns period=10.000ns})
  Path Group:             clk
  Path Type:              Hold (Min at Fast Process Corner)
  Requirement:            0.000ns  (clk rise@0.000ns - clk rise@0.000ns)
  Data Path Delay:        0.353ns  (logic 0.186ns (52.743%)  route 0.167ns (47.257%))
  Logic Levels:           1  (LUT6=1)
  Clock Path Skew:        0.011ns (DCD - SCD - CPR)
    Destination Clock Delay (DCD):    1.976ns
    Source Clock Delay      (SCD):    1.466ns
    Clock Pessimism Removal (CPR):    0.499ns

    Location             Delay type                Incr(ns)  Path(ns)    Netlist Resource(s)
  -------------------------------------------------------------------    -------------------
                         (clock clk rise edge)        0.000     0.000 r  
    W5                                                0.000     0.000 r  clk (IN)
                         net (fo=0)                   0.000     0.000    clk
    W5                   IBUF (Prop_ibuf_I_O)         0.226     0.226 r  clk_IBUF_inst/O
                         net (fo=1, routed)           0.631     0.858    clk_IBUF
    BUFGCTRL_X0Y0        BUFG (Prop_bufg_I_O)         0.026     0.884 r  clk_IBUF_BUFG_inst/O
                         net (fo=163, routed)         0.583     1.466    u1/CLK
    SLICE_X4Y27          FDCE                                         r  u1/min_reg[2]/C
  -------------------------------------------------------------------    -------------------
    SLICE_X4Y27          FDCE (Prop_fdce_C_Q)         0.141     1.607 r  u1/min_reg[2]/Q
                         net (fo=12, routed)          0.167     1.774    u1/min_reg[5]_0[2]
    SLICE_X6Y26          LUT6 (Prop_lut6_I4_O)        0.045     1.819 r  u1/min[3]_i_1/O
                         net (fo=1, routed)           0.000     1.819    u1/min[3]_i_1_n_0
    SLICE_X6Y26          FDCE                                         r  u1/min_reg[3]/D
  -------------------------------------------------------------------    -------------------

                         (clock clk rise edge)        0.000     0.000 r  
    W5                                                0.000     0.000 r  clk (IN)
                         net (fo=0)                   0.000     0.000    clk
    W5                   IBUF (Prop_ibuf_I_O)         0.414     0.414 r  clk_IBUF_inst/O
                         net (fo=1, routed)           0.685     1.099    clk_IBUF
    BUFGCTRL_X0Y0        BUFG (Prop_bufg_I_O)         0.029     1.128 r  clk_IBUF_BUFG_inst/O
                         net (fo=163, routed)         0.849     1.976    u1/CLK
    SLICE_X6Y26          FDCE                                         r  u1/min_reg[3]/C
                         clock pessimism             -0.499     1.477    
    SLICE_X6Y26          FDCE (Hold_fdce_C_D)         0.121     1.598    u1/min_reg[3]
  -------------------------------------------------------------------
                         required time                         -1.598    
                         arrival time                           1.819    
  -------------------------------------------------------------------
                         slack                                  0.221    

Slack (MET) :             0.227ns  (arrival time - required time)
  Source:                 u9/min_reg[0]/C
                            (rising edge-triggered cell FDCE clocked by clk  {rise@0.000ns fall@5.000ns period=10.000ns})
  Destination:            u9/min_reg[4]/D
                            (rising edge-triggered cell FDCE clocked by clk  {rise@0.000ns fall@5.000ns period=10.000ns})
  Path Group:             clk
  Path Type:              Hold (Min at Fast Process Corner)
  Requirement:            0.000ns  (clk rise@0.000ns - clk rise@0.000ns)
  Data Path Delay:        0.361ns  (logic 0.186ns (51.589%)  route 0.175ns (48.411%))
  Logic Levels:           1  (LUT6=1)
  Clock Path Skew:        0.013ns (DCD - SCD - CPR)
    Destination Clock Delay (DCD):    1.977ns
    Source Clock Delay      (SCD):    1.465ns
    Clock Pessimism Removal (CPR):    0.499ns

    Location             Delay type                Incr(ns)  Path(ns)    Netlist Resource(s)
  -------------------------------------------------------------------    -------------------
                         (clock clk rise edge)        0.000     0.000 r  
    W5                                                0.000     0.000 r  clk (IN)
                         net (fo=0)                   0.000     0.000    clk
    W5                   IBUF (Prop_ibuf_I_O)         0.226     0.226 r  clk_IBUF_inst/O
                         net (fo=1, routed)           0.631     0.858    clk_IBUF
    BUFGCTRL_X0Y0        BUFG (Prop_bufg_I_O)         0.026     0.884 r  clk_IBUF_BUFG_inst/O
                         net (fo=163, routed)         0.582     1.465    u9/min_reg[5]_2
    SLICE_X3Y24          FDCE                                         r  u9/min_reg[0]/C
  -------------------------------------------------------------------    -------------------
    SLICE_X3Y24          FDCE (Prop_fdce_C_Q)         0.141     1.606 r  u9/min_reg[0]/Q
                         net (fo=8, routed)           0.175     1.781    u9/min_reg[0]_0[0]
    SLICE_X2Y24          LUT6 (Prop_lut6_I3_O)        0.045     1.826 r  u9/min[4]_i_1__0/O
                         net (fo=1, routed)           0.000     1.826    u9/min[4]_i_1__0_n_0
    SLICE_X2Y24          FDCE                                         r  u9/min_reg[4]/D
  -------------------------------------------------------------------    -------------------

                         (clock clk rise edge)        0.000     0.000 r  
    W5                                                0.000     0.000 r  clk (IN)
                         net (fo=0)                   0.000     0.000    clk
    W5                   IBUF (Prop_ibuf_I_O)         0.414     0.414 r  clk_IBUF_inst/O
                         net (fo=1, routed)           0.685     1.099    clk_IBUF
    BUFGCTRL_X0Y0        BUFG (Prop_bufg_I_O)         0.029     1.128 r  clk_IBUF_BUFG_inst/O
                         net (fo=163, routed)         0.850     1.977    u9/min_reg[5]_2
    SLICE_X2Y24          FDCE                                         r  u9/min_reg[4]/C
                         clock pessimism             -0.499     1.478    
    SLICE_X2Y24          FDCE (Hold_fdce_C_D)         0.121     1.599    u9/min_reg[4]
  -------------------------------------------------------------------
                         required time                         -1.599    
                         arrival time                           1.826    
  -------------------------------------------------------------------
                         slack                                  0.227    

Slack (MET) :             0.229ns  (arrival time - required time)
  Source:                 u9/min_reg[0]/C
                            (rising edge-triggered cell FDCE clocked by clk  {rise@0.000ns fall@5.000ns period=10.000ns})
  Destination:            u9/min_reg[2]/D
                            (rising edge-triggered cell FDCE clocked by clk  {rise@0.000ns fall@5.000ns period=10.000ns})
  Path Group:             clk
  Path Type:              Hold (Min at Fast Process Corner)
  Requirement:            0.000ns  (clk rise@0.000ns - clk rise@0.000ns)
  Data Path Delay:        0.362ns  (logic 0.186ns (51.446%)  route 0.176ns (48.554%))
  Logic Levels:           1  (LUT4=1)
  Clock Path Skew:        0.013ns (DCD - SCD - CPR)
    Destination Clock Delay (DCD):    1.977ns
    Source Clock Delay      (SCD):    1.465ns
    Clock Pessimism Removal (CPR):    0.499ns

    Location             Delay type                Incr(ns)  Path(ns)    Netlist Resource(s)
  -------------------------------------------------------------------    -------------------
                         (clock clk rise edge)        0.000     0.000 r  
    W5                                                0.000     0.000 r  clk (IN)
                         net (fo=0)                   0.000     0.000    clk
    W5                   IBUF (Prop_ibuf_I_O)         0.226     0.226 r  clk_IBUF_inst/O
                         net (fo=1, routed)           0.631     0.858    clk_IBUF
    BUFGCTRL_X0Y0        BUFG (Prop_bufg_I_O)         0.026     0.884 r  clk_IBUF_BUFG_inst/O
                         net (fo=163, routed)         0.582     1.465    u9/min_reg[5]_2
    SLICE_X3Y24          FDCE                                         r  u9/min_reg[0]/C
  -------------------------------------------------------------------    -------------------
    SLICE_X3Y24          FDCE (Prop_fdce_C_Q)         0.141     1.606 r  u9/min_reg[0]/Q
                         net (fo=8, routed)           0.176     1.782    u9/min_reg[0]_0[0]
    SLICE_X2Y24          LUT4 (Prop_lut4_I2_O)        0.045     1.827 r  u9/min[2]_i_1__0/O
                         net (fo=1, routed)           0.000     1.827    u9/min[2]_i_1__0_n_0
    SLICE_X2Y24          FDCE                                         r  u9/min_reg[2]/D
  -------------------------------------------------------------------    -------------------

                         (clock clk rise edge)        0.000     0.000 r  
    W5                                                0.000     0.000 r  clk (IN)
                         net (fo=0)                   0.000     0.000    clk
    W5                   IBUF (Prop_ibuf_I_O)         0.414     0.414 r  clk_IBUF_inst/O
                         net (fo=1, routed)           0.685     1.099    clk_IBUF
    BUFGCTRL_X0Y0        BUFG (Prop_bufg_I_O)         0.029     1.128 r  clk_IBUF_BUFG_inst/O
                         net (fo=163, routed)         0.850     1.977    u9/min_reg[5]_2
    SLICE_X2Y24          FDCE                                         r  u9/min_reg[2]/C
                         clock pessimism             -0.499     1.478    
    SLICE_X2Y24          FDCE (Hold_fdce_C_D)         0.120     1.598    u9/min_reg[2]
  -------------------------------------------------------------------
                         required time                         -1.598    
                         arrival time                           1.827    
  -------------------------------------------------------------------
                         slack                                  0.229    

Slack (MET) :             0.233ns  (arrival time - required time)
  Source:                 u9/sec_reg[2]/C
                            (rising edge-triggered cell FDCE clocked by clk  {rise@0.000ns fall@5.000ns period=10.000ns})
  Destination:            u9/sec_reg[5]/D
                            (rising edge-triggered cell FDCE clocked by clk  {rise@0.000ns fall@5.000ns period=10.000ns})
  Path Group:             clk
  Path Type:              Hold (Min at Fast Process Corner)
  Requirement:            0.000ns  (clk rise@0.000ns - clk rise@0.000ns)
  Data Path Delay:        0.337ns  (logic 0.209ns (62.101%)  route 0.128ns (37.899%))
  Logic Levels:           1  (LUT6=1)
  Clock Path Skew:        0.013ns (DCD - SCD - CPR)
    Destination Clock Delay (DCD):    1.978ns
    Source Clock Delay      (SCD):    1.466ns
    Clock Pessimism Removal (CPR):    0.499ns

    Location             Delay type                Incr(ns)  Path(ns)    Netlist Resource(s)
  -------------------------------------------------------------------    -------------------
                         (clock clk rise edge)        0.000     0.000 r  
    W5                                                0.000     0.000 r  clk (IN)
                         net (fo=0)                   0.000     0.000    clk
    W5                   IBUF (Prop_ibuf_I_O)         0.226     0.226 r  clk_IBUF_inst/O
                         net (fo=1, routed)           0.631     0.858    clk_IBUF
    BUFGCTRL_X0Y0        BUFG (Prop_bufg_I_O)         0.026     0.884 r  clk_IBUF_BUFG_inst/O
                         net (fo=163, routed)         0.583     1.466    u9/min_reg[5]_2
    SLICE_X2Y23          FDCE                                         r  u9/sec_reg[2]/C
  -------------------------------------------------------------------    -------------------
    SLICE_X2Y23          FDCE (Prop_fdce_C_Q)         0.164     1.630 r  u9/sec_reg[2]/Q
                         net (fo=11, routed)          0.128     1.758    u9/w_t_sec_out[2]
    SLICE_X3Y23          LUT6 (Prop_lut6_I2_O)        0.045     1.803 r  u9/sec[5]_i_2__0/O
                         net (fo=1, routed)           0.000     1.803    u9/sec[5]_i_2__0_n_0
    SLICE_X3Y23          FDCE                                         r  u9/sec_reg[5]/D
  -------------------------------------------------------------------    -------------------

                         (clock clk rise edge)        0.000     0.000 r  
    W5                                                0.000     0.000 r  clk (IN)
                         net (fo=0)                   0.000     0.000    clk
    W5                   IBUF (Prop_ibuf_I_O)         0.414     0.414 r  clk_IBUF_inst/O
                         net (fo=1, routed)           0.685     1.099    clk_IBUF
    BUFGCTRL_X0Y0        BUFG (Prop_bufg_I_O)         0.029     1.128 r  clk_IBUF_BUFG_inst/O
                         net (fo=163, routed)         0.851     1.978    u9/min_reg[5]_2
    SLICE_X3Y23          FDCE                                         r  u9/sec_reg[5]/C
                         clock pessimism             -0.499     1.479    
    SLICE_X3Y23          FDCE (Hold_fdce_C_D)         0.091     1.570    u9/sec_reg[5]
  -------------------------------------------------------------------
                         required time                         -1.570    
                         arrival time                           1.803    
  -------------------------------------------------------------------
                         slack                                  0.233    

Slack (MET) :             0.255ns  (arrival time - required time)
  Source:                 u0/sw0_sync_reg[1]/C
                            (rising edge-triggered cell FDRE clocked by clk  {rise@0.000ns fall@5.000ns period=10.000ns})
  Destination:            u0/cnt0_reg[5]/D
                            (rising edge-triggered cell FDCE clocked by clk  {rise@0.000ns fall@5.000ns period=10.000ns})
  Path Group:             clk
  Path Type:              Hold (Min at Fast Process Corner)
  Requirement:            0.000ns  (clk rise@0.000ns - clk rise@0.000ns)
  Data Path Delay:        0.399ns  (logic 0.187ns (46.874%)  route 0.212ns (53.126%))
  Logic Levels:           1  (LUT4=1)
  Clock Path Skew:        0.013ns (DCD - SCD - CPR)
    Destination Clock Delay (DCD):    1.953ns
    Source Clock Delay      (SCD):    1.441ns
    Clock Pessimism Removal (CPR):    0.499ns

    Location             Delay type                Incr(ns)  Path(ns)    Netlist Resource(s)
  -------------------------------------------------------------------    -------------------
                         (clock clk rise edge)        0.000     0.000 r  
    W5                                                0.000     0.000 r  clk (IN)
                         net (fo=0)                   0.000     0.000    clk
    W5                   IBUF (Prop_ibuf_I_O)         0.226     0.226 r  clk_IBUF_inst/O
                         net (fo=1, routed)           0.631     0.858    clk_IBUF
    BUFGCTRL_X0Y0        BUFG (Prop_bufg_I_O)         0.026     0.884 r  clk_IBUF_BUFG_inst/O
                         net (fo=163, routed)         0.558     1.441    u0/CLK
    SLICE_X9Y30          FDRE                                         r  u0/sw0_sync_reg[1]/C
  -------------------------------------------------------------------    -------------------
    SLICE_X9Y30          FDRE (Prop_fdre_C_Q)         0.141     1.582 r  u0/sw0_sync_reg[1]/Q
                         net (fo=19, routed)          0.212     1.794    u0/p_0_in0_in
    SLICE_X8Y30          LUT4 (Prop_lut4_I0_O)        0.046     1.840 r  u0/cnt0[5]_i_1/O
                         net (fo=1, routed)           0.000     1.840    u0/cnt0[5]_i_1_n_0
    SLICE_X8Y30          FDCE                                         r  u0/cnt0_reg[5]/D
  -------------------------------------------------------------------    -------------------

                         (clock clk rise edge)        0.000     0.000 r  
    W5                                                0.000     0.000 r  clk (IN)
                         net (fo=0)                   0.000     0.000    clk
    W5                   IBUF (Prop_ibuf_I_O)         0.414     0.414 r  clk_IBUF_inst/O
                         net (fo=1, routed)           0.685     1.099    clk_IBUF
    BUFGCTRL_X0Y0        BUFG (Prop_bufg_I_O)         0.029     1.128 r  clk_IBUF_BUFG_inst/O
                         net (fo=163, routed)         0.826     1.953    u0/CLK
    SLICE_X8Y30          FDCE                                         r  u0/cnt0_reg[5]/C
                         clock pessimism             -0.499     1.454    
    SLICE_X8Y30          FDCE (Hold_fdce_C_D)         0.131     1.585    u0/cnt0_reg[5]
  -------------------------------------------------------------------
                         required time                         -1.585    
                         arrival time                           1.840    
  -------------------------------------------------------------------
                         slack                                  0.255    





Pulse Width Checks
--------------------------------------------------------------------------------------
Clock Name:         clk
Waveform(ns):       { 0.000 5.000 }
Period(ns):         10.000
Sources:            { clk }

Check Type        Corner  Lib Pin  Reference Pin  Required(ns)  Actual(ns)  Slack(ns)  Location       Pin
Min Period        n/a     BUFG/I   n/a            2.155         10.000      7.845      BUFGCTRL_X0Y0  clk_IBUF_BUFG_inst/I
Min Period        n/a     FDCE/C   n/a            1.000         10.000      9.000      SLICE_X8Y25    u0/FSM_onehot_set_pos_reg[0]/C
Min Period        n/a     FDCE/C   n/a            1.000         10.000      9.000      SLICE_X11Y26   u0/FSM_onehot_set_pos_reg[1]/C
Min Period        n/a     FDPE/C   n/a            1.000         10.000      9.000      SLICE_X8Y25    u0/FSM_onehot_set_pos_reg[2]/C
Min Period        n/a     FDCE/C   n/a            1.000         10.000      9.000      SLICE_X8Y29    u0/cnt0_reg[0]/C
Min Period        n/a     FDCE/C   n/a            1.000         10.000      9.000      SLICE_X8Y31    u0/cnt0_reg[10]/C
Min Period        n/a     FDCE/C   n/a            1.000         10.000      9.000      SLICE_X8Y31    u0/cnt0_reg[11]/C
Min Period        n/a     FDCE/C   n/a            1.000         10.000      9.000      SLICE_X8Y31    u0/cnt0_reg[12]/C
Min Period        n/a     FDCE/C   n/a            1.000         10.000      9.000      SLICE_X8Y31    u0/cnt0_reg[13]/C
Min Period        n/a     FDCE/C   n/a            1.000         10.000      9.000      SLICE_X8Y32    u0/cnt0_reg[14]/C
Low Pulse Width   Slow    FDCE/C   n/a            0.500         5.000       4.500      SLICE_X8Y25    u0/FSM_onehot_set_pos_reg[0]/C
Low Pulse Width   Fast    FDCE/C   n/a            0.500         5.000       4.500      SLICE_X8Y25    u0/FSM_onehot_set_pos_reg[0]/C
Low Pulse Width   Slow    FDCE/C   n/a            0.500         5.000       4.500      SLICE_X11Y26   u0/FSM_onehot_set_pos_reg[1]/C
Low Pulse Width   Fast    FDCE/C   n/a            0.500         5.000       4.500      SLICE_X11Y26   u0/FSM_onehot_set_pos_reg[1]/C
Low Pulse Width   Slow    FDPE/C   n/a            0.500         5.000       4.500      SLICE_X8Y25    u0/FSM_onehot_set_pos_reg[2]/C
Low Pulse Width   Fast    FDPE/C   n/a            0.500         5.000       4.500      SLICE_X8Y25    u0/FSM_onehot_set_pos_reg[2]/C
Low Pulse Width   Slow    FDCE/C   n/a            0.500         5.000       4.500      SLICE_X8Y29    u0/cnt0_reg[0]/C
Low Pulse Width   Fast    FDCE/C   n/a            0.500         5.000       4.500      SLICE_X8Y29    u0/cnt0_reg[0]/C
Low Pulse Width   Slow    FDCE/C   n/a            0.500         5.000       4.500      SLICE_X8Y31    u0/cnt0_reg[10]/C
Low Pulse Width   Fast    FDCE/C   n/a            0.500         5.000       4.500      SLICE_X8Y31    u0/cnt0_reg[10]/C
High Pulse Width  Slow    FDCE/C   n/a            0.500         5.000       4.500      SLICE_X8Y25    u0/FSM_onehot_set_pos_reg[0]/C
High Pulse Width  Fast    FDCE/C   n/a            0.500         5.000       4.500      SLICE_X8Y25    u0/FSM_onehot_set_pos_reg[0]/C
High Pulse Width  Slow    FDCE/C   n/a            0.500         5.000       4.500      SLICE_X11Y26   u0/FSM_onehot_set_pos_reg[1]/C
High Pulse Width  Fast    FDCE/C   n/a            0.500         5.000       4.500      SLICE_X11Y26   u0/FSM_onehot_set_pos_reg[1]/C
High Pulse Width  Slow    FDPE/C   n/a            0.500         5.000       4.500      SLICE_X8Y25    u0/FSM_onehot_set_pos_reg[2]/C
High Pulse Width  Fast    FDPE/C   n/a            0.500         5.000       4.500      SLICE_X8Y25    u0/FSM_onehot_set_pos_reg[2]/C
High Pulse Width  Slow    FDCE/C   n/a            0.500         5.000       4.500      SLICE_X8Y29    u0/cnt0_reg[0]/C
High Pulse Width  Fast    FDCE/C   n/a            0.500         5.000       4.500      SLICE_X8Y29    u0/cnt0_reg[0]/C
High Pulse Width  Slow    FDCE/C   n/a            0.500         5.000       4.500      SLICE_X8Y31    u0/cnt0_reg[10]/C
High Pulse Width  Fast    FDCE/C   n/a            0.500         5.000       4.500      SLICE_X8Y31    u0/cnt0_reg[10]/C



--------------------------------------------------------------------------------------
Path Group:  (none)
From Clock:  
  To Clock:  

Max Delay            81 Endpoints
Min Delay            81 Endpoints
--------------------------------------------------------------------------------------


Max Delay Paths
--------------------------------------------------------------------------------------
Slack:                    inf
  Source:                 time_mode
                            (input port)
  Destination:            fnd[0]
                            (output port)
  Path Group:             (none)
  Path Type:              Max at Slow Process Corner
  Data Path Delay:        13.245ns  (logic 5.353ns (40.419%)  route 7.891ns (59.581%))
  Logic Levels:           5  (IBUF=1 LUT6=3 OBUF=1)

    Location             Delay type                Incr(ns)  Path(ns)    Netlist Resource(s)
  -------------------------------------------------------------------    -------------------
    U16                                               0.000     0.000 r  time_mode (IN)
                         net (fo=0)                   0.000     0.000    time_mode
    U16                  IBUF (Prop_ibuf_I_O)         1.450     1.450 r  time_mode_IBUF_inst/O
                         net (fo=7, routed)           2.108     3.558    u9/time_mode_IBUF
    SLICE_X2Y24          LUT6 (Prop_lut6_I5_O)        0.124     3.682 f  u9/fnd_OBUF[6]_inst_i_14/O
                         net (fo=1, routed)           0.848     4.531    u0/fnd_OBUF[5]_inst_i_1_2
    SLICE_X4Y24          LUT6 (Prop_lut6_I4_O)        0.124     4.655 r  u0/fnd_OBUF[6]_inst_i_4/O
                         net (fo=7, routed)           1.362     6.016    u0/fnd_OBUF[6]_inst_i_4_n_0
    SLICE_X8Y22          LUT6 (Prop_lut6_I5_O)        0.124     6.140 r  u0/fnd_OBUF[0]_inst_i_1/O
                         net (fo=1, routed)           3.573     9.713    fnd_OBUF[0]
    U7                   OBUF (Prop_obuf_I_O)         3.531    13.245 r  fnd_OBUF[0]_inst/O
                         net (fo=0)                   0.000    13.245    fnd[0]
    U7                                                                r  fnd[0] (OUT)
  -------------------------------------------------------------------    -------------------

Slack:                    inf
  Source:                 time_mode
                            (input port)
  Destination:            fnd[4]
                            (output port)
  Path Group:             (none)
  Path Type:              Max at Slow Process Corner
  Data Path Delay:        12.945ns  (logic 5.357ns (41.383%)  route 7.588ns (58.617%))
  Logic Levels:           5  (IBUF=1 LUT6=3 OBUF=1)

    Location             Delay type                Incr(ns)  Path(ns)    Netlist Resource(s)
  -------------------------------------------------------------------    -------------------
    U16                                               0.000     0.000 r  time_mode (IN)
                         net (fo=0)                   0.000     0.000    time_mode
    U16                  IBUF (Prop_ibuf_I_O)         1.450     1.450 r  time_mode_IBUF_inst/O
                         net (fo=7, routed)           2.108     3.558    u9/time_mode_IBUF
    SLICE_X2Y24          LUT6 (Prop_lut6_I5_O)        0.124     3.682 f  u9/fnd_OBUF[6]_inst_i_14/O
                         net (fo=1, routed)           0.848     4.531    u0/fnd_OBUF[5]_inst_i_1_2
    SLICE_X4Y24          LUT6 (Prop_lut6_I4_O)        0.124     4.655 r  u0/fnd_OBUF[6]_inst_i_4/O
                         net (fo=7, routed)           1.197     5.851    u0/fnd_OBUF[6]_inst_i_4_n_0
    SLICE_X7Y22          LUT6 (Prop_lut6_I5_O)        0.124     5.975 r  u0/fnd_OBUF[4]_inst_i_1/O
                         net (fo=1, routed)           3.434     9.410    fnd_OBUF[4]
    U8                   OBUF (Prop_obuf_I_O)         3.535    12.945 r  fnd_OBUF[4]_inst/O
                         net (fo=0)                   0.000    12.945    fnd[4]
    U8                                                                r  fnd[4] (OUT)
  -------------------------------------------------------------------    -------------------

Slack:                    inf
  Source:                 time_mode
                            (input port)
  Destination:            fnd[1]
                            (output port)
  Path Group:             (none)
  Path Type:              Max at Slow Process Corner
  Data Path Delay:        12.888ns  (logic 5.326ns (41.328%)  route 7.562ns (58.672%))
  Logic Levels:           5  (IBUF=1 LUT6=3 OBUF=1)

    Location             Delay type                Incr(ns)  Path(ns)    Netlist Resource(s)
  -------------------------------------------------------------------    -------------------
    U16                                               0.000     0.000 r  time_mode (IN)
                         net (fo=0)                   0.000     0.000    time_mode
    U16                  IBUF (Prop_ibuf_I_O)         1.450     1.450 r  time_mode_IBUF_inst/O
                         net (fo=7, routed)           2.108     3.558    u9/time_mode_IBUF
    SLICE_X2Y24          LUT6 (Prop_lut6_I5_O)        0.124     3.682 f  u9/fnd_OBUF[6]_inst_i_14/O
                         net (fo=1, routed)           0.848     4.531    u0/fnd_OBUF[5]_inst_i_1_2
    SLICE_X4Y24          LUT6 (Prop_lut6_I4_O)        0.124     4.655 r  u0/fnd_OBUF[6]_inst_i_4/O
                         net (fo=7, routed)           1.354     6.008    u0/fnd_OBUF[6]_inst_i_4_n_0
    SLICE_X8Y22          LUT6 (Prop_lut6_I5_O)        0.124     6.132 r  u0/fnd_OBUF[1]_inst_i_1/O
                         net (fo=1, routed)           3.251     9.384    fnd_OBUF[1]
    V5                   OBUF (Prop_obuf_I_O)         3.504    12.888 r  fnd_OBUF[1]_inst/O
                         net (fo=0)                   0.000    12.888    fnd[1]
    V5                                                                r  fnd[1] (OUT)
  -------------------------------------------------------------------    -------------------

Slack:                    inf
  Source:                 time_mode
                            (input port)
  Destination:            fnd[5]
                            (output port)
  Path Group:             (none)
  Path Type:              Max at Slow Process Corner
  Data Path Delay:        12.716ns  (logic 5.351ns (42.081%)  route 7.365ns (57.919%))
  Logic Levels:           5  (IBUF=1 LUT6=3 OBUF=1)

    Location             Delay type                Incr(ns)  Path(ns)    Netlist Resource(s)
  -------------------------------------------------------------------    -------------------
    U16                                               0.000     0.000 f  time_mode (IN)
                         net (fo=0)                   0.000     0.000    time_mode
    U16                  IBUF (Prop_ibuf_I_O)         1.450     1.450 f  time_mode_IBUF_inst/O
                         net (fo=7, routed)           2.108     3.558    u9/time_mode_IBUF
    SLICE_X2Y24          LUT6 (Prop_lut6_I5_O)        0.124     3.682 r  u9/fnd_OBUF[6]_inst_i_14/O
                         net (fo=1, routed)           0.848     4.531    u0/fnd_OBUF[5]_inst_i_1_2
    SLICE_X4Y24          LUT6 (Prop_lut6_I4_O)        0.124     4.655 f  u0/fnd_OBUF[6]_inst_i_4/O
                         net (fo=7, routed)           1.062     5.716    u0/fnd_OBUF[6]_inst_i_4_n_0
    SLICE_X8Y23          LUT6 (Prop_lut6_I5_O)        0.124     5.840 r  u0/fnd_OBUF[5]_inst_i_1/O
                         net (fo=1, routed)           3.347     9.187    fnd_OBUF[5]
    W6                   OBUF (Prop_obuf_I_O)         3.529    12.716 r  fnd_OBUF[5]_inst/O
                         net (fo=0)                   0.000    12.716    fnd[5]
    W6                                                                r  fnd[5] (OUT)
  -------------------------------------------------------------------    -------------------

Slack:                    inf
  Source:                 u4/out_counter_reg[1]/C
                            (rising edge-triggered cell FDCE)
  Destination:            fnd[2]
                            (output port)
  Path Group:             (none)
  Path Type:              Max at Slow Process Corner
  Data Path Delay:        12.577ns  (logic 4.608ns (36.637%)  route 7.969ns (63.363%))
  Logic Levels:           6  (FDCE=1 LUT2=1 LUT6=3 OBUF=1)

    Location             Delay type                Incr(ns)  Path(ns)    Netlist Resource(s)
  -------------------------------------------------------------------    -------------------
    SLICE_X7Y27          FDCE                         0.000     0.000 r  u4/out_counter_reg[1]/C
    SLICE_X7Y27          FDCE (Prop_fdce_C_Q)         0.419     0.419 r  u4/out_counter_reg[1]/Q
                         net (fo=18, routed)          1.249     1.668    u4/Q[1]
    SLICE_X6Y25          LUT2 (Prop_lut2_I0_O)        0.297     1.965 r  u4/fnd_OBUF[6]_inst_i_49/O
                         net (fo=4, routed)           0.971     2.936    u0/fnd_OBUF[6]_inst_i_5_4
    SLICE_X4Y26          LUT6 (Prop_lut6_I3_O)        0.124     3.060 r  u0/fnd_OBUF[6]_inst_i_16/O
                         net (fo=1, routed)           1.301     4.362    u0/fnd_OBUF[6]_inst_i_16_n_0
    SLICE_X6Y24          LUT6 (Prop_lut6_I0_O)        0.124     4.486 r  u0/fnd_OBUF[6]_inst_i_5/O
                         net (fo=7, routed)           1.076     5.562    u0/fnd_OBUF[6]_inst_i_5_n_0
    SLICE_X8Y22          LUT6 (Prop_lut6_I2_O)        0.124     5.686 r  u0/fnd_OBUF[2]_inst_i_1/O
                         net (fo=1, routed)           3.371     9.057    fnd_OBUF[2]
    U5                   OBUF (Prop_obuf_I_O)         3.520    12.577 r  fnd_OBUF[2]_inst/O
                         net (fo=0)                   0.000    12.577    fnd[2]
    U5                                                                r  fnd[2] (OUT)
  -------------------------------------------------------------------    -------------------

Slack:                    inf
  Source:                 time_mode
                            (input port)
  Destination:            fnd[6]
                            (output port)
  Path Group:             (none)
  Path Type:              Max at Slow Process Corner
  Data Path Delay:        12.536ns  (logic 5.333ns (42.538%)  route 7.203ns (57.462%))
  Logic Levels:           5  (IBUF=1 LUT6=3 OBUF=1)

    Location             Delay type                Incr(ns)  Path(ns)    Netlist Resource(s)
  -------------------------------------------------------------------    -------------------
    U16                                               0.000     0.000 r  time_mode (IN)
                         net (fo=0)                   0.000     0.000    time_mode
    U16                  IBUF (Prop_ibuf_I_O)         1.450     1.450 r  time_mode_IBUF_inst/O
                         net (fo=7, routed)           2.108     3.558    u9/time_mode_IBUF
    SLICE_X2Y24          LUT6 (Prop_lut6_I5_O)        0.124     3.682 f  u9/fnd_OBUF[6]_inst_i_14/O
                         net (fo=1, routed)           0.848     4.531    u0/fnd_OBUF[5]_inst_i_1_2
    SLICE_X4Y24          LUT6 (Prop_lut6_I4_O)        0.124     4.655 r  u0/fnd_OBUF[6]_inst_i_4/O
                         net (fo=7, routed)           1.052     5.706    u0/fnd_OBUF[6]_inst_i_4_n_0
    SLICE_X8Y23          LUT6 (Prop_lut6_I2_O)        0.124     5.830 r  u0/fnd_OBUF[6]_inst_i_1/O
                         net (fo=1, routed)           3.195     9.025    fnd_OBUF[6]
    W7                   OBUF (Prop_obuf_I_O)         3.511    12.536 r  fnd_OBUF[6]_inst/O
                         net (fo=0)                   0.000    12.536    fnd[6]
    W7                                                                r  fnd[6] (OUT)
  -------------------------------------------------------------------    -------------------

Slack:                    inf
  Source:                 u4/out_counter_reg[1]/C
                            (rising edge-triggered cell FDCE)
  Destination:            fnd[3]
                            (output port)
  Path Group:             (none)
  Path Type:              Max at Slow Process Corner
  Data Path Delay:        12.318ns  (logic 4.624ns (37.535%)  route 7.694ns (62.465%))
  Logic Levels:           6  (FDCE=1 LUT2=1 LUT6=3 OBUF=1)

    Location             Delay type                Incr(ns)  Path(ns)    Netlist Resource(s)
  -------------------------------------------------------------------    -------------------
    SLICE_X7Y27          FDCE                         0.000     0.000 r  u4/out_counter_reg[1]/C
    SLICE_X7Y27          FDCE (Prop_fdce_C_Q)         0.419     0.419 r  u4/out_counter_reg[1]/Q
                         net (fo=18, routed)          1.249     1.668    u4/Q[1]
    SLICE_X6Y25          LUT2 (Prop_lut2_I0_O)        0.297     1.965 r  u4/fnd_OBUF[6]_inst_i_49/O
                         net (fo=4, routed)           0.971     2.936    u0/fnd_OBUF[6]_inst_i_5_4
    SLICE_X4Y26          LUT6 (Prop_lut6_I3_O)        0.124     3.060 r  u0/fnd_OBUF[6]_inst_i_16/O
                         net (fo=1, routed)           1.301     4.362    u0/fnd_OBUF[6]_inst_i_16_n_0
    SLICE_X6Y24          LUT6 (Prop_lut6_I0_O)        0.124     4.486 r  u0/fnd_OBUF[6]_inst_i_5/O
                         net (fo=7, routed)           1.090     5.576    u0/fnd_OBUF[6]_inst_i_5_n_0
    SLICE_X8Y22          LUT6 (Prop_lut6_I3_O)        0.124     5.700 r  u0/fnd_OBUF[3]_inst_i_1/O
                         net (fo=1, routed)           3.082     8.782    fnd_OBUF[3]
    V8                   OBUF (Prop_obuf_I_O)         3.536    12.318 r  fnd_OBUF[3]_inst/O
                         net (fo=0)                   0.000    12.318    fnd[3]
    V8                                                                r  fnd[3] (OUT)
  -------------------------------------------------------------------    -------------------

Slack:                    inf
  Source:                 u10/alarm_on_reg[0]/C
                            (rising edge-triggered cell FDCE)
  Destination:            alarm_on[2]
                            (output port)
  Path Group:             (none)
  Path Type:              Max at Slow Process Corner
  Data Path Delay:        9.629ns  (logic 4.036ns (41.914%)  route 5.593ns (58.086%))
  Logic Levels:           2  (FDCE=1 OBUF=1)

    Location             Delay type                Incr(ns)  Path(ns)    Netlist Resource(s)
  -------------------------------------------------------------------    -------------------
    SLICE_X6Y22          FDCE                         0.000     0.000 r  u10/alarm_on_reg[0]/C
    SLICE_X6Y22          FDCE (Prop_fdce_C_Q)         0.518     0.518 r  u10/alarm_on_reg[0]/Q
                         net (fo=5, routed)           5.593     6.111    alarm_on_OBUF[0]
    P3                   OBUF (Prop_obuf_I_O)         3.518     9.629 r  alarm_on_OBUF[2]_inst/O
                         net (fo=0)                   0.000     9.629    alarm_on[2]
    P3                                                                r  alarm_on[2] (OUT)
  -------------------------------------------------------------------    -------------------

Slack:                    inf
  Source:                 u4/out_counter_reg[1]/C
                            (rising edge-triggered cell FDCE)
  Destination:            fndsel[3]
                            (output port)
  Path Group:             (none)
  Path Type:              Max at Slow Process Corner
  Data Path Delay:        9.149ns  (logic 4.456ns (48.710%)  route 4.692ns (51.290%))
  Logic Levels:           3  (FDCE=1 LUT2=1 OBUF=1)

    Location             Delay type                Incr(ns)  Path(ns)    Netlist Resource(s)
  -------------------------------------------------------------------    -------------------
    SLICE_X7Y27          FDCE                         0.000     0.000 r  u4/out_counter_reg[1]/C
    SLICE_X7Y27          FDCE (Prop_fdce_C_Q)         0.419     0.419 f  u4/out_counter_reg[1]/Q
                         net (fo=18, routed)          1.249     1.668    u4/Q[1]
    SLICE_X6Y25          LUT2 (Prop_lut2_I1_O)        0.323     1.991 r  u4/fndsel_OBUF[3]_inst_i_1/O
                         net (fo=1, routed)           3.443     5.434    fndsel_OBUF[3]
    W4                   OBUF (Prop_obuf_I_O)         3.714     9.149 r  fndsel_OBUF[3]_inst/O
                         net (fo=0)                   0.000     9.149    fndsel[3]
    W4                                                                r  fndsel[3] (OUT)
  -------------------------------------------------------------------    -------------------

Slack:                    inf
  Source:                 u4/out_counter_reg[0]/C
                            (rising edge-triggered cell FDCE)
  Destination:            fndsel[2]
                            (output port)
  Path Group:             (none)
  Path Type:              Max at Slow Process Corner
  Data Path Delay:        8.894ns  (logic 4.329ns (48.671%)  route 4.565ns (51.329%))
  Logic Levels:           3  (FDCE=1 LUT2=1 OBUF=1)

    Location             Delay type                Incr(ns)  Path(ns)    Netlist Resource(s)
  -------------------------------------------------------------------    -------------------
    SLICE_X7Y27          FDCE                         0.000     0.000 r  u4/out_counter_reg[0]/C
    SLICE_X7Y27          FDCE (Prop_fdce_C_Q)         0.456     0.456 r  u4/out_counter_reg[0]/Q
                         net (fo=19, routed)          0.897     1.353    u4/Q[0]
    SLICE_X6Y27          LUT2 (Prop_lut2_I0_O)        0.146     1.499 r  u4/fndsel_OBUF[2]_inst_i_1/O
                         net (fo=1, routed)           3.669     5.167    fndsel_OBUF[2]
    V4                   OBUF (Prop_obuf_I_O)         3.727     8.894 r  fndsel_OBUF[2]_inst/O
                         net (fo=0)                   0.000     8.894    fndsel[2]
    V4                                                                r  fndsel[2] (OUT)
  -------------------------------------------------------------------    -------------------





Min Delay Paths
--------------------------------------------------------------------------------------
Slack:                    inf
  Source:                 u10/sw3_d_reg/C
                            (rising edge-triggered cell FDCE)
  Destination:            u10/alarm_on_reg[0]/D
  Path Group:             (none)
  Path Type:              Min at Fast Process Corner
  Data Path Delay:        0.305ns  (logic 0.246ns (80.588%)  route 0.059ns (19.412%))
  Logic Levels:           2  (FDCE=1 LUT3=1)

    Location             Delay type                Incr(ns)  Path(ns)    Netlist Resource(s)
  -------------------------------------------------------------------    -------------------
    SLICE_X6Y22          FDCE                         0.000     0.000 r  u10/sw3_d_reg/C
    SLICE_X6Y22          FDCE (Prop_fdce_C_Q)         0.148     0.148 r  u10/sw3_d_reg/Q
                         net (fo=1, routed)           0.059     0.207    u10/sw3_d
    SLICE_X6Y22          LUT3 (Prop_lut3_I0_O)        0.098     0.305 r  u10/alarm_on[0]_i_1/O
                         net (fo=1, routed)           0.000     0.305    u10/alarm_on[0]_i_1_n_0
    SLICE_X6Y22          FDCE                                         r  u10/alarm_on_reg[0]/D
  -------------------------------------------------------------------    -------------------

Slack:                    inf
  Source:                 u10/hour_reg[1]/C
                            (rising edge-triggered cell FDCE)
  Destination:            u10/hour_reg[3]/D
  Path Group:             (none)
  Path Type:              Min at Fast Process Corner
  Data Path Delay:        0.319ns  (logic 0.186ns (58.263%)  route 0.133ns (41.737%))
  Logic Levels:           2  (FDCE=1 LUT5=1)

    Location             Delay type                Incr(ns)  Path(ns)    Netlist Resource(s)
  -------------------------------------------------------------------    -------------------
    SLICE_X5Y25          FDCE                         0.000     0.000 r  u10/hour_reg[1]/C
    SLICE_X5Y25          FDCE (Prop_fdce_C_Q)         0.141     0.141 r  u10/hour_reg[1]/Q
                         net (fo=10, routed)          0.133     0.274    u10/w_a_hour_out[1]
    SLICE_X4Y25          LUT5 (Prop_lut5_I2_O)        0.045     0.319 r  u10/hour[3]_i_1__0/O
                         net (fo=1, routed)           0.000     0.319    u10/hour[3]_i_1__0_n_0
    SLICE_X4Y25          FDCE                                         r  u10/hour_reg[3]/D
  -------------------------------------------------------------------    -------------------

Slack:                    inf
  Source:                 u10/hour_reg[1]/C
                            (rising edge-triggered cell FDCE)
  Destination:            u10/hour_reg[4]/D
  Path Group:             (none)
  Path Type:              Min at Fast Process Corner
  Data Path Delay:        0.323ns  (logic 0.190ns (58.780%)  route 0.133ns (41.220%))
  Logic Levels:           2  (FDCE=1 LUT5=1)

    Location             Delay type                Incr(ns)  Path(ns)    Netlist Resource(s)
  -------------------------------------------------------------------    -------------------
    SLICE_X5Y25          FDCE                         0.000     0.000 r  u10/hour_reg[1]/C
    SLICE_X5Y25          FDCE (Prop_fdce_C_Q)         0.141     0.141 r  u10/hour_reg[1]/Q
                         net (fo=10, routed)          0.133     0.274    u10/w_a_hour_out[1]
    SLICE_X4Y25          LUT5 (Prop_lut5_I2_O)        0.049     0.323 r  u10/hour[4]_i_2__0/O
                         net (fo=1, routed)           0.000     0.323    u10/hour[4]_i_2__0_n_0
    SLICE_X4Y25          FDCE                                         r  u10/hour_reg[4]/D
  -------------------------------------------------------------------    -------------------

Slack:                    inf
  Source:                 u10/min_reg[0]/C
                            (rising edge-triggered cell FDCE)
  Destination:            u10/min_reg[4]/D
  Path Group:             (none)
  Path Type:              Min at Fast Process Corner
  Data Path Delay:        0.330ns  (logic 0.186ns (56.283%)  route 0.144ns (43.717%))
  Logic Levels:           2  (FDCE=1 LUT6=1)

    Location             Delay type                Incr(ns)  Path(ns)    Netlist Resource(s)
  -------------------------------------------------------------------    -------------------
    SLICE_X5Y26          FDCE                         0.000     0.000 r  u10/min_reg[0]/C
    SLICE_X5Y26          FDCE (Prop_fdce_C_Q)         0.141     0.141 r  u10/min_reg[0]/Q
                         net (fo=8, routed)           0.144     0.285    u10/min_reg[2]_0[0]
    SLICE_X4Y26          LUT6 (Prop_lut6_I3_O)        0.045     0.330 r  u10/min[4]_i_1__1/O
                         net (fo=1, routed)           0.000     0.330    u10/min[4]_i_1__1_n_0
    SLICE_X4Y26          FDCE                                         r  u10/min_reg[4]/D
  -------------------------------------------------------------------    -------------------

Slack:                    inf
  Source:                 u10/min_reg[2]/C
                            (rising edge-triggered cell FDCE)
  Destination:            u10/min_reg[3]/D
  Path Group:             (none)
  Path Type:              Min at Fast Process Corner
  Data Path Delay:        0.360ns  (logic 0.186ns (51.675%)  route 0.174ns (48.325%))
  Logic Levels:           2  (FDCE=1 LUT6=1)

    Location             Delay type                Incr(ns)  Path(ns)    Netlist Resource(s)
  -------------------------------------------------------------------    -------------------
    SLICE_X5Y26          FDCE                         0.000     0.000 r  u10/min_reg[2]/C
    SLICE_X5Y26          FDCE (Prop_fdce_C_Q)         0.141     0.141 r  u10/min_reg[2]/Q
                         net (fo=10, routed)          0.174     0.315    u10/min_reg[2]_0[2]
    SLICE_X2Y26          LUT6 (Prop_lut6_I4_O)        0.045     0.360 r  u10/min[3]_i_1__1/O
                         net (fo=1, routed)           0.000     0.360    u10/min[3]_i_1__1_n_0
    SLICE_X2Y26          FDCE                                         r  u10/min_reg[3]/D
  -------------------------------------------------------------------    -------------------

Slack:                    inf
  Source:                 u10/hour_reg[0]/C
                            (rising edge-triggered cell FDCE)
  Destination:            u10/hour_reg[0]/D
  Path Group:             (none)
  Path Type:              Min at Fast Process Corner
  Data Path Delay:        0.366ns  (logic 0.186ns (50.768%)  route 0.180ns (49.232%))
  Logic Levels:           2  (FDCE=1 LUT1=1)

    Location             Delay type                Incr(ns)  Path(ns)    Netlist Resource(s)
  -------------------------------------------------------------------    -------------------
    SLICE_X5Y27          FDCE                         0.000     0.000 r  u10/hour_reg[0]/C
    SLICE_X5Y27          FDCE (Prop_fdce_C_Q)         0.141     0.141 f  u10/hour_reg[0]/Q
                         net (fo=8, routed)           0.180     0.321    u10/hour_reg[3]_0[0]
    SLICE_X5Y27          LUT1 (Prop_lut1_I0_O)        0.045     0.366 r  u10/hour[0]_i_1__0/O
                         net (fo=1, routed)           0.000     0.366    u10/hour[0]_i_1__0_n_0
    SLICE_X5Y27          FDCE                                         r  u10/hour_reg[0]/D
  -------------------------------------------------------------------    -------------------

Slack:                    inf
  Source:                 u10/min_reg[5]/C
                            (rising edge-triggered cell FDCE)
  Destination:            u10/min_reg[5]/D
  Path Group:             (none)
  Path Type:              Min at Fast Process Corner
  Data Path Delay:        0.366ns  (logic 0.186ns (50.768%)  route 0.180ns (49.232%))
  Logic Levels:           2  (FDCE=1 LUT6=1)

    Location             Delay type                Incr(ns)  Path(ns)    Netlist Resource(s)
  -------------------------------------------------------------------    -------------------
    SLICE_X1Y26          FDCE                         0.000     0.000 r  u10/min_reg[5]/C
    SLICE_X1Y26          FDCE (Prop_fdce_C_Q)         0.141     0.141 r  u10/min_reg[5]/Q
                         net (fo=10, routed)          0.180     0.321    u10/w_a_min_out[5]
    SLICE_X1Y26          LUT6 (Prop_lut6_I5_O)        0.045     0.366 r  u10/min[5]_i_2__1/O
                         net (fo=1, routed)           0.000     0.366    u10/min[5]_i_2__1_n_0
    SLICE_X1Y26          FDCE                                         r  u10/min_reg[5]/D
  -------------------------------------------------------------------    -------------------

Slack:                    inf
  Source:                 u10/min_reg[4]/C
                            (rising edge-triggered cell FDCE)
  Destination:            u10/min_reg[2]/D
  Path Group:             (none)
  Path Type:              Min at Fast Process Corner
  Data Path Delay:        0.371ns  (logic 0.186ns (50.202%)  route 0.185ns (49.798%))
  Logic Levels:           2  (FDCE=1 LUT6=1)

    Location             Delay type                Incr(ns)  Path(ns)    Netlist Resource(s)
  -------------------------------------------------------------------    -------------------
    SLICE_X4Y26          FDCE                         0.000     0.000 r  u10/min_reg[4]/C
    SLICE_X4Y26          FDCE (Prop_fdce_C_Q)         0.141     0.141 f  u10/min_reg[4]/Q
                         net (fo=11, routed)          0.185     0.326    u10/w_a_min_out[4]
    SLICE_X5Y26          LUT6 (Prop_lut6_I0_O)        0.045     0.371 r  u10/min[2]_i_1__1/O
                         net (fo=1, routed)           0.000     0.371    u10/min[2]_i_1__1_n_0
    SLICE_X5Y26          FDCE                                         r  u10/min_reg[2]/D
  -------------------------------------------------------------------    -------------------

Slack:                    inf
  Source:                 u10/sec_reg[2]/C
                            (rising edge-triggered cell FDCE)
  Destination:            u10/sec_reg[2]/D
  Path Group:             (none)
  Path Type:              Min at Fast Process Corner
  Data Path Delay:        0.378ns  (logic 0.186ns (49.148%)  route 0.192ns (50.852%))
  Logic Levels:           2  (FDCE=1 LUT6=1)

    Location             Delay type                Incr(ns)  Path(ns)    Netlist Resource(s)
  -------------------------------------------------------------------    -------------------
    SLICE_X9Y25          FDCE                         0.000     0.000 r  u10/sec_reg[2]/C
    SLICE_X9Y25          FDCE (Prop_fdce_C_Q)         0.141     0.141 r  u10/sec_reg[2]/Q
                         net (fo=10, routed)          0.192     0.333    u10/w_a_sec_out[2]
    SLICE_X9Y25          LUT6 (Prop_lut6_I5_O)        0.045     0.378 r  u10/sec[2]_i_1__1/O
                         net (fo=1, routed)           0.000     0.378    u10/sec[2]_i_1__1_n_0
    SLICE_X9Y25          FDCE                                         r  u10/sec_reg[2]/D
  -------------------------------------------------------------------    -------------------

Slack:                    inf
  Source:                 u10/sec_reg[2]/C
                            (rising edge-triggered cell FDCE)
  Destination:            u10/sec_reg[5]/D
  Path Group:             (none)
  Path Type:              Min at Fast Process Corner
  Data Path Delay:        0.379ns  (logic 0.186ns (49.019%)  route 0.193ns (50.981%))
  Logic Levels:           2  (FDCE=1 LUT6=1)

    Location             Delay type                Incr(ns)  Path(ns)    Netlist Resource(s)
  -------------------------------------------------------------------    -------------------
    SLICE_X9Y25          FDCE                         0.000     0.000 r  u10/sec_reg[2]/C
    SLICE_X9Y25          FDCE (Prop_fdce_C_Q)         0.141     0.141 r  u10/sec_reg[2]/Q
                         net (fo=10, routed)          0.193     0.334    u10/w_a_sec_out[2]
    SLICE_X9Y25          LUT6 (Prop_lut6_I3_O)        0.045     0.379 r  u10/sec[5]_i_2__1/O
                         net (fo=1, routed)           0.000     0.379    u10/sec[5]_i_2__1_n_0
    SLICE_X9Y25          FDCE                                         r  u10/sec_reg[5]/D
  -------------------------------------------------------------------    -------------------





--------------------------------------------------------------------------------------
Path Group:  (none)
From Clock:  clk
  To Clock:  

Max Delay            32 Endpoints
Min Delay            32 Endpoints
--------------------------------------------------------------------------------------


Max Delay Paths
--------------------------------------------------------------------------------------
Slack:                    inf
  Source:                 u0/mode_reg[1]/C
                            (rising edge-triggered cell FDCE clocked by clk  {rise@0.000ns fall@5.000ns period=10.000ns})
  Destination:            fnd[0]
                            (output port)
  Path Group:             (none)
  Path Type:              Max at Slow Process Corner
  Data Path Delay:        13.745ns  (logic 5.294ns (38.520%)  route 8.450ns (61.480%))
  Logic Levels:           6  (LUT2=1 LUT6=3 MUXF7=1 OBUF=1)
  Clock Uncertainty:      0.025ns  ((TSJ^2 + TIJ^2)^1/2 + DJ) / 2 + PE
    Total System Jitter     (TSJ):    0.050ns
    Total Input Jitter      (TIJ):    0.000ns
    Discrete Jitter          (DJ):    0.000ns
    Phase Error              (PE):    0.000ns

    Location             Delay type                Incr(ns)  Path(ns)    Netlist Resource(s)
  -------------------------------------------------------------------    -------------------
                         (clock clk rise edge)        0.000     0.000 r  
    W5                                                0.000     0.000 r  clk (IN)
                         net (fo=0)                   0.000     0.000    clk
    W5                   IBUF (Prop_ibuf_I_O)         1.458     1.458 r  clk_IBUF_inst/O
                         net (fo=1, routed)           1.967     3.425    clk_IBUF
    BUFGCTRL_X0Y0        BUFG (Prop_bufg_I_O)         0.096     3.521 r  clk_IBUF_BUFG_inst/O
                         net (fo=163, routed)         1.556     5.077    u0/CLK
    SLICE_X8Y29          FDCE                                         r  u0/mode_reg[1]/C
  -------------------------------------------------------------------    -------------------
    SLICE_X8Y29          FDCE (Prop_fdce_C_Q)         0.478     5.555 r  u0/mode_reg[1]/Q
                         net (fo=47, routed)          1.571     7.127    u0/mode_out_OBUF[1]
    SLICE_X7Y26          LUT2 (Prop_lut2_I0_O)        0.324     7.451 r  u0/mmsec[3]_i_2/O
                         net (fo=11, routed)          1.061     8.511    u9/mmsec_reg[3]_1
    SLICE_X6Y24          LUT6 (Prop_lut6_I5_O)        0.326     8.837 r  u9/fnd_OBUF[6]_inst_i_33/O
                         net (fo=1, routed)           1.026     9.863    u10/fnd_OBUF[6]_inst_i_2_1
    SLICE_X3Y24          LUT6 (Prop_lut6_I2_O)        0.124     9.987 r  u10/fnd_OBUF[6]_inst_i_8/O
                         net (fo=1, routed)           0.000     9.987    u10/fnd_OBUF[6]_inst_i_8_n_0
    SLICE_X3Y24          MUXF7 (Prop_muxf7_I0_O)      0.212    10.199 r  u10/fnd_OBUF[6]_inst_i_2/O
                         net (fo=7, routed)           1.219    11.419    u0/fnd[5]
    SLICE_X8Y22          LUT6 (Prop_lut6_I0_O)        0.299    11.718 r  u0/fnd_OBUF[0]_inst_i_1/O
                         net (fo=1, routed)           3.573    15.291    fnd_OBUF[0]
    U7                   OBUF (Prop_obuf_I_O)         3.531    18.822 r  fnd_OBUF[0]_inst/O
                         net (fo=0)                   0.000    18.822    fnd[0]
    U7                                                                r  fnd[0] (OUT)
  -------------------------------------------------------------------    -------------------

Slack:                    inf
  Source:                 u0/mode_reg[1]/C
                            (rising edge-triggered cell FDCE clocked by clk  {rise@0.000ns fall@5.000ns period=10.000ns})
  Destination:            fnd[2]
                            (output port)
  Path Group:             (none)
  Path Type:              Max at Slow Process Corner
  Data Path Delay:        13.681ns  (logic 5.283ns (38.616%)  route 8.398ns (61.384%))
  Logic Levels:           6  (LUT2=1 LUT6=3 MUXF7=1 OBUF=1)
  Clock Uncertainty:      0.025ns  ((TSJ^2 + TIJ^2)^1/2 + DJ) / 2 + PE
    Total System Jitter     (TSJ):    0.050ns
    Total Input Jitter      (TIJ):    0.000ns
    Discrete Jitter          (DJ):    0.000ns
    Phase Error              (PE):    0.000ns

    Location             Delay type                Incr(ns)  Path(ns)    Netlist Resource(s)
  -------------------------------------------------------------------    -------------------
                         (clock clk rise edge)        0.000     0.000 r  
    W5                                                0.000     0.000 r  clk (IN)
                         net (fo=0)                   0.000     0.000    clk
    W5                   IBUF (Prop_ibuf_I_O)         1.458     1.458 r  clk_IBUF_inst/O
                         net (fo=1, routed)           1.967     3.425    clk_IBUF
    BUFGCTRL_X0Y0        BUFG (Prop_bufg_I_O)         0.096     3.521 r  clk_IBUF_BUFG_inst/O
                         net (fo=163, routed)         1.556     5.077    u0/CLK
    SLICE_X8Y29          FDCE                                         r  u0/mode_reg[1]/C
  -------------------------------------------------------------------    -------------------
    SLICE_X8Y29          FDCE (Prop_fdce_C_Q)         0.478     5.555 r  u0/mode_reg[1]/Q
                         net (fo=47, routed)          1.571     7.127    u0/mode_out_OBUF[1]
    SLICE_X7Y26          LUT2 (Prop_lut2_I0_O)        0.324     7.451 r  u0/mmsec[3]_i_2/O
                         net (fo=11, routed)          1.061     8.511    u9/mmsec_reg[3]_1
    SLICE_X6Y24          LUT6 (Prop_lut6_I5_O)        0.326     8.837 r  u9/fnd_OBUF[6]_inst_i_33/O
                         net (fo=1, routed)           1.026     9.863    u10/fnd_OBUF[6]_inst_i_2_1
    SLICE_X3Y24          LUT6 (Prop_lut6_I2_O)        0.124     9.987 r  u10/fnd_OBUF[6]_inst_i_8/O
                         net (fo=1, routed)           0.000     9.987    u10/fnd_OBUF[6]_inst_i_8_n_0
    SLICE_X3Y24          MUXF7 (Prop_muxf7_I0_O)      0.212    10.199 r  u10/fnd_OBUF[6]_inst_i_2/O
                         net (fo=7, routed)           1.368    11.568    u0/fnd[5]
    SLICE_X8Y22          LUT6 (Prop_lut6_I5_O)        0.299    11.867 r  u0/fnd_OBUF[2]_inst_i_1/O
                         net (fo=1, routed)           3.371    15.238    fnd_OBUF[2]
    U5                   OBUF (Prop_obuf_I_O)         3.520    18.758 r  fnd_OBUF[2]_inst/O
                         net (fo=0)                   0.000    18.758    fnd[2]
    U5                                                                r  fnd[2] (OUT)
  -------------------------------------------------------------------    -------------------

Slack:                    inf
  Source:                 u0/mode_reg[1]/C
                            (rising edge-triggered cell FDCE clocked by clk  {rise@0.000ns fall@5.000ns period=10.000ns})
  Destination:            fnd[5]
                            (output port)
  Path Group:             (none)
  Path Type:              Max at Slow Process Corner
  Data Path Delay:        13.666ns  (logic 5.292ns (38.725%)  route 8.374ns (61.276%))
  Logic Levels:           6  (LUT2=1 LUT6=3 MUXF7=1 OBUF=1)
  Clock Uncertainty:      0.025ns  ((TSJ^2 + TIJ^2)^1/2 + DJ) / 2 + PE
    Total System Jitter     (TSJ):    0.050ns
    Total Input Jitter      (TIJ):    0.000ns
    Discrete Jitter          (DJ):    0.000ns
    Phase Error              (PE):    0.000ns

    Location             Delay type                Incr(ns)  Path(ns)    Netlist Resource(s)
  -------------------------------------------------------------------    -------------------
                         (clock clk rise edge)        0.000     0.000 r  
    W5                                                0.000     0.000 r  clk (IN)
                         net (fo=0)                   0.000     0.000    clk
    W5                   IBUF (Prop_ibuf_I_O)         1.458     1.458 r  clk_IBUF_inst/O
                         net (fo=1, routed)           1.967     3.425    clk_IBUF
    BUFGCTRL_X0Y0        BUFG (Prop_bufg_I_O)         0.096     3.521 r  clk_IBUF_BUFG_inst/O
                         net (fo=163, routed)         1.556     5.077    u0/CLK
    SLICE_X8Y29          FDCE                                         r  u0/mode_reg[1]/C
  -------------------------------------------------------------------    -------------------
    SLICE_X8Y29          FDCE (Prop_fdce_C_Q)         0.478     5.555 r  u0/mode_reg[1]/Q
                         net (fo=47, routed)          1.571     7.127    u0/mode_out_OBUF[1]
    SLICE_X7Y26          LUT2 (Prop_lut2_I0_O)        0.324     7.451 r  u0/mmsec[3]_i_2/O
                         net (fo=11, routed)          1.061     8.511    u9/mmsec_reg[3]_1
    SLICE_X6Y24          LUT6 (Prop_lut6_I5_O)        0.326     8.837 r  u9/fnd_OBUF[6]_inst_i_33/O
                         net (fo=1, routed)           1.026     9.863    u10/fnd_OBUF[6]_inst_i_2_1
    SLICE_X3Y24          LUT6 (Prop_lut6_I2_O)        0.124     9.987 r  u10/fnd_OBUF[6]_inst_i_8/O
                         net (fo=1, routed)           0.000     9.987    u10/fnd_OBUF[6]_inst_i_8_n_0
    SLICE_X3Y24          MUXF7 (Prop_muxf7_I0_O)      0.212    10.199 r  u10/fnd_OBUF[6]_inst_i_2/O
                         net (fo=7, routed)           1.369    11.569    u0/fnd[5]
    SLICE_X8Y23          LUT6 (Prop_lut6_I0_O)        0.299    11.868 r  u0/fnd_OBUF[5]_inst_i_1/O
                         net (fo=1, routed)           3.347    15.214    fnd_OBUF[5]
    W6                   OBUF (Prop_obuf_I_O)         3.529    18.743 r  fnd_OBUF[5]_inst/O
                         net (fo=0)                   0.000    18.743    fnd[5]
    W6                                                                r  fnd[5] (OUT)
  -------------------------------------------------------------------    -------------------

Slack:                    inf
  Source:                 u0/mode_reg[1]/C
                            (rising edge-triggered cell FDCE clocked by clk  {rise@0.000ns fall@5.000ns period=10.000ns})
  Destination:            fnd[6]
                            (output port)
  Path Group:             (none)
  Path Type:              Max at Slow Process Corner
  Data Path Delay:        13.494ns  (logic 5.274ns (39.082%)  route 8.220ns (60.918%))
  Logic Levels:           6  (LUT2=1 LUT6=3 MUXF7=1 OBUF=1)
  Clock Uncertainty:      0.025ns  ((TSJ^2 + TIJ^2)^1/2 + DJ) / 2 + PE
    Total System Jitter     (TSJ):    0.050ns
    Total Input Jitter      (TIJ):    0.000ns
    Discrete Jitter          (DJ):    0.000ns
    Phase Error              (PE):    0.000ns

    Location             Delay type                Incr(ns)  Path(ns)    Netlist Resource(s)
  -------------------------------------------------------------------    -------------------
                         (clock clk rise edge)        0.000     0.000 r  
    W5                                                0.000     0.000 r  clk (IN)
                         net (fo=0)                   0.000     0.000    clk
    W5                   IBUF (Prop_ibuf_I_O)         1.458     1.458 r  clk_IBUF_inst/O
                         net (fo=1, routed)           1.967     3.425    clk_IBUF
    BUFGCTRL_X0Y0        BUFG (Prop_bufg_I_O)         0.096     3.521 r  clk_IBUF_BUFG_inst/O
                         net (fo=163, routed)         1.556     5.077    u0/CLK
    SLICE_X8Y29          FDCE                                         r  u0/mode_reg[1]/C
  -------------------------------------------------------------------    -------------------
    SLICE_X8Y29          FDCE (Prop_fdce_C_Q)         0.478     5.555 r  u0/mode_reg[1]/Q
                         net (fo=47, routed)          1.571     7.127    u0/mode_out_OBUF[1]
    SLICE_X7Y26          LUT2 (Prop_lut2_I0_O)        0.324     7.451 r  u0/mmsec[3]_i_2/O
                         net (fo=11, routed)          1.061     8.511    u9/mmsec_reg[3]_1
    SLICE_X6Y24          LUT6 (Prop_lut6_I5_O)        0.326     8.837 r  u9/fnd_OBUF[6]_inst_i_33/O
                         net (fo=1, routed)           1.026     9.863    u10/fnd_OBUF[6]_inst_i_2_1
    SLICE_X3Y24          LUT6 (Prop_lut6_I2_O)        0.124     9.987 r  u10/fnd_OBUF[6]_inst_i_8/O
                         net (fo=1, routed)           0.000     9.987    u10/fnd_OBUF[6]_inst_i_8_n_0
    SLICE_X3Y24          MUXF7 (Prop_muxf7_I0_O)      0.212    10.199 r  u10/fnd_OBUF[6]_inst_i_2/O
                         net (fo=7, routed)           1.367    11.567    u0/fnd[5]
    SLICE_X8Y23          LUT6 (Prop_lut6_I0_O)        0.299    11.866 r  u0/fnd_OBUF[6]_inst_i_1/O
                         net (fo=1, routed)           3.195    15.061    fnd_OBUF[6]
    W7                   OBUF (Prop_obuf_I_O)         3.511    18.571 r  fnd_OBUF[6]_inst/O
                         net (fo=0)                   0.000    18.571    fnd[6]
    W7                                                                r  fnd[6] (OUT)
  -------------------------------------------------------------------    -------------------

Slack:                    inf
  Source:                 u0/mode_reg[1]/C
                            (rising edge-triggered cell FDCE clocked by clk  {rise@0.000ns fall@5.000ns period=10.000ns})
  Destination:            fnd[3]
                            (output port)
  Path Group:             (none)
  Path Type:              Max at Slow Process Corner
  Data Path Delay:        13.426ns  (logic 5.299ns (39.464%)  route 8.128ns (60.536%))
  Logic Levels:           6  (LUT2=1 LUT6=3 MUXF7=1 OBUF=1)
  Clock Uncertainty:      0.025ns  ((TSJ^2 + TIJ^2)^1/2 + DJ) / 2 + PE
    Total System Jitter     (TSJ):    0.050ns
    Total Input Jitter      (TIJ):    0.000ns
    Discrete Jitter          (DJ):    0.000ns
    Phase Error              (PE):    0.000ns

    Location             Delay type                Incr(ns)  Path(ns)    Netlist Resource(s)
  -------------------------------------------------------------------    -------------------
                         (clock clk rise edge)        0.000     0.000 r  
    W5                                                0.000     0.000 r  clk (IN)
                         net (fo=0)                   0.000     0.000    clk
    W5                   IBUF (Prop_ibuf_I_O)         1.458     1.458 r  clk_IBUF_inst/O
                         net (fo=1, routed)           1.967     3.425    clk_IBUF
    BUFGCTRL_X0Y0        BUFG (Prop_bufg_I_O)         0.096     3.521 r  clk_IBUF_BUFG_inst/O
                         net (fo=163, routed)         1.556     5.077    u0/CLK
    SLICE_X8Y29          FDCE                                         r  u0/mode_reg[1]/C
  -------------------------------------------------------------------    -------------------
    SLICE_X8Y29          FDCE (Prop_fdce_C_Q)         0.478     5.555 r  u0/mode_reg[1]/Q
                         net (fo=47, routed)          1.571     7.127    u0/mode_out_OBUF[1]
    SLICE_X7Y26          LUT2 (Prop_lut2_I0_O)        0.324     7.451 r  u0/mmsec[3]_i_2/O
                         net (fo=11, routed)          1.061     8.511    u9/mmsec_reg[3]_1
    SLICE_X6Y24          LUT6 (Prop_lut6_I5_O)        0.326     8.837 r  u9/fnd_OBUF[6]_inst_i_33/O
                         net (fo=1, routed)           1.026     9.863    u10/fnd_OBUF[6]_inst_i_2_1
    SLICE_X3Y24          LUT6 (Prop_lut6_I2_O)        0.124     9.987 r  u10/fnd_OBUF[6]_inst_i_8/O
                         net (fo=1, routed)           0.000     9.987    u10/fnd_OBUF[6]_inst_i_8_n_0
    SLICE_X3Y24          MUXF7 (Prop_muxf7_I0_O)      0.212    10.199 r  u10/fnd_OBUF[6]_inst_i_2/O
                         net (fo=7, routed)           1.387    11.587    u0/fnd[5]
    SLICE_X8Y22          LUT6 (Prop_lut6_I0_O)        0.299    11.886 r  u0/fnd_OBUF[3]_inst_i_1/O
                         net (fo=1, routed)           3.082    14.968    fnd_OBUF[3]
    V8                   OBUF (Prop_obuf_I_O)         3.536    18.504 r  fnd_OBUF[3]_inst/O
                         net (fo=0)                   0.000    18.504    fnd[3]
    V8                                                                r  fnd[3] (OUT)
  -------------------------------------------------------------------    -------------------

Slack:                    inf
  Source:                 u0/mode_reg[1]/C
                            (rising edge-triggered cell FDCE clocked by clk  {rise@0.000ns fall@5.000ns period=10.000ns})
  Destination:            fnd[1]
                            (output port)
  Path Group:             (none)
  Path Type:              Max at Slow Process Corner
  Data Path Delay:        13.394ns  (logic 5.267ns (39.327%)  route 8.126ns (60.673%))
  Logic Levels:           6  (LUT2=1 LUT6=3 MUXF7=1 OBUF=1)
  Clock Uncertainty:      0.025ns  ((TSJ^2 + TIJ^2)^1/2 + DJ) / 2 + PE
    Total System Jitter     (TSJ):    0.050ns
    Total Input Jitter      (TIJ):    0.000ns
    Discrete Jitter          (DJ):    0.000ns
    Phase Error              (PE):    0.000ns

    Location             Delay type                Incr(ns)  Path(ns)    Netlist Resource(s)
  -------------------------------------------------------------------    -------------------
                         (clock clk rise edge)        0.000     0.000 r  
    W5                                                0.000     0.000 r  clk (IN)
                         net (fo=0)                   0.000     0.000    clk
    W5                   IBUF (Prop_ibuf_I_O)         1.458     1.458 r  clk_IBUF_inst/O
                         net (fo=1, routed)           1.967     3.425    clk_IBUF
    BUFGCTRL_X0Y0        BUFG (Prop_bufg_I_O)         0.096     3.521 r  clk_IBUF_BUFG_inst/O
                         net (fo=163, routed)         1.556     5.077    u0/CLK
    SLICE_X8Y29          FDCE                                         r  u0/mode_reg[1]/C
  -------------------------------------------------------------------    -------------------
    SLICE_X8Y29          FDCE (Prop_fdce_C_Q)         0.478     5.555 r  u0/mode_reg[1]/Q
                         net (fo=47, routed)          1.571     7.127    u0/mode_out_OBUF[1]
    SLICE_X7Y26          LUT2 (Prop_lut2_I0_O)        0.324     7.451 r  u0/mmsec[3]_i_2/O
                         net (fo=11, routed)          1.061     8.511    u9/mmsec_reg[3]_1
    SLICE_X6Y24          LUT6 (Prop_lut6_I5_O)        0.326     8.837 r  u9/fnd_OBUF[6]_inst_i_33/O
                         net (fo=1, routed)           1.026     9.863    u10/fnd_OBUF[6]_inst_i_2_1
    SLICE_X3Y24          LUT6 (Prop_lut6_I2_O)        0.124     9.987 r  u10/fnd_OBUF[6]_inst_i_8/O
                         net (fo=1, routed)           0.000     9.987    u10/fnd_OBUF[6]_inst_i_8_n_0
    SLICE_X3Y24          MUXF7 (Prop_muxf7_I0_O)      0.212    10.199 r  u10/fnd_OBUF[6]_inst_i_2/O
                         net (fo=7, routed)           1.217    11.417    u0/fnd[5]
    SLICE_X8Y22          LUT6 (Prop_lut6_I0_O)        0.299    11.716 r  u0/fnd_OBUF[1]_inst_i_1/O
                         net (fo=1, routed)           3.251    14.967    fnd_OBUF[1]
    V5                   OBUF (Prop_obuf_I_O)         3.504    18.471 r  fnd_OBUF[1]_inst/O
                         net (fo=0)                   0.000    18.471    fnd[1]
    V5                                                                r  fnd[1] (OUT)
  -------------------------------------------------------------------    -------------------

Slack:                    inf
  Source:                 u0/mode_reg[1]/C
                            (rising edge-triggered cell FDCE clocked by clk  {rise@0.000ns fall@5.000ns period=10.000ns})
  Destination:            fnd[4]
                            (output port)
  Path Group:             (none)
  Path Type:              Max at Slow Process Corner
  Data Path Delay:        13.026ns  (logic 4.911ns (37.701%)  route 8.115ns (62.299%))
  Logic Levels:           5  (LUT2=1 LUT6=3 OBUF=1)
  Clock Uncertainty:      0.025ns  ((TSJ^2 + TIJ^2)^1/2 + DJ) / 2 + PE
    Total System Jitter     (TSJ):    0.050ns
    Total Input Jitter      (TIJ):    0.000ns
    Discrete Jitter          (DJ):    0.000ns
    Phase Error              (PE):    0.000ns

    Location             Delay type                Incr(ns)  Path(ns)    Netlist Resource(s)
  -------------------------------------------------------------------    -------------------
                         (clock clk rise edge)        0.000     0.000 r  
    W5                                                0.000     0.000 r  clk (IN)
                         net (fo=0)                   0.000     0.000    clk
    W5                   IBUF (Prop_ibuf_I_O)         1.458     1.458 r  clk_IBUF_inst/O
                         net (fo=1, routed)           1.967     3.425    clk_IBUF
    BUFGCTRL_X0Y0        BUFG (Prop_bufg_I_O)         0.096     3.521 r  clk_IBUF_BUFG_inst/O
                         net (fo=163, routed)         1.556     5.077    u0/CLK
    SLICE_X8Y29          FDCE                                         r  u0/mode_reg[1]/C
  -------------------------------------------------------------------    -------------------
    SLICE_X8Y29          FDCE (Prop_fdce_C_Q)         0.478     5.555 f  u0/mode_reg[1]/Q
                         net (fo=47, routed)          1.571     7.127    u0/mode_out_OBUF[1]
    SLICE_X7Y26          LUT2 (Prop_lut2_I0_O)        0.324     7.451 f  u0/mmsec[3]_i_2/O
                         net (fo=11, routed)          1.064     8.515    u9/mmsec_reg[3]_1
    SLICE_X2Y24          LUT6 (Prop_lut6_I3_O)        0.326     8.841 f  u9/fnd_OBUF[6]_inst_i_14/O
                         net (fo=1, routed)           0.848     9.689    u0/fnd_OBUF[5]_inst_i_1_2
    SLICE_X4Y24          LUT6 (Prop_lut6_I4_O)        0.124     9.813 r  u0/fnd_OBUF[6]_inst_i_4/O
                         net (fo=7, routed)           1.197    11.010    u0/fnd_OBUF[6]_inst_i_4_n_0
    SLICE_X7Y22          LUT6 (Prop_lut6_I5_O)        0.124    11.134 r  u0/fnd_OBUF[4]_inst_i_1/O
                         net (fo=1, routed)           3.434    14.569    fnd_OBUF[4]
    U8                   OBUF (Prop_obuf_I_O)         3.535    18.104 r  fnd_OBUF[4]_inst/O
                         net (fo=0)                   0.000    18.104    fnd[4]
    U8                                                                r  fnd[4] (OUT)
  -------------------------------------------------------------------    -------------------

Slack:                    inf
  Source:                 u0/mode_reg[0]/C
                            (rising edge-triggered cell FDCE clocked by clk  {rise@0.000ns fall@5.000ns period=10.000ns})
  Destination:            set_pos_out[2]
                            (output port)
  Path Group:             (none)
  Path Type:              Max at Slow Process Corner
  Data Path Delay:        8.279ns  (logic 4.386ns (52.981%)  route 3.893ns (47.019%))
  Logic Levels:           2  (LUT2=1 OBUF=1)
  Clock Uncertainty:      0.025ns  ((TSJ^2 + TIJ^2)^1/2 + DJ) / 2 + PE
    Total System Jitter     (TSJ):    0.050ns
    Total Input Jitter      (TIJ):    0.000ns
    Discrete Jitter          (DJ):    0.000ns
    Phase Error              (PE):    0.000ns

    Location             Delay type                Incr(ns)  Path(ns)    Netlist Resource(s)
  -------------------------------------------------------------------    -------------------
                         (clock clk rise edge)        0.000     0.000 r  
    W5                                                0.000     0.000 r  clk (IN)
                         net (fo=0)                   0.000     0.000    clk
    W5                   IBUF (Prop_ibuf_I_O)         1.458     1.458 r  clk_IBUF_inst/O
                         net (fo=1, routed)           1.967     3.425    clk_IBUF
    BUFGCTRL_X0Y0        BUFG (Prop_bufg_I_O)         0.096     3.521 r  clk_IBUF_BUFG_inst/O
                         net (fo=163, routed)         1.556     5.077    u0/CLK
    SLICE_X8Y29          FDCE                                         r  u0/mode_reg[0]/C
  -------------------------------------------------------------------    -------------------
    SLICE_X8Y29          FDCE (Prop_fdce_C_Q)         0.518     5.595 r  u0/mode_reg[0]/Q
                         net (fo=49, routed)          1.144     6.739    u0/mode_out_OBUF[0]
    SLICE_X9Y25          LUT2 (Prop_lut2_I0_O)        0.152     6.891 r  u0/set_pos_out_OBUF[2]_inst_i_1/O
                         net (fo=1, routed)           2.749     9.640    set_pos_out_OBUF[2]
    U15                  OBUF (Prop_obuf_I_O)         3.716    13.357 r  set_pos_out_OBUF[2]_inst/O
                         net (fo=0)                   0.000    13.357    set_pos_out[2]
    U15                                                               r  set_pos_out[2] (OUT)
  -------------------------------------------------------------------    -------------------

Slack:                    inf
  Source:                 u0/mode_reg[0]/C
                            (rising edge-triggered cell FDCE clocked by clk  {rise@0.000ns fall@5.000ns period=10.000ns})
  Destination:            set_pos_out[0]
                            (output port)
  Path Group:             (none)
  Path Type:              Max at Slow Process Corner
  Data Path Delay:        7.860ns  (logic 4.381ns (55.737%)  route 3.479ns (44.263%))
  Logic Levels:           2  (LUT2=1 OBUF=1)
  Clock Uncertainty:      0.025ns  ((TSJ^2 + TIJ^2)^1/2 + DJ) / 2 + PE
    Total System Jitter     (TSJ):    0.050ns
    Total Input Jitter      (TIJ):    0.000ns
    Discrete Jitter          (DJ):    0.000ns
    Phase Error              (PE):    0.000ns

    Location             Delay type                Incr(ns)  Path(ns)    Netlist Resource(s)
  -------------------------------------------------------------------    -------------------
                         (clock clk rise edge)        0.000     0.000 r  
    W5                                                0.000     0.000 r  clk (IN)
                         net (fo=0)                   0.000     0.000    clk
    W5                   IBUF (Prop_ibuf_I_O)         1.458     1.458 r  clk_IBUF_inst/O
                         net (fo=1, routed)           1.967     3.425    clk_IBUF
    BUFGCTRL_X0Y0        BUFG (Prop_bufg_I_O)         0.096     3.521 r  clk_IBUF_BUFG_inst/O
                         net (fo=163, routed)         1.556     5.077    u0/CLK
    SLICE_X8Y29          FDCE                                         r  u0/mode_reg[0]/C
  -------------------------------------------------------------------    -------------------
    SLICE_X8Y29          FDCE (Prop_fdce_C_Q)         0.518     5.595 r  u0/mode_reg[0]/Q
                         net (fo=49, routed)          1.321     6.916    u0/mode_out_OBUF[0]
    SLICE_X8Y25          LUT2 (Prop_lut2_I0_O)        0.150     7.066 r  u0/set_pos_out_OBUF[0]_inst_i_1/O
                         net (fo=1, routed)           2.158     9.224    set_pos_out_OBUF[0]
    V19                  OBUF (Prop_obuf_I_O)         3.713    12.937 r  set_pos_out_OBUF[0]_inst/O
                         net (fo=0)                   0.000    12.937    set_pos_out[0]
    V19                                                               r  set_pos_out[0] (OUT)
  -------------------------------------------------------------------    -------------------

Slack:                    inf
  Source:                 u0/mode_reg[0]/C
                            (rising edge-triggered cell FDCE clocked by clk  {rise@0.000ns fall@5.000ns period=10.000ns})
  Destination:            set_pos_out[1]
                            (output port)
  Path Group:             (none)
  Path Type:              Max at Slow Process Corner
  Data Path Delay:        7.640ns  (logic 4.151ns (54.327%)  route 3.489ns (45.673%))
  Logic Levels:           2  (LUT2=1 OBUF=1)
  Clock Uncertainty:      0.025ns  ((TSJ^2 + TIJ^2)^1/2 + DJ) / 2 + PE
    Total System Jitter     (TSJ):    0.050ns
    Total Input Jitter      (TIJ):    0.000ns
    Discrete Jitter          (DJ):    0.000ns
    Phase Error              (PE):    0.000ns

    Location             Delay type                Incr(ns)  Path(ns)    Netlist Resource(s)
  -------------------------------------------------------------------    -------------------
                         (clock clk rise edge)        0.000     0.000 r  
    W5                                                0.000     0.000 r  clk (IN)
                         net (fo=0)                   0.000     0.000    clk
    W5                   IBUF (Prop_ibuf_I_O)         1.458     1.458 r  clk_IBUF_inst/O
                         net (fo=1, routed)           1.967     3.425    clk_IBUF
    BUFGCTRL_X0Y0        BUFG (Prop_bufg_I_O)         0.096     3.521 r  clk_IBUF_BUFG_inst/O
                         net (fo=163, routed)         1.556     5.077    u0/CLK
    SLICE_X8Y29          FDCE                                         r  u0/mode_reg[0]/C
  -------------------------------------------------------------------    -------------------
    SLICE_X8Y29          FDCE (Prop_fdce_C_Q)         0.518     5.595 r  u0/mode_reg[0]/Q
                         net (fo=49, routed)          1.332     6.928    u0/mode_out_OBUF[0]
    SLICE_X8Y25          LUT2 (Prop_lut2_I0_O)        0.124     7.052 r  u0/set_pos_out_OBUF[1]_inst_i_1/O
                         net (fo=1, routed)           2.157     9.209    set_pos_out_OBUF[1]
    W18                  OBUF (Prop_obuf_I_O)         3.509    12.717 r  set_pos_out_OBUF[1]_inst/O
                         net (fo=0)                   0.000    12.717    set_pos_out[1]
    W18                                                               r  set_pos_out[1] (OUT)
  -------------------------------------------------------------------    -------------------





Min Delay Paths
--------------------------------------------------------------------------------------
Slack:                    inf
  Source:                 u0/FSM_onehot_set_pos_reg[0]/C
                            (rising edge-triggered cell FDCE clocked by clk  {rise@0.000ns fall@5.000ns period=10.000ns})
  Destination:            u10/sec_reg[0]/CE
  Path Group:             (none)
  Path Type:              Min at Fast Process Corner
  Data Path Delay:        0.486ns  (logic 0.209ns (42.968%)  route 0.277ns (57.032%))
  Logic Levels:           1  (LUT5=1)
  Clock Uncertainty:      0.025ns  ((TSJ^2 + TIJ^2)^1/2 + DJ) / 2 + PE
    Total System Jitter     (TSJ):    0.050ns
    Total Input Jitter      (TIJ):    0.000ns
    Discrete Jitter          (DJ):    0.000ns
    Phase Error              (PE):    0.000ns

    Location             Delay type                Incr(ns)  Path(ns)    Netlist Resource(s)
  -------------------------------------------------------------------    -------------------
                         (clock clk rise edge)        0.000     0.000 r  
    W5                                                0.000     0.000 r  clk (IN)
                         net (fo=0)                   0.000     0.000    clk
    W5                   IBUF (Prop_ibuf_I_O)         0.226     0.226 r  clk_IBUF_inst/O
                         net (fo=1, routed)           0.631     0.858    clk_IBUF
    BUFGCTRL_X0Y0        BUFG (Prop_bufg_I_O)         0.026     0.884 r  clk_IBUF_BUFG_inst/O
                         net (fo=163, routed)         0.553     1.436    u0/CLK
    SLICE_X8Y25          FDCE                                         r  u0/FSM_onehot_set_pos_reg[0]/C
  -------------------------------------------------------------------    -------------------
    SLICE_X8Y25          FDCE (Prop_fdce_C_Q)         0.164     1.600 r  u0/FSM_onehot_set_pos_reg[0]/Q
                         net (fo=9, routed)           0.117     1.718    u0/set_pos_reg[0]
    SLICE_X9Y25          LUT5 (Prop_lut5_I3_O)        0.045     1.763 r  u0/sec[5]_i_1/O
                         net (fo=6, routed)           0.160     1.923    u10/E[0]
    SLICE_X9Y24          FDCE                                         r  u10/sec_reg[0]/CE
  -------------------------------------------------------------------    -------------------

Slack:                    inf
  Source:                 u0/FSM_onehot_set_pos_reg[0]/C
                            (rising edge-triggered cell FDCE clocked by clk  {rise@0.000ns fall@5.000ns period=10.000ns})
  Destination:            u10/sec_reg[1]/CE
  Path Group:             (none)
  Path Type:              Min at Fast Process Corner
  Data Path Delay:        0.486ns  (logic 0.209ns (42.968%)  route 0.277ns (57.032%))
  Logic Levels:           1  (LUT5=1)
  Clock Uncertainty:      0.025ns  ((TSJ^2 + TIJ^2)^1/2 + DJ) / 2 + PE
    Total System Jitter     (TSJ):    0.050ns
    Total Input Jitter      (TIJ):    0.000ns
    Discrete Jitter          (DJ):    0.000ns
    Phase Error              (PE):    0.000ns

    Location             Delay type                Incr(ns)  Path(ns)    Netlist Resource(s)
  -------------------------------------------------------------------    -------------------
                         (clock clk rise edge)        0.000     0.000 r  
    W5                                                0.000     0.000 r  clk (IN)
                         net (fo=0)                   0.000     0.000    clk
    W5                   IBUF (Prop_ibuf_I_O)         0.226     0.226 r  clk_IBUF_inst/O
                         net (fo=1, routed)           0.631     0.858    clk_IBUF
    BUFGCTRL_X0Y0        BUFG (Prop_bufg_I_O)         0.026     0.884 r  clk_IBUF_BUFG_inst/O
                         net (fo=163, routed)         0.553     1.436    u0/CLK
    SLICE_X8Y25          FDCE                                         r  u0/FSM_onehot_set_pos_reg[0]/C
  -------------------------------------------------------------------    -------------------
    SLICE_X8Y25          FDCE (Prop_fdce_C_Q)         0.164     1.600 r  u0/FSM_onehot_set_pos_reg[0]/Q
                         net (fo=9, routed)           0.117     1.718    u0/set_pos_reg[0]
    SLICE_X9Y25          LUT5 (Prop_lut5_I3_O)        0.045     1.763 r  u0/sec[5]_i_1/O
                         net (fo=6, routed)           0.160     1.923    u10/E[0]
    SLICE_X9Y24          FDCE                                         r  u10/sec_reg[1]/CE
  -------------------------------------------------------------------    -------------------

Slack:                    inf
  Source:                 u0/FSM_onehot_set_pos_reg[0]/C
                            (rising edge-triggered cell FDCE clocked by clk  {rise@0.000ns fall@5.000ns period=10.000ns})
  Destination:            u10/sec_reg[3]/CE
  Path Group:             (none)
  Path Type:              Min at Fast Process Corner
  Data Path Delay:        0.600ns  (logic 0.209ns (34.828%)  route 0.391ns (65.172%))
  Logic Levels:           1  (LUT5=1)
  Clock Uncertainty:      0.025ns  ((TSJ^2 + TIJ^2)^1/2 + DJ) / 2 + PE
    Total System Jitter     (TSJ):    0.050ns
    Total Input Jitter      (TIJ):    0.000ns
    Discrete Jitter          (DJ):    0.000ns
    Phase Error              (PE):    0.000ns

    Location             Delay type                Incr(ns)  Path(ns)    Netlist Resource(s)
  -------------------------------------------------------------------    -------------------
                         (clock clk rise edge)        0.000     0.000 r  
    W5                                                0.000     0.000 r  clk (IN)
                         net (fo=0)                   0.000     0.000    clk
    W5                   IBUF (Prop_ibuf_I_O)         0.226     0.226 r  clk_IBUF_inst/O
                         net (fo=1, routed)           0.631     0.858    clk_IBUF
    BUFGCTRL_X0Y0        BUFG (Prop_bufg_I_O)         0.026     0.884 r  clk_IBUF_BUFG_inst/O
                         net (fo=163, routed)         0.553     1.436    u0/CLK
    SLICE_X8Y25          FDCE                                         r  u0/FSM_onehot_set_pos_reg[0]/C
  -------------------------------------------------------------------    -------------------
    SLICE_X8Y25          FDCE (Prop_fdce_C_Q)         0.164     1.600 r  u0/FSM_onehot_set_pos_reg[0]/Q
                         net (fo=9, routed)           0.117     1.718    u0/set_pos_reg[0]
    SLICE_X9Y25          LUT5 (Prop_lut5_I3_O)        0.045     1.763 r  u0/sec[5]_i_1/O
                         net (fo=6, routed)           0.274     2.036    u10/E[0]
    SLICE_X10Y23         FDCE                                         r  u10/sec_reg[3]/CE
  -------------------------------------------------------------------    -------------------

Slack:                    inf
  Source:                 u0/FSM_onehot_set_pos_reg[0]/C
                            (rising edge-triggered cell FDCE clocked by clk  {rise@0.000ns fall@5.000ns period=10.000ns})
  Destination:            u10/sec_reg[4]/CE
  Path Group:             (none)
  Path Type:              Min at Fast Process Corner
  Data Path Delay:        0.600ns  (logic 0.209ns (34.828%)  route 0.391ns (65.172%))
  Logic Levels:           1  (LUT5=1)
  Clock Uncertainty:      0.025ns  ((TSJ^2 + TIJ^2)^1/2 + DJ) / 2 + PE
    Total System Jitter     (TSJ):    0.050ns
    Total Input Jitter      (TIJ):    0.000ns
    Discrete Jitter          (DJ):    0.000ns
    Phase Error              (PE):    0.000ns

    Location             Delay type                Incr(ns)  Path(ns)    Netlist Resource(s)
  -------------------------------------------------------------------    -------------------
                         (clock clk rise edge)        0.000     0.000 r  
    W5                                                0.000     0.000 r  clk (IN)
                         net (fo=0)                   0.000     0.000    clk
    W5                   IBUF (Prop_ibuf_I_O)         0.226     0.226 r  clk_IBUF_inst/O
                         net (fo=1, routed)           0.631     0.858    clk_IBUF
    BUFGCTRL_X0Y0        BUFG (Prop_bufg_I_O)         0.026     0.884 r  clk_IBUF_BUFG_inst/O
                         net (fo=163, routed)         0.553     1.436    u0/CLK
    SLICE_X8Y25          FDCE                                         r  u0/FSM_onehot_set_pos_reg[0]/C
  -------------------------------------------------------------------    -------------------
    SLICE_X8Y25          FDCE (Prop_fdce_C_Q)         0.164     1.600 r  u0/FSM_onehot_set_pos_reg[0]/Q
                         net (fo=9, routed)           0.117     1.718    u0/set_pos_reg[0]
    SLICE_X9Y25          LUT5 (Prop_lut5_I3_O)        0.045     1.763 r  u0/sec[5]_i_1/O
                         net (fo=6, routed)           0.274     2.036    u10/E[0]
    SLICE_X10Y23         FDCE                                         r  u10/sec_reg[4]/CE
  -------------------------------------------------------------------    -------------------

Slack:                    inf
  Source:                 u0/FSM_onehot_set_pos_reg[0]/C
                            (rising edge-triggered cell FDCE clocked by clk  {rise@0.000ns fall@5.000ns period=10.000ns})
  Destination:            u10/min_reg[3]/CE
  Path Group:             (none)
  Path Type:              Min at Fast Process Corner
  Data Path Delay:        0.611ns  (logic 0.213ns (34.849%)  route 0.398ns (65.151%))
  Logic Levels:           1  (LUT5=1)
  Clock Uncertainty:      0.025ns  ((TSJ^2 + TIJ^2)^1/2 + DJ) / 2 + PE
    Total System Jitter     (TSJ):    0.050ns
    Total Input Jitter      (TIJ):    0.000ns
    Discrete Jitter          (DJ):    0.000ns
    Phase Error              (PE):    0.000ns

    Location             Delay type                Incr(ns)  Path(ns)    Netlist Resource(s)
  -------------------------------------------------------------------    -------------------
                         (clock clk rise edge)        0.000     0.000 r  
    W5                                                0.000     0.000 r  clk (IN)
                         net (fo=0)                   0.000     0.000    clk
    W5                   IBUF (Prop_ibuf_I_O)         0.226     0.226 r  clk_IBUF_inst/O
                         net (fo=1, routed)           0.631     0.858    clk_IBUF
    BUFGCTRL_X0Y0        BUFG (Prop_bufg_I_O)         0.026     0.884 r  clk_IBUF_BUFG_inst/O
                         net (fo=163, routed)         0.553     1.436    u0/CLK
    SLICE_X8Y25          FDCE                                         r  u0/FSM_onehot_set_pos_reg[0]/C
  -------------------------------------------------------------------    -------------------
    SLICE_X8Y25          FDCE (Prop_fdce_C_Q)         0.164     1.600 f  u0/FSM_onehot_set_pos_reg[0]/Q
                         net (fo=9, routed)           0.117     1.718    u0/set_pos_reg[0]
    SLICE_X9Y25          LUT5 (Prop_lut5_I1_O)        0.049     1.767 r  u0/min[5]_i_1__0/O
                         net (fo=6, routed)           0.281     2.047    u10/min_reg[5]_2[0]
    SLICE_X2Y26          FDCE                                         r  u10/min_reg[3]/CE
  -------------------------------------------------------------------    -------------------

Slack:                    inf
  Source:                 u0/FSM_onehot_set_pos_reg[0]/C
                            (rising edge-triggered cell FDCE clocked by clk  {rise@0.000ns fall@5.000ns period=10.000ns})
  Destination:            u10/min_reg[4]/CE
  Path Group:             (none)
  Path Type:              Min at Fast Process Corner
  Data Path Delay:        0.649ns  (logic 0.213ns (32.839%)  route 0.436ns (67.161%))
  Logic Levels:           1  (LUT5=1)
  Clock Uncertainty:      0.025ns  ((TSJ^2 + TIJ^2)^1/2 + DJ) / 2 + PE
    Total System Jitter     (TSJ):    0.050ns
    Total Input Jitter      (TIJ):    0.000ns
    Discrete Jitter          (DJ):    0.000ns
    Phase Error              (PE):    0.000ns

    Location             Delay type                Incr(ns)  Path(ns)    Netlist Resource(s)
  -------------------------------------------------------------------    -------------------
                         (clock clk rise edge)        0.000     0.000 r  
    W5                                                0.000     0.000 r  clk (IN)
                         net (fo=0)                   0.000     0.000    clk
    W5                   IBUF (Prop_ibuf_I_O)         0.226     0.226 r  clk_IBUF_inst/O
                         net (fo=1, routed)           0.631     0.858    clk_IBUF
    BUFGCTRL_X0Y0        BUFG (Prop_bufg_I_O)         0.026     0.884 r  clk_IBUF_BUFG_inst/O
                         net (fo=163, routed)         0.553     1.436    u0/CLK
    SLICE_X8Y25          FDCE                                         r  u0/FSM_onehot_set_pos_reg[0]/C
  -------------------------------------------------------------------    -------------------
    SLICE_X8Y25          FDCE (Prop_fdce_C_Q)         0.164     1.600 f  u0/FSM_onehot_set_pos_reg[0]/Q
                         net (fo=9, routed)           0.117     1.718    u0/set_pos_reg[0]
    SLICE_X9Y25          LUT5 (Prop_lut5_I1_O)        0.049     1.767 r  u0/min[5]_i_1__0/O
                         net (fo=6, routed)           0.318     2.085    u10/min_reg[5]_2[0]
    SLICE_X4Y26          FDCE                                         r  u10/min_reg[4]/CE
  -------------------------------------------------------------------    -------------------

Slack:                    inf
  Source:                 u0/FSM_onehot_set_pos_reg[2]/C
                            (rising edge-triggered cell FDPE clocked by clk  {rise@0.000ns fall@5.000ns period=10.000ns})
  Destination:            u10/hour_reg[0]/CE
  Path Group:             (none)
  Path Type:              Min at Fast Process Corner
  Data Path Delay:        0.671ns  (logic 0.212ns (31.577%)  route 0.459ns (68.423%))
  Logic Levels:           1  (LUT5=1)
  Clock Uncertainty:      0.025ns  ((TSJ^2 + TIJ^2)^1/2 + DJ) / 2 + PE
    Total System Jitter     (TSJ):    0.050ns
    Total Input Jitter      (TIJ):    0.000ns
    Discrete Jitter          (DJ):    0.000ns
    Phase Error              (PE):    0.000ns

    Location             Delay type                Incr(ns)  Path(ns)    Netlist Resource(s)
  -------------------------------------------------------------------    -------------------
                         (clock clk rise edge)        0.000     0.000 r  
    W5                                                0.000     0.000 r  clk (IN)
                         net (fo=0)                   0.000     0.000    clk
    W5                   IBUF (Prop_ibuf_I_O)         0.226     0.226 r  clk_IBUF_inst/O
                         net (fo=1, routed)           0.631     0.858    clk_IBUF
    BUFGCTRL_X0Y0        BUFG (Prop_bufg_I_O)         0.026     0.884 r  clk_IBUF_BUFG_inst/O
                         net (fo=163, routed)         0.553     1.436    u0/CLK
    SLICE_X8Y25          FDPE                                         r  u0/FSM_onehot_set_pos_reg[2]/C
  -------------------------------------------------------------------    -------------------
    SLICE_X8Y25          FDPE (Prop_fdpe_C_Q)         0.164     1.600 r  u0/FSM_onehot_set_pos_reg[2]/Q
                         net (fo=9, routed)           0.188     1.788    u0/set_pos_reg[2]
    SLICE_X8Y26          LUT5 (Prop_lut5_I3_O)        0.048     1.836 r  u0/hour[4]_i_1__0/O
                         net (fo=5, routed)           0.272     2.107    u10/hour_reg[4]_0[0]
    SLICE_X5Y27          FDCE                                         r  u10/hour_reg[0]/CE
  -------------------------------------------------------------------    -------------------

Slack:                    inf
  Source:                 u0/FSM_onehot_set_pos_reg[0]/C
                            (rising edge-triggered cell FDCE clocked by clk  {rise@0.000ns fall@5.000ns period=10.000ns})
  Destination:            u10/min_reg[0]/CE
  Path Group:             (none)
  Path Type:              Min at Fast Process Corner
  Data Path Delay:        0.709ns  (logic 0.213ns (30.047%)  route 0.496ns (69.953%))
  Logic Levels:           1  (LUT5=1)
  Clock Uncertainty:      0.025ns  ((TSJ^2 + TIJ^2)^1/2 + DJ) / 2 + PE
    Total System Jitter     (TSJ):    0.050ns
    Total Input Jitter      (TIJ):    0.000ns
    Discrete Jitter          (DJ):    0.000ns
    Phase Error              (PE):    0.000ns

    Location             Delay type                Incr(ns)  Path(ns)    Netlist Resource(s)
  -------------------------------------------------------------------    -------------------
                         (clock clk rise edge)        0.000     0.000 r  
    W5                                                0.000     0.000 r  clk (IN)
                         net (fo=0)                   0.000     0.000    clk
    W5                   IBUF (Prop_ibuf_I_O)         0.226     0.226 r  clk_IBUF_inst/O
                         net (fo=1, routed)           0.631     0.858    clk_IBUF
    BUFGCTRL_X0Y0        BUFG (Prop_bufg_I_O)         0.026     0.884 r  clk_IBUF_BUFG_inst/O
                         net (fo=163, routed)         0.553     1.436    u0/CLK
    SLICE_X8Y25          FDCE                                         r  u0/FSM_onehot_set_pos_reg[0]/C
  -------------------------------------------------------------------    -------------------
    SLICE_X8Y25          FDCE (Prop_fdce_C_Q)         0.164     1.600 f  u0/FSM_onehot_set_pos_reg[0]/Q
                         net (fo=9, routed)           0.117     1.718    u0/set_pos_reg[0]
    SLICE_X9Y25          LUT5 (Prop_lut5_I1_O)        0.049     1.767 r  u0/min[5]_i_1__0/O
                         net (fo=6, routed)           0.378     2.145    u10/min_reg[5]_2[0]
    SLICE_X5Y26          FDCE                                         r  u10/min_reg[0]/CE
  -------------------------------------------------------------------    -------------------

Slack:                    inf
  Source:                 u0/FSM_onehot_set_pos_reg[0]/C
                            (rising edge-triggered cell FDCE clocked by clk  {rise@0.000ns fall@5.000ns period=10.000ns})
  Destination:            u10/min_reg[2]/CE
  Path Group:             (none)
  Path Type:              Min at Fast Process Corner
  Data Path Delay:        0.709ns  (logic 0.213ns (30.047%)  route 0.496ns (69.953%))
  Logic Levels:           1  (LUT5=1)
  Clock Uncertainty:      0.025ns  ((TSJ^2 + TIJ^2)^1/2 + DJ) / 2 + PE
    Total System Jitter     (TSJ):    0.050ns
    Total Input Jitter      (TIJ):    0.000ns
    Discrete Jitter          (DJ):    0.000ns
    Phase Error              (PE):    0.000ns

    Location             Delay type                Incr(ns)  Path(ns)    Netlist Resource(s)
  -------------------------------------------------------------------    -------------------
                         (clock clk rise edge)        0.000     0.000 r  
    W5                                                0.000     0.000 r  clk (IN)
                         net (fo=0)                   0.000     0.000    clk
    W5                   IBUF (Prop_ibuf_I_O)         0.226     0.226 r  clk_IBUF_inst/O
                         net (fo=1, routed)           0.631     0.858    clk_IBUF
    BUFGCTRL_X0Y0        BUFG (Prop_bufg_I_O)         0.026     0.884 r  clk_IBUF_BUFG_inst/O
                         net (fo=163, routed)         0.553     1.436    u0/CLK
    SLICE_X8Y25          FDCE                                         r  u0/FSM_onehot_set_pos_reg[0]/C
  -------------------------------------------------------------------    -------------------
    SLICE_X8Y25          FDCE (Prop_fdce_C_Q)         0.164     1.600 f  u0/FSM_onehot_set_pos_reg[0]/Q
                         net (fo=9, routed)           0.117     1.718    u0/set_pos_reg[0]
    SLICE_X9Y25          LUT5 (Prop_lut5_I1_O)        0.049     1.767 r  u0/min[5]_i_1__0/O
                         net (fo=6, routed)           0.378     2.145    u10/min_reg[5]_2[0]
    SLICE_X5Y26          FDCE                                         r  u10/min_reg[2]/CE
  -------------------------------------------------------------------    -------------------

Slack:                    inf
  Source:                 u0/FSM_onehot_set_pos_reg[0]/C
                            (rising edge-triggered cell FDCE clocked by clk  {rise@0.000ns fall@5.000ns period=10.000ns})
  Destination:            u10/min_reg[1]/CE
  Path Group:             (none)
  Path Type:              Min at Fast Process Corner
  Data Path Delay:        0.710ns  (logic 0.213ns (30.014%)  route 0.497ns (69.986%))
  Logic Levels:           1  (LUT5=1)
  Clock Uncertainty:      0.025ns  ((TSJ^2 + TIJ^2)^1/2 + DJ) / 2 + PE
    Total System Jitter     (TSJ):    0.050ns
    Total Input Jitter      (TIJ):    0.000ns
    Discrete Jitter          (DJ):    0.000ns
    Phase Error              (PE):    0.000ns

    Location             Delay type                Incr(ns)  Path(ns)    Netlist Resource(s)
  -------------------------------------------------------------------    -------------------
                         (clock clk rise edge)        0.000     0.000 r  
    W5                                                0.000     0.000 r  clk (IN)
                         net (fo=0)                   0.000     0.000    clk
    W5                   IBUF (Prop_ibuf_I_O)         0.226     0.226 r  clk_IBUF_inst/O
                         net (fo=1, routed)           0.631     0.858    clk_IBUF
    BUFGCTRL_X0Y0        BUFG (Prop_bufg_I_O)         0.026     0.884 r  clk_IBUF_BUFG_inst/O
                         net (fo=163, routed)         0.553     1.436    u0/CLK
    SLICE_X8Y25          FDCE                                         r  u0/FSM_onehot_set_pos_reg[0]/C
  -------------------------------------------------------------------    -------------------
    SLICE_X8Y25          FDCE (Prop_fdce_C_Q)         0.164     1.600 f  u0/FSM_onehot_set_pos_reg[0]/Q
                         net (fo=9, routed)           0.117     1.718    u0/set_pos_reg[0]
    SLICE_X9Y25          LUT5 (Prop_lut5_I1_O)        0.049     1.767 r  u0/min[5]_i_1__0/O
                         net (fo=6, routed)           0.379     2.146    u10/min_reg[5]_2[0]
    SLICE_X1Y26          FDCE                                         r  u10/min_reg[1]/CE
  -------------------------------------------------------------------    -------------------





--------------------------------------------------------------------------------------
Path Group:  (none)
From Clock:  
  To Clock:  clk

Max Delay           198 Endpoints
Min Delay           198 Endpoints
--------------------------------------------------------------------------------------


Max Delay Paths
--------------------------------------------------------------------------------------
Slack:                    inf
  Source:                 reset
                            (input port)
  Destination:            u0/cnt1_reg[14]/CLR
                            (recovery check against rising-edge clock clk  {rise@0.000ns fall@5.000ns period=10.000ns})
  Path Group:             (none)
  Path Type:              Recovery (Max at Slow Process Corner)
  Data Path Delay:        6.728ns  (logic 1.441ns (21.421%)  route 5.287ns (78.579%))
  Logic Levels:           1  (IBUF=1)
  Clock Path Skew:        4.781ns (DCD - SCD + CPR)
    Destination Clock Delay (DCD):    4.781ns
    Source Clock Delay      (SCD):    0.000ns
    Clock Pessimism Removal (CPR):    0.000ns
  Clock Uncertainty:      0.025ns  ((TSJ^2 + TIJ^2)^1/2 + DJ) / 2 + PE
    Total System Jitter     (TSJ):    0.050ns
    Total Input Jitter      (TIJ):    0.000ns
    Discrete Jitter          (DJ):    0.000ns
    Phase Error              (PE):    0.000ns

    Location             Delay type                Incr(ns)  Path(ns)    Netlist Resource(s)
  -------------------------------------------------------------------    -------------------
    U18                                               0.000     0.000 f  reset (IN)
                         net (fo=0)                   0.000     0.000    reset
    U18                  IBUF (Prop_ibuf_I_O)         1.441     1.441 f  reset_IBUF_inst/O
                         net (fo=179, routed)         5.287     6.728    u0/AR[0]
    SLICE_X10Y29         FDCE                                         f  u0/cnt1_reg[14]/CLR
  -------------------------------------------------------------------    -------------------

                         (clock clk rise edge)        0.000     0.000 r  
    W5                                                0.000     0.000 r  clk (IN)
                         net (fo=0)                   0.000     0.000    clk
    W5                   IBUF (Prop_ibuf_I_O)         1.388     1.388 r  clk_IBUF_inst/O
                         net (fo=1, routed)           1.862     3.250    clk_IBUF
    BUFGCTRL_X0Y0        BUFG (Prop_bufg_I_O)         0.091     3.341 r  clk_IBUF_BUFG_inst/O
                         net (fo=163, routed)         1.440     4.781    u0/CLK
    SLICE_X10Y29         FDCE                                         r  u0/cnt1_reg[14]/C

Slack:                    inf
  Source:                 reset
                            (input port)
  Destination:            u0/cnt1_reg[15]/CLR
                            (recovery check against rising-edge clock clk  {rise@0.000ns fall@5.000ns period=10.000ns})
  Path Group:             (none)
  Path Type:              Recovery (Max at Slow Process Corner)
  Data Path Delay:        6.728ns  (logic 1.441ns (21.421%)  route 5.287ns (78.579%))
  Logic Levels:           1  (IBUF=1)
  Clock Path Skew:        4.781ns (DCD - SCD + CPR)
    Destination Clock Delay (DCD):    4.781ns
    Source Clock Delay      (SCD):    0.000ns
    Clock Pessimism Removal (CPR):    0.000ns
  Clock Uncertainty:      0.025ns  ((TSJ^2 + TIJ^2)^1/2 + DJ) / 2 + PE
    Total System Jitter     (TSJ):    0.050ns
    Total Input Jitter      (TIJ):    0.000ns
    Discrete Jitter          (DJ):    0.000ns
    Phase Error              (PE):    0.000ns

    Location             Delay type                Incr(ns)  Path(ns)    Netlist Resource(s)
  -------------------------------------------------------------------    -------------------
    U18                                               0.000     0.000 f  reset (IN)
                         net (fo=0)                   0.000     0.000    reset
    U18                  IBUF (Prop_ibuf_I_O)         1.441     1.441 f  reset_IBUF_inst/O
                         net (fo=179, routed)         5.287     6.728    u0/AR[0]
    SLICE_X10Y29         FDCE                                         f  u0/cnt1_reg[15]/CLR
  -------------------------------------------------------------------    -------------------

                         (clock clk rise edge)        0.000     0.000 r  
    W5                                                0.000     0.000 r  clk (IN)
                         net (fo=0)                   0.000     0.000    clk
    W5                   IBUF (Prop_ibuf_I_O)         1.388     1.388 r  clk_IBUF_inst/O
                         net (fo=1, routed)           1.862     3.250    clk_IBUF
    BUFGCTRL_X0Y0        BUFG (Prop_bufg_I_O)         0.091     3.341 r  clk_IBUF_BUFG_inst/O
                         net (fo=163, routed)         1.440     4.781    u0/CLK
    SLICE_X10Y29         FDCE                                         r  u0/cnt1_reg[15]/C

Slack:                    inf
  Source:                 reset
                            (input port)
  Destination:            u0/cnt1_reg[16]/CLR
                            (recovery check against rising-edge clock clk  {rise@0.000ns fall@5.000ns period=10.000ns})
  Path Group:             (none)
  Path Type:              Recovery (Max at Slow Process Corner)
  Data Path Delay:        6.728ns  (logic 1.441ns (21.421%)  route 5.287ns (78.579%))
  Logic Levels:           1  (IBUF=1)
  Clock Path Skew:        4.781ns (DCD - SCD + CPR)
    Destination Clock Delay (DCD):    4.781ns
    Source Clock Delay      (SCD):    0.000ns
    Clock Pessimism Removal (CPR):    0.000ns
  Clock Uncertainty:      0.025ns  ((TSJ^2 + TIJ^2)^1/2 + DJ) / 2 + PE
    Total System Jitter     (TSJ):    0.050ns
    Total Input Jitter      (TIJ):    0.000ns
    Discrete Jitter          (DJ):    0.000ns
    Phase Error              (PE):    0.000ns

    Location             Delay type                Incr(ns)  Path(ns)    Netlist Resource(s)
  -------------------------------------------------------------------    -------------------
    U18                                               0.000     0.000 f  reset (IN)
                         net (fo=0)                   0.000     0.000    reset
    U18                  IBUF (Prop_ibuf_I_O)         1.441     1.441 f  reset_IBUF_inst/O
                         net (fo=179, routed)         5.287     6.728    u0/AR[0]
    SLICE_X10Y29         FDCE                                         f  u0/cnt1_reg[16]/CLR
  -------------------------------------------------------------------    -------------------

                         (clock clk rise edge)        0.000     0.000 r  
    W5                                                0.000     0.000 r  clk (IN)
                         net (fo=0)                   0.000     0.000    clk
    W5                   IBUF (Prop_ibuf_I_O)         1.388     1.388 r  clk_IBUF_inst/O
                         net (fo=1, routed)           1.862     3.250    clk_IBUF
    BUFGCTRL_X0Y0        BUFG (Prop_bufg_I_O)         0.091     3.341 r  clk_IBUF_BUFG_inst/O
                         net (fo=163, routed)         1.440     4.781    u0/CLK
    SLICE_X10Y29         FDCE                                         r  u0/cnt1_reg[16]/C

Slack:                    inf
  Source:                 reset
                            (input port)
  Destination:            u0/cnt1_reg[17]/CLR
                            (recovery check against rising-edge clock clk  {rise@0.000ns fall@5.000ns period=10.000ns})
  Path Group:             (none)
  Path Type:              Recovery (Max at Slow Process Corner)
  Data Path Delay:        6.728ns  (logic 1.441ns (21.421%)  route 5.287ns (78.579%))
  Logic Levels:           1  (IBUF=1)
  Clock Path Skew:        4.781ns (DCD - SCD + CPR)
    Destination Clock Delay (DCD):    4.781ns
    Source Clock Delay      (SCD):    0.000ns
    Clock Pessimism Removal (CPR):    0.000ns
  Clock Uncertainty:      0.025ns  ((TSJ^2 + TIJ^2)^1/2 + DJ) / 2 + PE
    Total System Jitter     (TSJ):    0.050ns
    Total Input Jitter      (TIJ):    0.000ns
    Discrete Jitter          (DJ):    0.000ns
    Phase Error              (PE):    0.000ns

    Location             Delay type                Incr(ns)  Path(ns)    Netlist Resource(s)
  -------------------------------------------------------------------    -------------------
    U18                                               0.000     0.000 f  reset (IN)
                         net (fo=0)                   0.000     0.000    reset
    U18                  IBUF (Prop_ibuf_I_O)         1.441     1.441 f  reset_IBUF_inst/O
                         net (fo=179, routed)         5.287     6.728    u0/AR[0]
    SLICE_X10Y29         FDCE                                         f  u0/cnt1_reg[17]/CLR
  -------------------------------------------------------------------    -------------------

                         (clock clk rise edge)        0.000     0.000 r  
    W5                                                0.000     0.000 r  clk (IN)
                         net (fo=0)                   0.000     0.000    clk
    W5                   IBUF (Prop_ibuf_I_O)         1.388     1.388 r  clk_IBUF_inst/O
                         net (fo=1, routed)           1.862     3.250    clk_IBUF
    BUFGCTRL_X0Y0        BUFG (Prop_bufg_I_O)         0.091     3.341 r  clk_IBUF_BUFG_inst/O
                         net (fo=163, routed)         1.440     4.781    u0/CLK
    SLICE_X10Y29         FDCE                                         r  u0/cnt1_reg[17]/C

Slack:                    inf
  Source:                 reset
                            (input port)
  Destination:            u0/cnt0_reg[14]/CLR
                            (recovery check against rising-edge clock clk  {rise@0.000ns fall@5.000ns period=10.000ns})
  Path Group:             (none)
  Path Type:              Recovery (Max at Slow Process Corner)
  Data Path Delay:        6.728ns  (logic 1.441ns (21.423%)  route 5.287ns (78.577%))
  Logic Levels:           1  (IBUF=1)
  Clock Path Skew:        4.783ns (DCD - SCD + CPR)
    Destination Clock Delay (DCD):    4.783ns
    Source Clock Delay      (SCD):    0.000ns
    Clock Pessimism Removal (CPR):    0.000ns
  Clock Uncertainty:      0.025ns  ((TSJ^2 + TIJ^2)^1/2 + DJ) / 2 + PE
    Total System Jitter     (TSJ):    0.050ns
    Total Input Jitter      (TIJ):    0.000ns
    Discrete Jitter          (DJ):    0.000ns
    Phase Error              (PE):    0.000ns

    Location             Delay type                Incr(ns)  Path(ns)    Netlist Resource(s)
  -------------------------------------------------------------------    -------------------
    U18                                               0.000     0.000 f  reset (IN)
                         net (fo=0)                   0.000     0.000    reset
    U18                  IBUF (Prop_ibuf_I_O)         1.441     1.441 f  reset_IBUF_inst/O
                         net (fo=179, routed)         5.287     6.728    u0/AR[0]
    SLICE_X8Y32          FDCE                                         f  u0/cnt0_reg[14]/CLR
  -------------------------------------------------------------------    -------------------

                         (clock clk rise edge)        0.000     0.000 r  
    W5                                                0.000     0.000 r  clk (IN)
                         net (fo=0)                   0.000     0.000    clk
    W5                   IBUF (Prop_ibuf_I_O)         1.388     1.388 r  clk_IBUF_inst/O
                         net (fo=1, routed)           1.862     3.250    clk_IBUF
    BUFGCTRL_X0Y0        BUFG (Prop_bufg_I_O)         0.091     3.341 r  clk_IBUF_BUFG_inst/O
                         net (fo=163, routed)         1.442     4.783    u0/CLK
    SLICE_X8Y32          FDCE                                         r  u0/cnt0_reg[14]/C

Slack:                    inf
  Source:                 reset
                            (input port)
  Destination:            u0/cnt0_reg[15]/CLR
                            (recovery check against rising-edge clock clk  {rise@0.000ns fall@5.000ns period=10.000ns})
  Path Group:             (none)
  Path Type:              Recovery (Max at Slow Process Corner)
  Data Path Delay:        6.728ns  (logic 1.441ns (21.423%)  route 5.287ns (78.577%))
  Logic Levels:           1  (IBUF=1)
  Clock Path Skew:        4.783ns (DCD - SCD + CPR)
    Destination Clock Delay (DCD):    4.783ns
    Source Clock Delay      (SCD):    0.000ns
    Clock Pessimism Removal (CPR):    0.000ns
  Clock Uncertainty:      0.025ns  ((TSJ^2 + TIJ^2)^1/2 + DJ) / 2 + PE
    Total System Jitter     (TSJ):    0.050ns
    Total Input Jitter      (TIJ):    0.000ns
    Discrete Jitter          (DJ):    0.000ns
    Phase Error              (PE):    0.000ns

    Location             Delay type                Incr(ns)  Path(ns)    Netlist Resource(s)
  -------------------------------------------------------------------    -------------------
    U18                                               0.000     0.000 f  reset (IN)
                         net (fo=0)                   0.000     0.000    reset
    U18                  IBUF (Prop_ibuf_I_O)         1.441     1.441 f  reset_IBUF_inst/O
                         net (fo=179, routed)         5.287     6.728    u0/AR[0]
    SLICE_X8Y32          FDCE                                         f  u0/cnt0_reg[15]/CLR
  -------------------------------------------------------------------    -------------------

                         (clock clk rise edge)        0.000     0.000 r  
    W5                                                0.000     0.000 r  clk (IN)
                         net (fo=0)                   0.000     0.000    clk
    W5                   IBUF (Prop_ibuf_I_O)         1.388     1.388 r  clk_IBUF_inst/O
                         net (fo=1, routed)           1.862     3.250    clk_IBUF
    BUFGCTRL_X0Y0        BUFG (Prop_bufg_I_O)         0.091     3.341 r  clk_IBUF_BUFG_inst/O
                         net (fo=163, routed)         1.442     4.783    u0/CLK
    SLICE_X8Y32          FDCE                                         r  u0/cnt0_reg[15]/C

Slack:                    inf
  Source:                 reset
                            (input port)
  Destination:            u0/cnt0_reg[16]/CLR
                            (recovery check against rising-edge clock clk  {rise@0.000ns fall@5.000ns period=10.000ns})
  Path Group:             (none)
  Path Type:              Recovery (Max at Slow Process Corner)
  Data Path Delay:        6.728ns  (logic 1.441ns (21.423%)  route 5.287ns (78.577%))
  Logic Levels:           1  (IBUF=1)
  Clock Path Skew:        4.783ns (DCD - SCD + CPR)
    Destination Clock Delay (DCD):    4.783ns
    Source Clock Delay      (SCD):    0.000ns
    Clock Pessimism Removal (CPR):    0.000ns
  Clock Uncertainty:      0.025ns  ((TSJ^2 + TIJ^2)^1/2 + DJ) / 2 + PE
    Total System Jitter     (TSJ):    0.050ns
    Total Input Jitter      (TIJ):    0.000ns
    Discrete Jitter          (DJ):    0.000ns
    Phase Error              (PE):    0.000ns

    Location             Delay type                Incr(ns)  Path(ns)    Netlist Resource(s)
  -------------------------------------------------------------------    -------------------
    U18                                               0.000     0.000 f  reset (IN)
                         net (fo=0)                   0.000     0.000    reset
    U18                  IBUF (Prop_ibuf_I_O)         1.441     1.441 f  reset_IBUF_inst/O
                         net (fo=179, routed)         5.287     6.728    u0/AR[0]
    SLICE_X8Y32          FDCE                                         f  u0/cnt0_reg[16]/CLR
  -------------------------------------------------------------------    -------------------

                         (clock clk rise edge)        0.000     0.000 r  
    W5                                                0.000     0.000 r  clk (IN)
                         net (fo=0)                   0.000     0.000    clk
    W5                   IBUF (Prop_ibuf_I_O)         1.388     1.388 r  clk_IBUF_inst/O
                         net (fo=1, routed)           1.862     3.250    clk_IBUF
    BUFGCTRL_X0Y0        BUFG (Prop_bufg_I_O)         0.091     3.341 r  clk_IBUF_BUFG_inst/O
                         net (fo=163, routed)         1.442     4.783    u0/CLK
    SLICE_X8Y32          FDCE                                         r  u0/cnt0_reg[16]/C

Slack:                    inf
  Source:                 reset
                            (input port)
  Destination:            u0/cnt0_reg[17]/CLR
                            (recovery check against rising-edge clock clk  {rise@0.000ns fall@5.000ns period=10.000ns})
  Path Group:             (none)
  Path Type:              Recovery (Max at Slow Process Corner)
  Data Path Delay:        6.728ns  (logic 1.441ns (21.423%)  route 5.287ns (78.577%))
  Logic Levels:           1  (IBUF=1)
  Clock Path Skew:        4.783ns (DCD - SCD + CPR)
    Destination Clock Delay (DCD):    4.783ns
    Source Clock Delay      (SCD):    0.000ns
    Clock Pessimism Removal (CPR):    0.000ns
  Clock Uncertainty:      0.025ns  ((TSJ^2 + TIJ^2)^1/2 + DJ) / 2 + PE
    Total System Jitter     (TSJ):    0.050ns
    Total Input Jitter      (TIJ):    0.000ns
    Discrete Jitter          (DJ):    0.000ns
    Phase Error              (PE):    0.000ns

    Location             Delay type                Incr(ns)  Path(ns)    Netlist Resource(s)
  -------------------------------------------------------------------    -------------------
    U18                                               0.000     0.000 f  reset (IN)
                         net (fo=0)                   0.000     0.000    reset
    U18                  IBUF (Prop_ibuf_I_O)         1.441     1.441 f  reset_IBUF_inst/O
                         net (fo=179, routed)         5.287     6.728    u0/AR[0]
    SLICE_X8Y32          FDCE                                         f  u0/cnt0_reg[17]/CLR
  -------------------------------------------------------------------    -------------------

                         (clock clk rise edge)        0.000     0.000 r  
    W5                                                0.000     0.000 r  clk (IN)
                         net (fo=0)                   0.000     0.000    clk
    W5                   IBUF (Prop_ibuf_I_O)         1.388     1.388 r  clk_IBUF_inst/O
                         net (fo=1, routed)           1.862     3.250    clk_IBUF
    BUFGCTRL_X0Y0        BUFG (Prop_bufg_I_O)         0.091     3.341 r  clk_IBUF_BUFG_inst/O
                         net (fo=163, routed)         1.442     4.783    u0/CLK
    SLICE_X8Y32          FDCE                                         r  u0/cnt0_reg[17]/C

Slack:                    inf
  Source:                 reset
                            (input port)
  Destination:            u0/cnt0_reg[10]/CLR
                            (recovery check against rising-edge clock clk  {rise@0.000ns fall@5.000ns period=10.000ns})
  Path Group:             (none)
  Path Type:              Recovery (Max at Slow Process Corner)
  Data Path Delay:        6.284ns  (logic 1.441ns (22.937%)  route 4.843ns (77.063%))
  Logic Levels:           1  (IBUF=1)
  Clock Path Skew:        4.781ns (DCD - SCD + CPR)
    Destination Clock Delay (DCD):    4.781ns
    Source Clock Delay      (SCD):    0.000ns
    Clock Pessimism Removal (CPR):    0.000ns
  Clock Uncertainty:      0.025ns  ((TSJ^2 + TIJ^2)^1/2 + DJ) / 2 + PE
    Total System Jitter     (TSJ):    0.050ns
    Total Input Jitter      (TIJ):    0.000ns
    Discrete Jitter          (DJ):    0.000ns
    Phase Error              (PE):    0.000ns

    Location             Delay type                Incr(ns)  Path(ns)    Netlist Resource(s)
  -------------------------------------------------------------------    -------------------
    U18                                               0.000     0.000 f  reset (IN)
                         net (fo=0)                   0.000     0.000    reset
    U18                  IBUF (Prop_ibuf_I_O)         1.441     1.441 f  reset_IBUF_inst/O
                         net (fo=179, routed)         4.843     6.284    u0/AR[0]
    SLICE_X8Y31          FDCE                                         f  u0/cnt0_reg[10]/CLR
  -------------------------------------------------------------------    -------------------

                         (clock clk rise edge)        0.000     0.000 r  
    W5                                                0.000     0.000 r  clk (IN)
                         net (fo=0)                   0.000     0.000    clk
    W5                   IBUF (Prop_ibuf_I_O)         1.388     1.388 r  clk_IBUF_inst/O
                         net (fo=1, routed)           1.862     3.250    clk_IBUF
    BUFGCTRL_X0Y0        BUFG (Prop_bufg_I_O)         0.091     3.341 r  clk_IBUF_BUFG_inst/O
                         net (fo=163, routed)         1.440     4.781    u0/CLK
    SLICE_X8Y31          FDCE                                         r  u0/cnt0_reg[10]/C

Slack:                    inf
  Source:                 reset
                            (input port)
  Destination:            u0/cnt0_reg[11]/CLR
                            (recovery check against rising-edge clock clk  {rise@0.000ns fall@5.000ns period=10.000ns})
  Path Group:             (none)
  Path Type:              Recovery (Max at Slow Process Corner)
  Data Path Delay:        6.284ns  (logic 1.441ns (22.937%)  route 4.843ns (77.063%))
  Logic Levels:           1  (IBUF=1)
  Clock Path Skew:        4.781ns (DCD - SCD + CPR)
    Destination Clock Delay (DCD):    4.781ns
    Source Clock Delay      (SCD):    0.000ns
    Clock Pessimism Removal (CPR):    0.000ns
  Clock Uncertainty:      0.025ns  ((TSJ^2 + TIJ^2)^1/2 + DJ) / 2 + PE
    Total System Jitter     (TSJ):    0.050ns
    Total Input Jitter      (TIJ):    0.000ns
    Discrete Jitter          (DJ):    0.000ns
    Phase Error              (PE):    0.000ns

    Location             Delay type                Incr(ns)  Path(ns)    Netlist Resource(s)
  -------------------------------------------------------------------    -------------------
    U18                                               0.000     0.000 f  reset (IN)
                         net (fo=0)                   0.000     0.000    reset
    U18                  IBUF (Prop_ibuf_I_O)         1.441     1.441 f  reset_IBUF_inst/O
                         net (fo=179, routed)         4.843     6.284    u0/AR[0]
    SLICE_X8Y31          FDCE                                         f  u0/cnt0_reg[11]/CLR
  -------------------------------------------------------------------    -------------------

                         (clock clk rise edge)        0.000     0.000 r  
    W5                                                0.000     0.000 r  clk (IN)
                         net (fo=0)                   0.000     0.000    clk
    W5                   IBUF (Prop_ibuf_I_O)         1.388     1.388 r  clk_IBUF_inst/O
                         net (fo=1, routed)           1.862     3.250    clk_IBUF
    BUFGCTRL_X0Y0        BUFG (Prop_bufg_I_O)         0.091     3.341 r  clk_IBUF_BUFG_inst/O
                         net (fo=163, routed)         1.440     4.781    u0/CLK
    SLICE_X8Y31          FDCE                                         r  u0/cnt0_reg[11]/C





Min Delay Paths
--------------------------------------------------------------------------------------
Slack:                    inf
  Source:                 reset
                            (input port)
  Destination:            u3/cnt_reg[1]/CLR
                            (removal check against rising-edge clock clk  {rise@0.000ns fall@5.000ns period=10.000ns})
  Path Group:             (none)
  Path Type:              Removal (Min at Fast Process Corner)
  Data Path Delay:        0.735ns  (logic 0.210ns (28.498%)  route 0.526ns (71.502%))
  Logic Levels:           1  (IBUF=1)
  Clock Path Skew:        1.978ns (DCD - SCD - CPR)
    Destination Clock Delay (DCD):    1.978ns
    Source Clock Delay      (SCD):    0.000ns
    Clock Pessimism Removal (CPR):    -0.000ns

    Location             Delay type                Incr(ns)  Path(ns)    Netlist Resource(s)
  -------------------------------------------------------------------    -------------------
    U18                                               0.000     0.000 f  reset (IN)
                         net (fo=0)                   0.000     0.000    reset
    U18                  IBUF (Prop_ibuf_I_O)         0.210     0.210 f  reset_IBUF_inst/O
                         net (fo=179, routed)         0.526     0.735    u3/AR[0]
    SLICE_X1Y23          FDCE                                         f  u3/cnt_reg[1]/CLR
  -------------------------------------------------------------------    -------------------

                         (clock clk rise edge)        0.000     0.000 r  
    W5                                                0.000     0.000 r  clk (IN)
                         net (fo=0)                   0.000     0.000    clk
    W5                   IBUF (Prop_ibuf_I_O)         0.414     0.414 r  clk_IBUF_inst/O
                         net (fo=1, routed)           0.685     1.099    clk_IBUF
    BUFGCTRL_X0Y0        BUFG (Prop_bufg_I_O)         0.029     1.128 r  clk_IBUF_BUFG_inst/O
                         net (fo=163, routed)         0.851     1.978    u3/clk_out_reg_0
    SLICE_X1Y23          FDCE                                         r  u3/cnt_reg[1]/C

Slack:                    inf
  Source:                 reset
                            (input port)
  Destination:            u3/cnt_reg[2]/CLR
                            (removal check against rising-edge clock clk  {rise@0.000ns fall@5.000ns period=10.000ns})
  Path Group:             (none)
  Path Type:              Removal (Min at Fast Process Corner)
  Data Path Delay:        0.735ns  (logic 0.210ns (28.498%)  route 0.526ns (71.502%))
  Logic Levels:           1  (IBUF=1)
  Clock Path Skew:        1.978ns (DCD - SCD - CPR)
    Destination Clock Delay (DCD):    1.978ns
    Source Clock Delay      (SCD):    0.000ns
    Clock Pessimism Removal (CPR):    -0.000ns

    Location             Delay type                Incr(ns)  Path(ns)    Netlist Resource(s)
  -------------------------------------------------------------------    -------------------
    U18                                               0.000     0.000 f  reset (IN)
                         net (fo=0)                   0.000     0.000    reset
    U18                  IBUF (Prop_ibuf_I_O)         0.210     0.210 f  reset_IBUF_inst/O
                         net (fo=179, routed)         0.526     0.735    u3/AR[0]
    SLICE_X1Y23          FDCE                                         f  u3/cnt_reg[2]/CLR
  -------------------------------------------------------------------    -------------------

                         (clock clk rise edge)        0.000     0.000 r  
    W5                                                0.000     0.000 r  clk (IN)
                         net (fo=0)                   0.000     0.000    clk
    W5                   IBUF (Prop_ibuf_I_O)         0.414     0.414 r  clk_IBUF_inst/O
                         net (fo=1, routed)           0.685     1.099    clk_IBUF
    BUFGCTRL_X0Y0        BUFG (Prop_bufg_I_O)         0.029     1.128 r  clk_IBUF_BUFG_inst/O
                         net (fo=163, routed)         0.851     1.978    u3/clk_out_reg_0
    SLICE_X1Y23          FDCE                                         r  u3/cnt_reg[2]/C

Slack:                    inf
  Source:                 reset
                            (input port)
  Destination:            u3/cnt_reg[3]/CLR
                            (removal check against rising-edge clock clk  {rise@0.000ns fall@5.000ns period=10.000ns})
  Path Group:             (none)
  Path Type:              Removal (Min at Fast Process Corner)
  Data Path Delay:        0.735ns  (logic 0.210ns (28.498%)  route 0.526ns (71.502%))
  Logic Levels:           1  (IBUF=1)
  Clock Path Skew:        1.978ns (DCD - SCD - CPR)
    Destination Clock Delay (DCD):    1.978ns
    Source Clock Delay      (SCD):    0.000ns
    Clock Pessimism Removal (CPR):    -0.000ns

    Location             Delay type                Incr(ns)  Path(ns)    Netlist Resource(s)
  -------------------------------------------------------------------    -------------------
    U18                                               0.000     0.000 f  reset (IN)
                         net (fo=0)                   0.000     0.000    reset
    U18                  IBUF (Prop_ibuf_I_O)         0.210     0.210 f  reset_IBUF_inst/O
                         net (fo=179, routed)         0.526     0.735    u3/AR[0]
    SLICE_X1Y23          FDCE                                         f  u3/cnt_reg[3]/CLR
  -------------------------------------------------------------------    -------------------

                         (clock clk rise edge)        0.000     0.000 r  
    W5                                                0.000     0.000 r  clk (IN)
                         net (fo=0)                   0.000     0.000    clk
    W5                   IBUF (Prop_ibuf_I_O)         0.414     0.414 r  clk_IBUF_inst/O
                         net (fo=1, routed)           0.685     1.099    clk_IBUF
    BUFGCTRL_X0Y0        BUFG (Prop_bufg_I_O)         0.029     1.128 r  clk_IBUF_BUFG_inst/O
                         net (fo=163, routed)         0.851     1.978    u3/clk_out_reg_0
    SLICE_X1Y23          FDCE                                         r  u3/cnt_reg[3]/C

Slack:                    inf
  Source:                 reset
                            (input port)
  Destination:            u3/cnt_reg[4]/CLR
                            (removal check against rising-edge clock clk  {rise@0.000ns fall@5.000ns period=10.000ns})
  Path Group:             (none)
  Path Type:              Removal (Min at Fast Process Corner)
  Data Path Delay:        0.735ns  (logic 0.210ns (28.498%)  route 0.526ns (71.502%))
  Logic Levels:           1  (IBUF=1)
  Clock Path Skew:        1.978ns (DCD - SCD - CPR)
    Destination Clock Delay (DCD):    1.978ns
    Source Clock Delay      (SCD):    0.000ns
    Clock Pessimism Removal (CPR):    -0.000ns

    Location             Delay type                Incr(ns)  Path(ns)    Netlist Resource(s)
  -------------------------------------------------------------------    -------------------
    U18                                               0.000     0.000 f  reset (IN)
                         net (fo=0)                   0.000     0.000    reset
    U18                  IBUF (Prop_ibuf_I_O)         0.210     0.210 f  reset_IBUF_inst/O
                         net (fo=179, routed)         0.526     0.735    u3/AR[0]
    SLICE_X1Y23          FDCE                                         f  u3/cnt_reg[4]/CLR
  -------------------------------------------------------------------    -------------------

                         (clock clk rise edge)        0.000     0.000 r  
    W5                                                0.000     0.000 r  clk (IN)
                         net (fo=0)                   0.000     0.000    clk
    W5                   IBUF (Prop_ibuf_I_O)         0.414     0.414 r  clk_IBUF_inst/O
                         net (fo=1, routed)           0.685     1.099    clk_IBUF
    BUFGCTRL_X0Y0        BUFG (Prop_bufg_I_O)         0.029     1.128 r  clk_IBUF_BUFG_inst/O
                         net (fo=163, routed)         0.851     1.978    u3/clk_out_reg_0
    SLICE_X1Y23          FDCE                                         r  u3/cnt_reg[4]/C

Slack:                    inf
  Source:                 reset
                            (input port)
  Destination:            u3/cnt_reg[5]/CLR
                            (removal check against rising-edge clock clk  {rise@0.000ns fall@5.000ns period=10.000ns})
  Path Group:             (none)
  Path Type:              Removal (Min at Fast Process Corner)
  Data Path Delay:        0.735ns  (logic 0.210ns (28.498%)  route 0.526ns (71.502%))
  Logic Levels:           1  (IBUF=1)
  Clock Path Skew:        1.978ns (DCD - SCD - CPR)
    Destination Clock Delay (DCD):    1.978ns
    Source Clock Delay      (SCD):    0.000ns
    Clock Pessimism Removal (CPR):    -0.000ns

    Location             Delay type                Incr(ns)  Path(ns)    Netlist Resource(s)
  -------------------------------------------------------------------    -------------------
    U18                                               0.000     0.000 f  reset (IN)
                         net (fo=0)                   0.000     0.000    reset
    U18                  IBUF (Prop_ibuf_I_O)         0.210     0.210 f  reset_IBUF_inst/O
                         net (fo=179, routed)         0.526     0.735    u3/AR[0]
    SLICE_X1Y23          FDCE                                         f  u3/cnt_reg[5]/CLR
  -------------------------------------------------------------------    -------------------

                         (clock clk rise edge)        0.000     0.000 r  
    W5                                                0.000     0.000 r  clk (IN)
                         net (fo=0)                   0.000     0.000    clk
    W5                   IBUF (Prop_ibuf_I_O)         0.414     0.414 r  clk_IBUF_inst/O
                         net (fo=1, routed)           0.685     1.099    clk_IBUF
    BUFGCTRL_X0Y0        BUFG (Prop_bufg_I_O)         0.029     1.128 r  clk_IBUF_BUFG_inst/O
                         net (fo=163, routed)         0.851     1.978    u3/clk_out_reg_0
    SLICE_X1Y23          FDCE                                         r  u3/cnt_reg[5]/C

Slack:                    inf
  Source:                 reset
                            (input port)
  Destination:            u9/mmsec_reg[0]/CLR
                            (removal check against rising-edge clock clk  {rise@0.000ns fall@5.000ns period=10.000ns})
  Path Group:             (none)
  Path Type:              Removal (Min at Fast Process Corner)
  Data Path Delay:        0.843ns  (logic 0.210ns (24.857%)  route 0.633ns (75.143%))
  Logic Levels:           1  (IBUF=1)
  Clock Path Skew:        1.976ns (DCD - SCD - CPR)
    Destination Clock Delay (DCD):    1.976ns
    Source Clock Delay      (SCD):    0.000ns
    Clock Pessimism Removal (CPR):    -0.000ns

    Location             Delay type                Incr(ns)  Path(ns)    Netlist Resource(s)
  -------------------------------------------------------------------    -------------------
    U18                                               0.000     0.000 f  reset (IN)
                         net (fo=0)                   0.000     0.000    reset
    U18                  IBUF (Prop_ibuf_I_O)         0.210     0.210 f  reset_IBUF_inst/O
                         net (fo=179, routed)         0.633     0.843    u9/AR[0]
    SLICE_X5Y23          FDCE                                         f  u9/mmsec_reg[0]/CLR
  -------------------------------------------------------------------    -------------------

                         (clock clk rise edge)        0.000     0.000 r  
    W5                                                0.000     0.000 r  clk (IN)
                         net (fo=0)                   0.000     0.000    clk
    W5                   IBUF (Prop_ibuf_I_O)         0.414     0.414 r  clk_IBUF_inst/O
                         net (fo=1, routed)           0.685     1.099    clk_IBUF
    BUFGCTRL_X0Y0        BUFG (Prop_bufg_I_O)         0.029     1.128 r  clk_IBUF_BUFG_inst/O
                         net (fo=163, routed)         0.849     1.976    u9/min_reg[5]_2
    SLICE_X5Y23          FDCE                                         r  u9/mmsec_reg[0]/C

Slack:                    inf
  Source:                 reset
                            (input port)
  Destination:            u9/mmsec_reg[1]/CLR
                            (removal check against rising-edge clock clk  {rise@0.000ns fall@5.000ns period=10.000ns})
  Path Group:             (none)
  Path Type:              Removal (Min at Fast Process Corner)
  Data Path Delay:        0.843ns  (logic 0.210ns (24.857%)  route 0.633ns (75.143%))
  Logic Levels:           1  (IBUF=1)
  Clock Path Skew:        1.976ns (DCD - SCD - CPR)
    Destination Clock Delay (DCD):    1.976ns
    Source Clock Delay      (SCD):    0.000ns
    Clock Pessimism Removal (CPR):    -0.000ns

    Location             Delay type                Incr(ns)  Path(ns)    Netlist Resource(s)
  -------------------------------------------------------------------    -------------------
    U18                                               0.000     0.000 f  reset (IN)
                         net (fo=0)                   0.000     0.000    reset
    U18                  IBUF (Prop_ibuf_I_O)         0.210     0.210 f  reset_IBUF_inst/O
                         net (fo=179, routed)         0.633     0.843    u9/AR[0]
    SLICE_X5Y23          FDCE                                         f  u9/mmsec_reg[1]/CLR
  -------------------------------------------------------------------    -------------------

                         (clock clk rise edge)        0.000     0.000 r  
    W5                                                0.000     0.000 r  clk (IN)
                         net (fo=0)                   0.000     0.000    clk
    W5                   IBUF (Prop_ibuf_I_O)         0.414     0.414 r  clk_IBUF_inst/O
                         net (fo=1, routed)           0.685     1.099    clk_IBUF
    BUFGCTRL_X0Y0        BUFG (Prop_bufg_I_O)         0.029     1.128 r  clk_IBUF_BUFG_inst/O
                         net (fo=163, routed)         0.849     1.976    u9/min_reg[5]_2
    SLICE_X5Y23          FDCE                                         r  u9/mmsec_reg[1]/C

Slack:                    inf
  Source:                 sw2
                            (input port)
  Destination:            u9/sec_reg[0]/D
                            (rising edge-triggered cell FDCE clocked by clk  {rise@0.000ns fall@5.000ns period=10.000ns})
  Path Group:             (none)
  Path Type:              Hold (Min at Fast Process Corner)
  Data Path Delay:        0.872ns  (logic 0.277ns (31.756%)  route 0.595ns (68.244%))
  Logic Levels:           2  (IBUF=1 LUT2=1)
  Clock Path Skew:        1.978ns (DCD - SCD - CPR)
    Destination Clock Delay (DCD):    1.978ns
    Source Clock Delay      (SCD):    0.000ns
    Clock Pessimism Removal (CPR):    -0.000ns

    Location             Delay type                Incr(ns)  Path(ns)    Netlist Resource(s)
  -------------------------------------------------------------------    -------------------
    W16                                               0.000     0.000 f  sw2 (IN)
                         net (fo=0)                   0.000     0.000    sw2
    W16                  IBUF (Prop_ibuf_I_O)         0.232     0.232 f  sw2_IBUF_inst/O
                         net (fo=16, routed)          0.595     0.827    u9/sw2_IBUF
    SLICE_X4Y22          LUT2 (Prop_lut2_I1_O)        0.045     0.872 r  u9/sec[0]_i_1__1/O
                         net (fo=1, routed)           0.000     0.872    u9/sec[0]_i_1__1_n_0
    SLICE_X4Y22          FDCE                                         r  u9/sec_reg[0]/D
  -------------------------------------------------------------------    -------------------

                         (clock clk rise edge)        0.000     0.000 r  
    W5                                                0.000     0.000 r  clk (IN)
                         net (fo=0)                   0.000     0.000    clk
    W5                   IBUF (Prop_ibuf_I_O)         0.414     0.414 r  clk_IBUF_inst/O
                         net (fo=1, routed)           0.685     1.099    clk_IBUF
    BUFGCTRL_X0Y0        BUFG (Prop_bufg_I_O)         0.029     1.128 r  clk_IBUF_BUFG_inst/O
                         net (fo=163, routed)         0.851     1.978    u9/min_reg[5]_2
    SLICE_X4Y22          FDCE                                         r  u9/sec_reg[0]/C

Slack:                    inf
  Source:                 sw2
                            (input port)
  Destination:            u9/sec_reg[1]/D
                            (rising edge-triggered cell FDCE clocked by clk  {rise@0.000ns fall@5.000ns period=10.000ns})
  Path Group:             (none)
  Path Type:              Hold (Min at Fast Process Corner)
  Data Path Delay:        0.875ns  (logic 0.280ns (31.990%)  route 0.595ns (68.010%))
  Logic Levels:           2  (IBUF=1 LUT3=1)
  Clock Path Skew:        1.978ns (DCD - SCD - CPR)
    Destination Clock Delay (DCD):    1.978ns
    Source Clock Delay      (SCD):    0.000ns
    Clock Pessimism Removal (CPR):    -0.000ns

    Location             Delay type                Incr(ns)  Path(ns)    Netlist Resource(s)
  -------------------------------------------------------------------    -------------------
    W16                                               0.000     0.000 f  sw2 (IN)
                         net (fo=0)                   0.000     0.000    sw2
    W16                  IBUF (Prop_ibuf_I_O)         0.232     0.232 f  sw2_IBUF_inst/O
                         net (fo=16, routed)          0.595     0.827    u9/sw2_IBUF
    SLICE_X4Y22          LUT3 (Prop_lut3_I2_O)        0.048     0.875 r  u9/sec[1]_i_1__1/O
                         net (fo=1, routed)           0.000     0.875    u9/sec[1]_i_1__1_n_0
    SLICE_X4Y22          FDCE                                         r  u9/sec_reg[1]/D
  -------------------------------------------------------------------    -------------------

                         (clock clk rise edge)        0.000     0.000 r  
    W5                                                0.000     0.000 r  clk (IN)
                         net (fo=0)                   0.000     0.000    clk
    W5                   IBUF (Prop_ibuf_I_O)         0.414     0.414 r  clk_IBUF_inst/O
                         net (fo=1, routed)           0.685     1.099    clk_IBUF
    BUFGCTRL_X0Y0        BUFG (Prop_bufg_I_O)         0.029     1.128 r  clk_IBUF_BUFG_inst/O
                         net (fo=163, routed)         0.851     1.978    u9/min_reg[5]_2
    SLICE_X4Y22          FDCE                                         r  u9/sec_reg[1]/C

Slack:                    inf
  Source:                 sw0
                            (input port)
  Destination:            u0/sw0_sync_reg[0]/D
                            (rising edge-triggered cell FDRE clocked by clk  {rise@0.000ns fall@5.000ns period=10.000ns})
  Path Group:             (none)
  Path Type:              Hold (Min at Fast Process Corner)
  Data Path Delay:        0.974ns  (logic 0.221ns (22.697%)  route 0.753ns (77.303%))
  Logic Levels:           1  (IBUF=1)
  Clock Path Skew:        1.953ns (DCD - SCD - CPR)
    Destination Clock Delay (DCD):    1.953ns
    Source Clock Delay      (SCD):    0.000ns
    Clock Pessimism Removal (CPR):    -0.000ns

    Location             Delay type                Incr(ns)  Path(ns)    Netlist Resource(s)
  -------------------------------------------------------------------    -------------------
    V17                                               0.000     0.000 r  sw0 (IN)
                         net (fo=0)                   0.000     0.000    sw0
    V17                  IBUF (Prop_ibuf_I_O)         0.221     0.221 r  sw0_IBUF_inst/O
                         net (fo=1, routed)           0.753     0.974    u0/sw0_sync_reg[0]_0[0]
    SLICE_X9Y30          FDRE                                         r  u0/sw0_sync_reg[0]/D
  -------------------------------------------------------------------    -------------------

                         (clock clk rise edge)        0.000     0.000 r  
    W5                                                0.000     0.000 r  clk (IN)
                         net (fo=0)                   0.000     0.000    clk
    W5                   IBUF (Prop_ibuf_I_O)         0.414     0.414 r  clk_IBUF_inst/O
                         net (fo=1, routed)           0.685     1.099    clk_IBUF
    BUFGCTRL_X0Y0        BUFG (Prop_bufg_I_O)         0.029     1.128 r  clk_IBUF_BUFG_inst/O
                         net (fo=163, routed)         0.826     1.953    u0/CLK
    SLICE_X9Y30          FDRE                                         r  u0/sw0_sync_reg[0]/C





