Copyright 1986-2022 Xilinx, Inc. All Rights Reserved. Copyright 2022-2026 Advanced Micro Devices, Inc. All Rights Reserved.
---------------------------------------------------------------------------------------------------------------------------------------------------------------------------------------------------------------------------------------------------------------
| Tool Version : Vivado v.2025.2.1 (win64) Build 6403652 Thu Mar 19 19:48:24 GMT 2026
| Date         : Tue Apr 28 15:36:01 2026
| Host         : DESKTOP-Q1F9NDB running 64-bit major release  (build 9200)
| Command      : report_timing_summary -max_paths 10 -routable_nets -report_unconstrained -file top_servo_control_timing_summary_routed.rpt -pb top_servo_control_timing_summary_routed.pb -rpx top_servo_control_timing_summary_routed.rpx -warn_on_violation
| Design       : top_servo_control
| Device       : 7a35t-cpg236
| Speed File   : -1  PRODUCTION 1.23 2018-06-13
| Design State : Routed
---------------------------------------------------------------------------------------------------------------------------------------------------------------------------------------------------------------------------------------------------------------

Timing Summary Report

------------------------------------------------------------------------------------------------
| Timer Settings
| --------------
------------------------------------------------------------------------------------------------

  Enable Multi Corner Analysis               :  Yes
  Enable Pessimism Removal                   :  Yes
  Pessimism Removal Resolution               :  Nearest Common Node
  Enable Input Delay Default Clock           :  No
  Enable Preset / Clear Arcs                 :  No
  Disable Flight Delays                      :  No
  Ignore I/O Paths                           :  No
  Timing Early Launch at Borrowing Latches   :  No
  Borrow Time for Max Delay Exceptions       :  Yes
  Merge Timing Exceptions                    :  Yes
  Inter-SLR Compensation                     :  Conservative

  Corner  Analyze    Analyze    
  Name    Max Paths  Min Paths  
  ------  ---------  ---------  
  Slow    Yes        Yes        
  Fast    Yes        Yes        


------------------------------------------------------------------------------------------------
| Report Methodology
| ------------------
------------------------------------------------------------------------------------------------

Rule       Severity          Description                    Violations  
---------  ----------------  -----------------------------  ----------  
TIMING-17  Critical Warning  Non-clocked sequential cell    35          
TIMING-18  Warning           Missing input or output delay  1           

Note: This report is based on the most recent report_methodology run and may not be up-to-date. Run report_methodology on the current design for the latest report.



check_timing report

Table of Contents
-----------------
1. checking no_clock (35)
2. checking constant_clock (0)
3. checking pulse_width_clock (0)
4. checking unconstrained_internal_endpoints (72)
5. checking no_input_delay (1)
6. checking no_output_delay (1)
7. checking multiple_clock (0)
8. checking generated_clocks (0)
9. checking loops (0)
10. checking partial_input_delay (0)
11. checking partial_output_delay (0)
12. checking latch_loops (0)

1. checking no_clock (35)
-------------------------
 There are 35 register/latch pins with no clock driven by root clock pin: u_clockdivider/clk100000hz_reg/Q (HIGH)


2. checking constant_clock (0)
------------------------------
 There are 0 register/latch pins with constant_clock.


3. checking pulse_width_clock (0)
---------------------------------
 There are 0 register/latch pins which need pulse_width check


4. checking unconstrained_internal_endpoints (72)
-------------------------------------------------
 There are 72 pins that are not constrained for maximum delay. (HIGH)

 There are 0 pins that are not constrained for maximum delay due to constant clock.


5. checking no_input_delay (1)
------------------------------
 There is 1 input port with no input delay specified. (HIGH)

 There are 0 input ports with no input delay but user has a false path constraint.


6. checking no_output_delay (1)
-------------------------------
 There is 1 port with no output delay specified. (HIGH)

 There are 0 ports with no output delay but user has a false path constraint

 There are 0 ports with no output delay but with a timing clock defined on it or propagating through it


7. checking multiple_clock (0)
------------------------------
 There are 0 register/latch pins with multiple clocks.


8. checking generated_clocks (0)
--------------------------------
 There are 0 generated clocks that are not connected to a clock source.


9. checking loops (0)
---------------------
 There are 0 combinational loops in the design.


10. checking partial_input_delay (0)
------------------------------------
 There are 0 input ports with partial input delay specified.


11. checking partial_output_delay (0)
-------------------------------------
 There are 0 ports with partial output delay specified.


12. checking latch_loops (0)
----------------------------
 There are 0 combinational latch loops in the design through latch input



------------------------------------------------------------------------------------------------
| Design Timing Summary
| ---------------------
------------------------------------------------------------------------------------------------

    WNS(ns)      TNS(ns)  TNS Failing Endpoints  TNS Total Endpoints      WHS(ns)      THS(ns)  THS Failing Endpoints  THS Total Endpoints     WPWS(ns)     TPWS(ns)  TPWS Failing Endpoints  TPWS Total Endpoints  
    -------      -------  ---------------------  -------------------      -------      -------  ---------------------  -------------------     --------     --------  ----------------------  --------------------  
      6.141        0.000                      0                   27        0.280        0.000                      0                   27        4.500        0.000                       0                    28  


All user specified timing constraints are met.


------------------------------------------------------------------------------------------------
| Clock Summary
| -------------
------------------------------------------------------------------------------------------------

Clock        Waveform(ns)       Period(ns)      Frequency(MHz)
-----        ------------       ----------      --------------
sys_clk_pin  {0.000 5.000}      10.000          100.000         


------------------------------------------------------------------------------------------------
| Intra Clock Table
| -----------------
------------------------------------------------------------------------------------------------

Clock             WNS(ns)      TNS(ns)  TNS Failing Endpoints  TNS Total Endpoints      WHS(ns)      THS(ns)  THS Failing Endpoints  THS Total Endpoints     WPWS(ns)     TPWS(ns)  TPWS Failing Endpoints  TPWS Total Endpoints  
-----             -------      -------  ---------------------  -------------------      -------      -------  ---------------------  -------------------     --------     --------  ----------------------  --------------------  
sys_clk_pin         6.141        0.000                      0                   27        0.280        0.000                      0                   27        4.500        0.000                       0                    28  


------------------------------------------------------------------------------------------------
| Inter Clock Table
| -----------------
------------------------------------------------------------------------------------------------

From Clock    To Clock          WNS(ns)      TNS(ns)  TNS Failing Endpoints  TNS Total Endpoints      WHS(ns)      THS(ns)  THS Failing Endpoints  THS Total Endpoints  
----------    --------          -------      -------  ---------------------  -------------------      -------      -------  ---------------------  -------------------  


------------------------------------------------------------------------------------------------
| Other Path Groups Table
| -----------------------
------------------------------------------------------------------------------------------------

Path Group    From Clock    To Clock          WNS(ns)      TNS(ns)  TNS Failing Endpoints  TNS Total Endpoints      WHS(ns)      THS(ns)  THS Failing Endpoints  THS Total Endpoints  
----------    ----------    --------          -------      -------  ---------------------  -------------------      -------      -------  ---------------------  -------------------  


------------------------------------------------------------------------------------------------
| User Ignored Path Table
| -----------------------
------------------------------------------------------------------------------------------------

Path Group    From Clock    To Clock    
----------    ----------    --------    


------------------------------------------------------------------------------------------------
| Unconstrained Path Table
| ------------------------
------------------------------------------------------------------------------------------------

Path Group    From Clock    To Clock    
----------    ----------    --------    
(none)                                    
(none)                      sys_clk_pin   


------------------------------------------------------------------------------------------------
| Timing Details
| --------------
------------------------------------------------------------------------------------------------


---------------------------------------------------------------------------------------------------
From Clock:  sys_clk_pin
  To Clock:  sys_clk_pin

Setup :            0  Failing Endpoints,  Worst Slack        6.141ns,  Total Violation        0.000ns
Hold  :            0  Failing Endpoints,  Worst Slack        0.280ns,  Total Violation        0.000ns
PW    :            0  Failing Endpoints,  Worst Slack        4.500ns,  Total Violation        0.000ns
---------------------------------------------------------------------------------------------------


Max Delay Paths
--------------------------------------------------------------------------------------
Slack (MET) :             6.141ns  (required time - arrival time)
  Source:                 u_clockdivider/cnt_reg[18]/C
                            (rising edge-triggered cell FDCE clocked by sys_clk_pin  {rise@0.000ns fall@5.000ns period=10.000ns})
  Destination:            u_clockdivider/cnt_reg[2]/D
                            (rising edge-triggered cell FDCE clocked by sys_clk_pin  {rise@0.000ns fall@5.000ns period=10.000ns})
  Path Group:             sys_clk_pin
  Path Type:              Setup (Max at Slow Process Corner)
  Requirement:            10.000ns  (sys_clk_pin rise@10.000ns - sys_clk_pin rise@0.000ns)
  Data Path Delay:        3.825ns  (logic 0.828ns (21.645%)  route 2.997ns (78.355%))
  Logic Levels:           3  (LUT2=1 LUT4=1 LUT6=1)
  Clock Path Skew:        -0.027ns (DCD - SCD + CPR)
    Destination Clock Delay (DCD):    4.784ns = ( 14.784 - 10.000 ) 
    Source Clock Delay      (SCD):    5.086ns
    Clock Pessimism Removal (CPR):    0.275ns
  Clock Uncertainty:      0.035ns  ((TSJ^2 + TIJ^2)^1/2 + DJ) / 2 + PE
    Total System Jitter     (TSJ):    0.071ns
    Total Input Jitter      (TIJ):    0.000ns
    Discrete Jitter          (DJ):    0.000ns
    Phase Error              (PE):    0.000ns

    Location             Delay type                Incr(ns)  Path(ns)    Netlist Resource(s)
  -------------------------------------------------------------------    -------------------
                         (clock sys_clk_pin rise edge)
                                                      0.000     0.000 r  
    W5                                                0.000     0.000 r  clk_sys (IN)
                         net (fo=0)                   0.000     0.000    clk_sys
    W5                   IBUF (Prop_ibuf_I_O)         1.458     1.458 r  clk_sys_IBUF_inst/O
                         net (fo=1, routed)           1.967     3.425    clk_sys_IBUF
    BUFGCTRL_X0Y1        BUFG (Prop_bufg_I_O)         0.096     3.521 r  clk_sys_IBUF_BUFG_inst/O
                         net (fo=27, routed)          1.565     5.086    u_clockdivider/CLK
    SLICE_X39Y43         FDCE                                         r  u_clockdivider/cnt_reg[18]/C
  -------------------------------------------------------------------    -------------------
    SLICE_X39Y43         FDCE (Prop_fdce_C_Q)         0.456     5.542 r  u_clockdivider/cnt_reg[18]/Q
                         net (fo=2, routed)           1.125     6.667    u_clockdivider/cnt[18]
    SLICE_X39Y43         LUT4 (Prop_lut4_I1_O)        0.124     6.791 r  u_clockdivider/cnt[25]_i_5/O
                         net (fo=1, routed)           0.714     7.505    u_clockdivider/cnt[25]_i_5_n_0
    SLICE_X39Y42         LUT6 (Prop_lut6_I1_O)        0.124     7.629 r  u_clockdivider/cnt[25]_i_2/O
                         net (fo=26, routed)          1.159     8.788    u_clockdivider/cnt[25]_i_2_n_0
    SLICE_X39Y39         LUT2 (Prop_lut2_I0_O)        0.124     8.912 r  u_clockdivider/cnt[2]_i_1/O
                         net (fo=1, routed)           0.000     8.912    u_clockdivider/cnt_0[2]
    SLICE_X39Y39         FDCE                                         r  u_clockdivider/cnt_reg[2]/D
  -------------------------------------------------------------------    -------------------

                         (clock sys_clk_pin rise edge)
                                                     10.000    10.000 r  
    W5                                                0.000    10.000 r  clk_sys (IN)
                         net (fo=0)                   0.000    10.000    clk_sys
    W5                   IBUF (Prop_ibuf_I_O)         1.388    11.388 r  clk_sys_IBUF_inst/O
                         net (fo=1, routed)           1.862    13.250    clk_sys_IBUF
    BUFGCTRL_X0Y1        BUFG (Prop_bufg_I_O)         0.091    13.341 r  clk_sys_IBUF_BUFG_inst/O
                         net (fo=27, routed)          1.443    14.784    u_clockdivider/CLK
    SLICE_X39Y39         FDCE                                         r  u_clockdivider/cnt_reg[2]/C
                         clock pessimism              0.275    15.059    
                         clock uncertainty           -0.035    15.024    
    SLICE_X39Y39         FDCE (Setup_fdce_C_D)        0.029    15.053    u_clockdivider/cnt_reg[2]
  -------------------------------------------------------------------
                         required time                         15.053    
                         arrival time                          -8.912    
  -------------------------------------------------------------------
                         slack                                  6.141    

Slack (MET) :             6.144ns  (required time - arrival time)
  Source:                 u_clockdivider/cnt_reg[18]/C
                            (rising edge-triggered cell FDCE clocked by sys_clk_pin  {rise@0.000ns fall@5.000ns period=10.000ns})
  Destination:            u_clockdivider/cnt_reg[1]/D
                            (rising edge-triggered cell FDCE clocked by sys_clk_pin  {rise@0.000ns fall@5.000ns period=10.000ns})
  Path Group:             sys_clk_pin
  Path Type:              Setup (Max at Slow Process Corner)
  Requirement:            10.000ns  (sys_clk_pin rise@10.000ns - sys_clk_pin rise@0.000ns)
  Data Path Delay:        3.824ns  (logic 0.828ns (21.651%)  route 2.996ns (78.349%))
  Logic Levels:           3  (LUT2=1 LUT4=1 LUT6=1)
  Clock Path Skew:        -0.027ns (DCD - SCD + CPR)
    Destination Clock Delay (DCD):    4.784ns = ( 14.784 - 10.000 ) 
    Source Clock Delay      (SCD):    5.086ns
    Clock Pessimism Removal (CPR):    0.275ns
  Clock Uncertainty:      0.035ns  ((TSJ^2 + TIJ^2)^1/2 + DJ) / 2 + PE
    Total System Jitter     (TSJ):    0.071ns
    Total Input Jitter      (TIJ):    0.000ns
    Discrete Jitter          (DJ):    0.000ns
    Phase Error              (PE):    0.000ns

    Location             Delay type                Incr(ns)  Path(ns)    Netlist Resource(s)
  -------------------------------------------------------------------    -------------------
                         (clock sys_clk_pin rise edge)
                                                      0.000     0.000 r  
    W5                                                0.000     0.000 r  clk_sys (IN)
                         net (fo=0)                   0.000     0.000    clk_sys
    W5                   IBUF (Prop_ibuf_I_O)         1.458     1.458 r  clk_sys_IBUF_inst/O
                         net (fo=1, routed)           1.967     3.425    clk_sys_IBUF
    BUFGCTRL_X0Y1        BUFG (Prop_bufg_I_O)         0.096     3.521 r  clk_sys_IBUF_BUFG_inst/O
                         net (fo=27, routed)          1.565     5.086    u_clockdivider/CLK
    SLICE_X39Y43         FDCE                                         r  u_clockdivider/cnt_reg[18]/C
  -------------------------------------------------------------------    -------------------
    SLICE_X39Y43         FDCE (Prop_fdce_C_Q)         0.456     5.542 r  u_clockdivider/cnt_reg[18]/Q
                         net (fo=2, routed)           1.125     6.667    u_clockdivider/cnt[18]
    SLICE_X39Y43         LUT4 (Prop_lut4_I1_O)        0.124     6.791 r  u_clockdivider/cnt[25]_i_5/O
                         net (fo=1, routed)           0.714     7.505    u_clockdivider/cnt[25]_i_5_n_0
    SLICE_X39Y42         LUT6 (Prop_lut6_I1_O)        0.124     7.629 r  u_clockdivider/cnt[25]_i_2/O
                         net (fo=26, routed)          1.158     8.787    u_clockdivider/cnt[25]_i_2_n_0
    SLICE_X39Y39         LUT2 (Prop_lut2_I0_O)        0.124     8.911 r  u_clockdivider/cnt[1]_i_1/O
                         net (fo=1, routed)           0.000     8.911    u_clockdivider/cnt_0[1]
    SLICE_X39Y39         FDCE                                         r  u_clockdivider/cnt_reg[1]/D
  -------------------------------------------------------------------    -------------------

                         (clock sys_clk_pin rise edge)
                                                     10.000    10.000 r  
    W5                                                0.000    10.000 r  clk_sys (IN)
                         net (fo=0)                   0.000    10.000    clk_sys
    W5                   IBUF (Prop_ibuf_I_O)         1.388    11.388 r  clk_sys_IBUF_inst/O
                         net (fo=1, routed)           1.862    13.250    clk_sys_IBUF
    BUFGCTRL_X0Y1        BUFG (Prop_bufg_I_O)         0.091    13.341 r  clk_sys_IBUF_BUFG_inst/O
                         net (fo=27, routed)          1.443    14.784    u_clockdivider/CLK
    SLICE_X39Y39         FDCE                                         r  u_clockdivider/cnt_reg[1]/C
                         clock pessimism              0.275    15.059    
                         clock uncertainty           -0.035    15.024    
    SLICE_X39Y39         FDCE (Setup_fdce_C_D)        0.031    15.055    u_clockdivider/cnt_reg[1]
  -------------------------------------------------------------------
                         required time                         15.055    
                         arrival time                          -8.911    
  -------------------------------------------------------------------
                         slack                                  6.144    

Slack (MET) :             6.159ns  (required time - arrival time)
  Source:                 u_clockdivider/cnt_reg[18]/C
                            (rising edge-triggered cell FDCE clocked by sys_clk_pin  {rise@0.000ns fall@5.000ns period=10.000ns})
  Destination:            u_clockdivider/cnt_reg[3]/D
                            (rising edge-triggered cell FDCE clocked by sys_clk_pin  {rise@0.000ns fall@5.000ns period=10.000ns})
  Path Group:             sys_clk_pin
  Path Type:              Setup (Max at Slow Process Corner)
  Requirement:            10.000ns  (sys_clk_pin rise@10.000ns - sys_clk_pin rise@0.000ns)
  Data Path Delay:        3.853ns  (logic 0.856ns (22.214%)  route 2.997ns (77.786%))
  Logic Levels:           3  (LUT2=1 LUT4=1 LUT6=1)
  Clock Path Skew:        -0.027ns (DCD - SCD + CPR)
    Destination Clock Delay (DCD):    4.784ns = ( 14.784 - 10.000 ) 
    Source Clock Delay      (SCD):    5.086ns
    Clock Pessimism Removal (CPR):    0.275ns
  Clock Uncertainty:      0.035ns  ((TSJ^2 + TIJ^2)^1/2 + DJ) / 2 + PE
    Total System Jitter     (TSJ):    0.071ns
    Total Input Jitter      (TIJ):    0.000ns
    Discrete Jitter          (DJ):    0.000ns
    Phase Error              (PE):    0.000ns

    Location             Delay type                Incr(ns)  Path(ns)    Netlist Resource(s)
  -------------------------------------------------------------------    -------------------
                         (clock sys_clk_pin rise edge)
                                                      0.000     0.000 r  
    W5                                                0.000     0.000 r  clk_sys (IN)
                         net (fo=0)                   0.000     0.000    clk_sys
    W5                   IBUF (Prop_ibuf_I_O)         1.458     1.458 r  clk_sys_IBUF_inst/O
                         net (fo=1, routed)           1.967     3.425    clk_sys_IBUF
    BUFGCTRL_X0Y1        BUFG (Prop_bufg_I_O)         0.096     3.521 r  clk_sys_IBUF_BUFG_inst/O
                         net (fo=27, routed)          1.565     5.086    u_clockdivider/CLK
    SLICE_X39Y43         FDCE                                         r  u_clockdivider/cnt_reg[18]/C
  -------------------------------------------------------------------    -------------------
    SLICE_X39Y43         FDCE (Prop_fdce_C_Q)         0.456     5.542 r  u_clockdivider/cnt_reg[18]/Q
                         net (fo=2, routed)           1.125     6.667    u_clockdivider/cnt[18]
    SLICE_X39Y43         LUT4 (Prop_lut4_I1_O)        0.124     6.791 r  u_clockdivider/cnt[25]_i_5/O
                         net (fo=1, routed)           0.714     7.505    u_clockdivider/cnt[25]_i_5_n_0
    SLICE_X39Y42         LUT6 (Prop_lut6_I1_O)        0.124     7.629 r  u_clockdivider/cnt[25]_i_2/O
                         net (fo=26, routed)          1.159     8.788    u_clockdivider/cnt[25]_i_2_n_0
    SLICE_X39Y39         LUT2 (Prop_lut2_I0_O)        0.152     8.940 r  u_clockdivider/cnt[3]_i_1/O
                         net (fo=1, routed)           0.000     8.940    u_clockdivider/cnt_0[3]
    SLICE_X39Y39         FDCE                                         r  u_clockdivider/cnt_reg[3]/D
  -------------------------------------------------------------------    -------------------

                         (clock sys_clk_pin rise edge)
                                                     10.000    10.000 r  
    W5                                                0.000    10.000 r  clk_sys (IN)
                         net (fo=0)                   0.000    10.000    clk_sys
    W5                   IBUF (Prop_ibuf_I_O)         1.388    11.388 r  clk_sys_IBUF_inst/O
                         net (fo=1, routed)           1.862    13.250    clk_sys_IBUF
    BUFGCTRL_X0Y1        BUFG (Prop_bufg_I_O)         0.091    13.341 r  clk_sys_IBUF_BUFG_inst/O
                         net (fo=27, routed)          1.443    14.784    u_clockdivider/CLK
    SLICE_X39Y39         FDCE                                         r  u_clockdivider/cnt_reg[3]/C
                         clock pessimism              0.275    15.059    
                         clock uncertainty           -0.035    15.024    
    SLICE_X39Y39         FDCE (Setup_fdce_C_D)        0.075    15.099    u_clockdivider/cnt_reg[3]
  -------------------------------------------------------------------
                         required time                         15.099    
                         arrival time                          -8.940    
  -------------------------------------------------------------------
                         slack                                  6.159    

Slack (MET) :             6.290ns  (required time - arrival time)
  Source:                 u_clockdivider/cnt_reg[18]/C
                            (rising edge-triggered cell FDCE clocked by sys_clk_pin  {rise@0.000ns fall@5.000ns period=10.000ns})
  Destination:            u_clockdivider/cnt_reg[4]/D
                            (rising edge-triggered cell FDCE clocked by sys_clk_pin  {rise@0.000ns fall@5.000ns period=10.000ns})
  Path Group:             sys_clk_pin
  Path Type:              Setup (Max at Slow Process Corner)
  Requirement:            10.000ns  (sys_clk_pin rise@10.000ns - sys_clk_pin rise@0.000ns)
  Data Path Delay:        3.676ns  (logic 0.828ns (22.523%)  route 2.848ns (77.477%))
  Logic Levels:           3  (LUT2=1 LUT4=1 LUT6=1)
  Clock Path Skew:        -0.027ns (DCD - SCD + CPR)
    Destination Clock Delay (DCD):    4.784ns = ( 14.784 - 10.000 ) 
    Source Clock Delay      (SCD):    5.086ns
    Clock Pessimism Removal (CPR):    0.275ns
  Clock Uncertainty:      0.035ns  ((TSJ^2 + TIJ^2)^1/2 + DJ) / 2 + PE
    Total System Jitter     (TSJ):    0.071ns
    Total Input Jitter      (TIJ):    0.000ns
    Discrete Jitter          (DJ):    0.000ns
    Phase Error              (PE):    0.000ns

    Location             Delay type                Incr(ns)  Path(ns)    Netlist Resource(s)
  -------------------------------------------------------------------    -------------------
                         (clock sys_clk_pin rise edge)
                                                      0.000     0.000 r  
    W5                                                0.000     0.000 r  clk_sys (IN)
                         net (fo=0)                   0.000     0.000    clk_sys
    W5                   IBUF (Prop_ibuf_I_O)         1.458     1.458 r  clk_sys_IBUF_inst/O
                         net (fo=1, routed)           1.967     3.425    clk_sys_IBUF
    BUFGCTRL_X0Y1        BUFG (Prop_bufg_I_O)         0.096     3.521 r  clk_sys_IBUF_BUFG_inst/O
                         net (fo=27, routed)          1.565     5.086    u_clockdivider/CLK
    SLICE_X39Y43         FDCE                                         r  u_clockdivider/cnt_reg[18]/C
  -------------------------------------------------------------------    -------------------
    SLICE_X39Y43         FDCE (Prop_fdce_C_Q)         0.456     5.542 r  u_clockdivider/cnt_reg[18]/Q
                         net (fo=2, routed)           1.125     6.667    u_clockdivider/cnt[18]
    SLICE_X39Y43         LUT4 (Prop_lut4_I1_O)        0.124     6.791 r  u_clockdivider/cnt[25]_i_5/O
                         net (fo=1, routed)           0.714     7.505    u_clockdivider/cnt[25]_i_5_n_0
    SLICE_X39Y42         LUT6 (Prop_lut6_I1_O)        0.124     7.629 r  u_clockdivider/cnt[25]_i_2/O
                         net (fo=26, routed)          1.010     8.639    u_clockdivider/cnt[25]_i_2_n_0
    SLICE_X39Y40         LUT2 (Prop_lut2_I0_O)        0.124     8.763 r  u_clockdivider/cnt[4]_i_1/O
                         net (fo=1, routed)           0.000     8.763    u_clockdivider/cnt_0[4]
    SLICE_X39Y40         FDCE                                         r  u_clockdivider/cnt_reg[4]/D
  -------------------------------------------------------------------    -------------------

                         (clock sys_clk_pin rise edge)
                                                     10.000    10.000 r  
    W5                                                0.000    10.000 r  clk_sys (IN)
                         net (fo=0)                   0.000    10.000    clk_sys
    W5                   IBUF (Prop_ibuf_I_O)         1.388    11.388 r  clk_sys_IBUF_inst/O
                         net (fo=1, routed)           1.862    13.250    clk_sys_IBUF
    BUFGCTRL_X0Y1        BUFG (Prop_bufg_I_O)         0.091    13.341 r  clk_sys_IBUF_BUFG_inst/O
                         net (fo=27, routed)          1.443    14.784    u_clockdivider/CLK
    SLICE_X39Y40         FDCE                                         r  u_clockdivider/cnt_reg[4]/C
                         clock pessimism              0.275    15.059    
                         clock uncertainty           -0.035    15.024    
    SLICE_X39Y40         FDCE (Setup_fdce_C_D)        0.029    15.053    u_clockdivider/cnt_reg[4]
  -------------------------------------------------------------------
                         required time                         15.053    
                         arrival time                          -8.763    
  -------------------------------------------------------------------
                         slack                                  6.290    

Slack (MET) :             6.308ns  (required time - arrival time)
  Source:                 u_clockdivider/cnt_reg[18]/C
                            (rising edge-triggered cell FDCE clocked by sys_clk_pin  {rise@0.000ns fall@5.000ns period=10.000ns})
  Destination:            u_clockdivider/cnt_reg[5]/D
                            (rising edge-triggered cell FDCE clocked by sys_clk_pin  {rise@0.000ns fall@5.000ns period=10.000ns})
  Path Group:             sys_clk_pin
  Path Type:              Setup (Max at Slow Process Corner)
  Requirement:            10.000ns  (sys_clk_pin rise@10.000ns - sys_clk_pin rise@0.000ns)
  Data Path Delay:        3.704ns  (logic 0.856ns (23.108%)  route 2.848ns (76.892%))
  Logic Levels:           3  (LUT2=1 LUT4=1 LUT6=1)
  Clock Path Skew:        -0.027ns (DCD - SCD + CPR)
    Destination Clock Delay (DCD):    4.784ns = ( 14.784 - 10.000 ) 
    Source Clock Delay      (SCD):    5.086ns
    Clock Pessimism Removal (CPR):    0.275ns
  Clock Uncertainty:      0.035ns  ((TSJ^2 + TIJ^2)^1/2 + DJ) / 2 + PE
    Total System Jitter     (TSJ):    0.071ns
    Total Input Jitter      (TIJ):    0.000ns
    Discrete Jitter          (DJ):    0.000ns
    Phase Error              (PE):    0.000ns

    Location             Delay type                Incr(ns)  Path(ns)    Netlist Resource(s)
  -------------------------------------------------------------------    -------------------
                         (clock sys_clk_pin rise edge)
                                                      0.000     0.000 r  
    W5                                                0.000     0.000 r  clk_sys (IN)
                         net (fo=0)                   0.000     0.000    clk_sys
    W5                   IBUF (Prop_ibuf_I_O)         1.458     1.458 r  clk_sys_IBUF_inst/O
                         net (fo=1, routed)           1.967     3.425    clk_sys_IBUF
    BUFGCTRL_X0Y1        BUFG (Prop_bufg_I_O)         0.096     3.521 r  clk_sys_IBUF_BUFG_inst/O
                         net (fo=27, routed)          1.565     5.086    u_clockdivider/CLK
    SLICE_X39Y43         FDCE                                         r  u_clockdivider/cnt_reg[18]/C
  -------------------------------------------------------------------    -------------------
    SLICE_X39Y43         FDCE (Prop_fdce_C_Q)         0.456     5.542 r  u_clockdivider/cnt_reg[18]/Q
                         net (fo=2, routed)           1.125     6.667    u_clockdivider/cnt[18]
    SLICE_X39Y43         LUT4 (Prop_lut4_I1_O)        0.124     6.791 r  u_clockdivider/cnt[25]_i_5/O
                         net (fo=1, routed)           0.714     7.505    u_clockdivider/cnt[25]_i_5_n_0
    SLICE_X39Y42         LUT6 (Prop_lut6_I1_O)        0.124     7.629 r  u_clockdivider/cnt[25]_i_2/O
                         net (fo=26, routed)          1.010     8.639    u_clockdivider/cnt[25]_i_2_n_0
    SLICE_X39Y40         LUT2 (Prop_lut2_I0_O)        0.152     8.791 r  u_clockdivider/cnt[5]_i_1/O
                         net (fo=1, routed)           0.000     8.791    u_clockdivider/cnt_0[5]
    SLICE_X39Y40         FDCE                                         r  u_clockdivider/cnt_reg[5]/D
  -------------------------------------------------------------------    -------------------

                         (clock sys_clk_pin rise edge)
                                                     10.000    10.000 r  
    W5                                                0.000    10.000 r  clk_sys (IN)
                         net (fo=0)                   0.000    10.000    clk_sys
    W5                   IBUF (Prop_ibuf_I_O)         1.388    11.388 r  clk_sys_IBUF_inst/O
                         net (fo=1, routed)           1.862    13.250    clk_sys_IBUF
    BUFGCTRL_X0Y1        BUFG (Prop_bufg_I_O)         0.091    13.341 r  clk_sys_IBUF_BUFG_inst/O
                         net (fo=27, routed)          1.443    14.784    u_clockdivider/CLK
    SLICE_X39Y40         FDCE                                         r  u_clockdivider/cnt_reg[5]/C
                         clock pessimism              0.275    15.059    
                         clock uncertainty           -0.035    15.024    
    SLICE_X39Y40         FDCE (Setup_fdce_C_D)        0.075    15.099    u_clockdivider/cnt_reg[5]
  -------------------------------------------------------------------
                         required time                         15.099    
                         arrival time                          -8.791    
  -------------------------------------------------------------------
                         slack                                  6.308    

Slack (MET) :             6.340ns  (required time - arrival time)
  Source:                 u_clockdivider/cnt_reg[0]/C
                            (rising edge-triggered cell FDCE clocked by sys_clk_pin  {rise@0.000ns fall@5.000ns period=10.000ns})
  Destination:            u_clockdivider/cnt_reg[22]/D
                            (rising edge-triggered cell FDCE clocked by sys_clk_pin  {rise@0.000ns fall@5.000ns period=10.000ns})
  Path Group:             sys_clk_pin
  Path Type:              Setup (Max at Slow Process Corner)
  Requirement:            10.000ns  (sys_clk_pin rise@10.000ns - sys_clk_pin rise@0.000ns)
  Data Path Delay:        3.629ns  (logic 2.148ns (59.187%)  route 1.481ns (40.813%))
  Logic Levels:           7  (CARRY4=6 LUT2=1)
  Clock Path Skew:        -0.024ns (DCD - SCD + CPR)
    Destination Clock Delay (DCD):    4.786ns = ( 14.786 - 10.000 ) 
    Source Clock Delay      (SCD):    5.085ns
    Clock Pessimism Removal (CPR):    0.275ns
  Clock Uncertainty:      0.035ns  ((TSJ^2 + TIJ^2)^1/2 + DJ) / 2 + PE
    Total System Jitter     (TSJ):    0.071ns
    Total Input Jitter      (TIJ):    0.000ns
    Discrete Jitter          (DJ):    0.000ns
    Phase Error              (PE):    0.000ns

    Location             Delay type                Incr(ns)  Path(ns)    Netlist Resource(s)
  -------------------------------------------------------------------    -------------------
                         (clock sys_clk_pin rise edge)
                                                      0.000     0.000 r  
    W5                                                0.000     0.000 r  clk_sys (IN)
                         net (fo=0)                   0.000     0.000    clk_sys
    W5                   IBUF (Prop_ibuf_I_O)         1.458     1.458 r  clk_sys_IBUF_inst/O
                         net (fo=1, routed)           1.967     3.425    clk_sys_IBUF
    BUFGCTRL_X0Y1        BUFG (Prop_bufg_I_O)         0.096     3.521 r  clk_sys_IBUF_BUFG_inst/O
                         net (fo=27, routed)          1.564     5.085    u_clockdivider/CLK
    SLICE_X37Y42         FDCE                                         r  u_clockdivider/cnt_reg[0]/C
  -------------------------------------------------------------------    -------------------
    SLICE_X37Y42         FDCE (Prop_fdce_C_Q)         0.456     5.541 r  u_clockdivider/cnt_reg[0]/Q
                         net (fo=3, routed)           0.632     6.173    u_clockdivider/cnt[0]
    SLICE_X38Y39         CARRY4 (Prop_carry4_CYINIT_CO[3])
                                                      0.595     6.768 r  u_clockdivider/cnt_reg[4]_i_2/CO[3]
                         net (fo=1, routed)           0.000     6.768    u_clockdivider/cnt_reg[4]_i_2_n_0
    SLICE_X38Y40         CARRY4 (Prop_carry4_CI_CO[3])
                                                      0.117     6.885 r  u_clockdivider/cnt_reg[8]_i_2/CO[3]
                         net (fo=1, routed)           0.000     6.885    u_clockdivider/cnt_reg[8]_i_2_n_0
    SLICE_X38Y41         CARRY4 (Prop_carry4_CI_CO[3])
                                                      0.117     7.002 r  u_clockdivider/cnt_reg[12]_i_2/CO[3]
                         net (fo=1, routed)           0.000     7.002    u_clockdivider/cnt_reg[12]_i_2_n_0
    SLICE_X38Y42         CARRY4 (Prop_carry4_CI_CO[3])
                                                      0.117     7.119 r  u_clockdivider/cnt_reg[16]_i_2/CO[3]
                         net (fo=1, routed)           0.000     7.119    u_clockdivider/cnt_reg[16]_i_2_n_0
    SLICE_X38Y43         CARRY4 (Prop_carry4_CI_CO[3])
                                                      0.117     7.236 r  u_clockdivider/cnt_reg[20]_i_2/CO[3]
                         net (fo=1, routed)           0.000     7.236    u_clockdivider/cnt_reg[20]_i_2_n_0
    SLICE_X38Y44         CARRY4 (Prop_carry4_CI_O[1])
                                                      0.323     7.559 r  u_clockdivider/cnt_reg[24]_i_2/O[1]
                         net (fo=1, routed)           0.849     8.408    u_clockdivider/data0[22]
    SLICE_X39Y44         LUT2 (Prop_lut2_I1_O)        0.306     8.714 r  u_clockdivider/cnt[22]_i_1/O
                         net (fo=1, routed)           0.000     8.714    u_clockdivider/cnt_0[22]
    SLICE_X39Y44         FDCE                                         r  u_clockdivider/cnt_reg[22]/D
  -------------------------------------------------------------------    -------------------

                         (clock sys_clk_pin rise edge)
                                                     10.000    10.000 r  
    W5                                                0.000    10.000 r  clk_sys (IN)
                         net (fo=0)                   0.000    10.000    clk_sys
    W5                   IBUF (Prop_ibuf_I_O)         1.388    11.388 r  clk_sys_IBUF_inst/O
                         net (fo=1, routed)           1.862    13.250    clk_sys_IBUF
    BUFGCTRL_X0Y1        BUFG (Prop_bufg_I_O)         0.091    13.341 r  clk_sys_IBUF_BUFG_inst/O
                         net (fo=27, routed)          1.445    14.786    u_clockdivider/CLK
    SLICE_X39Y44         FDCE                                         r  u_clockdivider/cnt_reg[22]/C
                         clock pessimism              0.275    15.061    
                         clock uncertainty           -0.035    15.026    
    SLICE_X39Y44         FDCE (Setup_fdce_C_D)        0.029    15.055    u_clockdivider/cnt_reg[22]
  -------------------------------------------------------------------
                         required time                         15.055    
                         arrival time                          -8.714    
  -------------------------------------------------------------------
                         slack                                  6.340    

Slack (MET) :             6.467ns  (required time - arrival time)
  Source:                 u_clockdivider/cnt_reg[13]/C
                            (rising edge-triggered cell FDCE clocked by sys_clk_pin  {rise@0.000ns fall@5.000ns period=10.000ns})
  Destination:            u_clockdivider/cnt_reg[18]/D
                            (rising edge-triggered cell FDCE clocked by sys_clk_pin  {rise@0.000ns fall@5.000ns period=10.000ns})
  Path Group:             sys_clk_pin
  Path Type:              Setup (Max at Slow Process Corner)
  Requirement:            10.000ns  (sys_clk_pin rise@10.000ns - sys_clk_pin rise@0.000ns)
  Data Path Delay:        3.505ns  (logic 0.966ns (27.560%)  route 2.539ns (72.440%))
  Logic Levels:           3  (LUT2=1 LUT4=1 LUT6=1)
  Clock Path Skew:        -0.024ns (DCD - SCD + CPR)
    Destination Clock Delay (DCD):    4.786ns = ( 14.786 - 10.000 ) 
    Source Clock Delay      (SCD):    5.085ns
    Clock Pessimism Removal (CPR):    0.275ns
  Clock Uncertainty:      0.035ns  ((TSJ^2 + TIJ^2)^1/2 + DJ) / 2 + PE
    Total System Jitter     (TSJ):    0.071ns
    Total Input Jitter      (TIJ):    0.000ns
    Discrete Jitter          (DJ):    0.000ns
    Phase Error              (PE):    0.000ns

    Location             Delay type                Incr(ns)  Path(ns)    Netlist Resource(s)
  -------------------------------------------------------------------    -------------------
                         (clock sys_clk_pin rise edge)
                                                      0.000     0.000 r  
    W5                                                0.000     0.000 r  clk_sys (IN)
                         net (fo=0)                   0.000     0.000    clk_sys
    W5                   IBUF (Prop_ibuf_I_O)         1.458     1.458 r  clk_sys_IBUF_inst/O
                         net (fo=1, routed)           1.967     3.425    clk_sys_IBUF
    BUFGCTRL_X0Y1        BUFG (Prop_bufg_I_O)         0.096     3.521 r  clk_sys_IBUF_BUFG_inst/O
                         net (fo=27, routed)          1.564     5.085    u_clockdivider/CLK
    SLICE_X39Y42         FDCE                                         r  u_clockdivider/cnt_reg[13]/C
  -------------------------------------------------------------------    -------------------
    SLICE_X39Y42         FDCE (Prop_fdce_C_Q)         0.419     5.504 r  u_clockdivider/cnt_reg[13]/Q
                         net (fo=2, routed)           1.013     6.517    u_clockdivider/cnt[13]
    SLICE_X39Y42         LUT4 (Prop_lut4_I2_O)        0.299     6.816 r  u_clockdivider/cnt[25]_i_7/O
                         net (fo=1, routed)           0.667     7.483    u_clockdivider/cnt[25]_i_7_n_0
    SLICE_X39Y42         LUT6 (Prop_lut6_I3_O)        0.124     7.607 r  u_clockdivider/cnt[25]_i_2/O
                         net (fo=26, routed)          0.860     8.466    u_clockdivider/cnt[25]_i_2_n_0
    SLICE_X39Y43         LUT2 (Prop_lut2_I0_O)        0.124     8.590 r  u_clockdivider/cnt[18]_i_1/O
                         net (fo=1, routed)           0.000     8.590    u_clockdivider/cnt_0[18]
    SLICE_X39Y43         FDCE                                         r  u_clockdivider/cnt_reg[18]/D
  -------------------------------------------------------------------    -------------------

                         (clock sys_clk_pin rise edge)
                                                     10.000    10.000 r  
    W5                                                0.000    10.000 r  clk_sys (IN)
                         net (fo=0)                   0.000    10.000    clk_sys
    W5                   IBUF (Prop_ibuf_I_O)         1.388    11.388 r  clk_sys_IBUF_inst/O
                         net (fo=1, routed)           1.862    13.250    clk_sys_IBUF
    BUFGCTRL_X0Y1        BUFG (Prop_bufg_I_O)         0.091    13.341 r  clk_sys_IBUF_BUFG_inst/O
                         net (fo=27, routed)          1.445    14.786    u_clockdivider/CLK
    SLICE_X39Y43         FDCE                                         r  u_clockdivider/cnt_reg[18]/C
                         clock pessimism              0.275    15.061    
                         clock uncertainty           -0.035    15.026    
    SLICE_X39Y43         FDCE (Setup_fdce_C_D)        0.031    15.057    u_clockdivider/cnt_reg[18]
  -------------------------------------------------------------------
                         required time                         15.057    
                         arrival time                          -8.590    
  -------------------------------------------------------------------
                         slack                                  6.467    

Slack (MET) :             6.471ns  (required time - arrival time)
  Source:                 u_clockdivider/cnt_reg[0]/C
                            (rising edge-triggered cell FDCE clocked by sys_clk_pin  {rise@0.000ns fall@5.000ns period=10.000ns})
  Destination:            u_clockdivider/cnt_reg[20]/D
                            (rising edge-triggered cell FDCE clocked by sys_clk_pin  {rise@0.000ns fall@5.000ns period=10.000ns})
  Path Group:             sys_clk_pin
  Path Type:              Setup (Max at Slow Process Corner)
  Requirement:            10.000ns  (sys_clk_pin rise@10.000ns - sys_clk_pin rise@0.000ns)
  Data Path Delay:        3.545ns  (logic 2.054ns (57.942%)  route 1.491ns (42.058%))
  Logic Levels:           6  (CARRY4=5 LUT2=1)
  Clock Path Skew:        -0.024ns (DCD - SCD + CPR)
    Destination Clock Delay (DCD):    4.786ns = ( 14.786 - 10.000 ) 
    Source Clock Delay      (SCD):    5.085ns
    Clock Pessimism Removal (CPR):    0.275ns
  Clock Uncertainty:      0.035ns  ((TSJ^2 + TIJ^2)^1/2 + DJ) / 2 + PE
    Total System Jitter     (TSJ):    0.071ns
    Total Input Jitter      (TIJ):    0.000ns
    Discrete Jitter          (DJ):    0.000ns
    Phase Error              (PE):    0.000ns

    Location             Delay type                Incr(ns)  Path(ns)    Netlist Resource(s)
  -------------------------------------------------------------------    -------------------
                         (clock sys_clk_pin rise edge)
                                                      0.000     0.000 r  
    W5                                                0.000     0.000 r  clk_sys (IN)
                         net (fo=0)                   0.000     0.000    clk_sys
    W5                   IBUF (Prop_ibuf_I_O)         1.458     1.458 r  clk_sys_IBUF_inst/O
                         net (fo=1, routed)           1.967     3.425    clk_sys_IBUF
    BUFGCTRL_X0Y1        BUFG (Prop_bufg_I_O)         0.096     3.521 r  clk_sys_IBUF_BUFG_inst/O
                         net (fo=27, routed)          1.564     5.085    u_clockdivider/CLK
    SLICE_X37Y42         FDCE                                         r  u_clockdivider/cnt_reg[0]/C
  -------------------------------------------------------------------    -------------------
    SLICE_X37Y42         FDCE (Prop_fdce_C_Q)         0.456     5.541 r  u_clockdivider/cnt_reg[0]/Q
                         net (fo=3, routed)           0.632     6.173    u_clockdivider/cnt[0]
    SLICE_X38Y39         CARRY4 (Prop_carry4_CYINIT_CO[3])
                                                      0.595     6.768 r  u_clockdivider/cnt_reg[4]_i_2/CO[3]
                         net (fo=1, routed)           0.000     6.768    u_clockdivider/cnt_reg[4]_i_2_n_0
    SLICE_X38Y40         CARRY4 (Prop_carry4_CI_CO[3])
                                                      0.117     6.885 r  u_clockdivider/cnt_reg[8]_i_2/CO[3]
                         net (fo=1, routed)           0.000     6.885    u_clockdivider/cnt_reg[8]_i_2_n_0
    SLICE_X38Y41         CARRY4 (Prop_carry4_CI_CO[3])
                                                      0.117     7.002 r  u_clockdivider/cnt_reg[12]_i_2/CO[3]
                         net (fo=1, routed)           0.000     7.002    u_clockdivider/cnt_reg[12]_i_2_n_0
    SLICE_X38Y42         CARRY4 (Prop_carry4_CI_CO[3])
                                                      0.117     7.119 r  u_clockdivider/cnt_reg[16]_i_2/CO[3]
                         net (fo=1, routed)           0.000     7.119    u_clockdivider/cnt_reg[16]_i_2_n_0
    SLICE_X38Y43         CARRY4 (Prop_carry4_CI_O[3])
                                                      0.315     7.434 r  u_clockdivider/cnt_reg[20]_i_2/O[3]
                         net (fo=1, routed)           0.859     8.293    u_clockdivider/data0[20]
    SLICE_X39Y43         LUT2 (Prop_lut2_I1_O)        0.337     8.630 r  u_clockdivider/cnt[20]_i_1/O
                         net (fo=1, routed)           0.000     8.630    u_clockdivider/cnt_0[20]
    SLICE_X39Y43         FDCE                                         r  u_clockdivider/cnt_reg[20]/D
  -------------------------------------------------------------------    -------------------

                         (clock sys_clk_pin rise edge)
                                                     10.000    10.000 r  
    W5                                                0.000    10.000 r  clk_sys (IN)
                         net (fo=0)                   0.000    10.000    clk_sys
    W5                   IBUF (Prop_ibuf_I_O)         1.388    11.388 r  clk_sys_IBUF_inst/O
                         net (fo=1, routed)           1.862    13.250    clk_sys_IBUF
    BUFGCTRL_X0Y1        BUFG (Prop_bufg_I_O)         0.091    13.341 r  clk_sys_IBUF_BUFG_inst/O
                         net (fo=27, routed)          1.445    14.786    u_clockdivider/CLK
    SLICE_X39Y43         FDCE                                         r  u_clockdivider/cnt_reg[20]/C
                         clock pessimism              0.275    15.061    
                         clock uncertainty           -0.035    15.026    
    SLICE_X39Y43         FDCE (Setup_fdce_C_D)        0.075    15.101    u_clockdivider/cnt_reg[20]
  -------------------------------------------------------------------
                         required time                         15.101    
                         arrival time                          -8.630    
  -------------------------------------------------------------------
                         slack                                  6.471    

Slack (MET) :             6.483ns  (required time - arrival time)
  Source:                 u_clockdivider/cnt_reg[13]/C
                            (rising edge-triggered cell FDCE clocked by sys_clk_pin  {rise@0.000ns fall@5.000ns period=10.000ns})
  Destination:            u_clockdivider/cnt_reg[21]/D
                            (rising edge-triggered cell FDCE clocked by sys_clk_pin  {rise@0.000ns fall@5.000ns period=10.000ns})
  Path Group:             sys_clk_pin
  Path Type:              Setup (Max at Slow Process Corner)
  Requirement:            10.000ns  (sys_clk_pin rise@10.000ns - sys_clk_pin rise@0.000ns)
  Data Path Delay:        3.533ns  (logic 0.994ns (28.134%)  route 2.539ns (71.866%))
  Logic Levels:           3  (LUT2=1 LUT4=1 LUT6=1)
  Clock Path Skew:        -0.024ns (DCD - SCD + CPR)
    Destination Clock Delay (DCD):    4.786ns = ( 14.786 - 10.000 ) 
    Source Clock Delay      (SCD):    5.085ns
    Clock Pessimism Removal (CPR):    0.275ns
  Clock Uncertainty:      0.035ns  ((TSJ^2 + TIJ^2)^1/2 + DJ) / 2 + PE
    Total System Jitter     (TSJ):    0.071ns
    Total Input Jitter      (TIJ):    0.000ns
    Discrete Jitter          (DJ):    0.000ns
    Phase Error              (PE):    0.000ns

    Location             Delay type                Incr(ns)  Path(ns)    Netlist Resource(s)
  -------------------------------------------------------------------    -------------------
                         (clock sys_clk_pin rise edge)
                                                      0.000     0.000 r  
    W5                                                0.000     0.000 r  clk_sys (IN)
                         net (fo=0)                   0.000     0.000    clk_sys
    W5                   IBUF (Prop_ibuf_I_O)         1.458     1.458 r  clk_sys_IBUF_inst/O
                         net (fo=1, routed)           1.967     3.425    clk_sys_IBUF
    BUFGCTRL_X0Y1        BUFG (Prop_bufg_I_O)         0.096     3.521 r  clk_sys_IBUF_BUFG_inst/O
                         net (fo=27, routed)          1.564     5.085    u_clockdivider/CLK
    SLICE_X39Y42         FDCE                                         r  u_clockdivider/cnt_reg[13]/C
  -------------------------------------------------------------------    -------------------
    SLICE_X39Y42         FDCE (Prop_fdce_C_Q)         0.419     5.504 r  u_clockdivider/cnt_reg[13]/Q
                         net (fo=2, routed)           1.013     6.517    u_clockdivider/cnt[13]
    SLICE_X39Y42         LUT4 (Prop_lut4_I2_O)        0.299     6.816 r  u_clockdivider/cnt[25]_i_7/O
                         net (fo=1, routed)           0.667     7.483    u_clockdivider/cnt[25]_i_7_n_0
    SLICE_X39Y42         LUT6 (Prop_lut6_I3_O)        0.124     7.607 r  u_clockdivider/cnt[25]_i_2/O
                         net (fo=26, routed)          0.860     8.466    u_clockdivider/cnt[25]_i_2_n_0
    SLICE_X39Y43         LUT2 (Prop_lut2_I0_O)        0.152     8.618 r  u_clockdivider/cnt[21]_i_1/O
                         net (fo=1, routed)           0.000     8.618    u_clockdivider/cnt_0[21]
    SLICE_X39Y43         FDCE                                         r  u_clockdivider/cnt_reg[21]/D
  -------------------------------------------------------------------    -------------------

                         (clock sys_clk_pin rise edge)
                                                     10.000    10.000 r  
    W5                                                0.000    10.000 r  clk_sys (IN)
                         net (fo=0)                   0.000    10.000    clk_sys
    W5                   IBUF (Prop_ibuf_I_O)         1.388    11.388 r  clk_sys_IBUF_inst/O
                         net (fo=1, routed)           1.862    13.250    clk_sys_IBUF
    BUFGCTRL_X0Y1        BUFG (Prop_bufg_I_O)         0.091    13.341 r  clk_sys_IBUF_BUFG_inst/O
                         net (fo=27, routed)          1.445    14.786    u_clockdivider/CLK
    SLICE_X39Y43         FDCE                                         r  u_clockdivider/cnt_reg[21]/C
                         clock pessimism              0.275    15.061    
                         clock uncertainty           -0.035    15.026    
    SLICE_X39Y43         FDCE (Setup_fdce_C_D)        0.075    15.101    u_clockdivider/cnt_reg[21]
  -------------------------------------------------------------------
                         required time                         15.101    
                         arrival time                          -8.618    
  -------------------------------------------------------------------
                         slack                                  6.483    

Slack (MET) :             6.502ns  (required time - arrival time)
  Source:                 u_clockdivider/cnt_reg[13]/C
                            (rising edge-triggered cell FDCE clocked by sys_clk_pin  {rise@0.000ns fall@5.000ns period=10.000ns})
  Destination:            u_clockdivider/cnt_reg[19]/D
                            (rising edge-triggered cell FDCE clocked by sys_clk_pin  {rise@0.000ns fall@5.000ns period=10.000ns})
  Path Group:             sys_clk_pin
  Path Type:              Setup (Max at Slow Process Corner)
  Requirement:            10.000ns  (sys_clk_pin rise@10.000ns - sys_clk_pin rise@0.000ns)
  Data Path Delay:        3.470ns  (logic 0.966ns (27.842%)  route 2.504ns (72.158%))
  Logic Levels:           3  (LUT2=1 LUT4=1 LUT6=1)
  Clock Path Skew:        -0.024ns (DCD - SCD + CPR)
    Destination Clock Delay (DCD):    4.786ns = ( 14.786 - 10.000 ) 
    Source Clock Delay      (SCD):    5.085ns
    Clock Pessimism Removal (CPR):    0.275ns
  Clock Uncertainty:      0.035ns  ((TSJ^2 + TIJ^2)^1/2 + DJ) / 2 + PE
    Total System Jitter     (TSJ):    0.071ns
    Total Input Jitter      (TIJ):    0.000ns
    Discrete Jitter          (DJ):    0.000ns
    Phase Error              (PE):    0.000ns

    Location             Delay type                Incr(ns)  Path(ns)    Netlist Resource(s)
  -------------------------------------------------------------------    -------------------
                         (clock sys_clk_pin rise edge)
                                                      0.000     0.000 r  
    W5                                                0.000     0.000 r  clk_sys (IN)
                         net (fo=0)                   0.000     0.000    clk_sys
    W5                   IBUF (Prop_ibuf_I_O)         1.458     1.458 r  clk_sys_IBUF_inst/O
                         net (fo=1, routed)           1.967     3.425    clk_sys_IBUF
    BUFGCTRL_X0Y1        BUFG (Prop_bufg_I_O)         0.096     3.521 r  clk_sys_IBUF_BUFG_inst/O
                         net (fo=27, routed)          1.564     5.085    u_clockdivider/CLK
    SLICE_X39Y42         FDCE                                         r  u_clockdivider/cnt_reg[13]/C
  -------------------------------------------------------------------    -------------------
    SLICE_X39Y42         FDCE (Prop_fdce_C_Q)         0.419     5.504 r  u_clockdivider/cnt_reg[13]/Q
                         net (fo=2, routed)           1.013     6.517    u_clockdivider/cnt[13]
    SLICE_X39Y42         LUT4 (Prop_lut4_I2_O)        0.299     6.816 r  u_clockdivider/cnt[25]_i_7/O
                         net (fo=1, routed)           0.667     7.483    u_clockdivider/cnt[25]_i_7_n_0
    SLICE_X39Y42         LUT6 (Prop_lut6_I3_O)        0.124     7.607 r  u_clockdivider/cnt[25]_i_2/O
                         net (fo=26, routed)          0.824     8.431    u_clockdivider/cnt[25]_i_2_n_0
    SLICE_X39Y43         LUT2 (Prop_lut2_I0_O)        0.124     8.555 r  u_clockdivider/cnt[19]_i_1/O
                         net (fo=1, routed)           0.000     8.555    u_clockdivider/cnt_0[19]
    SLICE_X39Y43         FDCE                                         r  u_clockdivider/cnt_reg[19]/D
  -------------------------------------------------------------------    -------------------

                         (clock sys_clk_pin rise edge)
                                                     10.000    10.000 r  
    W5                                                0.000    10.000 r  clk_sys (IN)
                         net (fo=0)                   0.000    10.000    clk_sys
    W5                   IBUF (Prop_ibuf_I_O)         1.388    11.388 r  clk_sys_IBUF_inst/O
                         net (fo=1, routed)           1.862    13.250    clk_sys_IBUF
    BUFGCTRL_X0Y1        BUFG (Prop_bufg_I_O)         0.091    13.341 r  clk_sys_IBUF_BUFG_inst/O
                         net (fo=27, routed)          1.445    14.786    u_clockdivider/CLK
    SLICE_X39Y43         FDCE                                         r  u_clockdivider/cnt_reg[19]/C
                         clock pessimism              0.275    15.061    
                         clock uncertainty           -0.035    15.026    
    SLICE_X39Y43         FDCE (Setup_fdce_C_D)        0.031    15.057    u_clockdivider/cnt_reg[19]
  -------------------------------------------------------------------
                         required time                         15.057    
                         arrival time                          -8.555    
  -------------------------------------------------------------------
                         slack                                  6.502    





Min Delay Paths
--------------------------------------------------------------------------------------
Slack (MET) :             0.280ns  (arrival time - required time)
  Source:                 u_clockdivider/clk100000hz_reg/C
                            (rising edge-triggered cell FDRE clocked by sys_clk_pin  {rise@0.000ns fall@5.000ns period=10.000ns})
  Destination:            u_clockdivider/clk100000hz_reg/D
                            (rising edge-triggered cell FDRE clocked by sys_clk_pin  {rise@0.000ns fall@5.000ns period=10.000ns})
  Path Group:             sys_clk_pin
  Path Type:              Hold (Min at Fast Process Corner)
  Requirement:            0.000ns  (sys_clk_pin rise@0.000ns - sys_clk_pin rise@0.000ns)
  Data Path Delay:        0.371ns  (logic 0.186ns (50.171%)  route 0.185ns (49.829%))
  Logic Levels:           1  (LUT3=1)
  Clock Path Skew:        0.000ns (DCD - SCD - CPR)
    Destination Clock Delay (DCD):    1.959ns
    Source Clock Delay      (SCD):    1.446ns
    Clock Pessimism Removal (CPR):    0.513ns

    Location             Delay type                Incr(ns)  Path(ns)    Netlist Resource(s)
  -------------------------------------------------------------------    -------------------
                         (clock sys_clk_pin rise edge)
                                                      0.000     0.000 r  
    W5                                                0.000     0.000 r  clk_sys (IN)
                         net (fo=0)                   0.000     0.000    clk_sys
    W5                   IBUF (Prop_ibuf_I_O)         0.226     0.226 r  clk_sys_IBUF_inst/O
                         net (fo=1, routed)           0.631     0.858    clk_sys_IBUF
    BUFGCTRL_X0Y1        BUFG (Prop_bufg_I_O)         0.026     0.884 r  clk_sys_IBUF_BUFG_inst/O
                         net (fo=27, routed)          0.563     1.446    u_clockdivider/CLK
    SLICE_X36Y44         FDRE                                         r  u_clockdivider/clk100000hz_reg/C
  -------------------------------------------------------------------    -------------------
    SLICE_X36Y44         FDRE (Prop_fdre_C_Q)         0.141     1.587 r  u_clockdivider/clk100000hz_reg/Q
                         net (fo=2, routed)           0.185     1.772    u_clockdivider/clk100000hz_w
    SLICE_X36Y44         LUT3 (Prop_lut3_I2_O)        0.045     1.817 r  u_clockdivider/clk100000hz_i_1/O
                         net (fo=1, routed)           0.000     1.817    u_clockdivider/clk100000hz_i_1_n_0
    SLICE_X36Y44         FDRE                                         r  u_clockdivider/clk100000hz_reg/D
  -------------------------------------------------------------------    -------------------

                         (clock sys_clk_pin rise edge)
                                                      0.000     0.000 r  
    W5                                                0.000     0.000 r  clk_sys (IN)
                         net (fo=0)                   0.000     0.000    clk_sys
    W5                   IBUF (Prop_ibuf_I_O)         0.414     0.414 r  clk_sys_IBUF_inst/O
                         net (fo=1, routed)           0.685     1.099    clk_sys_IBUF
    BUFGCTRL_X0Y1        BUFG (Prop_bufg_I_O)         0.029     1.128 r  clk_sys_IBUF_BUFG_inst/O
                         net (fo=27, routed)          0.832     1.959    u_clockdivider/CLK
    SLICE_X36Y44         FDRE                                         r  u_clockdivider/clk100000hz_reg/C
                         clock pessimism             -0.513     1.446    
    SLICE_X36Y44         FDRE (Hold_fdre_C_D)         0.091     1.537    u_clockdivider/clk100000hz_reg
  -------------------------------------------------------------------
                         required time                         -1.537    
                         arrival time                           1.817    
  -------------------------------------------------------------------
                         slack                                  0.280    

Slack (MET) :             0.337ns  (arrival time - required time)
  Source:                 u_clockdivider/cnt_reg[0]/C
                            (rising edge-triggered cell FDCE clocked by sys_clk_pin  {rise@0.000ns fall@5.000ns period=10.000ns})
  Destination:            u_clockdivider/cnt_reg[0]/D
                            (rising edge-triggered cell FDCE clocked by sys_clk_pin  {rise@0.000ns fall@5.000ns period=10.000ns})
  Path Group:             sys_clk_pin
  Path Type:              Hold (Min at Fast Process Corner)
  Requirement:            0.000ns  (sys_clk_pin rise@0.000ns - sys_clk_pin rise@0.000ns)
  Data Path Delay:        0.429ns  (logic 0.186ns (43.319%)  route 0.243ns (56.681%))
  Logic Levels:           1  (LUT1=1)
  Clock Path Skew:        0.000ns (DCD - SCD - CPR)
    Destination Clock Delay (DCD):    1.958ns
    Source Clock Delay      (SCD):    1.445ns
    Clock Pessimism Removal (CPR):    0.513ns

    Location             Delay type                Incr(ns)  Path(ns)    Netlist Resource(s)
  -------------------------------------------------------------------    -------------------
                         (clock sys_clk_pin rise edge)
                                                      0.000     0.000 r  
    W5                                                0.000     0.000 r  clk_sys (IN)
                         net (fo=0)                   0.000     0.000    clk_sys
    W5                   IBUF (Prop_ibuf_I_O)         0.226     0.226 r  clk_sys_IBUF_inst/O
                         net (fo=1, routed)           0.631     0.858    clk_sys_IBUF
    BUFGCTRL_X0Y1        BUFG (Prop_bufg_I_O)         0.026     0.884 r  clk_sys_IBUF_BUFG_inst/O
                         net (fo=27, routed)          0.562     1.445    u_clockdivider/CLK
    SLICE_X37Y42         FDCE                                         r  u_clockdivider/cnt_reg[0]/C
  -------------------------------------------------------------------    -------------------
    SLICE_X37Y42         FDCE (Prop_fdce_C_Q)         0.141     1.586 f  u_clockdivider/cnt_reg[0]/Q
                         net (fo=3, routed)           0.243     1.830    u_clockdivider/cnt[0]
    SLICE_X37Y42         LUT1 (Prop_lut1_I0_O)        0.045     1.875 r  u_clockdivider/cnt[0]_i_1/O
                         net (fo=1, routed)           0.000     1.875    u_clockdivider/cnt_0[0]
    SLICE_X37Y42         FDCE                                         r  u_clockdivider/cnt_reg[0]/D
  -------------------------------------------------------------------    -------------------

                         (clock sys_clk_pin rise edge)
                                                      0.000     0.000 r  
    W5                                                0.000     0.000 r  clk_sys (IN)
                         net (fo=0)                   0.000     0.000    clk_sys
    W5                   IBUF (Prop_ibuf_I_O)         0.414     0.414 r  clk_sys_IBUF_inst/O
                         net (fo=1, routed)           0.685     1.099    clk_sys_IBUF
    BUFGCTRL_X0Y1        BUFG (Prop_bufg_I_O)         0.029     1.128 r  clk_sys_IBUF_BUFG_inst/O
                         net (fo=27, routed)          0.831     1.958    u_clockdivider/CLK
    SLICE_X37Y42         FDCE                                         r  u_clockdivider/cnt_reg[0]/C
                         clock pessimism             -0.513     1.445    
    SLICE_X37Y42         FDCE (Hold_fdce_C_D)         0.092     1.537    u_clockdivider/cnt_reg[0]
  -------------------------------------------------------------------
                         required time                         -1.537    
                         arrival time                           1.875    
  -------------------------------------------------------------------
                         slack                                  0.337    

Slack (MET) :             0.493ns  (arrival time - required time)
  Source:                 u_clockdivider/cnt_reg[23]/C
                            (rising edge-triggered cell FDCE clocked by sys_clk_pin  {rise@0.000ns fall@5.000ns period=10.000ns})
  Destination:            u_clockdivider/cnt_reg[23]/D
                            (rising edge-triggered cell FDCE clocked by sys_clk_pin  {rise@0.000ns fall@5.000ns period=10.000ns})
  Path Group:             sys_clk_pin
  Path Type:              Hold (Min at Fast Process Corner)
  Requirement:            0.000ns  (sys_clk_pin rise@0.000ns - sys_clk_pin rise@0.000ns)
  Data Path Delay:        0.585ns  (logic 0.359ns (61.340%)  route 0.226ns (38.660%))
  Logic Levels:           2  (CARRY4=1 LUT2=1)
  Clock Path Skew:        0.000ns (DCD - SCD - CPR)
    Destination Clock Delay (DCD):    1.959ns
    Source Clock Delay      (SCD):    1.446ns
    Clock Pessimism Removal (CPR):    0.513ns

    Location             Delay type                Incr(ns)  Path(ns)    Netlist Resource(s)
  -------------------------------------------------------------------    -------------------
                         (clock sys_clk_pin rise edge)
                                                      0.000     0.000 r  
    W5                                                0.000     0.000 r  clk_sys (IN)
                         net (fo=0)                   0.000     0.000    clk_sys
    W5                   IBUF (Prop_ibuf_I_O)         0.226     0.226 r  clk_sys_IBUF_inst/O
                         net (fo=1, routed)           0.631     0.858    clk_sys_IBUF
    BUFGCTRL_X0Y1        BUFG (Prop_bufg_I_O)         0.026     0.884 r  clk_sys_IBUF_BUFG_inst/O
                         net (fo=27, routed)          0.563     1.446    u_clockdivider/CLK
    SLICE_X39Y44         FDCE                                         r  u_clockdivider/cnt_reg[23]/C
  -------------------------------------------------------------------    -------------------
    SLICE_X39Y44         FDCE (Prop_fdce_C_Q)         0.141     1.587 r  u_clockdivider/cnt_reg[23]/Q
                         net (fo=2, routed)           0.065     1.652    u_clockdivider/cnt[23]
    SLICE_X38Y44         CARRY4 (Prop_carry4_S[2]_O[2])
                                                      0.110     1.762 r  u_clockdivider/cnt_reg[24]_i_2/O[2]
                         net (fo=1, routed)           0.161     1.923    u_clockdivider/data0[23]
    SLICE_X39Y44         LUT2 (Prop_lut2_I1_O)        0.108     2.031 r  u_clockdivider/cnt[23]_i_1/O
                         net (fo=1, routed)           0.000     2.031    u_clockdivider/cnt_0[23]
    SLICE_X39Y44         FDCE                                         r  u_clockdivider/cnt_reg[23]/D
  -------------------------------------------------------------------    -------------------

                         (clock sys_clk_pin rise edge)
                                                      0.000     0.000 r  
    W5                                                0.000     0.000 r  clk_sys (IN)
                         net (fo=0)                   0.000     0.000    clk_sys
    W5                   IBUF (Prop_ibuf_I_O)         0.414     0.414 r  clk_sys_IBUF_inst/O
                         net (fo=1, routed)           0.685     1.099    clk_sys_IBUF
    BUFGCTRL_X0Y1        BUFG (Prop_bufg_I_O)         0.029     1.128 r  clk_sys_IBUF_BUFG_inst/O
                         net (fo=27, routed)          0.832     1.959    u_clockdivider/CLK
    SLICE_X39Y44         FDCE                                         r  u_clockdivider/cnt_reg[23]/C
                         clock pessimism             -0.513     1.446    
    SLICE_X39Y44         FDCE (Hold_fdce_C_D)         0.092     1.538    u_clockdivider/cnt_reg[23]
  -------------------------------------------------------------------
                         required time                         -1.538    
                         arrival time                           2.031    
  -------------------------------------------------------------------
                         slack                                  0.493    

Slack (MET) :             0.494ns  (arrival time - required time)
  Source:                 u_clockdivider/cnt_reg[7]/C
                            (rising edge-triggered cell FDCE clocked by sys_clk_pin  {rise@0.000ns fall@5.000ns period=10.000ns})
  Destination:            u_clockdivider/cnt_reg[7]/D
                            (rising edge-triggered cell FDCE clocked by sys_clk_pin  {rise@0.000ns fall@5.000ns period=10.000ns})
  Path Group:             sys_clk_pin
  Path Type:              Hold (Min at Fast Process Corner)
  Requirement:            0.000ns  (sys_clk_pin rise@0.000ns - sys_clk_pin rise@0.000ns)
  Data Path Delay:        0.586ns  (logic 0.359ns (61.211%)  route 0.227ns (38.789%))
  Logic Levels:           2  (CARRY4=1 LUT2=1)
  Clock Path Skew:        0.000ns (DCD - SCD - CPR)
    Destination Clock Delay (DCD):    1.958ns
    Source Clock Delay      (SCD):    1.445ns
    Clock Pessimism Removal (CPR):    0.513ns

    Location             Delay type                Incr(ns)  Path(ns)    Netlist Resource(s)
  -------------------------------------------------------------------    -------------------
                         (clock sys_clk_pin rise edge)
                                                      0.000     0.000 r  
    W5                                                0.000     0.000 r  clk_sys (IN)
                         net (fo=0)                   0.000     0.000    clk_sys
    W5                   IBUF (Prop_ibuf_I_O)         0.226     0.226 r  clk_sys_IBUF_inst/O
                         net (fo=1, routed)           0.631     0.858    clk_sys_IBUF
    BUFGCTRL_X0Y1        BUFG (Prop_bufg_I_O)         0.026     0.884 r  clk_sys_IBUF_BUFG_inst/O
                         net (fo=27, routed)          0.562     1.445    u_clockdivider/CLK
    SLICE_X39Y40         FDCE                                         r  u_clockdivider/cnt_reg[7]/C
  -------------------------------------------------------------------    -------------------
    SLICE_X39Y40         FDCE (Prop_fdce_C_Q)         0.141     1.586 r  u_clockdivider/cnt_reg[7]/Q
                         net (fo=2, routed)           0.066     1.652    u_clockdivider/cnt[7]
    SLICE_X38Y40         CARRY4 (Prop_carry4_S[2]_O[2])
                                                      0.110     1.762 r  u_clockdivider/cnt_reg[8]_i_2/O[2]
                         net (fo=1, routed)           0.161     1.924    u_clockdivider/data0[7]
    SLICE_X39Y40         LUT2 (Prop_lut2_I1_O)        0.108     2.032 r  u_clockdivider/cnt[7]_i_1/O
                         net (fo=1, routed)           0.000     2.032    u_clockdivider/cnt_0[7]
    SLICE_X39Y40         FDCE                                         r  u_clockdivider/cnt_reg[7]/D
  -------------------------------------------------------------------    -------------------

                         (clock sys_clk_pin rise edge)
                                                      0.000     0.000 r  
    W5                                                0.000     0.000 r  clk_sys (IN)
                         net (fo=0)                   0.000     0.000    clk_sys
    W5                   IBUF (Prop_ibuf_I_O)         0.414     0.414 r  clk_sys_IBUF_inst/O
                         net (fo=1, routed)           0.685     1.099    clk_sys_IBUF
    BUFGCTRL_X0Y1        BUFG (Prop_bufg_I_O)         0.029     1.128 r  clk_sys_IBUF_BUFG_inst/O
                         net (fo=27, routed)          0.831     1.958    u_clockdivider/CLK
    SLICE_X39Y40         FDCE                                         r  u_clockdivider/cnt_reg[7]/C
                         clock pessimism             -0.513     1.445    
    SLICE_X39Y40         FDCE (Hold_fdce_C_D)         0.092     1.537    u_clockdivider/cnt_reg[7]
  -------------------------------------------------------------------
                         required time                         -1.537    
                         arrival time                           2.032    
  -------------------------------------------------------------------
                         slack                                  0.494    

Slack (MET) :             0.576ns  (arrival time - required time)
  Source:                 u_clockdivider/cnt_reg[23]/C
                            (rising edge-triggered cell FDCE clocked by sys_clk_pin  {rise@0.000ns fall@5.000ns period=10.000ns})
  Destination:            u_clockdivider/cnt_reg[24]/D
                            (rising edge-triggered cell FDCE clocked by sys_clk_pin  {rise@0.000ns fall@5.000ns period=10.000ns})
  Path Group:             sys_clk_pin
  Path Type:              Hold (Min at Fast Process Corner)
  Requirement:            0.000ns  (sys_clk_pin rise@0.000ns - sys_clk_pin rise@0.000ns)
  Data Path Delay:        0.683ns  (logic 0.396ns (57.940%)  route 0.287ns (42.060%))
  Logic Levels:           2  (CARRY4=1 LUT2=1)
  Clock Path Skew:        0.000ns (DCD - SCD - CPR)
    Destination Clock Delay (DCD):    1.959ns
    Source Clock Delay      (SCD):    1.446ns
    Clock Pessimism Removal (CPR):    0.513ns

    Location             Delay type                Incr(ns)  Path(ns)    Netlist Resource(s)
  -------------------------------------------------------------------    -------------------
                         (clock sys_clk_pin rise edge)
                                                      0.000     0.000 r  
    W5                                                0.000     0.000 r  clk_sys (IN)
                         net (fo=0)                   0.000     0.000    clk_sys
    W5                   IBUF (Prop_ibuf_I_O)         0.226     0.226 r  clk_sys_IBUF_inst/O
                         net (fo=1, routed)           0.631     0.858    clk_sys_IBUF
    BUFGCTRL_X0Y1        BUFG (Prop_bufg_I_O)         0.026     0.884 r  clk_sys_IBUF_BUFG_inst/O
                         net (fo=27, routed)          0.563     1.446    u_clockdivider/CLK
    SLICE_X39Y44         FDCE                                         r  u_clockdivider/cnt_reg[23]/C
  -------------------------------------------------------------------    -------------------
    SLICE_X39Y44         FDCE (Prop_fdce_C_Q)         0.141     1.587 r  u_clockdivider/cnt_reg[23]/Q
                         net (fo=2, routed)           0.065     1.652    u_clockdivider/cnt[23]
    SLICE_X38Y44         CARRY4 (Prop_carry4_S[2]_O[3])
                                                      0.146     1.798 r  u_clockdivider/cnt_reg[24]_i_2/O[3]
                         net (fo=1, routed)           0.222     2.021    u_clockdivider/data0[24]
    SLICE_X39Y44         LUT2 (Prop_lut2_I1_O)        0.109     2.130 r  u_clockdivider/cnt[24]_i_1/O
                         net (fo=1, routed)           0.000     2.130    u_clockdivider/cnt_0[24]
    SLICE_X39Y44         FDCE                                         r  u_clockdivider/cnt_reg[24]/D
  -------------------------------------------------------------------    -------------------

                         (clock sys_clk_pin rise edge)
                                                      0.000     0.000 r  
    W5                                                0.000     0.000 r  clk_sys (IN)
                         net (fo=0)                   0.000     0.000    clk_sys
    W5                   IBUF (Prop_ibuf_I_O)         0.414     0.414 r  clk_sys_IBUF_inst/O
                         net (fo=1, routed)           0.685     1.099    clk_sys_IBUF
    BUFGCTRL_X0Y1        BUFG (Prop_bufg_I_O)         0.029     1.128 r  clk_sys_IBUF_BUFG_inst/O
                         net (fo=27, routed)          0.832     1.959    u_clockdivider/CLK
    SLICE_X39Y44         FDCE                                         r  u_clockdivider/cnt_reg[24]/C
                         clock pessimism             -0.513     1.446    
    SLICE_X39Y44         FDCE (Hold_fdce_C_D)         0.107     1.553    u_clockdivider/cnt_reg[24]
  -------------------------------------------------------------------
                         required time                         -1.553    
                         arrival time                           2.130    
  -------------------------------------------------------------------
                         slack                                  0.576    

Slack (MET) :             0.578ns  (arrival time - required time)
  Source:                 u_clockdivider/cnt_reg[7]/C
                            (rising edge-triggered cell FDCE clocked by sys_clk_pin  {rise@0.000ns fall@5.000ns period=10.000ns})
  Destination:            u_clockdivider/cnt_reg[8]/D
                            (rising edge-triggered cell FDCE clocked by sys_clk_pin  {rise@0.000ns fall@5.000ns period=10.000ns})
  Path Group:             sys_clk_pin
  Path Type:              Hold (Min at Fast Process Corner)
  Requirement:            0.000ns  (sys_clk_pin rise@0.000ns - sys_clk_pin rise@0.000ns)
  Data Path Delay:        0.685ns  (logic 0.396ns (57.836%)  route 0.289ns (42.164%))
  Logic Levels:           2  (CARRY4=1 LUT2=1)
  Clock Path Skew:        0.000ns (DCD - SCD - CPR)
    Destination Clock Delay (DCD):    1.958ns
    Source Clock Delay      (SCD):    1.445ns
    Clock Pessimism Removal (CPR):    0.513ns

    Location             Delay type                Incr(ns)  Path(ns)    Netlist Resource(s)
  -------------------------------------------------------------------    -------------------
                         (clock sys_clk_pin rise edge)
                                                      0.000     0.000 r  
    W5                                                0.000     0.000 r  clk_sys (IN)
                         net (fo=0)                   0.000     0.000    clk_sys
    W5                   IBUF (Prop_ibuf_I_O)         0.226     0.226 r  clk_sys_IBUF_inst/O
                         net (fo=1, routed)           0.631     0.858    clk_sys_IBUF
    BUFGCTRL_X0Y1        BUFG (Prop_bufg_I_O)         0.026     0.884 r  clk_sys_IBUF_BUFG_inst/O
                         net (fo=27, routed)          0.562     1.445    u_clockdivider/CLK
    SLICE_X39Y40         FDCE                                         r  u_clockdivider/cnt_reg[7]/C
  -------------------------------------------------------------------    -------------------
    SLICE_X39Y40         FDCE (Prop_fdce_C_Q)         0.141     1.586 r  u_clockdivider/cnt_reg[7]/Q
                         net (fo=2, routed)           0.066     1.652    u_clockdivider/cnt[7]
    SLICE_X38Y40         CARRY4 (Prop_carry4_S[2]_O[3])
                                                      0.146     1.798 r  u_clockdivider/cnt_reg[8]_i_2/O[3]
                         net (fo=1, routed)           0.222     2.021    u_clockdivider/data0[8]
    SLICE_X39Y40         LUT2 (Prop_lut2_I1_O)        0.109     2.130 r  u_clockdivider/cnt[8]_i_1/O
                         net (fo=1, routed)           0.000     2.130    u_clockdivider/cnt_0[8]
    SLICE_X39Y40         FDCE                                         r  u_clockdivider/cnt_reg[8]/D
  -------------------------------------------------------------------    -------------------

                         (clock sys_clk_pin rise edge)
                                                      0.000     0.000 r  
    W5                                                0.000     0.000 r  clk_sys (IN)
                         net (fo=0)                   0.000     0.000    clk_sys
    W5                   IBUF (Prop_ibuf_I_O)         0.414     0.414 r  clk_sys_IBUF_inst/O
                         net (fo=1, routed)           0.685     1.099    clk_sys_IBUF
    BUFGCTRL_X0Y1        BUFG (Prop_bufg_I_O)         0.029     1.128 r  clk_sys_IBUF_BUFG_inst/O
                         net (fo=27, routed)          0.831     1.958    u_clockdivider/CLK
    SLICE_X39Y40         FDCE                                         r  u_clockdivider/cnt_reg[8]/C
                         clock pessimism             -0.513     1.445    
    SLICE_X39Y40         FDCE (Hold_fdce_C_D)         0.107     1.552    u_clockdivider/cnt_reg[8]
  -------------------------------------------------------------------
                         required time                         -1.552    
                         arrival time                           2.130    
  -------------------------------------------------------------------
                         slack                                  0.578    

Slack (MET) :             0.582ns  (arrival time - required time)
  Source:                 u_clockdivider/cnt_reg[22]/C
                            (rising edge-triggered cell FDCE clocked by sys_clk_pin  {rise@0.000ns fall@5.000ns period=10.000ns})
  Destination:            u_clockdivider/cnt_reg[13]/D
                            (rising edge-triggered cell FDCE clocked by sys_clk_pin  {rise@0.000ns fall@5.000ns period=10.000ns})
  Path Group:             sys_clk_pin
  Path Type:              Hold (Min at Fast Process Corner)
  Requirement:            0.000ns  (sys_clk_pin rise@0.000ns - sys_clk_pin rise@0.000ns)
  Data Path Delay:        0.704ns  (logic 0.277ns (39.322%)  route 0.427ns (60.678%))
  Logic Levels:           3  (LUT2=1 LUT6=2)
  Clock Path Skew:        0.015ns (DCD - SCD - CPR)
    Destination Clock Delay (DCD):    1.958ns
    Source Clock Delay      (SCD):    1.446ns
    Clock Pessimism Removal (CPR):    0.497ns

    Location             Delay type                Incr(ns)  Path(ns)    Netlist Resource(s)
  -------------------------------------------------------------------    -------------------
                         (clock sys_clk_pin rise edge)
                                                      0.000     0.000 r  
    W5                                                0.000     0.000 r  clk_sys (IN)
                         net (fo=0)                   0.000     0.000    clk_sys
    W5                   IBUF (Prop_ibuf_I_O)         0.226     0.226 r  clk_sys_IBUF_inst/O
                         net (fo=1, routed)           0.631     0.858    clk_sys_IBUF
    BUFGCTRL_X0Y1        BUFG (Prop_bufg_I_O)         0.026     0.884 r  clk_sys_IBUF_BUFG_inst/O
                         net (fo=27, routed)          0.563     1.446    u_clockdivider/CLK
    SLICE_X39Y44         FDCE                                         r  u_clockdivider/cnt_reg[22]/C
  -------------------------------------------------------------------    -------------------
    SLICE_X39Y44         FDCE (Prop_fdce_C_Q)         0.141     1.587 r  u_clockdivider/cnt_reg[22]/Q
                         net (fo=2, routed)           0.147     1.734    u_clockdivider/cnt[22]
    SLICE_X39Y44         LUT6 (Prop_lut6_I2_O)        0.045     1.779 r  u_clockdivider/cnt[25]_i_9/O
                         net (fo=1, routed)           0.110     1.889    u_clockdivider/cnt[25]_i_9_n_0
    SLICE_X39Y42         LUT6 (Prop_lut6_I5_O)        0.045     1.934 r  u_clockdivider/cnt[25]_i_2/O
                         net (fo=26, routed)          0.171     2.105    u_clockdivider/cnt[25]_i_2_n_0
    SLICE_X39Y42         LUT2 (Prop_lut2_I0_O)        0.046     2.151 r  u_clockdivider/cnt[13]_i_1/O
                         net (fo=1, routed)           0.000     2.151    u_clockdivider/cnt_0[13]
    SLICE_X39Y42         FDCE                                         r  u_clockdivider/cnt_reg[13]/D
  -------------------------------------------------------------------    -------------------

                         (clock sys_clk_pin rise edge)
                                                      0.000     0.000 r  
    W5                                                0.000     0.000 r  clk_sys (IN)
                         net (fo=0)                   0.000     0.000    clk_sys
    W5                   IBUF (Prop_ibuf_I_O)         0.414     0.414 r  clk_sys_IBUF_inst/O
                         net (fo=1, routed)           0.685     1.099    clk_sys_IBUF
    BUFGCTRL_X0Y1        BUFG (Prop_bufg_I_O)         0.029     1.128 r  clk_sys_IBUF_BUFG_inst/O
                         net (fo=27, routed)          0.831     1.958    u_clockdivider/CLK
    SLICE_X39Y42         FDCE                                         r  u_clockdivider/cnt_reg[13]/C
                         clock pessimism             -0.497     1.461    
    SLICE_X39Y42         FDCE (Hold_fdce_C_D)         0.107     1.568    u_clockdivider/cnt_reg[13]
  -------------------------------------------------------------------
                         required time                         -1.568    
                         arrival time                           2.151    
  -------------------------------------------------------------------
                         slack                                  0.582    

Slack (MET) :             0.583ns  (arrival time - required time)
  Source:                 u_clockdivider/cnt_reg[3]/C
                            (rising edge-triggered cell FDCE clocked by sys_clk_pin  {rise@0.000ns fall@5.000ns period=10.000ns})
  Destination:            u_clockdivider/cnt_reg[3]/D
                            (rising edge-triggered cell FDCE clocked by sys_clk_pin  {rise@0.000ns fall@5.000ns period=10.000ns})
  Path Group:             sys_clk_pin
  Path Type:              Hold (Min at Fast Process Corner)
  Requirement:            0.000ns  (sys_clk_pin rise@0.000ns - sys_clk_pin rise@0.000ns)
  Data Path Delay:        0.690ns  (logic 0.397ns (57.567%)  route 0.293ns (42.433%))
  Logic Levels:           2  (CARRY4=1 LUT2=1)
  Clock Path Skew:        0.000ns (DCD - SCD - CPR)
    Destination Clock Delay (DCD):    1.957ns
    Source Clock Delay      (SCD):    1.444ns
    Clock Pessimism Removal (CPR):    0.513ns

    Location             Delay type                Incr(ns)  Path(ns)    Netlist Resource(s)
  -------------------------------------------------------------------    -------------------
                         (clock sys_clk_pin rise edge)
                                                      0.000     0.000 r  
    W5                                                0.000     0.000 r  clk_sys (IN)
                         net (fo=0)                   0.000     0.000    clk_sys
    W5                   IBUF (Prop_ibuf_I_O)         0.226     0.226 r  clk_sys_IBUF_inst/O
                         net (fo=1, routed)           0.631     0.858    clk_sys_IBUF
    BUFGCTRL_X0Y1        BUFG (Prop_bufg_I_O)         0.026     0.884 r  clk_sys_IBUF_BUFG_inst/O
                         net (fo=27, routed)          0.561     1.444    u_clockdivider/CLK
    SLICE_X39Y39         FDCE                                         r  u_clockdivider/cnt_reg[3]/C
  -------------------------------------------------------------------    -------------------
    SLICE_X39Y39         FDCE (Prop_fdce_C_Q)         0.128     1.572 r  u_clockdivider/cnt_reg[3]/Q
                         net (fo=2, routed)           0.133     1.705    u_clockdivider/cnt[3]
    SLICE_X38Y39         CARRY4 (Prop_carry4_S[2]_O[2])
                                                      0.164     1.869 r  u_clockdivider/cnt_reg[4]_i_2/O[2]
                         net (fo=1, routed)           0.159     2.029    u_clockdivider/data0[3]
    SLICE_X39Y39         LUT2 (Prop_lut2_I1_O)        0.105     2.134 r  u_clockdivider/cnt[3]_i_1/O
                         net (fo=1, routed)           0.000     2.134    u_clockdivider/cnt_0[3]
    SLICE_X39Y39         FDCE                                         r  u_clockdivider/cnt_reg[3]/D
  -------------------------------------------------------------------    -------------------

                         (clock sys_clk_pin rise edge)
                                                      0.000     0.000 r  
    W5                                                0.000     0.000 r  clk_sys (IN)
                         net (fo=0)                   0.000     0.000    clk_sys
    W5                   IBUF (Prop_ibuf_I_O)         0.414     0.414 r  clk_sys_IBUF_inst/O
                         net (fo=1, routed)           0.685     1.099    clk_sys_IBUF
    BUFGCTRL_X0Y1        BUFG (Prop_bufg_I_O)         0.029     1.128 r  clk_sys_IBUF_BUFG_inst/O
                         net (fo=27, routed)          0.830     1.957    u_clockdivider/CLK
    SLICE_X39Y39         FDCE                                         r  u_clockdivider/cnt_reg[3]/C
                         clock pessimism             -0.513     1.444    
    SLICE_X39Y39         FDCE (Hold_fdce_C_D)         0.107     1.551    u_clockdivider/cnt_reg[3]
  -------------------------------------------------------------------
                         required time                         -1.551    
                         arrival time                           2.134    
  -------------------------------------------------------------------
                         slack                                  0.583    

Slack (MET) :             0.585ns  (arrival time - required time)
  Source:                 u_clockdivider/cnt_reg[4]/C
                            (rising edge-triggered cell FDCE clocked by sys_clk_pin  {rise@0.000ns fall@5.000ns period=10.000ns})
  Destination:            u_clockdivider/cnt_reg[4]/D
                            (rising edge-triggered cell FDCE clocked by sys_clk_pin  {rise@0.000ns fall@5.000ns period=10.000ns})
  Path Group:             sys_clk_pin
  Path Type:              Hold (Min at Fast Process Corner)
  Requirement:            0.000ns  (sys_clk_pin rise@0.000ns - sys_clk_pin rise@0.000ns)
  Data Path Delay:        0.676ns  (logic 0.361ns (53.391%)  route 0.315ns (46.609%))
  Logic Levels:           2  (CARRY4=1 LUT2=1)
  Clock Path Skew:        0.000ns (DCD - SCD - CPR)
    Destination Clock Delay (DCD):    1.958ns
    Source Clock Delay      (SCD):    1.445ns
    Clock Pessimism Removal (CPR):    0.513ns

    Location             Delay type                Incr(ns)  Path(ns)    Netlist Resource(s)
  -------------------------------------------------------------------    -------------------
                         (clock sys_clk_pin rise edge)
                                                      0.000     0.000 r  
    W5                                                0.000     0.000 r  clk_sys (IN)
                         net (fo=0)                   0.000     0.000    clk_sys
    W5                   IBUF (Prop_ibuf_I_O)         0.226     0.226 r  clk_sys_IBUF_inst/O
                         net (fo=1, routed)           0.631     0.858    clk_sys_IBUF
    BUFGCTRL_X0Y1        BUFG (Prop_bufg_I_O)         0.026     0.884 r  clk_sys_IBUF_BUFG_inst/O
                         net (fo=27, routed)          0.562     1.445    u_clockdivider/CLK
    SLICE_X39Y40         FDCE                                         r  u_clockdivider/cnt_reg[4]/C
  -------------------------------------------------------------------    -------------------
    SLICE_X39Y40         FDCE (Prop_fdce_C_Q)         0.141     1.586 r  u_clockdivider/cnt_reg[4]/Q
                         net (fo=2, routed)           0.120     1.706    u_clockdivider/cnt[4]
    SLICE_X38Y39         CARRY4 (Prop_carry4_S[3]_O[3])
                                                      0.109     1.815 r  u_clockdivider/cnt_reg[4]_i_2/O[3]
                         net (fo=1, routed)           0.195     2.010    u_clockdivider/data0[4]
    SLICE_X39Y40         LUT2 (Prop_lut2_I1_O)        0.111     2.121 r  u_clockdivider/cnt[4]_i_1/O
                         net (fo=1, routed)           0.000     2.121    u_clockdivider/cnt_0[4]
    SLICE_X39Y40         FDCE                                         r  u_clockdivider/cnt_reg[4]/D
  -------------------------------------------------------------------    -------------------

                         (clock sys_clk_pin rise edge)
                                                      0.000     0.000 r  
    W5                                                0.000     0.000 r  clk_sys (IN)
                         net (fo=0)                   0.000     0.000    clk_sys
    W5                   IBUF (Prop_ibuf_I_O)         0.414     0.414 r  clk_sys_IBUF_inst/O
                         net (fo=1, routed)           0.685     1.099    clk_sys_IBUF
    BUFGCTRL_X0Y1        BUFG (Prop_bufg_I_O)         0.029     1.128 r  clk_sys_IBUF_BUFG_inst/O
                         net (fo=27, routed)          0.831     1.958    u_clockdivider/CLK
    SLICE_X39Y40         FDCE                                         r  u_clockdivider/cnt_reg[4]/C
                         clock pessimism             -0.513     1.445    
    SLICE_X39Y40         FDCE (Hold_fdce_C_D)         0.091     1.536    u_clockdivider/cnt_reg[4]
  -------------------------------------------------------------------
                         required time                         -1.536    
                         arrival time                           2.121    
  -------------------------------------------------------------------
                         slack                                  0.585    

Slack (MET) :             0.586ns  (arrival time - required time)
  Source:                 u_clockdivider/cnt_reg[15]/C
                            (rising edge-triggered cell FDCE clocked by sys_clk_pin  {rise@0.000ns fall@5.000ns period=10.000ns})
  Destination:            u_clockdivider/cnt_reg[16]/D
                            (rising edge-triggered cell FDCE clocked by sys_clk_pin  {rise@0.000ns fall@5.000ns period=10.000ns})
  Path Group:             sys_clk_pin
  Path Type:              Hold (Min at Fast Process Corner)
  Requirement:            0.000ns  (sys_clk_pin rise@0.000ns - sys_clk_pin rise@0.000ns)
  Data Path Delay:        0.693ns  (logic 0.401ns (57.847%)  route 0.292ns (42.153%))
  Logic Levels:           2  (CARRY4=1 LUT2=1)
  Clock Path Skew:        0.000ns (DCD - SCD - CPR)
    Destination Clock Delay (DCD):    1.958ns
    Source Clock Delay      (SCD):    1.445ns
    Clock Pessimism Removal (CPR):    0.513ns

    Location             Delay type                Incr(ns)  Path(ns)    Netlist Resource(s)
  -------------------------------------------------------------------    -------------------
                         (clock sys_clk_pin rise edge)
                                                      0.000     0.000 r  
    W5                                                0.000     0.000 r  clk_sys (IN)
                         net (fo=0)                   0.000     0.000    clk_sys
    W5                   IBUF (Prop_ibuf_I_O)         0.226     0.226 r  clk_sys_IBUF_inst/O
                         net (fo=1, routed)           0.631     0.858    clk_sys_IBUF
    BUFGCTRL_X0Y1        BUFG (Prop_bufg_I_O)         0.026     0.884 r  clk_sys_IBUF_BUFG_inst/O
                         net (fo=27, routed)          0.562     1.445    u_clockdivider/CLK
    SLICE_X37Y42         FDCE                                         r  u_clockdivider/cnt_reg[15]/C
  -------------------------------------------------------------------    -------------------
    SLICE_X37Y42         FDCE (Prop_fdce_C_Q)         0.141     1.586 r  u_clockdivider/cnt_reg[15]/Q
                         net (fo=2, routed)           0.109     1.695    u_clockdivider/cnt[15]
    SLICE_X38Y42         CARRY4 (Prop_carry4_S[2]_O[3])
                                                      0.146     1.841 r  u_clockdivider/cnt_reg[16]_i_2/O[3]
                         net (fo=1, routed)           0.183     2.024    u_clockdivider/data0[16]
    SLICE_X37Y42         LUT2 (Prop_lut2_I1_O)        0.114     2.138 r  u_clockdivider/cnt[16]_i_1/O
                         net (fo=1, routed)           0.000     2.138    u_clockdivider/cnt_0[16]
    SLICE_X37Y42         FDCE                                         r  u_clockdivider/cnt_reg[16]/D
  -------------------------------------------------------------------    -------------------

                         (clock sys_clk_pin rise edge)
                                                      0.000     0.000 r  
    W5                                                0.000     0.000 r  clk_sys (IN)
                         net (fo=0)                   0.000     0.000    clk_sys
    W5                   IBUF (Prop_ibuf_I_O)         0.414     0.414 r  clk_sys_IBUF_inst/O
                         net (fo=1, routed)           0.685     1.099    clk_sys_IBUF
    BUFGCTRL_X0Y1        BUFG (Prop_bufg_I_O)         0.029     1.128 r  clk_sys_IBUF_BUFG_inst/O
                         net (fo=27, routed)          0.831     1.958    u_clockdivider/CLK
    SLICE_X37Y42         FDCE                                         r  u_clockdivider/cnt_reg[16]/C
                         clock pessimism             -0.513     1.445    
    SLICE_X37Y42         FDCE (Hold_fdce_C_D)         0.107     1.552    u_clockdivider/cnt_reg[16]
  -------------------------------------------------------------------
                         required time                         -1.552    
                         arrival time                           2.138    
  -------------------------------------------------------------------
                         slack                                  0.586    





Pulse Width Checks
--------------------------------------------------------------------------------------
Clock Name:         sys_clk_pin
Waveform(ns):       { 0.000 5.000 }
Period(ns):         10.000
Sources:            { clk_sys }

Check Type        Corner  Lib Pin  Reference Pin  Required(ns)  Actual(ns)  Slack(ns)  Location       Pin
Min Period        n/a     BUFG/I   n/a            2.155         10.000      7.845      BUFGCTRL_X0Y1  clk_sys_IBUF_BUFG_inst/I
Min Period        n/a     FDRE/C   n/a            1.000         10.000      9.000      SLICE_X36Y44   u_clockdivider/clk100000hz_reg/C
Min Period        n/a     FDCE/C   n/a            1.000         10.000      9.000      SLICE_X37Y42   u_clockdivider/cnt_reg[0]/C
Min Period        n/a     FDCE/C   n/a            1.000         10.000      9.000      SLICE_X39Y42   u_clockdivider/cnt_reg[10]/C
Min Period        n/a     FDCE/C   n/a            1.000         10.000      9.000      SLICE_X39Y41   u_clockdivider/cnt_reg[11]/C
Min Period        n/a     FDCE/C   n/a            1.000         10.000      9.000      SLICE_X39Y41   u_clockdivider/cnt_reg[12]/C
Min Period        n/a     FDCE/C   n/a            1.000         10.000      9.000      SLICE_X39Y42   u_clockdivider/cnt_reg[13]/C
Min Period        n/a     FDCE/C   n/a            1.000         10.000      9.000      SLICE_X39Y43   u_clockdivider/cnt_reg[14]/C
Min Period        n/a     FDCE/C   n/a            1.000         10.000      9.000      SLICE_X37Y42   u_clockdivider/cnt_reg[15]/C
Min Period        n/a     FDCE/C   n/a            1.000         10.000      9.000      SLICE_X37Y42   u_clockdivider/cnt_reg[16]/C
Low Pulse Width   Slow    FDRE/C   n/a            0.500         5.000       4.500      SLICE_X36Y44   u_clockdivider/clk100000hz_reg/C
Low Pulse Width   Fast    FDRE/C   n/a            0.500         5.000       4.500      SLICE_X36Y44   u_clockdivider/clk100000hz_reg/C
Low Pulse Width   Slow    FDCE/C   n/a            0.500         5.000       4.500      SLICE_X37Y42   u_clockdivider/cnt_reg[0]/C
Low Pulse Width   Fast    FDCE/C   n/a            0.500         5.000       4.500      SLICE_X37Y42   u_clockdivider/cnt_reg[0]/C
Low Pulse Width   Slow    FDCE/C   n/a            0.500         5.000       4.500      SLICE_X39Y42   u_clockdivider/cnt_reg[10]/C
Low Pulse Width   Fast    FDCE/C   n/a            0.500         5.000       4.500      SLICE_X39Y42   u_clockdivider/cnt_reg[10]/C
Low Pulse Width   Slow    FDCE/C   n/a            0.500         5.000       4.500      SLICE_X39Y41   u_clockdivider/cnt_reg[11]/C
Low Pulse Width   Fast    FDCE/C   n/a            0.500         5.000       4.500      SLICE_X39Y41   u_clockdivider/cnt_reg[11]/C
Low Pulse Width   Slow    FDCE/C   n/a            0.500         5.000       4.500      SLICE_X39Y41   u_clockdivider/cnt_reg[12]/C
Low Pulse Width   Fast    FDCE/C   n/a            0.500         5.000       4.500      SLICE_X39Y41   u_clockdivider/cnt_reg[12]/C
High Pulse Width  Slow    FDRE/C   n/a            0.500         5.000       4.500      SLICE_X36Y44   u_clockdivider/clk100000hz_reg/C
High Pulse Width  Fast    FDRE/C   n/a            0.500         5.000       4.500      SLICE_X36Y44   u_clockdivider/clk100000hz_reg/C
High Pulse Width  Slow    FDCE/C   n/a            0.500         5.000       4.500      SLICE_X37Y42   u_clockdivider/cnt_reg[0]/C
High Pulse Width  Fast    FDCE/C   n/a            0.500         5.000       4.500      SLICE_X37Y42   u_clockdivider/cnt_reg[0]/C
High Pulse Width  Slow    FDCE/C   n/a            0.500         5.000       4.500      SLICE_X39Y42   u_clockdivider/cnt_reg[10]/C
High Pulse Width  Fast    FDCE/C   n/a            0.500         5.000       4.500      SLICE_X39Y42   u_clockdivider/cnt_reg[10]/C
High Pulse Width  Slow    FDCE/C   n/a            0.500         5.000       4.500      SLICE_X39Y41   u_clockdivider/cnt_reg[11]/C
High Pulse Width  Fast    FDCE/C   n/a            0.500         5.000       4.500      SLICE_X39Y41   u_clockdivider/cnt_reg[11]/C
High Pulse Width  Slow    FDCE/C   n/a            0.500         5.000       4.500      SLICE_X39Y41   u_clockdivider/cnt_reg[12]/C
High Pulse Width  Fast    FDCE/C   n/a            0.500         5.000       4.500      SLICE_X39Y41   u_clockdivider/cnt_reg[12]/C



--------------------------------------------------------------------------------------
Path Group:  (none)
From Clock:  
  To Clock:  

Max Delay            73 Endpoints
Min Delay            73 Endpoints
--------------------------------------------------------------------------------------


Max Delay Paths
--------------------------------------------------------------------------------------
Slack:                    inf
  Source:                 u_servo/Servo_reg/C
                            (rising edge-triggered cell FDCE)
  Destination:            Servo
                            (output port)
  Path Group:             (none)
  Path Type:              Max at Slow Process Corner
  Data Path Delay:        7.598ns  (logic 3.961ns (52.134%)  route 3.637ns (47.866%))
  Logic Levels:           2  (FDCE=1 OBUF=1)

    Location             Delay type                Incr(ns)  Path(ns)    Netlist Resource(s)
  -------------------------------------------------------------------    -------------------
    SLICE_X39Y58         FDCE                         0.000     0.000 r  u_servo/Servo_reg/C
    SLICE_X39Y58         FDCE (Prop_fdce_C_Q)         0.456     0.456 r  u_servo/Servo_reg/Q
                         net (fo=1, routed)           3.637     4.093    Servo_OBUF
    J1                   OBUF (Prop_obuf_I_O)         3.505     7.598 r  Servo_OBUF_inst/O
                         net (fo=0)                   0.000     7.598    Servo
    J1                                                                r  Servo (OUT)
  -------------------------------------------------------------------    -------------------

Slack:                    inf
  Source:                 reset
                            (input port)
  Destination:            u_servo/Servo_reg/CLR
  Path Group:             (none)
  Path Type:              Max at Slow Process Corner
  Data Path Delay:        6.387ns  (logic 1.441ns (22.568%)  route 4.945ns (77.432%))
  Logic Levels:           1  (IBUF=1)

    Location             Delay type                Incr(ns)  Path(ns)    Netlist Resource(s)
  -------------------------------------------------------------------    -------------------
    U18                                               0.000     0.000 f  reset (IN)
                         net (fo=0)                   0.000     0.000    reset
    U18                  IBUF (Prop_ibuf_I_O)         1.441     1.441 f  reset_IBUF_inst/O
                         net (fo=60, routed)          4.945     6.387    u_servo/AS[0]
    SLICE_X39Y58         FDCE                                         f  u_servo/Servo_reg/CLR
  -------------------------------------------------------------------    -------------------

Slack:                    inf
  Source:                 reset
                            (input port)
  Destination:            u_servo/cnt_duty_reg[6]/CLR
  Path Group:             (none)
  Path Type:              Max at Slow Process Corner
  Data Path Delay:        6.387ns  (logic 1.441ns (22.568%)  route 4.945ns (77.432%))
  Logic Levels:           1  (IBUF=1)

    Location             Delay type                Incr(ns)  Path(ns)    Netlist Resource(s)
  -------------------------------------------------------------------    -------------------
    U18                                               0.000     0.000 f  reset (IN)
                         net (fo=0)                   0.000     0.000    reset
    U18                  IBUF (Prop_ibuf_I_O)         1.441     1.441 f  reset_IBUF_inst/O
                         net (fo=60, routed)          4.945     6.387    u_servo/AS[0]
    SLICE_X38Y58         FDCE                                         f  u_servo/cnt_duty_reg[6]/CLR
  -------------------------------------------------------------------    -------------------

Slack:                    inf
  Source:                 reset
                            (input port)
  Destination:            u_servo/cnt_duty_reg[7]/CLR
  Path Group:             (none)
  Path Type:              Max at Slow Process Corner
  Data Path Delay:        6.387ns  (logic 1.441ns (22.568%)  route 4.945ns (77.432%))
  Logic Levels:           1  (IBUF=1)

    Location             Delay type                Incr(ns)  Path(ns)    Netlist Resource(s)
  -------------------------------------------------------------------    -------------------
    U18                                               0.000     0.000 f  reset (IN)
                         net (fo=0)                   0.000     0.000    reset
    U18                  IBUF (Prop_ibuf_I_O)         1.441     1.441 f  reset_IBUF_inst/O
                         net (fo=60, routed)          4.945     6.387    u_servo/AS[0]
    SLICE_X38Y58         FDCE                                         f  u_servo/cnt_duty_reg[7]/CLR
  -------------------------------------------------------------------    -------------------

Slack:                    inf
  Source:                 reset
                            (input port)
  Destination:            u_servo/cnt_duty_reg[8]/CLR
  Path Group:             (none)
  Path Type:              Max at Slow Process Corner
  Data Path Delay:        6.387ns  (logic 1.441ns (22.568%)  route 4.945ns (77.432%))
  Logic Levels:           1  (IBUF=1)

    Location             Delay type                Incr(ns)  Path(ns)    Netlist Resource(s)
  -------------------------------------------------------------------    -------------------
    U18                                               0.000     0.000 f  reset (IN)
                         net (fo=0)                   0.000     0.000    reset
    U18                  IBUF (Prop_ibuf_I_O)         1.441     1.441 f  reset_IBUF_inst/O
                         net (fo=60, routed)          4.945     6.387    u_servo/AS[0]
    SLICE_X38Y58         FDCE                                         f  u_servo/cnt_duty_reg[8]/CLR
  -------------------------------------------------------------------    -------------------

Slack:                    inf
  Source:                 reset
                            (input port)
  Destination:            u_servo/cnt_duty_reg[9]/CLR
  Path Group:             (none)
  Path Type:              Max at Slow Process Corner
  Data Path Delay:        6.387ns  (logic 1.441ns (22.568%)  route 4.945ns (77.432%))
  Logic Levels:           1  (IBUF=1)

    Location             Delay type                Incr(ns)  Path(ns)    Netlist Resource(s)
  -------------------------------------------------------------------    -------------------
    U18                                               0.000     0.000 f  reset (IN)
                         net (fo=0)                   0.000     0.000    reset
    U18                  IBUF (Prop_ibuf_I_O)         1.441     1.441 f  reset_IBUF_inst/O
                         net (fo=60, routed)          4.945     6.387    u_servo/AS[0]
    SLICE_X38Y58         FDCE                                         f  u_servo/cnt_duty_reg[9]/CLR
  -------------------------------------------------------------------    -------------------

Slack:                    inf
  Source:                 reset
                            (input port)
  Destination:            u_servo/FSM_onehot_current_state_reg[0]/PRE
  Path Group:             (none)
  Path Type:              Max at Slow Process Corner
  Data Path Delay:        6.241ns  (logic 1.441ns (23.095%)  route 4.799ns (76.905%))
  Logic Levels:           1  (IBUF=1)

    Location             Delay type                Incr(ns)  Path(ns)    Netlist Resource(s)
  -------------------------------------------------------------------    -------------------
    U18                                               0.000     0.000 f  reset (IN)
                         net (fo=0)                   0.000     0.000    reset
    U18                  IBUF (Prop_ibuf_I_O)         1.441     1.441 f  reset_IBUF_inst/O
                         net (fo=60, routed)          4.799     6.241    u_servo/AS[0]
    SLICE_X39Y57         FDPE                                         f  u_servo/FSM_onehot_current_state_reg[0]/PRE
  -------------------------------------------------------------------    -------------------

Slack:                    inf
  Source:                 reset
                            (input port)
  Destination:            u_servo/FSM_onehot_current_state_reg[1]/CLR
  Path Group:             (none)
  Path Type:              Max at Slow Process Corner
  Data Path Delay:        6.241ns  (logic 1.441ns (23.095%)  route 4.799ns (76.905%))
  Logic Levels:           1  (IBUF=1)

    Location             Delay type                Incr(ns)  Path(ns)    Netlist Resource(s)
  -------------------------------------------------------------------    -------------------
    U18                                               0.000     0.000 f  reset (IN)
                         net (fo=0)                   0.000     0.000    reset
    U18                  IBUF (Prop_ibuf_I_O)         1.441     1.441 f  reset_IBUF_inst/O
                         net (fo=60, routed)          4.799     6.241    u_servo/AS[0]
    SLICE_X39Y57         FDCE                                         f  u_servo/FSM_onehot_current_state_reg[1]/CLR
  -------------------------------------------------------------------    -------------------

Slack:                    inf
  Source:                 reset
                            (input port)
  Destination:            u_servo/FSM_onehot_current_state_reg[2]/CLR
  Path Group:             (none)
  Path Type:              Max at Slow Process Corner
  Data Path Delay:        6.241ns  (logic 1.441ns (23.095%)  route 4.799ns (76.905%))
  Logic Levels:           1  (IBUF=1)

    Location             Delay type                Incr(ns)  Path(ns)    Netlist Resource(s)
  -------------------------------------------------------------------    -------------------
    U18                                               0.000     0.000 f  reset (IN)
                         net (fo=0)                   0.000     0.000    reset
    U18                  IBUF (Prop_ibuf_I_O)         1.441     1.441 f  reset_IBUF_inst/O
                         net (fo=60, routed)          4.799     6.241    u_servo/AS[0]
    SLICE_X39Y57         FDCE                                         f  u_servo/FSM_onehot_current_state_reg[2]/CLR
  -------------------------------------------------------------------    -------------------

Slack:                    inf
  Source:                 reset
                            (input port)
  Destination:            u_servo/FSM_onehot_current_state_reg[3]/CLR
  Path Group:             (none)
  Path Type:              Max at Slow Process Corner
  Data Path Delay:        6.241ns  (logic 1.441ns (23.095%)  route 4.799ns (76.905%))
  Logic Levels:           1  (IBUF=1)

    Location             Delay type                Incr(ns)  Path(ns)    Netlist Resource(s)
  -------------------------------------------------------------------    -------------------
    U18                                               0.000     0.000 f  reset (IN)
                         net (fo=0)                   0.000     0.000    reset
    U18                  IBUF (Prop_ibuf_I_O)         1.441     1.441 f  reset_IBUF_inst/O
                         net (fo=60, routed)          4.799     6.241    u_servo/AS[0]
    SLICE_X39Y57         FDCE                                         f  u_servo/FSM_onehot_current_state_reg[3]/CLR
  -------------------------------------------------------------------    -------------------





Min Delay Paths
--------------------------------------------------------------------------------------
Slack:                    inf
  Source:                 u_servo/FSM_onehot_current_state_reg[3]/C
                            (rising edge-triggered cell FDCE)
  Destination:            u_servo/FSM_onehot_current_state_reg[0]/D
  Path Group:             (none)
  Path Type:              Min at Fast Process Corner
  Data Path Delay:        0.296ns  (logic 0.141ns (47.601%)  route 0.155ns (52.399%))
  Logic Levels:           1  (FDCE=1)

    Location             Delay type                Incr(ns)  Path(ns)    Netlist Resource(s)
  -------------------------------------------------------------------    -------------------
    SLICE_X39Y57         FDCE                         0.000     0.000 r  u_servo/FSM_onehot_current_state_reg[3]/C
    SLICE_X39Y57         FDCE (Prop_fdce_C_Q)         0.141     0.141 r  u_servo/FSM_onehot_current_state_reg[3]/Q
                         net (fo=4, routed)           0.155     0.296    u_servo/FSM_onehot_current_state_reg_n_0_[3]
    SLICE_X39Y57         FDPE                                         r  u_servo/FSM_onehot_current_state_reg[0]/D
  -------------------------------------------------------------------    -------------------

Slack:                    inf
  Source:                 u_servo/FSM_onehot_current_state_reg[0]/C
                            (rising edge-triggered cell FDPE)
  Destination:            u_servo/FSM_onehot_current_state_reg[1]/D
  Path Group:             (none)
  Path Type:              Min at Fast Process Corner
  Data Path Delay:        0.311ns  (logic 0.141ns (45.303%)  route 0.170ns (54.697%))
  Logic Levels:           1  (FDPE=1)

    Location             Delay type                Incr(ns)  Path(ns)    Netlist Resource(s)
  -------------------------------------------------------------------    -------------------
    SLICE_X39Y57         FDPE                         0.000     0.000 r  u_servo/FSM_onehot_current_state_reg[0]/C
    SLICE_X39Y57         FDPE (Prop_fdpe_C_Q)         0.141     0.141 r  u_servo/FSM_onehot_current_state_reg[0]/Q
                         net (fo=6, routed)           0.170     0.311    u_servo/FSM_onehot_current_state_reg_n_0_[0]
    SLICE_X39Y57         FDCE                                         r  u_servo/FSM_onehot_current_state_reg[1]/D
  -------------------------------------------------------------------    -------------------

Slack:                    inf
  Source:                 u_servo/delay_cnt_reg[0]/C
                            (rising edge-triggered cell FDCE)
  Destination:            u_servo/delay_cnt_reg[0]/D
  Path Group:             (none)
  Path Type:              Min at Fast Process Corner
  Data Path Delay:        0.354ns  (logic 0.186ns (52.507%)  route 0.168ns (47.493%))
  Logic Levels:           2  (FDCE=1 LUT6=1)

    Location             Delay type                Incr(ns)  Path(ns)    Netlist Resource(s)
  -------------------------------------------------------------------    -------------------
    SLICE_X37Y52         FDCE                         0.000     0.000 r  u_servo/delay_cnt_reg[0]/C
    SLICE_X37Y52         FDCE (Prop_fdce_C_Q)         0.141     0.141 f  u_servo/delay_cnt_reg[0]/Q
                         net (fo=3, routed)           0.168     0.309    u_servo/delay_cnt_reg_n_0_[0]
    SLICE_X37Y52         LUT6 (Prop_lut6_I5_O)        0.045     0.354 r  u_servo/delay_cnt[0]_i_1/O
                         net (fo=1, routed)           0.000     0.354    u_servo/delay_cnt[0]
    SLICE_X37Y52         FDCE                                         r  u_servo/delay_cnt_reg[0]/D
  -------------------------------------------------------------------    -------------------

Slack:                    inf
  Source:                 u_servo/internal_data_reg[1]/C
                            (rising edge-triggered cell FDRE)
  Destination:            u_servo/internal_data_reg[1]/D
  Path Group:             (none)
  Path Type:              Min at Fast Process Corner
  Data Path Delay:        0.354ns  (logic 0.186ns (52.507%)  route 0.168ns (47.493%))
  Logic Levels:           2  (FDRE=1 LUT5=1)

    Location             Delay type                Incr(ns)  Path(ns)    Netlist Resource(s)
  -------------------------------------------------------------------    -------------------
    SLICE_X37Y55         FDRE                         0.000     0.000 r  u_servo/internal_data_reg[1]/C
    SLICE_X37Y55         FDRE (Prop_fdre_C_Q)         0.141     0.141 r  u_servo/internal_data_reg[1]/Q
                         net (fo=3, routed)           0.168     0.309    u_servo/internal_data[1]
    SLICE_X37Y55         LUT5 (Prop_lut5_I4_O)        0.045     0.354 r  u_servo/internal_data[1]_i_1/O
                         net (fo=1, routed)           0.000     0.354    u_servo/internal_data[1]_i_1_n_0
    SLICE_X37Y55         FDRE                                         r  u_servo/internal_data_reg[1]/D
  -------------------------------------------------------------------    -------------------

Slack:                    inf
  Source:                 u_servo/internal_data_reg[4]/C
                            (rising edge-triggered cell FDRE)
  Destination:            u_servo/internal_data_reg[4]/D
  Path Group:             (none)
  Path Type:              Min at Fast Process Corner
  Data Path Delay:        0.354ns  (logic 0.186ns (52.507%)  route 0.168ns (47.493%))
  Logic Levels:           2  (FDRE=1 LUT3=1)

    Location             Delay type                Incr(ns)  Path(ns)    Netlist Resource(s)
  -------------------------------------------------------------------    -------------------
    SLICE_X37Y57         FDRE                         0.000     0.000 r  u_servo/internal_data_reg[4]/C
    SLICE_X37Y57         FDRE (Prop_fdre_C_Q)         0.141     0.141 r  u_servo/internal_data_reg[4]/Q
                         net (fo=3, routed)           0.168     0.309    u_servo/internal_data[4]
    SLICE_X37Y57         LUT3 (Prop_lut3_I2_O)        0.045     0.354 r  u_servo/internal_data[4]_i_1/O
                         net (fo=1, routed)           0.000     0.354    u_servo/internal_data[4]_i_1_n_0
    SLICE_X37Y57         FDRE                                         r  u_servo/internal_data_reg[4]/D
  -------------------------------------------------------------------    -------------------

Slack:                    inf
  Source:                 u_servo/cnt_duty_reg[1]/C
                            (rising edge-triggered cell FDCE)
  Destination:            u_servo/cnt_duty_reg[5]/D
  Path Group:             (none)
  Path Type:              Min at Fast Process Corner
  Data Path Delay:        0.369ns  (logic 0.209ns (56.651%)  route 0.160ns (43.349%))
  Logic Levels:           2  (FDCE=1 LUT6=1)

    Location             Delay type                Incr(ns)  Path(ns)    Netlist Resource(s)
  -------------------------------------------------------------------    -------------------
    SLICE_X38Y57         FDCE                         0.000     0.000 r  u_servo/cnt_duty_reg[1]/C
    SLICE_X38Y57         FDCE (Prop_fdce_C_Q)         0.164     0.164 r  u_servo/cnt_duty_reg[1]/Q
                         net (fo=8, routed)           0.160     0.324    u_servo/cnt_duty_reg[1]
    SLICE_X38Y57         LUT6 (Prop_lut6_I3_O)        0.045     0.369 r  u_servo/cnt_duty[5]_i_1/O
                         net (fo=1, routed)           0.000     0.369    u_servo/p_0_in[5]
    SLICE_X38Y57         FDCE                                         r  u_servo/cnt_duty_reg[5]/D
  -------------------------------------------------------------------    -------------------

Slack:                    inf
  Source:                 u_servo/delay_cnt_reg[16]/C
                            (rising edge-triggered cell FDCE)
  Destination:            u_servo/delay_cnt_reg[14]/D
  Path Group:             (none)
  Path Type:              Min at Fast Process Corner
  Data Path Delay:        0.378ns  (logic 0.186ns (49.204%)  route 0.192ns (50.796%))
  Logic Levels:           2  (FDCE=1 LUT6=1)

    Location             Delay type                Incr(ns)  Path(ns)    Netlist Resource(s)
  -------------------------------------------------------------------    -------------------
    SLICE_X39Y55         FDCE                         0.000     0.000 r  u_servo/delay_cnt_reg[16]/C
    SLICE_X39Y55         FDCE (Prop_fdce_C_Q)         0.141     0.141 f  u_servo/delay_cnt_reg[16]/Q
                         net (fo=19, routed)          0.192     0.333    u_servo/delay_cnt_reg_n_0_[16]
    SLICE_X39Y55         LUT6 (Prop_lut6_I2_O)        0.045     0.378 r  u_servo/delay_cnt[14]_i_1/O
                         net (fo=1, routed)           0.000     0.378    u_servo/delay_cnt[14]
    SLICE_X39Y55         FDCE                                         r  u_servo/delay_cnt_reg[14]/D
  -------------------------------------------------------------------    -------------------

Slack:                    inf
  Source:                 u_servo/cnt_duty_reg[1]/C
                            (rising edge-triggered cell FDCE)
  Destination:            u_servo/cnt_duty_reg[2]/D
  Path Group:             (none)
  Path Type:              Min at Fast Process Corner
  Data Path Delay:        0.381ns  (logic 0.207ns (54.330%)  route 0.174ns (45.670%))
  Logic Levels:           2  (FDCE=1 LUT3=1)

    Location             Delay type                Incr(ns)  Path(ns)    Netlist Resource(s)
  -------------------------------------------------------------------    -------------------
    SLICE_X38Y57         FDCE                         0.000     0.000 r  u_servo/cnt_duty_reg[1]/C
    SLICE_X38Y57         FDCE (Prop_fdce_C_Q)         0.164     0.164 r  u_servo/cnt_duty_reg[1]/Q
                         net (fo=8, routed)           0.174     0.338    u_servo/cnt_duty_reg[1]
    SLICE_X38Y57         LUT3 (Prop_lut3_I0_O)        0.043     0.381 r  u_servo/cnt_duty[2]_i_1/O
                         net (fo=1, routed)           0.000     0.381    u_servo/p_0_in[2]
    SLICE_X38Y57         FDCE                                         r  u_servo/cnt_duty_reg[2]/D
  -------------------------------------------------------------------    -------------------

Slack:                    inf
  Source:                 u_servo/cnt_duty_reg[1]/C
                            (rising edge-triggered cell FDCE)
  Destination:            u_servo/cnt_duty_reg[1]/D
  Path Group:             (none)
  Path Type:              Min at Fast Process Corner
  Data Path Delay:        0.383ns  (logic 0.209ns (54.569%)  route 0.174ns (45.431%))
  Logic Levels:           2  (FDCE=1 LUT2=1)

    Location             Delay type                Incr(ns)  Path(ns)    Netlist Resource(s)
  -------------------------------------------------------------------    -------------------
    SLICE_X38Y57         FDCE                         0.000     0.000 r  u_servo/cnt_duty_reg[1]/C
    SLICE_X38Y57         FDCE (Prop_fdce_C_Q)         0.164     0.164 r  u_servo/cnt_duty_reg[1]/Q
                         net (fo=8, routed)           0.174     0.338    u_servo/cnt_duty_reg[1]
    SLICE_X38Y57         LUT2 (Prop_lut2_I1_O)        0.045     0.383 r  u_servo/cnt_duty[1]_i_1/O
                         net (fo=1, routed)           0.000     0.383    u_servo/p_0_in[1]
    SLICE_X38Y57         FDCE                                         r  u_servo/cnt_duty_reg[1]/D
  -------------------------------------------------------------------    -------------------

Slack:                    inf
  Source:                 u_servo/cnt_duty_reg[0]/C
                            (rising edge-triggered cell FDCE)
  Destination:            u_servo/cnt_duty_reg[0]/D
  Path Group:             (none)
  Path Type:              Min at Fast Process Corner
  Data Path Delay:        0.384ns  (logic 0.209ns (54.393%)  route 0.175ns (45.607%))
  Logic Levels:           2  (FDCE=1 LUT1=1)

    Location             Delay type                Incr(ns)  Path(ns)    Netlist Resource(s)
  -------------------------------------------------------------------    -------------------
    SLICE_X38Y56         FDCE                         0.000     0.000 r  u_servo/cnt_duty_reg[0]/C
    SLICE_X38Y56         FDCE (Prop_fdce_C_Q)         0.164     0.164 f  u_servo/cnt_duty_reg[0]/Q
                         net (fo=8, routed)           0.175     0.339    u_servo/cnt_duty_reg[0]
    SLICE_X38Y56         LUT1 (Prop_lut1_I0_O)        0.045     0.384 r  u_servo/cnt_duty[0]_i_1/O
                         net (fo=1, routed)           0.000     0.384    u_servo/cnt_duty[0]_i_1_n_0
    SLICE_X38Y56         FDCE                                         r  u_servo/cnt_duty_reg[0]/D
  -------------------------------------------------------------------    -------------------





--------------------------------------------------------------------------------------
Path Group:  (none)
From Clock:  
  To Clock:  sys_clk_pin

Max Delay            27 Endpoints
Min Delay            27 Endpoints
--------------------------------------------------------------------------------------


Max Delay Paths
--------------------------------------------------------------------------------------
Slack:                    inf
  Source:                 reset
                            (input port)
  Destination:            u_clockdivider/clk100000hz_reg/D
                            (rising edge-triggered cell FDRE clocked by sys_clk_pin  {rise@0.000ns fall@5.000ns period=10.000ns})
  Path Group:             (none)
  Path Type:              Setup (Max at Slow Process Corner)
  Data Path Delay:        5.846ns  (logic 1.565ns (26.775%)  route 4.281ns (73.225%))
  Logic Levels:           2  (IBUF=1 LUT3=1)
  Clock Path Skew:        4.786ns (DCD - SCD + CPR)
    Destination Clock Delay (DCD):    4.786ns
    Source Clock Delay      (SCD):    0.000ns
    Clock Pessimism Removal (CPR):    0.000ns
  Clock Uncertainty:      0.025ns  ((TSJ^2 + TIJ^2)^1/2 + DJ) / 2 + PE
    Total System Jitter     (TSJ):    0.050ns
    Total Input Jitter      (TIJ):    0.000ns
    Discrete Jitter          (DJ):    0.000ns
    Phase Error              (PE):    0.000ns

    Location             Delay type                Incr(ns)  Path(ns)    Netlist Resource(s)
  -------------------------------------------------------------------    -------------------
    U18                                               0.000     0.000 r  reset (IN)
                         net (fo=0)                   0.000     0.000    reset
    U18                  IBUF (Prop_ibuf_I_O)         1.441     1.441 r  reset_IBUF_inst/O
                         net (fo=60, routed)          4.281     5.722    u_clockdivider/AS[0]
    SLICE_X36Y44         LUT3 (Prop_lut3_I0_O)        0.124     5.846 r  u_clockdivider/clk100000hz_i_1/O
                         net (fo=1, routed)           0.000     5.846    u_clockdivider/clk100000hz_i_1_n_0
    SLICE_X36Y44         FDRE                                         r  u_clockdivider/clk100000hz_reg/D
  -------------------------------------------------------------------    -------------------

                         (clock sys_clk_pin rise edge)
                                                      0.000     0.000 r  
    W5                                                0.000     0.000 r  clk_sys (IN)
                         net (fo=0)                   0.000     0.000    clk_sys
    W5                   IBUF (Prop_ibuf_I_O)         1.388     1.388 r  clk_sys_IBUF_inst/O
                         net (fo=1, routed)           1.862     3.250    clk_sys_IBUF
    BUFGCTRL_X0Y1        BUFG (Prop_bufg_I_O)         0.091     3.341 r  clk_sys_IBUF_BUFG_inst/O
                         net (fo=27, routed)          1.445     4.786    u_clockdivider/CLK
    SLICE_X36Y44         FDRE                                         r  u_clockdivider/clk100000hz_reg/C

Slack:                    inf
  Source:                 reset
                            (input port)
  Destination:            u_clockdivider/cnt_reg[22]/CLR
                            (recovery check against rising-edge clock sys_clk_pin  {rise@0.000ns fall@5.000ns period=10.000ns})
  Path Group:             (none)
  Path Type:              Recovery (Max at Slow Process Corner)
  Data Path Delay:        5.116ns  (logic 1.441ns (28.173%)  route 3.675ns (71.827%))
  Logic Levels:           1  (IBUF=1)
  Clock Path Skew:        4.786ns (DCD - SCD + CPR)
    Destination Clock Delay (DCD):    4.786ns
    Source Clock Delay      (SCD):    0.000ns
    Clock Pessimism Removal (CPR):    0.000ns
  Clock Uncertainty:      0.025ns  ((TSJ^2 + TIJ^2)^1/2 + DJ) / 2 + PE
    Total System Jitter     (TSJ):    0.050ns
    Total Input Jitter      (TIJ):    0.000ns
    Discrete Jitter          (DJ):    0.000ns
    Phase Error              (PE):    0.000ns

    Location             Delay type                Incr(ns)  Path(ns)    Netlist Resource(s)
  -------------------------------------------------------------------    -------------------
    U18                                               0.000     0.000 f  reset (IN)
                         net (fo=0)                   0.000     0.000    reset
    U18                  IBUF (Prop_ibuf_I_O)         1.441     1.441 f  reset_IBUF_inst/O
                         net (fo=60, routed)          3.675     5.116    u_clockdivider/AS[0]
    SLICE_X39Y44         FDCE                                         f  u_clockdivider/cnt_reg[22]/CLR
  -------------------------------------------------------------------    -------------------

                         (clock sys_clk_pin rise edge)
                                                      0.000     0.000 r  
    W5                                                0.000     0.000 r  clk_sys (IN)
                         net (fo=0)                   0.000     0.000    clk_sys
    W5                   IBUF (Prop_ibuf_I_O)         1.388     1.388 r  clk_sys_IBUF_inst/O
                         net (fo=1, routed)           1.862     3.250    clk_sys_IBUF
    BUFGCTRL_X0Y1        BUFG (Prop_bufg_I_O)         0.091     3.341 r  clk_sys_IBUF_BUFG_inst/O
                         net (fo=27, routed)          1.445     4.786    u_clockdivider/CLK
    SLICE_X39Y44         FDCE                                         r  u_clockdivider/cnt_reg[22]/C

Slack:                    inf
  Source:                 reset
                            (input port)
  Destination:            u_clockdivider/cnt_reg[23]/CLR
                            (recovery check against rising-edge clock sys_clk_pin  {rise@0.000ns fall@5.000ns period=10.000ns})
  Path Group:             (none)
  Path Type:              Recovery (Max at Slow Process Corner)
  Data Path Delay:        5.116ns  (logic 1.441ns (28.173%)  route 3.675ns (71.827%))
  Logic Levels:           1  (IBUF=1)
  Clock Path Skew:        4.786ns (DCD - SCD + CPR)
    Destination Clock Delay (DCD):    4.786ns
    Source Clock Delay      (SCD):    0.000ns
    Clock Pessimism Removal (CPR):    0.000ns
  Clock Uncertainty:      0.025ns  ((TSJ^2 + TIJ^2)^1/2 + DJ) / 2 + PE
    Total System Jitter     (TSJ):    0.050ns
    Total Input Jitter      (TIJ):    0.000ns
    Discrete Jitter          (DJ):    0.000ns
    Phase Error              (PE):    0.000ns

    Location             Delay type                Incr(ns)  Path(ns)    Netlist Resource(s)
  -------------------------------------------------------------------    -------------------
    U18                                               0.000     0.000 f  reset (IN)
                         net (fo=0)                   0.000     0.000    reset
    U18                  IBUF (Prop_ibuf_I_O)         1.441     1.441 f  reset_IBUF_inst/O
                         net (fo=60, routed)          3.675     5.116    u_clockdivider/AS[0]
    SLICE_X39Y44         FDCE                                         f  u_clockdivider/cnt_reg[23]/CLR
  -------------------------------------------------------------------    -------------------

                         (clock sys_clk_pin rise edge)
                                                      0.000     0.000 r  
    W5                                                0.000     0.000 r  clk_sys (IN)
                         net (fo=0)                   0.000     0.000    clk_sys
    W5                   IBUF (Prop_ibuf_I_O)         1.388     1.388 r  clk_sys_IBUF_inst/O
                         net (fo=1, routed)           1.862     3.250    clk_sys_IBUF
    BUFGCTRL_X0Y1        BUFG (Prop_bufg_I_O)         0.091     3.341 r  clk_sys_IBUF_BUFG_inst/O
                         net (fo=27, routed)          1.445     4.786    u_clockdivider/CLK
    SLICE_X39Y44         FDCE                                         r  u_clockdivider/cnt_reg[23]/C

Slack:                    inf
  Source:                 reset
                            (input port)
  Destination:            u_clockdivider/cnt_reg[24]/CLR
                            (recovery check against rising-edge clock sys_clk_pin  {rise@0.000ns fall@5.000ns period=10.000ns})
  Path Group:             (none)
  Path Type:              Recovery (Max at Slow Process Corner)
  Data Path Delay:        5.116ns  (logic 1.441ns (28.173%)  route 3.675ns (71.827%))
  Logic Levels:           1  (IBUF=1)
  Clock Path Skew:        4.786ns (DCD - SCD + CPR)
    Destination Clock Delay (DCD):    4.786ns
    Source Clock Delay      (SCD):    0.000ns
    Clock Pessimism Removal (CPR):    0.000ns
  Clock Uncertainty:      0.025ns  ((TSJ^2 + TIJ^2)^1/2 + DJ) / 2 + PE
    Total System Jitter     (TSJ):    0.050ns
    Total Input Jitter      (TIJ):    0.000ns
    Discrete Jitter          (DJ):    0.000ns
    Phase Error              (PE):    0.000ns

    Location             Delay type                Incr(ns)  Path(ns)    Netlist Resource(s)
  -------------------------------------------------------------------    -------------------
    U18                                               0.000     0.000 f  reset (IN)
                         net (fo=0)                   0.000     0.000    reset
    U18                  IBUF (Prop_ibuf_I_O)         1.441     1.441 f  reset_IBUF_inst/O
                         net (fo=60, routed)          3.675     5.116    u_clockdivider/AS[0]
    SLICE_X39Y44         FDCE                                         f  u_clockdivider/cnt_reg[24]/CLR
  -------------------------------------------------------------------    -------------------

                         (clock sys_clk_pin rise edge)
                                                      0.000     0.000 r  
    W5                                                0.000     0.000 r  clk_sys (IN)
                         net (fo=0)                   0.000     0.000    clk_sys
    W5                   IBUF (Prop_ibuf_I_O)         1.388     1.388 r  clk_sys_IBUF_inst/O
                         net (fo=1, routed)           1.862     3.250    clk_sys_IBUF
    BUFGCTRL_X0Y1        BUFG (Prop_bufg_I_O)         0.091     3.341 r  clk_sys_IBUF_BUFG_inst/O
                         net (fo=27, routed)          1.445     4.786    u_clockdivider/CLK
    SLICE_X39Y44         FDCE                                         r  u_clockdivider/cnt_reg[24]/C

Slack:                    inf
  Source:                 reset
                            (input port)
  Destination:            u_clockdivider/cnt_reg[25]/CLR
                            (recovery check against rising-edge clock sys_clk_pin  {rise@0.000ns fall@5.000ns period=10.000ns})
  Path Group:             (none)
  Path Type:              Recovery (Max at Slow Process Corner)
  Data Path Delay:        5.116ns  (logic 1.441ns (28.173%)  route 3.675ns (71.827%))
  Logic Levels:           1  (IBUF=1)
  Clock Path Skew:        4.786ns (DCD - SCD + CPR)
    Destination Clock Delay (DCD):    4.786ns
    Source Clock Delay      (SCD):    0.000ns
    Clock Pessimism Removal (CPR):    0.000ns
  Clock Uncertainty:      0.025ns  ((TSJ^2 + TIJ^2)^1/2 + DJ) / 2 + PE
    Total System Jitter     (TSJ):    0.050ns
    Total Input Jitter      (TIJ):    0.000ns
    Discrete Jitter          (DJ):    0.000ns
    Phase Error              (PE):    0.000ns

    Location             Delay type                Incr(ns)  Path(ns)    Netlist Resource(s)
  -------------------------------------------------------------------    -------------------
    U18                                               0.000     0.000 f  reset (IN)
                         net (fo=0)                   0.000     0.000    reset
    U18                  IBUF (Prop_ibuf_I_O)         1.441     1.441 f  reset_IBUF_inst/O
                         net (fo=60, routed)          3.675     5.116    u_clockdivider/AS[0]
    SLICE_X39Y44         FDCE                                         f  u_clockdivider/cnt_reg[25]/CLR
  -------------------------------------------------------------------    -------------------

                         (clock sys_clk_pin rise edge)
                                                      0.000     0.000 r  
    W5                                                0.000     0.000 r  clk_sys (IN)
                         net (fo=0)                   0.000     0.000    clk_sys
    W5                   IBUF (Prop_ibuf_I_O)         1.388     1.388 r  clk_sys_IBUF_inst/O
                         net (fo=1, routed)           1.862     3.250    clk_sys_IBUF
    BUFGCTRL_X0Y1        BUFG (Prop_bufg_I_O)         0.091     3.341 r  clk_sys_IBUF_BUFG_inst/O
                         net (fo=27, routed)          1.445     4.786    u_clockdivider/CLK
    SLICE_X39Y44         FDCE                                         r  u_clockdivider/cnt_reg[25]/C

Slack:                    inf
  Source:                 reset
                            (input port)
  Destination:            u_clockdivider/cnt_reg[0]/CLR
                            (recovery check against rising-edge clock sys_clk_pin  {rise@0.000ns fall@5.000ns period=10.000ns})
  Path Group:             (none)
  Path Type:              Recovery (Max at Slow Process Corner)
  Data Path Delay:        5.107ns  (logic 1.441ns (28.223%)  route 3.665ns (71.777%))
  Logic Levels:           1  (IBUF=1)
  Clock Path Skew:        4.785ns (DCD - SCD + CPR)
    Destination Clock Delay (DCD):    4.785ns
    Source Clock Delay      (SCD):    0.000ns
    Clock Pessimism Removal (CPR):    0.000ns
  Clock Uncertainty:      0.025ns  ((TSJ^2 + TIJ^2)^1/2 + DJ) / 2 + PE
    Total System Jitter     (TSJ):    0.050ns
    Total Input Jitter      (TIJ):    0.000ns
    Discrete Jitter          (DJ):    0.000ns
    Phase Error              (PE):    0.000ns

    Location             Delay type                Incr(ns)  Path(ns)    Netlist Resource(s)
  -------------------------------------------------------------------    -------------------
    U18                                               0.000     0.000 f  reset (IN)
                         net (fo=0)                   0.000     0.000    reset
    U18                  IBUF (Prop_ibuf_I_O)         1.441     1.441 f  reset_IBUF_inst/O
                         net (fo=60, routed)          3.665     5.107    u_clockdivider/AS[0]
    SLICE_X37Y42         FDCE                                         f  u_clockdivider/cnt_reg[0]/CLR
  -------------------------------------------------------------------    -------------------

                         (clock sys_clk_pin rise edge)
                                                      0.000     0.000 r  
    W5                                                0.000     0.000 r  clk_sys (IN)
                         net (fo=0)                   0.000     0.000    clk_sys
    W5                   IBUF (Prop_ibuf_I_O)         1.388     1.388 r  clk_sys_IBUF_inst/O
                         net (fo=1, routed)           1.862     3.250    clk_sys_IBUF
    BUFGCTRL_X0Y1        BUFG (Prop_bufg_I_O)         0.091     3.341 r  clk_sys_IBUF_BUFG_inst/O
                         net (fo=27, routed)          1.444     4.785    u_clockdivider/CLK
    SLICE_X37Y42         FDCE                                         r  u_clockdivider/cnt_reg[0]/C

Slack:                    inf
  Source:                 reset
                            (input port)
  Destination:            u_clockdivider/cnt_reg[15]/CLR
                            (recovery check against rising-edge clock sys_clk_pin  {rise@0.000ns fall@5.000ns period=10.000ns})
  Path Group:             (none)
  Path Type:              Recovery (Max at Slow Process Corner)
  Data Path Delay:        5.107ns  (logic 1.441ns (28.223%)  route 3.665ns (71.777%))
  Logic Levels:           1  (IBUF=1)
  Clock Path Skew:        4.785ns (DCD - SCD + CPR)
    Destination Clock Delay (DCD):    4.785ns
    Source Clock Delay      (SCD):    0.000ns
    Clock Pessimism Removal (CPR):    0.000ns
  Clock Uncertainty:      0.025ns  ((TSJ^2 + TIJ^2)^1/2 + DJ) / 2 + PE
    Total System Jitter     (TSJ):    0.050ns
    Total Input Jitter      (TIJ):    0.000ns
    Discrete Jitter          (DJ):    0.000ns
    Phase Error              (PE):    0.000ns

    Location             Delay type                Incr(ns)  Path(ns)    Netlist Resource(s)
  -------------------------------------------------------------------    -------------------
    U18                                               0.000     0.000 f  reset (IN)
                         net (fo=0)                   0.000     0.000    reset
    U18                  IBUF (Prop_ibuf_I_O)         1.441     1.441 f  reset_IBUF_inst/O
                         net (fo=60, routed)          3.665     5.107    u_clockdivider/AS[0]
    SLICE_X37Y42         FDCE                                         f  u_clockdivider/cnt_reg[15]/CLR
  -------------------------------------------------------------------    -------------------

                         (clock sys_clk_pin rise edge)
                                                      0.000     0.000 r  
    W5                                                0.000     0.000 r  clk_sys (IN)
                         net (fo=0)                   0.000     0.000    clk_sys
    W5                   IBUF (Prop_ibuf_I_O)         1.388     1.388 r  clk_sys_IBUF_inst/O
                         net (fo=1, routed)           1.862     3.250    clk_sys_IBUF
    BUFGCTRL_X0Y1        BUFG (Prop_bufg_I_O)         0.091     3.341 r  clk_sys_IBUF_BUFG_inst/O
                         net (fo=27, routed)          1.444     4.785    u_clockdivider/CLK
    SLICE_X37Y42         FDCE                                         r  u_clockdivider/cnt_reg[15]/C

Slack:                    inf
  Source:                 reset
                            (input port)
  Destination:            u_clockdivider/cnt_reg[16]/CLR
                            (recovery check against rising-edge clock sys_clk_pin  {rise@0.000ns fall@5.000ns period=10.000ns})
  Path Group:             (none)
  Path Type:              Recovery (Max at Slow Process Corner)
  Data Path Delay:        5.107ns  (logic 1.441ns (28.223%)  route 3.665ns (71.777%))
  Logic Levels:           1  (IBUF=1)
  Clock Path Skew:        4.785ns (DCD - SCD + CPR)
    Destination Clock Delay (DCD):    4.785ns
    Source Clock Delay      (SCD):    0.000ns
    Clock Pessimism Removal (CPR):    0.000ns
  Clock Uncertainty:      0.025ns  ((TSJ^2 + TIJ^2)^1/2 + DJ) / 2 + PE
    Total System Jitter     (TSJ):    0.050ns
    Total Input Jitter      (TIJ):    0.000ns
    Discrete Jitter          (DJ):    0.000ns
    Phase Error              (PE):    0.000ns

    Location             Delay type                Incr(ns)  Path(ns)    Netlist Resource(s)
  -------------------------------------------------------------------    -------------------
    U18                                               0.000     0.000 f  reset (IN)
                         net (fo=0)                   0.000     0.000    reset
    U18                  IBUF (Prop_ibuf_I_O)         1.441     1.441 f  reset_IBUF_inst/O
                         net (fo=60, routed)          3.665     5.107    u_clockdivider/AS[0]
    SLICE_X37Y42         FDCE                                         f  u_clockdivider/cnt_reg[16]/CLR
  -------------------------------------------------------------------    -------------------

                         (clock sys_clk_pin rise edge)
                                                      0.000     0.000 r  
    W5                                                0.000     0.000 r  clk_sys (IN)
                         net (fo=0)                   0.000     0.000    clk_sys
    W5                   IBUF (Prop_ibuf_I_O)         1.388     1.388 r  clk_sys_IBUF_inst/O
                         net (fo=1, routed)           1.862     3.250    clk_sys_IBUF
    BUFGCTRL_X0Y1        BUFG (Prop_bufg_I_O)         0.091     3.341 r  clk_sys_IBUF_BUFG_inst/O
                         net (fo=27, routed)          1.444     4.785    u_clockdivider/CLK
    SLICE_X37Y42         FDCE                                         r  u_clockdivider/cnt_reg[16]/C

Slack:                    inf
  Source:                 reset
                            (input port)
  Destination:            u_clockdivider/cnt_reg[14]/CLR
                            (recovery check against rising-edge clock sys_clk_pin  {rise@0.000ns fall@5.000ns period=10.000ns})
  Path Group:             (none)
  Path Type:              Recovery (Max at Slow Process Corner)
  Data Path Delay:        4.958ns  (logic 1.441ns (29.073%)  route 3.516ns (70.927%))
  Logic Levels:           1  (IBUF=1)
  Clock Path Skew:        4.786ns (DCD - SCD + CPR)
    Destination Clock Delay (DCD):    4.786ns
    Source Clock Delay      (SCD):    0.000ns
    Clock Pessimism Removal (CPR):    0.000ns
  Clock Uncertainty:      0.025ns  ((TSJ^2 + TIJ^2)^1/2 + DJ) / 2 + PE
    Total System Jitter     (TSJ):    0.050ns
    Total Input Jitter      (TIJ):    0.000ns
    Discrete Jitter          (DJ):    0.000ns
    Phase Error              (PE):    0.000ns

    Location             Delay type                Incr(ns)  Path(ns)    Netlist Resource(s)
  -------------------------------------------------------------------    -------------------
    U18                                               0.000     0.000 f  reset (IN)
                         net (fo=0)                   0.000     0.000    reset
    U18                  IBUF (Prop_ibuf_I_O)         1.441     1.441 f  reset_IBUF_inst/O
                         net (fo=60, routed)          3.516     4.958    u_clockdivider/AS[0]
    SLICE_X39Y43         FDCE                                         f  u_clockdivider/cnt_reg[14]/CLR
  -------------------------------------------------------------------    -------------------

                         (clock sys_clk_pin rise edge)
                                                      0.000     0.000 r  
    W5                                                0.000     0.000 r  clk_sys (IN)
                         net (fo=0)                   0.000     0.000    clk_sys
    W5                   IBUF (Prop_ibuf_I_O)         1.388     1.388 r  clk_sys_IBUF_inst/O
                         net (fo=1, routed)           1.862     3.250    clk_sys_IBUF
    BUFGCTRL_X0Y1        BUFG (Prop_bufg_I_O)         0.091     3.341 r  clk_sys_IBUF_BUFG_inst/O
                         net (fo=27, routed)          1.445     4.786    u_clockdivider/CLK
    SLICE_X39Y43         FDCE                                         r  u_clockdivider/cnt_reg[14]/C

Slack:                    inf
  Source:                 reset
                            (input port)
  Destination:            u_clockdivider/cnt_reg[17]/CLR
                            (recovery check against rising-edge clock sys_clk_pin  {rise@0.000ns fall@5.000ns period=10.000ns})
  Path Group:             (none)
  Path Type:              Recovery (Max at Slow Process Corner)
  Data Path Delay:        4.958ns  (logic 1.441ns (29.073%)  route 3.516ns (70.927%))
  Logic Levels:           1  (IBUF=1)
  Clock Path Skew:        4.786ns (DCD - SCD + CPR)
    Destination Clock Delay (DCD):    4.786ns
    Source Clock Delay      (SCD):    0.000ns
    Clock Pessimism Removal (CPR):    0.000ns
  Clock Uncertainty:      0.025ns  ((TSJ^2 + TIJ^2)^1/2 + DJ) / 2 + PE
    Total System Jitter     (TSJ):    0.050ns
    Total Input Jitter      (TIJ):    0.000ns
    Discrete Jitter          (DJ):    0.000ns
    Phase Error              (PE):    0.000ns

    Location             Delay type                Incr(ns)  Path(ns)    Netlist Resource(s)
  -------------------------------------------------------------------    -------------------
    U18                                               0.000     0.000 f  reset (IN)
                         net (fo=0)                   0.000     0.000    reset
    U18                  IBUF (Prop_ibuf_I_O)         1.441     1.441 f  reset_IBUF_inst/O
                         net (fo=60, routed)          3.516     4.958    u_clockdivider/AS[0]
    SLICE_X39Y43         FDCE                                         f  u_clockdivider/cnt_reg[17]/CLR
  -------------------------------------------------------------------    -------------------

                         (clock sys_clk_pin rise edge)
                                                      0.000     0.000 r  
    W5                                                0.000     0.000 r  clk_sys (IN)
                         net (fo=0)                   0.000     0.000    clk_sys
    W5                   IBUF (Prop_ibuf_I_O)         1.388     1.388 r  clk_sys_IBUF_inst/O
                         net (fo=1, routed)           1.862     3.250    clk_sys_IBUF
    BUFGCTRL_X0Y1        BUFG (Prop_bufg_I_O)         0.091     3.341 r  clk_sys_IBUF_BUFG_inst/O
                         net (fo=27, routed)          1.445     4.786    u_clockdivider/CLK
    SLICE_X39Y43         FDCE                                         r  u_clockdivider/cnt_reg[17]/C





Min Delay Paths
--------------------------------------------------------------------------------------
Slack:                    inf
  Source:                 reset
                            (input port)
  Destination:            u_clockdivider/cnt_reg[1]/CLR
                            (removal check against rising-edge clock sys_clk_pin  {rise@0.000ns fall@5.000ns period=10.000ns})
  Path Group:             (none)
  Path Type:              Removal (Min at Fast Process Corner)
  Data Path Delay:        1.524ns  (logic 0.210ns (13.751%)  route 1.314ns (86.249%))
  Logic Levels:           1  (IBUF=1)
  Clock Path Skew:        1.957ns (DCD - SCD - CPR)
    Destination Clock Delay (DCD):    1.957ns
    Source Clock Delay      (SCD):    0.000ns
    Clock Pessimism Removal (CPR):    -0.000ns

    Location             Delay type                Incr(ns)  Path(ns)    Netlist Resource(s)
  -------------------------------------------------------------------    -------------------
    U18                                               0.000     0.000 f  reset (IN)
                         net (fo=0)                   0.000     0.000    reset
    U18                  IBUF (Prop_ibuf_I_O)         0.210     0.210 f  reset_IBUF_inst/O
                         net (fo=60, routed)          1.314     1.524    u_clockdivider/AS[0]
    SLICE_X39Y39         FDCE                                         f  u_clockdivider/cnt_reg[1]/CLR
  -------------------------------------------------------------------    -------------------

                         (clock sys_clk_pin rise edge)
                                                      0.000     0.000 r  
    W5                                                0.000     0.000 r  clk_sys (IN)
                         net (fo=0)                   0.000     0.000    clk_sys
    W5                   IBUF (Prop_ibuf_I_O)         0.414     0.414 r  clk_sys_IBUF_inst/O
                         net (fo=1, routed)           0.685     1.099    clk_sys_IBUF
    BUFGCTRL_X0Y1        BUFG (Prop_bufg_I_O)         0.029     1.128 r  clk_sys_IBUF_BUFG_inst/O
                         net (fo=27, routed)          0.830     1.957    u_clockdivider/CLK
    SLICE_X39Y39         FDCE                                         r  u_clockdivider/cnt_reg[1]/C

Slack:                    inf
  Source:                 reset
                            (input port)
  Destination:            u_clockdivider/cnt_reg[2]/CLR
                            (removal check against rising-edge clock sys_clk_pin  {rise@0.000ns fall@5.000ns period=10.000ns})
  Path Group:             (none)
  Path Type:              Removal (Min at Fast Process Corner)
  Data Path Delay:        1.524ns  (logic 0.210ns (13.751%)  route 1.314ns (86.249%))
  Logic Levels:           1  (IBUF=1)
  Clock Path Skew:        1.957ns (DCD - SCD - CPR)
    Destination Clock Delay (DCD):    1.957ns
    Source Clock Delay      (SCD):    0.000ns
    Clock Pessimism Removal (CPR):    -0.000ns

    Location             Delay type                Incr(ns)  Path(ns)    Netlist Resource(s)
  -------------------------------------------------------------------    -------------------
    U18                                               0.000     0.000 f  reset (IN)
                         net (fo=0)                   0.000     0.000    reset
    U18                  IBUF (Prop_ibuf_I_O)         0.210     0.210 f  reset_IBUF_inst/O
                         net (fo=60, routed)          1.314     1.524    u_clockdivider/AS[0]
    SLICE_X39Y39         FDCE                                         f  u_clockdivider/cnt_reg[2]/CLR
  -------------------------------------------------------------------    -------------------

                         (clock sys_clk_pin rise edge)
                                                      0.000     0.000 r  
    W5                                                0.000     0.000 r  clk_sys (IN)
                         net (fo=0)                   0.000     0.000    clk_sys
    W5                   IBUF (Prop_ibuf_I_O)         0.414     0.414 r  clk_sys_IBUF_inst/O
                         net (fo=1, routed)           0.685     1.099    clk_sys_IBUF
    BUFGCTRL_X0Y1        BUFG (Prop_bufg_I_O)         0.029     1.128 r  clk_sys_IBUF_BUFG_inst/O
                         net (fo=27, routed)          0.830     1.957    u_clockdivider/CLK
    SLICE_X39Y39         FDCE                                         r  u_clockdivider/cnt_reg[2]/C

Slack:                    inf
  Source:                 reset
                            (input port)
  Destination:            u_clockdivider/cnt_reg[3]/CLR
                            (removal check against rising-edge clock sys_clk_pin  {rise@0.000ns fall@5.000ns period=10.000ns})
  Path Group:             (none)
  Path Type:              Removal (Min at Fast Process Corner)
  Data Path Delay:        1.524ns  (logic 0.210ns (13.751%)  route 1.314ns (86.249%))
  Logic Levels:           1  (IBUF=1)
  Clock Path Skew:        1.957ns (DCD - SCD - CPR)
    Destination Clock Delay (DCD):    1.957ns
    Source Clock Delay      (SCD):    0.000ns
    Clock Pessimism Removal (CPR):    -0.000ns

    Location             Delay type                Incr(ns)  Path(ns)    Netlist Resource(s)
  -------------------------------------------------------------------    -------------------
    U18                                               0.000     0.000 f  reset (IN)
                         net (fo=0)                   0.000     0.000    reset
    U18                  IBUF (Prop_ibuf_I_O)         0.210     0.210 f  reset_IBUF_inst/O
                         net (fo=60, routed)          1.314     1.524    u_clockdivider/AS[0]
    SLICE_X39Y39         FDCE                                         f  u_clockdivider/cnt_reg[3]/CLR
  -------------------------------------------------------------------    -------------------

                         (clock sys_clk_pin rise edge)
                                                      0.000     0.000 r  
    W5                                                0.000     0.000 r  clk_sys (IN)
                         net (fo=0)                   0.000     0.000    clk_sys
    W5                   IBUF (Prop_ibuf_I_O)         0.414     0.414 r  clk_sys_IBUF_inst/O
                         net (fo=1, routed)           0.685     1.099    clk_sys_IBUF
    BUFGCTRL_X0Y1        BUFG (Prop_bufg_I_O)         0.029     1.128 r  clk_sys_IBUF_BUFG_inst/O
                         net (fo=27, routed)          0.830     1.957    u_clockdivider/CLK
    SLICE_X39Y39         FDCE                                         r  u_clockdivider/cnt_reg[3]/C

Slack:                    inf
  Source:                 reset
                            (input port)
  Destination:            u_clockdivider/cnt_reg[4]/CLR
                            (removal check against rising-edge clock sys_clk_pin  {rise@0.000ns fall@5.000ns period=10.000ns})
  Path Group:             (none)
  Path Type:              Removal (Min at Fast Process Corner)
  Data Path Delay:        1.587ns  (logic 0.210ns (13.202%)  route 1.377ns (86.798%))
  Logic Levels:           1  (IBUF=1)
  Clock Path Skew:        1.958ns (DCD - SCD - CPR)
    Destination Clock Delay (DCD):    1.958ns
    Source Clock Delay      (SCD):    0.000ns
    Clock Pessimism Removal (CPR):    -0.000ns

    Location             Delay type                Incr(ns)  Path(ns)    Netlist Resource(s)
  -------------------------------------------------------------------    -------------------
    U18                                               0.000     0.000 f  reset (IN)
                         net (fo=0)                   0.000     0.000    reset
    U18                  IBUF (Prop_ibuf_I_O)         0.210     0.210 f  reset_IBUF_inst/O
                         net (fo=60, routed)          1.377     1.587    u_clockdivider/AS[0]
    SLICE_X39Y40         FDCE                                         f  u_clockdivider/cnt_reg[4]/CLR
  -------------------------------------------------------------------    -------------------

                         (clock sys_clk_pin rise edge)
                                                      0.000     0.000 r  
    W5                                                0.000     0.000 r  clk_sys (IN)
                         net (fo=0)                   0.000     0.000    clk_sys
    W5                   IBUF (Prop_ibuf_I_O)         0.414     0.414 r  clk_sys_IBUF_inst/O
                         net (fo=1, routed)           0.685     1.099    clk_sys_IBUF
    BUFGCTRL_X0Y1        BUFG (Prop_bufg_I_O)         0.029     1.128 r  clk_sys_IBUF_BUFG_inst/O
                         net (fo=27, routed)          0.831     1.958    u_clockdivider/CLK
    SLICE_X39Y40         FDCE                                         r  u_clockdivider/cnt_reg[4]/C

Slack:                    inf
  Source:                 reset
                            (input port)
  Destination:            u_clockdivider/cnt_reg[5]/CLR
                            (removal check against rising-edge clock sys_clk_pin  {rise@0.000ns fall@5.000ns period=10.000ns})
  Path Group:             (none)
  Path Type:              Removal (Min at Fast Process Corner)
  Data Path Delay:        1.587ns  (logic 0.210ns (13.202%)  route 1.377ns (86.798%))
  Logic Levels:           1  (IBUF=1)
  Clock Path Skew:        1.958ns (DCD - SCD - CPR)
    Destination Clock Delay (DCD):    1.958ns
    Source Clock Delay      (SCD):    0.000ns
    Clock Pessimism Removal (CPR):    -0.000ns

    Location             Delay type                Incr(ns)  Path(ns)    Netlist Resource(s)
  -------------------------------------------------------------------    -------------------
    U18                                               0.000     0.000 f  reset (IN)
                         net (fo=0)                   0.000     0.000    reset
    U18                  IBUF (Prop_ibuf_I_O)         0.210     0.210 f  reset_IBUF_inst/O
                         net (fo=60, routed)          1.377     1.587    u_clockdivider/AS[0]
    SLICE_X39Y40         FDCE                                         f  u_clockdivider/cnt_reg[5]/CLR
  -------------------------------------------------------------------    -------------------

                         (clock sys_clk_pin rise edge)
                                                      0.000     0.000 r  
    W5                                                0.000     0.000 r  clk_sys (IN)
                         net (fo=0)                   0.000     0.000    clk_sys
    W5                   IBUF (Prop_ibuf_I_O)         0.414     0.414 r  clk_sys_IBUF_inst/O
                         net (fo=1, routed)           0.685     1.099    clk_sys_IBUF
    BUFGCTRL_X0Y1        BUFG (Prop_bufg_I_O)         0.029     1.128 r  clk_sys_IBUF_BUFG_inst/O
                         net (fo=27, routed)          0.831     1.958    u_clockdivider/CLK
    SLICE_X39Y40         FDCE                                         r  u_clockdivider/cnt_reg[5]/C

Slack:                    inf
  Source:                 reset
                            (input port)
  Destination:            u_clockdivider/cnt_reg[7]/CLR
                            (removal check against rising-edge clock sys_clk_pin  {rise@0.000ns fall@5.000ns period=10.000ns})
  Path Group:             (none)
  Path Type:              Removal (Min at Fast Process Corner)
  Data Path Delay:        1.587ns  (logic 0.210ns (13.202%)  route 1.377ns (86.798%))
  Logic Levels:           1  (IBUF=1)
  Clock Path Skew:        1.958ns (DCD - SCD - CPR)
    Destination Clock Delay (DCD):    1.958ns
    Source Clock Delay      (SCD):    0.000ns
    Clock Pessimism Removal (CPR):    -0.000ns

    Location             Delay type                Incr(ns)  Path(ns)    Netlist Resource(s)
  -------------------------------------------------------------------    -------------------
    U18                                               0.000     0.000 f  reset (IN)
                         net (fo=0)                   0.000     0.000    reset
    U18                  IBUF (Prop_ibuf_I_O)         0.210     0.210 f  reset_IBUF_inst/O
                         net (fo=60, routed)          1.377     1.587    u_clockdivider/AS[0]
    SLICE_X39Y40         FDCE                                         f  u_clockdivider/cnt_reg[7]/CLR
  -------------------------------------------------------------------    -------------------

                         (clock sys_clk_pin rise edge)
                                                      0.000     0.000 r  
    W5                                                0.000     0.000 r  clk_sys (IN)
                         net (fo=0)                   0.000     0.000    clk_sys
    W5                   IBUF (Prop_ibuf_I_O)         0.414     0.414 r  clk_sys_IBUF_inst/O
                         net (fo=1, routed)           0.685     1.099    clk_sys_IBUF
    BUFGCTRL_X0Y1        BUFG (Prop_bufg_I_O)         0.029     1.128 r  clk_sys_IBUF_BUFG_inst/O
                         net (fo=27, routed)          0.831     1.958    u_clockdivider/CLK
    SLICE_X39Y40         FDCE                                         r  u_clockdivider/cnt_reg[7]/C

Slack:                    inf
  Source:                 reset
                            (input port)
  Destination:            u_clockdivider/cnt_reg[8]/CLR
                            (removal check against rising-edge clock sys_clk_pin  {rise@0.000ns fall@5.000ns period=10.000ns})
  Path Group:             (none)
  Path Type:              Removal (Min at Fast Process Corner)
  Data Path Delay:        1.587ns  (logic 0.210ns (13.202%)  route 1.377ns (86.798%))
  Logic Levels:           1  (IBUF=1)
  Clock Path Skew:        1.958ns (DCD - SCD - CPR)
    Destination Clock Delay (DCD):    1.958ns
    Source Clock Delay      (SCD):    0.000ns
    Clock Pessimism Removal (CPR):    -0.000ns

    Location             Delay type                Incr(ns)  Path(ns)    Netlist Resource(s)
  -------------------------------------------------------------------    -------------------
    U18                                               0.000     0.000 f  reset (IN)
                         net (fo=0)                   0.000     0.000    reset
    U18                  IBUF (Prop_ibuf_I_O)         0.210     0.210 f  reset_IBUF_inst/O
                         net (fo=60, routed)          1.377     1.587    u_clockdivider/AS[0]
    SLICE_X39Y40         FDCE                                         f  u_clockdivider/cnt_reg[8]/CLR
  -------------------------------------------------------------------    -------------------

                         (clock sys_clk_pin rise edge)
                                                      0.000     0.000 r  
    W5                                                0.000     0.000 r  clk_sys (IN)
                         net (fo=0)                   0.000     0.000    clk_sys
    W5                   IBUF (Prop_ibuf_I_O)         0.414     0.414 r  clk_sys_IBUF_inst/O
                         net (fo=1, routed)           0.685     1.099    clk_sys_IBUF
    BUFGCTRL_X0Y1        BUFG (Prop_bufg_I_O)         0.029     1.128 r  clk_sys_IBUF_BUFG_inst/O
                         net (fo=27, routed)          0.831     1.958    u_clockdivider/CLK
    SLICE_X39Y40         FDCE                                         r  u_clockdivider/cnt_reg[8]/C

Slack:                    inf
  Source:                 reset
                            (input port)
  Destination:            u_clockdivider/cnt_reg[11]/CLR
                            (removal check against rising-edge clock sys_clk_pin  {rise@0.000ns fall@5.000ns period=10.000ns})
  Path Group:             (none)
  Path Type:              Removal (Min at Fast Process Corner)
  Data Path Delay:        1.650ns  (logic 0.210ns (12.696%)  route 1.441ns (87.304%))
  Logic Levels:           1  (IBUF=1)
  Clock Path Skew:        1.958ns (DCD - SCD - CPR)
    Destination Clock Delay (DCD):    1.958ns
    Source Clock Delay      (SCD):    0.000ns
    Clock Pessimism Removal (CPR):    -0.000ns

    Location             Delay type                Incr(ns)  Path(ns)    Netlist Resource(s)
  -------------------------------------------------------------------    -------------------
    U18                                               0.000     0.000 f  reset (IN)
                         net (fo=0)                   0.000     0.000    reset
    U18                  IBUF (Prop_ibuf_I_O)         0.210     0.210 f  reset_IBUF_inst/O
                         net (fo=60, routed)          1.441     1.650    u_clockdivider/AS[0]
    SLICE_X39Y41         FDCE                                         f  u_clockdivider/cnt_reg[11]/CLR
  -------------------------------------------------------------------    -------------------

                         (clock sys_clk_pin rise edge)
                                                      0.000     0.000 r  
    W5                                                0.000     0.000 r  clk_sys (IN)
                         net (fo=0)                   0.000     0.000    clk_sys
    W5                   IBUF (Prop_ibuf_I_O)         0.414     0.414 r  clk_sys_IBUF_inst/O
                         net (fo=1, routed)           0.685     1.099    clk_sys_IBUF
    BUFGCTRL_X0Y1        BUFG (Prop_bufg_I_O)         0.029     1.128 r  clk_sys_IBUF_BUFG_inst/O
                         net (fo=27, routed)          0.831     1.958    u_clockdivider/CLK
    SLICE_X39Y41         FDCE                                         r  u_clockdivider/cnt_reg[11]/C

Slack:                    inf
  Source:                 reset
                            (input port)
  Destination:            u_clockdivider/cnt_reg[12]/CLR
                            (removal check against rising-edge clock sys_clk_pin  {rise@0.000ns fall@5.000ns period=10.000ns})
  Path Group:             (none)
  Path Type:              Removal (Min at Fast Process Corner)
  Data Path Delay:        1.650ns  (logic 0.210ns (12.696%)  route 1.441ns (87.304%))
  Logic Levels:           1  (IBUF=1)
  Clock Path Skew:        1.958ns (DCD - SCD - CPR)
    Destination Clock Delay (DCD):    1.958ns
    Source Clock Delay      (SCD):    0.000ns
    Clock Pessimism Removal (CPR):    -0.000ns

    Location             Delay type                Incr(ns)  Path(ns)    Netlist Resource(s)
  -------------------------------------------------------------------    -------------------
    U18                                               0.000     0.000 f  reset (IN)
                         net (fo=0)                   0.000     0.000    reset
    U18                  IBUF (Prop_ibuf_I_O)         0.210     0.210 f  reset_IBUF_inst/O
                         net (fo=60, routed)          1.441     1.650    u_clockdivider/AS[0]
    SLICE_X39Y41         FDCE                                         f  u_clockdivider/cnt_reg[12]/CLR
  -------------------------------------------------------------------    -------------------

                         (clock sys_clk_pin rise edge)
                                                      0.000     0.000 r  
    W5                                                0.000     0.000 r  clk_sys (IN)
                         net (fo=0)                   0.000     0.000    clk_sys
    W5                   IBUF (Prop_ibuf_I_O)         0.414     0.414 r  clk_sys_IBUF_inst/O
                         net (fo=1, routed)           0.685     1.099    clk_sys_IBUF
    BUFGCTRL_X0Y1        BUFG (Prop_bufg_I_O)         0.029     1.128 r  clk_sys_IBUF_BUFG_inst/O
                         net (fo=27, routed)          0.831     1.958    u_clockdivider/CLK
    SLICE_X39Y41         FDCE                                         r  u_clockdivider/cnt_reg[12]/C

Slack:                    inf
  Source:                 reset
                            (input port)
  Destination:            u_clockdivider/cnt_reg[6]/CLR
                            (removal check against rising-edge clock sys_clk_pin  {rise@0.000ns fall@5.000ns period=10.000ns})
  Path Group:             (none)
  Path Type:              Removal (Min at Fast Process Corner)
  Data Path Delay:        1.650ns  (logic 0.210ns (12.696%)  route 1.441ns (87.304%))
  Logic Levels:           1  (IBUF=1)
  Clock Path Skew:        1.958ns (DCD - SCD - CPR)
    Destination Clock Delay (DCD):    1.958ns
    Source Clock Delay      (SCD):    0.000ns
    Clock Pessimism Removal (CPR):    -0.000ns

    Location             Delay type                Incr(ns)  Path(ns)    Netlist Resource(s)
  -------------------------------------------------------------------    -------------------
    U18                                               0.000     0.000 f  reset (IN)
                         net (fo=0)                   0.000     0.000    reset
    U18                  IBUF (Prop_ibuf_I_O)         0.210     0.210 f  reset_IBUF_inst/O
                         net (fo=60, routed)          1.441     1.650    u_clockdivider/AS[0]
    SLICE_X39Y41         FDCE                                         f  u_clockdivider/cnt_reg[6]/CLR
  -------------------------------------------------------------------    -------------------

                         (clock sys_clk_pin rise edge)
                                                      0.000     0.000 r  
    W5                                                0.000     0.000 r  clk_sys (IN)
                         net (fo=0)                   0.000     0.000    clk_sys
    W5                   IBUF (Prop_ibuf_I_O)         0.414     0.414 r  clk_sys_IBUF_inst/O
                         net (fo=1, routed)           0.685     1.099    clk_sys_IBUF
    BUFGCTRL_X0Y1        BUFG (Prop_bufg_I_O)         0.029     1.128 r  clk_sys_IBUF_BUFG_inst/O
                         net (fo=27, routed)          0.831     1.958    u_clockdivider/CLK
    SLICE_X39Y41         FDCE                                         r  u_clockdivider/cnt_reg[6]/C





