Copyright 1986-2022 Xilinx, Inc. All Rights Reserved. Copyright 2022-2026 Advanced Micro Devices, Inc. All Rights Reserved.
------------------------------------------------------------------------------------------------------------------------------------------------------------------------------------------------------------------------
| Tool Version : Vivado v.2025.2.1 (win64) Build 6403652 Thu Mar 19 19:48:24 GMT 2026
| Date         : Fri Apr 10 16:45:34 2026
| Host         : DESKTOP-Q1F9NDB running 64-bit major release  (build 9200)
| Command      : report_timing_summary -max_paths 10 -routable_nets -report_unconstrained -file fnd2_timing_summary_routed.rpt -pb fnd2_timing_summary_routed.pb -rpx fnd2_timing_summary_routed.rpx -warn_on_violation
| Design       : fnd2
| Device       : 7a35t-cpg236
| Speed File   : -1  PRODUCTION 1.23 2018-06-13
| Design State : Routed
------------------------------------------------------------------------------------------------------------------------------------------------------------------------------------------------------------------------

Timing Summary Report

------------------------------------------------------------------------------------------------
| Timer Settings
| --------------
------------------------------------------------------------------------------------------------

  Enable Multi Corner Analysis               :  Yes
  Enable Pessimism Removal                   :  Yes
  Pessimism Removal Resolution               :  Nearest Common Node
  Enable Input Delay Default Clock           :  No
  Enable Preset / Clear Arcs                 :  No
  Disable Flight Delays                      :  No
  Ignore I/O Paths                           :  No
  Timing Early Launch at Borrowing Latches   :  No
  Borrow Time for Max Delay Exceptions       :  Yes
  Merge Timing Exceptions                    :  Yes
  Inter-SLR Compensation                     :  Conservative

  Corner  Analyze    Analyze    
  Name    Max Paths  Min Paths  
  ------  ---------  ---------  
  Slow    Yes        Yes        
  Fast    Yes        Yes        


------------------------------------------------------------------------------------------------
| Report Methodology
| ------------------
------------------------------------------------------------------------------------------------

Rule       Severity  Description                    Violations  
---------  --------  -----------------------------  ----------  
TIMING-18  Warning   Missing input or output delay  27          

Note: This report is based on the most recent report_methodology run and may not be up-to-date. Run report_methodology on the current design for the latest report.



check_timing report

Table of Contents
-----------------
1. checking no_clock (0)
2. checking constant_clock (0)
3. checking pulse_width_clock (0)
4. checking unconstrained_internal_endpoints (0)
5. checking no_input_delay (16)
6. checking no_output_delay (11)
7. checking multiple_clock (0)
8. checking generated_clocks (0)
9. checking loops (0)
10. checking partial_input_delay (0)
11. checking partial_output_delay (0)
12. checking latch_loops (0)

1. checking no_clock (0)
------------------------
 There are 0 register/latch pins with no clock.


2. checking constant_clock (0)
------------------------------
 There are 0 register/latch pins with constant_clock.


3. checking pulse_width_clock (0)
---------------------------------
 There are 0 register/latch pins which need pulse_width check


4. checking unconstrained_internal_endpoints (0)
------------------------------------------------
 There are 0 pins that are not constrained for maximum delay.

 There are 0 pins that are not constrained for maximum delay due to constant clock.


5. checking no_input_delay (16)
-------------------------------
 There are 16 input ports with no input delay specified. (HIGH)

 There are 0 input ports with no input delay but user has a false path constraint.


6. checking no_output_delay (11)
--------------------------------
 There are 11 ports with no output delay specified. (HIGH)

 There are 0 ports with no output delay but user has a false path constraint

 There are 0 ports with no output delay but with a timing clock defined on it or propagating through it


7. checking multiple_clock (0)
------------------------------
 There are 0 register/latch pins with multiple clocks.


8. checking generated_clocks (0)
--------------------------------
 There are 0 generated clocks that are not connected to a clock source.


9. checking loops (0)
---------------------
 There are 0 combinational loops in the design.


10. checking partial_input_delay (0)
------------------------------------
 There are 0 input ports with partial input delay specified.


11. checking partial_output_delay (0)
-------------------------------------
 There are 0 ports with partial output delay specified.


12. checking latch_loops (0)
----------------------------
 There are 0 combinational latch loops in the design through latch input



------------------------------------------------------------------------------------------------
| Design Timing Summary
| ---------------------
------------------------------------------------------------------------------------------------

    WNS(ns)      TNS(ns)  TNS Failing Endpoints  TNS Total Endpoints      WHS(ns)      THS(ns)  THS Failing Endpoints  THS Total Endpoints     WPWS(ns)     TPWS(ns)  TPWS Failing Endpoints  TPWS Total Endpoints  
    -------      -------  ---------------------  -------------------      -------      -------  ---------------------  -------------------     --------     --------  ----------------------  --------------------  
      7.689        0.000                      0                   35        0.252        0.000                      0                   35        4.500        0.000                       0                    32  


All user specified timing constraints are met.


------------------------------------------------------------------------------------------------
| Clock Summary
| -------------
------------------------------------------------------------------------------------------------

Clock        Waveform(ns)       Period(ns)      Frequency(MHz)
-----        ------------       ----------      --------------
sys_clk_pin  {0.000 5.000}      10.000          100.000         


------------------------------------------------------------------------------------------------
| Intra Clock Table
| -----------------
------------------------------------------------------------------------------------------------

Clock             WNS(ns)      TNS(ns)  TNS Failing Endpoints  TNS Total Endpoints      WHS(ns)      THS(ns)  THS Failing Endpoints  THS Total Endpoints     WPWS(ns)     TPWS(ns)  TPWS Failing Endpoints  TPWS Total Endpoints  
-----             -------      -------  ---------------------  -------------------      -------      -------  ---------------------  -------------------     --------     --------  ----------------------  --------------------  
sys_clk_pin         7.689        0.000                      0                   35        0.252        0.000                      0                   35        4.500        0.000                       0                    32  


------------------------------------------------------------------------------------------------
| Inter Clock Table
| -----------------
------------------------------------------------------------------------------------------------

From Clock    To Clock          WNS(ns)      TNS(ns)  TNS Failing Endpoints  TNS Total Endpoints      WHS(ns)      THS(ns)  THS Failing Endpoints  THS Total Endpoints  
----------    --------          -------      -------  ---------------------  -------------------      -------      -------  ---------------------  -------------------  


------------------------------------------------------------------------------------------------
| Other Path Groups Table
| -----------------------
------------------------------------------------------------------------------------------------

Path Group    From Clock    To Clock          WNS(ns)      TNS(ns)  TNS Failing Endpoints  TNS Total Endpoints      WHS(ns)      THS(ns)  THS Failing Endpoints  THS Total Endpoints  
----------    ----------    --------          -------      -------  ---------------------  -------------------      -------      -------  ---------------------  -------------------  


------------------------------------------------------------------------------------------------
| User Ignored Path Table
| -----------------------
------------------------------------------------------------------------------------------------

Path Group    From Clock    To Clock    
----------    ----------    --------    


------------------------------------------------------------------------------------------------
| Unconstrained Path Table
| ------------------------
------------------------------------------------------------------------------------------------

Path Group    From Clock    To Clock    
----------    ----------    --------    
(none)        sys_clk_pin                 
(none)                      sys_clk_pin   


------------------------------------------------------------------------------------------------
| Timing Details
| --------------
------------------------------------------------------------------------------------------------


---------------------------------------------------------------------------------------------------
From Clock:  sys_clk_pin
  To Clock:  sys_clk_pin

Setup :            0  Failing Endpoints,  Worst Slack        7.689ns,  Total Violation        0.000ns
Hold  :            0  Failing Endpoints,  Worst Slack        0.252ns,  Total Violation        0.000ns
PW    :            0  Failing Endpoints,  Worst Slack        4.500ns,  Total Violation        0.000ns
---------------------------------------------------------------------------------------------------


Max Delay Paths
--------------------------------------------------------------------------------------
Slack (MET) :             7.689ns  (required time - arrival time)
  Source:                 seg_cnt_reg[1]/C
                            (rising edge-triggered cell FDRE clocked by sys_clk_pin  {rise@0.000ns fall@5.000ns period=10.000ns})
  Destination:            seg_cnt_reg[17]/D
                            (rising edge-triggered cell FDRE clocked by sys_clk_pin  {rise@0.000ns fall@5.000ns period=10.000ns})
  Path Group:             sys_clk_pin
  Path Type:              Setup (Max at Slow Process Corner)
  Requirement:            10.000ns  (sys_clk_pin rise@10.000ns - sys_clk_pin rise@0.000ns)
  Data Path Delay:        2.295ns  (logic 1.806ns (78.676%)  route 0.489ns (21.324%))
  Logic Levels:           5  (CARRY4=5)
  Clock Path Skew:        -0.042ns (DCD - SCD + CPR)
    Destination Clock Delay (DCD):    4.843ns = ( 14.843 - 10.000 ) 
    Source Clock Delay      (SCD):    5.145ns
    Clock Pessimism Removal (CPR):    0.260ns
  Clock Uncertainty:      0.035ns  ((TSJ^2 + TIJ^2)^1/2 + DJ) / 2 + PE
    Total System Jitter     (TSJ):    0.071ns
    Total Input Jitter      (TIJ):    0.000ns
    Discrete Jitter          (DJ):    0.000ns
    Phase Error              (PE):    0.000ns

    Location             Delay type                Incr(ns)  Path(ns)    Netlist Resource(s)
  -------------------------------------------------------------------    -------------------
                         (clock sys_clk_pin rise edge)
                                                      0.000     0.000 r  
    W5                                                0.000     0.000 r  clk (IN)
                         net (fo=0)                   0.000     0.000    clk
    W5                   IBUF (Prop_ibuf_I_O)         1.458     1.458 r  clk_IBUF_inst/O
                         net (fo=1, routed)           1.967     3.425    clk_IBUF
    BUFGCTRL_X0Y0        BUFG (Prop_bufg_I_O)         0.096     3.521 r  clk_IBUF_BUFG_inst/O
                         net (fo=31, routed)          1.624     5.145    clk_IBUF_BUFG
    SLICE_X63Y21         FDRE                                         r  seg_cnt_reg[1]/C
  -------------------------------------------------------------------    -------------------
    SLICE_X63Y21         FDRE (Prop_fdre_C_Q)         0.456     5.601 r  seg_cnt_reg[1]/Q
                         net (fo=1, routed)           0.480     6.082    seg_cnt_reg_n_0_[1]
    SLICE_X63Y21         CARRY4 (Prop_carry4_S[1]_CO[3])
                                                      0.674     6.756 r  seg_cnt_reg[0]_i_1/CO[3]
                         net (fo=1, routed)           0.000     6.756    seg_cnt_reg[0]_i_1_n_0
    SLICE_X63Y22         CARRY4 (Prop_carry4_CI_CO[3])
                                                      0.114     6.870 r  seg_cnt_reg[4]_i_1/CO[3]
                         net (fo=1, routed)           0.000     6.870    seg_cnt_reg[4]_i_1_n_0
    SLICE_X63Y23         CARRY4 (Prop_carry4_CI_CO[3])
                                                      0.114     6.984 r  seg_cnt_reg[8]_i_1/CO[3]
                         net (fo=1, routed)           0.000     6.984    seg_cnt_reg[8]_i_1_n_0
    SLICE_X63Y24         CARRY4 (Prop_carry4_CI_CO[3])
                                                      0.114     7.098 r  seg_cnt_reg[12]_i_1/CO[3]
                         net (fo=1, routed)           0.009     7.107    seg_cnt_reg[12]_i_1_n_0
    SLICE_X63Y25         CARRY4 (Prop_carry4_CI_O[1])
                                                      0.334     7.441 r  seg_cnt_reg[16]_i_1/O[1]
                         net (fo=1, routed)           0.000     7.441    seg_cnt_reg[16]_i_1_n_6
    SLICE_X63Y25         FDRE                                         r  seg_cnt_reg[17]/D
  -------------------------------------------------------------------    -------------------

                         (clock sys_clk_pin rise edge)
                                                     10.000    10.000 r  
    W5                                                0.000    10.000 r  clk (IN)
                         net (fo=0)                   0.000    10.000    clk
    W5                   IBUF (Prop_ibuf_I_O)         1.388    11.388 r  clk_IBUF_inst/O
                         net (fo=1, routed)           1.862    13.250    clk_IBUF
    BUFGCTRL_X0Y0        BUFG (Prop_bufg_I_O)         0.091    13.341 r  clk_IBUF_BUFG_inst/O
                         net (fo=31, routed)          1.502    14.843    clk_IBUF_BUFG
    SLICE_X63Y25         FDRE                                         r  seg_cnt_reg[17]/C
                         clock pessimism              0.260    15.103    
                         clock uncertainty           -0.035    15.068    
    SLICE_X63Y25         FDRE (Setup_fdre_C_D)        0.062    15.130    seg_cnt_reg[17]
  -------------------------------------------------------------------
                         required time                         15.130    
                         arrival time                          -7.441    
  -------------------------------------------------------------------
                         slack                                  7.689    

Slack (MET) :             7.710ns  (required time - arrival time)
  Source:                 seg_cnt_reg[1]/C
                            (rising edge-triggered cell FDRE clocked by sys_clk_pin  {rise@0.000ns fall@5.000ns period=10.000ns})
  Destination:            seg_cnt_reg[19]/D
                            (rising edge-triggered cell FDRE clocked by sys_clk_pin  {rise@0.000ns fall@5.000ns period=10.000ns})
  Path Group:             sys_clk_pin
  Path Type:              Setup (Max at Slow Process Corner)
  Requirement:            10.000ns  (sys_clk_pin rise@10.000ns - sys_clk_pin rise@0.000ns)
  Data Path Delay:        2.274ns  (logic 1.785ns (78.479%)  route 0.489ns (21.521%))
  Logic Levels:           5  (CARRY4=5)
  Clock Path Skew:        -0.042ns (DCD - SCD + CPR)
    Destination Clock Delay (DCD):    4.843ns = ( 14.843 - 10.000 ) 
    Source Clock Delay      (SCD):    5.145ns
    Clock Pessimism Removal (CPR):    0.260ns
  Clock Uncertainty:      0.035ns  ((TSJ^2 + TIJ^2)^1/2 + DJ) / 2 + PE
    Total System Jitter     (TSJ):    0.071ns
    Total Input Jitter      (TIJ):    0.000ns
    Discrete Jitter          (DJ):    0.000ns
    Phase Error              (PE):    0.000ns

    Location             Delay type                Incr(ns)  Path(ns)    Netlist Resource(s)
  -------------------------------------------------------------------    -------------------
                         (clock sys_clk_pin rise edge)
                                                      0.000     0.000 r  
    W5                                                0.000     0.000 r  clk (IN)
                         net (fo=0)                   0.000     0.000    clk
    W5                   IBUF (Prop_ibuf_I_O)         1.458     1.458 r  clk_IBUF_inst/O
                         net (fo=1, routed)           1.967     3.425    clk_IBUF
    BUFGCTRL_X0Y0        BUFG (Prop_bufg_I_O)         0.096     3.521 r  clk_IBUF_BUFG_inst/O
                         net (fo=31, routed)          1.624     5.145    clk_IBUF_BUFG
    SLICE_X63Y21         FDRE                                         r  seg_cnt_reg[1]/C
  -------------------------------------------------------------------    -------------------
    SLICE_X63Y21         FDRE (Prop_fdre_C_Q)         0.456     5.601 r  seg_cnt_reg[1]/Q
                         net (fo=1, routed)           0.480     6.082    seg_cnt_reg_n_0_[1]
    SLICE_X63Y21         CARRY4 (Prop_carry4_S[1]_CO[3])
                                                      0.674     6.756 r  seg_cnt_reg[0]_i_1/CO[3]
                         net (fo=1, routed)           0.000     6.756    seg_cnt_reg[0]_i_1_n_0
    SLICE_X63Y22         CARRY4 (Prop_carry4_CI_CO[3])
                                                      0.114     6.870 r  seg_cnt_reg[4]_i_1/CO[3]
                         net (fo=1, routed)           0.000     6.870    seg_cnt_reg[4]_i_1_n_0
    SLICE_X63Y23         CARRY4 (Prop_carry4_CI_CO[3])
                                                      0.114     6.984 r  seg_cnt_reg[8]_i_1/CO[3]
                         net (fo=1, routed)           0.000     6.984    seg_cnt_reg[8]_i_1_n_0
    SLICE_X63Y24         CARRY4 (Prop_carry4_CI_CO[3])
                                                      0.114     7.098 r  seg_cnt_reg[12]_i_1/CO[3]
                         net (fo=1, routed)           0.009     7.107    seg_cnt_reg[12]_i_1_n_0
    SLICE_X63Y25         CARRY4 (Prop_carry4_CI_O[3])
                                                      0.313     7.420 r  seg_cnt_reg[16]_i_1/O[3]
                         net (fo=1, routed)           0.000     7.420    seg_cnt_reg[16]_i_1_n_4
    SLICE_X63Y25         FDRE                                         r  seg_cnt_reg[19]/D
  -------------------------------------------------------------------    -------------------

                         (clock sys_clk_pin rise edge)
                                                     10.000    10.000 r  
    W5                                                0.000    10.000 r  clk (IN)
                         net (fo=0)                   0.000    10.000    clk
    W5                   IBUF (Prop_ibuf_I_O)         1.388    11.388 r  clk_IBUF_inst/O
                         net (fo=1, routed)           1.862    13.250    clk_IBUF
    BUFGCTRL_X0Y0        BUFG (Prop_bufg_I_O)         0.091    13.341 r  clk_IBUF_BUFG_inst/O
                         net (fo=31, routed)          1.502    14.843    clk_IBUF_BUFG
    SLICE_X63Y25         FDRE                                         r  seg_cnt_reg[19]/C
                         clock pessimism              0.260    15.103    
                         clock uncertainty           -0.035    15.068    
    SLICE_X63Y25         FDRE (Setup_fdre_C_D)        0.062    15.130    seg_cnt_reg[19]
  -------------------------------------------------------------------
                         required time                         15.130    
                         arrival time                          -7.420    
  -------------------------------------------------------------------
                         slack                                  7.710    

Slack (MET) :             7.784ns  (required time - arrival time)
  Source:                 seg_cnt_reg[1]/C
                            (rising edge-triggered cell FDRE clocked by sys_clk_pin  {rise@0.000ns fall@5.000ns period=10.000ns})
  Destination:            seg_cnt_reg[18]/D
                            (rising edge-triggered cell FDRE clocked by sys_clk_pin  {rise@0.000ns fall@5.000ns period=10.000ns})
  Path Group:             sys_clk_pin
  Path Type:              Setup (Max at Slow Process Corner)
  Requirement:            10.000ns  (sys_clk_pin rise@10.000ns - sys_clk_pin rise@0.000ns)
  Data Path Delay:        2.200ns  (logic 1.711ns (77.755%)  route 0.489ns (22.245%))
  Logic Levels:           5  (CARRY4=5)
  Clock Path Skew:        -0.042ns (DCD - SCD + CPR)
    Destination Clock Delay (DCD):    4.843ns = ( 14.843 - 10.000 ) 
    Source Clock Delay      (SCD):    5.145ns
    Clock Pessimism Removal (CPR):    0.260ns
  Clock Uncertainty:      0.035ns  ((TSJ^2 + TIJ^2)^1/2 + DJ) / 2 + PE
    Total System Jitter     (TSJ):    0.071ns
    Total Input Jitter      (TIJ):    0.000ns
    Discrete Jitter          (DJ):    0.000ns
    Phase Error              (PE):    0.000ns

    Location             Delay type                Incr(ns)  Path(ns)    Netlist Resource(s)
  -------------------------------------------------------------------    -------------------
                         (clock sys_clk_pin rise edge)
                                                      0.000     0.000 r  
    W5                                                0.000     0.000 r  clk (IN)
                         net (fo=0)                   0.000     0.000    clk
    W5                   IBUF (Prop_ibuf_I_O)         1.458     1.458 r  clk_IBUF_inst/O
                         net (fo=1, routed)           1.967     3.425    clk_IBUF
    BUFGCTRL_X0Y0        BUFG (Prop_bufg_I_O)         0.096     3.521 r  clk_IBUF_BUFG_inst/O
                         net (fo=31, routed)          1.624     5.145    clk_IBUF_BUFG
    SLICE_X63Y21         FDRE                                         r  seg_cnt_reg[1]/C
  -------------------------------------------------------------------    -------------------
    SLICE_X63Y21         FDRE (Prop_fdre_C_Q)         0.456     5.601 r  seg_cnt_reg[1]/Q
                         net (fo=1, routed)           0.480     6.082    seg_cnt_reg_n_0_[1]
    SLICE_X63Y21         CARRY4 (Prop_carry4_S[1]_CO[3])
                                                      0.674     6.756 r  seg_cnt_reg[0]_i_1/CO[3]
                         net (fo=1, routed)           0.000     6.756    seg_cnt_reg[0]_i_1_n_0
    SLICE_X63Y22         CARRY4 (Prop_carry4_CI_CO[3])
                                                      0.114     6.870 r  seg_cnt_reg[4]_i_1/CO[3]
                         net (fo=1, routed)           0.000     6.870    seg_cnt_reg[4]_i_1_n_0
    SLICE_X63Y23         CARRY4 (Prop_carry4_CI_CO[3])
                                                      0.114     6.984 r  seg_cnt_reg[8]_i_1/CO[3]
                         net (fo=1, routed)           0.000     6.984    seg_cnt_reg[8]_i_1_n_0
    SLICE_X63Y24         CARRY4 (Prop_carry4_CI_CO[3])
                                                      0.114     7.098 r  seg_cnt_reg[12]_i_1/CO[3]
                         net (fo=1, routed)           0.009     7.107    seg_cnt_reg[12]_i_1_n_0
    SLICE_X63Y25         CARRY4 (Prop_carry4_CI_O[2])
                                                      0.239     7.346 r  seg_cnt_reg[16]_i_1/O[2]
                         net (fo=1, routed)           0.000     7.346    seg_cnt_reg[16]_i_1_n_5
    SLICE_X63Y25         FDRE                                         r  seg_cnt_reg[18]/D
  -------------------------------------------------------------------    -------------------

                         (clock sys_clk_pin rise edge)
                                                     10.000    10.000 r  
    W5                                                0.000    10.000 r  clk (IN)
                         net (fo=0)                   0.000    10.000    clk
    W5                   IBUF (Prop_ibuf_I_O)         1.388    11.388 r  clk_IBUF_inst/O
                         net (fo=1, routed)           1.862    13.250    clk_IBUF
    BUFGCTRL_X0Y0        BUFG (Prop_bufg_I_O)         0.091    13.341 r  clk_IBUF_BUFG_inst/O
                         net (fo=31, routed)          1.502    14.843    clk_IBUF_BUFG
    SLICE_X63Y25         FDRE                                         r  seg_cnt_reg[18]/C
                         clock pessimism              0.260    15.103    
                         clock uncertainty           -0.035    15.068    
    SLICE_X63Y25         FDRE (Setup_fdre_C_D)        0.062    15.130    seg_cnt_reg[18]
  -------------------------------------------------------------------
                         required time                         15.130    
                         arrival time                          -7.346    
  -------------------------------------------------------------------
                         slack                                  7.784    

Slack (MET) :             7.800ns  (required time - arrival time)
  Source:                 seg_cnt_reg[1]/C
                            (rising edge-triggered cell FDRE clocked by sys_clk_pin  {rise@0.000ns fall@5.000ns period=10.000ns})
  Destination:            seg_cnt_reg[16]/D
                            (rising edge-triggered cell FDRE clocked by sys_clk_pin  {rise@0.000ns fall@5.000ns period=10.000ns})
  Path Group:             sys_clk_pin
  Path Type:              Setup (Max at Slow Process Corner)
  Requirement:            10.000ns  (sys_clk_pin rise@10.000ns - sys_clk_pin rise@0.000ns)
  Data Path Delay:        2.184ns  (logic 1.695ns (77.592%)  route 0.489ns (22.408%))
  Logic Levels:           5  (CARRY4=5)
  Clock Path Skew:        -0.042ns (DCD - SCD + CPR)
    Destination Clock Delay (DCD):    4.843ns = ( 14.843 - 10.000 ) 
    Source Clock Delay      (SCD):    5.145ns
    Clock Pessimism Removal (CPR):    0.260ns
  Clock Uncertainty:      0.035ns  ((TSJ^2 + TIJ^2)^1/2 + DJ) / 2 + PE
    Total System Jitter     (TSJ):    0.071ns
    Total Input Jitter      (TIJ):    0.000ns
    Discrete Jitter          (DJ):    0.000ns
    Phase Error              (PE):    0.000ns

    Location             Delay type                Incr(ns)  Path(ns)    Netlist Resource(s)
  -------------------------------------------------------------------    -------------------
                         (clock sys_clk_pin rise edge)
                                                      0.000     0.000 r  
    W5                                                0.000     0.000 r  clk (IN)
                         net (fo=0)                   0.000     0.000    clk
    W5                   IBUF (Prop_ibuf_I_O)         1.458     1.458 r  clk_IBUF_inst/O
                         net (fo=1, routed)           1.967     3.425    clk_IBUF
    BUFGCTRL_X0Y0        BUFG (Prop_bufg_I_O)         0.096     3.521 r  clk_IBUF_BUFG_inst/O
                         net (fo=31, routed)          1.624     5.145    clk_IBUF_BUFG
    SLICE_X63Y21         FDRE                                         r  seg_cnt_reg[1]/C
  -------------------------------------------------------------------    -------------------
    SLICE_X63Y21         FDRE (Prop_fdre_C_Q)         0.456     5.601 r  seg_cnt_reg[1]/Q
                         net (fo=1, routed)           0.480     6.082    seg_cnt_reg_n_0_[1]
    SLICE_X63Y21         CARRY4 (Prop_carry4_S[1]_CO[3])
                                                      0.674     6.756 r  seg_cnt_reg[0]_i_1/CO[3]
                         net (fo=1, routed)           0.000     6.756    seg_cnt_reg[0]_i_1_n_0
    SLICE_X63Y22         CARRY4 (Prop_carry4_CI_CO[3])
                                                      0.114     6.870 r  seg_cnt_reg[4]_i_1/CO[3]
                         net (fo=1, routed)           0.000     6.870    seg_cnt_reg[4]_i_1_n_0
    SLICE_X63Y23         CARRY4 (Prop_carry4_CI_CO[3])
                                                      0.114     6.984 r  seg_cnt_reg[8]_i_1/CO[3]
                         net (fo=1, routed)           0.000     6.984    seg_cnt_reg[8]_i_1_n_0
    SLICE_X63Y24         CARRY4 (Prop_carry4_CI_CO[3])
                                                      0.114     7.098 r  seg_cnt_reg[12]_i_1/CO[3]
                         net (fo=1, routed)           0.009     7.107    seg_cnt_reg[12]_i_1_n_0
    SLICE_X63Y25         CARRY4 (Prop_carry4_CI_O[0])
                                                      0.223     7.330 r  seg_cnt_reg[16]_i_1/O[0]
                         net (fo=1, routed)           0.000     7.330    seg_cnt_reg[16]_i_1_n_7
    SLICE_X63Y25         FDRE                                         r  seg_cnt_reg[16]/D
  -------------------------------------------------------------------    -------------------

                         (clock sys_clk_pin rise edge)
                                                     10.000    10.000 r  
    W5                                                0.000    10.000 r  clk (IN)
                         net (fo=0)                   0.000    10.000    clk
    W5                   IBUF (Prop_ibuf_I_O)         1.388    11.388 r  clk_IBUF_inst/O
                         net (fo=1, routed)           1.862    13.250    clk_IBUF
    BUFGCTRL_X0Y0        BUFG (Prop_bufg_I_O)         0.091    13.341 r  clk_IBUF_BUFG_inst/O
                         net (fo=31, routed)          1.502    14.843    clk_IBUF_BUFG
    SLICE_X63Y25         FDRE                                         r  seg_cnt_reg[16]/C
                         clock pessimism              0.260    15.103    
                         clock uncertainty           -0.035    15.068    
    SLICE_X63Y25         FDRE (Setup_fdre_C_D)        0.062    15.130    seg_cnt_reg[16]
  -------------------------------------------------------------------
                         required time                         15.130    
                         arrival time                          -7.330    
  -------------------------------------------------------------------
                         slack                                  7.800    

Slack (MET) :             7.826ns  (required time - arrival time)
  Source:                 seg_cnt_reg[1]/C
                            (rising edge-triggered cell FDRE clocked by sys_clk_pin  {rise@0.000ns fall@5.000ns period=10.000ns})
  Destination:            seg_cnt_reg[13]/D
                            (rising edge-triggered cell FDRE clocked by sys_clk_pin  {rise@0.000ns fall@5.000ns period=10.000ns})
  Path Group:             sys_clk_pin
  Path Type:              Setup (Max at Slow Process Corner)
  Requirement:            10.000ns  (sys_clk_pin rise@10.000ns - sys_clk_pin rise@0.000ns)
  Data Path Delay:        2.172ns  (logic 1.692ns (77.883%)  route 0.480ns (22.117%))
  Logic Levels:           4  (CARRY4=4)
  Clock Path Skew:        -0.028ns (DCD - SCD + CPR)
    Destination Clock Delay (DCD):    4.843ns = ( 14.843 - 10.000 ) 
    Source Clock Delay      (SCD):    5.145ns
    Clock Pessimism Removal (CPR):    0.274ns
  Clock Uncertainty:      0.035ns  ((TSJ^2 + TIJ^2)^1/2 + DJ) / 2 + PE
    Total System Jitter     (TSJ):    0.071ns
    Total Input Jitter      (TIJ):    0.000ns
    Discrete Jitter          (DJ):    0.000ns
    Phase Error              (PE):    0.000ns

    Location             Delay type                Incr(ns)  Path(ns)    Netlist Resource(s)
  -------------------------------------------------------------------    -------------------
                         (clock sys_clk_pin rise edge)
                                                      0.000     0.000 r  
    W5                                                0.000     0.000 r  clk (IN)
                         net (fo=0)                   0.000     0.000    clk
    W5                   IBUF (Prop_ibuf_I_O)         1.458     1.458 r  clk_IBUF_inst/O
                         net (fo=1, routed)           1.967     3.425    clk_IBUF
    BUFGCTRL_X0Y0        BUFG (Prop_bufg_I_O)         0.096     3.521 r  clk_IBUF_BUFG_inst/O
                         net (fo=31, routed)          1.624     5.145    clk_IBUF_BUFG
    SLICE_X63Y21         FDRE                                         r  seg_cnt_reg[1]/C
  -------------------------------------------------------------------    -------------------
    SLICE_X63Y21         FDRE (Prop_fdre_C_Q)         0.456     5.601 r  seg_cnt_reg[1]/Q
                         net (fo=1, routed)           0.480     6.082    seg_cnt_reg_n_0_[1]
    SLICE_X63Y21         CARRY4 (Prop_carry4_S[1]_CO[3])
                                                      0.674     6.756 r  seg_cnt_reg[0]_i_1/CO[3]
                         net (fo=1, routed)           0.000     6.756    seg_cnt_reg[0]_i_1_n_0
    SLICE_X63Y22         CARRY4 (Prop_carry4_CI_CO[3])
                                                      0.114     6.870 r  seg_cnt_reg[4]_i_1/CO[3]
                         net (fo=1, routed)           0.000     6.870    seg_cnt_reg[4]_i_1_n_0
    SLICE_X63Y23         CARRY4 (Prop_carry4_CI_CO[3])
                                                      0.114     6.984 r  seg_cnt_reg[8]_i_1/CO[3]
                         net (fo=1, routed)           0.000     6.984    seg_cnt_reg[8]_i_1_n_0
    SLICE_X63Y24         CARRY4 (Prop_carry4_CI_O[1])
                                                      0.334     7.318 r  seg_cnt_reg[12]_i_1/O[1]
                         net (fo=1, routed)           0.000     7.318    seg_cnt_reg[12]_i_1_n_6
    SLICE_X63Y24         FDRE                                         r  seg_cnt_reg[13]/D
  -------------------------------------------------------------------    -------------------

                         (clock sys_clk_pin rise edge)
                                                     10.000    10.000 r  
    W5                                                0.000    10.000 r  clk (IN)
                         net (fo=0)                   0.000    10.000    clk
    W5                   IBUF (Prop_ibuf_I_O)         1.388    11.388 r  clk_IBUF_inst/O
                         net (fo=1, routed)           1.862    13.250    clk_IBUF
    BUFGCTRL_X0Y0        BUFG (Prop_bufg_I_O)         0.091    13.341 r  clk_IBUF_BUFG_inst/O
                         net (fo=31, routed)          1.502    14.843    clk_IBUF_BUFG
    SLICE_X63Y24         FDRE                                         r  seg_cnt_reg[13]/C
                         clock pessimism              0.274    15.117    
                         clock uncertainty           -0.035    15.082    
    SLICE_X63Y24         FDRE (Setup_fdre_C_D)        0.062    15.144    seg_cnt_reg[13]
  -------------------------------------------------------------------
                         required time                         15.144    
                         arrival time                          -7.318    
  -------------------------------------------------------------------
                         slack                                  7.826    

Slack (MET) :             7.830ns  (required time - arrival time)
  Source:                 seg_cnt_reg[18]/C
                            (rising edge-triggered cell FDRE clocked by sys_clk_pin  {rise@0.000ns fall@5.000ns period=10.000ns})
  Destination:            an_reg[1]/S
                            (rising edge-triggered cell FDSE clocked by sys_clk_pin  {rise@0.000ns fall@5.000ns period=10.000ns})
  Path Group:             sys_clk_pin
  Path Type:              Setup (Max at Slow Process Corner)
  Requirement:            10.000ns  (sys_clk_pin rise@10.000ns - sys_clk_pin rise@0.000ns)
  Data Path Delay:        1.686ns  (logic 0.580ns (34.395%)  route 1.106ns (65.605%))
  Logic Levels:           1  (LUT1=1)
  Clock Path Skew:        -0.019ns (DCD - SCD + CPR)
    Destination Clock Delay (DCD):    4.846ns = ( 14.846 - 10.000 ) 
    Source Clock Delay      (SCD):    5.139ns
    Clock Pessimism Removal (CPR):    0.274ns
  Clock Uncertainty:      0.035ns  ((TSJ^2 + TIJ^2)^1/2 + DJ) / 2 + PE
    Total System Jitter     (TSJ):    0.071ns
    Total Input Jitter      (TIJ):    0.000ns
    Discrete Jitter          (DJ):    0.000ns
    Phase Error              (PE):    0.000ns

    Location             Delay type                Incr(ns)  Path(ns)    Netlist Resource(s)
  -------------------------------------------------------------------    -------------------
                         (clock sys_clk_pin rise edge)
                                                      0.000     0.000 r  
    W5                                                0.000     0.000 r  clk (IN)
                         net (fo=0)                   0.000     0.000    clk
    W5                   IBUF (Prop_ibuf_I_O)         1.458     1.458 r  clk_IBUF_inst/O
                         net (fo=1, routed)           1.967     3.425    clk_IBUF
    BUFGCTRL_X0Y0        BUFG (Prop_bufg_I_O)         0.096     3.521 r  clk_IBUF_BUFG_inst/O
                         net (fo=31, routed)          1.618     5.139    clk_IBUF_BUFG
    SLICE_X63Y25         FDRE                                         r  seg_cnt_reg[18]/C
  -------------------------------------------------------------------    -------------------
    SLICE_X63Y25         FDRE (Prop_fdre_C_Q)         0.456     5.595 f  seg_cnt_reg[18]/Q
                         net (fo=11, routed)          0.475     6.070    p_0_in[0]
    SLICE_X65Y27         LUT1 (Prop_lut1_I0_O)        0.124     6.194 r  an[3]_i_1/O
                         net (fo=2, routed)           0.632     6.826    an[3]_i_1_n_0
    SLICE_X65Y27         FDSE                                         r  an_reg[1]/S
  -------------------------------------------------------------------    -------------------

                         (clock sys_clk_pin rise edge)
                                                     10.000    10.000 r  
    W5                                                0.000    10.000 r  clk (IN)
                         net (fo=0)                   0.000    10.000    clk
    W5                   IBUF (Prop_ibuf_I_O)         1.388    11.388 r  clk_IBUF_inst/O
                         net (fo=1, routed)           1.862    13.250    clk_IBUF
    BUFGCTRL_X0Y0        BUFG (Prop_bufg_I_O)         0.091    13.341 r  clk_IBUF_BUFG_inst/O
                         net (fo=31, routed)          1.505    14.846    clk_IBUF_BUFG
    SLICE_X65Y27         FDSE                                         r  an_reg[1]/C
                         clock pessimism              0.274    15.120    
                         clock uncertainty           -0.035    15.085    
    SLICE_X65Y27         FDSE (Setup_fdse_C_S)       -0.429    14.656    an_reg[1]
  -------------------------------------------------------------------
                         required time                         14.656    
                         arrival time                          -6.826    
  -------------------------------------------------------------------
                         slack                                  7.830    

Slack (MET) :             7.830ns  (required time - arrival time)
  Source:                 seg_cnt_reg[18]/C
                            (rising edge-triggered cell FDRE clocked by sys_clk_pin  {rise@0.000ns fall@5.000ns period=10.000ns})
  Destination:            an_reg[3]/S
                            (rising edge-triggered cell FDSE clocked by sys_clk_pin  {rise@0.000ns fall@5.000ns period=10.000ns})
  Path Group:             sys_clk_pin
  Path Type:              Setup (Max at Slow Process Corner)
  Requirement:            10.000ns  (sys_clk_pin rise@10.000ns - sys_clk_pin rise@0.000ns)
  Data Path Delay:        1.686ns  (logic 0.580ns (34.395%)  route 1.106ns (65.605%))
  Logic Levels:           1  (LUT1=1)
  Clock Path Skew:        -0.019ns (DCD - SCD + CPR)
    Destination Clock Delay (DCD):    4.846ns = ( 14.846 - 10.000 ) 
    Source Clock Delay      (SCD):    5.139ns
    Clock Pessimism Removal (CPR):    0.274ns
  Clock Uncertainty:      0.035ns  ((TSJ^2 + TIJ^2)^1/2 + DJ) / 2 + PE
    Total System Jitter     (TSJ):    0.071ns
    Total Input Jitter      (TIJ):    0.000ns
    Discrete Jitter          (DJ):    0.000ns
    Phase Error              (PE):    0.000ns

    Location             Delay type                Incr(ns)  Path(ns)    Netlist Resource(s)
  -------------------------------------------------------------------    -------------------
                         (clock sys_clk_pin rise edge)
                                                      0.000     0.000 r  
    W5                                                0.000     0.000 r  clk (IN)
                         net (fo=0)                   0.000     0.000    clk
    W5                   IBUF (Prop_ibuf_I_O)         1.458     1.458 r  clk_IBUF_inst/O
                         net (fo=1, routed)           1.967     3.425    clk_IBUF
    BUFGCTRL_X0Y0        BUFG (Prop_bufg_I_O)         0.096     3.521 r  clk_IBUF_BUFG_inst/O
                         net (fo=31, routed)          1.618     5.139    clk_IBUF_BUFG
    SLICE_X63Y25         FDRE                                         r  seg_cnt_reg[18]/C
  -------------------------------------------------------------------    -------------------
    SLICE_X63Y25         FDRE (Prop_fdre_C_Q)         0.456     5.595 f  seg_cnt_reg[18]/Q
                         net (fo=11, routed)          0.475     6.070    p_0_in[0]
    SLICE_X65Y27         LUT1 (Prop_lut1_I0_O)        0.124     6.194 r  an[3]_i_1/O
                         net (fo=2, routed)           0.632     6.826    an[3]_i_1_n_0
    SLICE_X65Y27         FDSE                                         r  an_reg[3]/S
  -------------------------------------------------------------------    -------------------

                         (clock sys_clk_pin rise edge)
                                                     10.000    10.000 r  
    W5                                                0.000    10.000 r  clk (IN)
                         net (fo=0)                   0.000    10.000    clk
    W5                   IBUF (Prop_ibuf_I_O)         1.388    11.388 r  clk_IBUF_inst/O
                         net (fo=1, routed)           1.862    13.250    clk_IBUF
    BUFGCTRL_X0Y0        BUFG (Prop_bufg_I_O)         0.091    13.341 r  clk_IBUF_BUFG_inst/O
                         net (fo=31, routed)          1.505    14.846    clk_IBUF_BUFG
    SLICE_X65Y27         FDSE                                         r  an_reg[3]/C
                         clock pessimism              0.274    15.120    
                         clock uncertainty           -0.035    15.085    
    SLICE_X65Y27         FDSE (Setup_fdse_C_S)       -0.429    14.656    an_reg[3]
  -------------------------------------------------------------------
                         required time                         14.656    
                         arrival time                          -6.826    
  -------------------------------------------------------------------
                         slack                                  7.830    

Slack (MET) :             7.847ns  (required time - arrival time)
  Source:                 seg_cnt_reg[1]/C
                            (rising edge-triggered cell FDRE clocked by sys_clk_pin  {rise@0.000ns fall@5.000ns period=10.000ns})
  Destination:            seg_cnt_reg[15]/D
                            (rising edge-triggered cell FDRE clocked by sys_clk_pin  {rise@0.000ns fall@5.000ns period=10.000ns})
  Path Group:             sys_clk_pin
  Path Type:              Setup (Max at Slow Process Corner)
  Requirement:            10.000ns  (sys_clk_pin rise@10.000ns - sys_clk_pin rise@0.000ns)
  Data Path Delay:        2.151ns  (logic 1.671ns (77.667%)  route 0.480ns (22.333%))
  Logic Levels:           4  (CARRY4=4)
  Clock Path Skew:        -0.028ns (DCD - SCD + CPR)
    Destination Clock Delay (DCD):    4.843ns = ( 14.843 - 10.000 ) 
    Source Clock Delay      (SCD):    5.145ns
    Clock Pessimism Removal (CPR):    0.274ns
  Clock Uncertainty:      0.035ns  ((TSJ^2 + TIJ^2)^1/2 + DJ) / 2 + PE
    Total System Jitter     (TSJ):    0.071ns
    Total Input Jitter      (TIJ):    0.000ns
    Discrete Jitter          (DJ):    0.000ns
    Phase Error              (PE):    0.000ns

    Location             Delay type                Incr(ns)  Path(ns)    Netlist Resource(s)
  -------------------------------------------------------------------    -------------------
                         (clock sys_clk_pin rise edge)
                                                      0.000     0.000 r  
    W5                                                0.000     0.000 r  clk (IN)
                         net (fo=0)                   0.000     0.000    clk
    W5                   IBUF (Prop_ibuf_I_O)         1.458     1.458 r  clk_IBUF_inst/O
                         net (fo=1, routed)           1.967     3.425    clk_IBUF
    BUFGCTRL_X0Y0        BUFG (Prop_bufg_I_O)         0.096     3.521 r  clk_IBUF_BUFG_inst/O
                         net (fo=31, routed)          1.624     5.145    clk_IBUF_BUFG
    SLICE_X63Y21         FDRE                                         r  seg_cnt_reg[1]/C
  -------------------------------------------------------------------    -------------------
    SLICE_X63Y21         FDRE (Prop_fdre_C_Q)         0.456     5.601 r  seg_cnt_reg[1]/Q
                         net (fo=1, routed)           0.480     6.082    seg_cnt_reg_n_0_[1]
    SLICE_X63Y21         CARRY4 (Prop_carry4_S[1]_CO[3])
                                                      0.674     6.756 r  seg_cnt_reg[0]_i_1/CO[3]
                         net (fo=1, routed)           0.000     6.756    seg_cnt_reg[0]_i_1_n_0
    SLICE_X63Y22         CARRY4 (Prop_carry4_CI_CO[3])
                                                      0.114     6.870 r  seg_cnt_reg[4]_i_1/CO[3]
                         net (fo=1, routed)           0.000     6.870    seg_cnt_reg[4]_i_1_n_0
    SLICE_X63Y23         CARRY4 (Prop_carry4_CI_CO[3])
                                                      0.114     6.984 r  seg_cnt_reg[8]_i_1/CO[3]
                         net (fo=1, routed)           0.000     6.984    seg_cnt_reg[8]_i_1_n_0
    SLICE_X63Y24         CARRY4 (Prop_carry4_CI_O[3])
                                                      0.313     7.297 r  seg_cnt_reg[12]_i_1/O[3]
                         net (fo=1, routed)           0.000     7.297    seg_cnt_reg[12]_i_1_n_4
    SLICE_X63Y24         FDRE                                         r  seg_cnt_reg[15]/D
  -------------------------------------------------------------------    -------------------

                         (clock sys_clk_pin rise edge)
                                                     10.000    10.000 r  
    W5                                                0.000    10.000 r  clk (IN)
                         net (fo=0)                   0.000    10.000    clk
    W5                   IBUF (Prop_ibuf_I_O)         1.388    11.388 r  clk_IBUF_inst/O
                         net (fo=1, routed)           1.862    13.250    clk_IBUF
    BUFGCTRL_X0Y0        BUFG (Prop_bufg_I_O)         0.091    13.341 r  clk_IBUF_BUFG_inst/O
                         net (fo=31, routed)          1.502    14.843    clk_IBUF_BUFG
    SLICE_X63Y24         FDRE                                         r  seg_cnt_reg[15]/C
                         clock pessimism              0.274    15.117    
                         clock uncertainty           -0.035    15.082    
    SLICE_X63Y24         FDRE (Setup_fdre_C_D)        0.062    15.144    seg_cnt_reg[15]
  -------------------------------------------------------------------
                         required time                         15.144    
                         arrival time                          -7.297    
  -------------------------------------------------------------------
                         slack                                  7.847    

Slack (MET) :             7.916ns  (required time - arrival time)
  Source:                 seg_cnt_reg[19]/C
                            (rising edge-triggered cell FDRE clocked by sys_clk_pin  {rise@0.000ns fall@5.000ns period=10.000ns})
  Destination:            an_reg[3]/D
                            (rising edge-triggered cell FDSE clocked by sys_clk_pin  {rise@0.000ns fall@5.000ns period=10.000ns})
  Path Group:             sys_clk_pin
  Path Type:              Setup (Max at Slow Process Corner)
  Requirement:            10.000ns  (sys_clk_pin rise@10.000ns - sys_clk_pin rise@0.000ns)
  Data Path Delay:        1.949ns  (logic 0.580ns (29.766%)  route 1.369ns (70.234%))
  Logic Levels:           1  (LUT1=1)
  Clock Path Skew:        -0.019ns (DCD - SCD + CPR)
    Destination Clock Delay (DCD):    4.846ns = ( 14.846 - 10.000 ) 
    Source Clock Delay      (SCD):    5.139ns
    Clock Pessimism Removal (CPR):    0.274ns
  Clock Uncertainty:      0.035ns  ((TSJ^2 + TIJ^2)^1/2 + DJ) / 2 + PE
    Total System Jitter     (TSJ):    0.071ns
    Total Input Jitter      (TIJ):    0.000ns
    Discrete Jitter          (DJ):    0.000ns
    Phase Error              (PE):    0.000ns

    Location             Delay type                Incr(ns)  Path(ns)    Netlist Resource(s)
  -------------------------------------------------------------------    -------------------
                         (clock sys_clk_pin rise edge)
                                                      0.000     0.000 r  
    W5                                                0.000     0.000 r  clk (IN)
                         net (fo=0)                   0.000     0.000    clk
    W5                   IBUF (Prop_ibuf_I_O)         1.458     1.458 r  clk_IBUF_inst/O
                         net (fo=1, routed)           1.967     3.425    clk_IBUF
    BUFGCTRL_X0Y0        BUFG (Prop_bufg_I_O)         0.096     3.521 r  clk_IBUF_BUFG_inst/O
                         net (fo=31, routed)          1.618     5.139    clk_IBUF_BUFG
    SLICE_X63Y25         FDRE                                         r  seg_cnt_reg[19]/C
  -------------------------------------------------------------------    -------------------
    SLICE_X63Y25         FDRE (Prop_fdre_C_Q)         0.456     5.595 f  seg_cnt_reg[19]/Q
                         net (fo=18, routed)          0.839     6.434    p_0_in[1]
    SLICE_X64Y27         LUT1 (Prop_lut1_I0_O)        0.124     6.558 r  an[2]_i_1/O
                         net (fo=2, routed)           0.529     7.088    an[2]_i_1_n_0
    SLICE_X65Y27         FDSE                                         r  an_reg[3]/D
  -------------------------------------------------------------------    -------------------

                         (clock sys_clk_pin rise edge)
                                                     10.000    10.000 r  
    W5                                                0.000    10.000 r  clk (IN)
                         net (fo=0)                   0.000    10.000    clk
    W5                   IBUF (Prop_ibuf_I_O)         1.388    11.388 r  clk_IBUF_inst/O
                         net (fo=1, routed)           1.862    13.250    clk_IBUF
    BUFGCTRL_X0Y0        BUFG (Prop_bufg_I_O)         0.091    13.341 r  clk_IBUF_BUFG_inst/O
                         net (fo=31, routed)          1.505    14.846    clk_IBUF_BUFG
    SLICE_X65Y27         FDSE                                         r  an_reg[3]/C
                         clock pessimism              0.274    15.120    
                         clock uncertainty           -0.035    15.085    
    SLICE_X65Y27         FDSE (Setup_fdse_C_D)       -0.081    15.004    an_reg[3]
  -------------------------------------------------------------------
                         required time                         15.004    
                         arrival time                          -7.088    
  -------------------------------------------------------------------
                         slack                                  7.916    

Slack (MET) :             7.921ns  (required time - arrival time)
  Source:                 seg_cnt_reg[1]/C
                            (rising edge-triggered cell FDRE clocked by sys_clk_pin  {rise@0.000ns fall@5.000ns period=10.000ns})
  Destination:            seg_cnt_reg[14]/D
                            (rising edge-triggered cell FDRE clocked by sys_clk_pin  {rise@0.000ns fall@5.000ns period=10.000ns})
  Path Group:             sys_clk_pin
  Path Type:              Setup (Max at Slow Process Corner)
  Requirement:            10.000ns  (sys_clk_pin rise@10.000ns - sys_clk_pin rise@0.000ns)
  Data Path Delay:        2.077ns  (logic 1.597ns (76.872%)  route 0.480ns (23.128%))
  Logic Levels:           4  (CARRY4=4)
  Clock Path Skew:        -0.028ns (DCD - SCD + CPR)
    Destination Clock Delay (DCD):    4.843ns = ( 14.843 - 10.000 ) 
    Source Clock Delay      (SCD):    5.145ns
    Clock Pessimism Removal (CPR):    0.274ns
  Clock Uncertainty:      0.035ns  ((TSJ^2 + TIJ^2)^1/2 + DJ) / 2 + PE
    Total System Jitter     (TSJ):    0.071ns
    Total Input Jitter      (TIJ):    0.000ns
    Discrete Jitter          (DJ):    0.000ns
    Phase Error              (PE):    0.000ns

    Location             Delay type                Incr(ns)  Path(ns)    Netlist Resource(s)
  -------------------------------------------------------------------    -------------------
                         (clock sys_clk_pin rise edge)
                                                      0.000     0.000 r  
    W5                                                0.000     0.000 r  clk (IN)
                         net (fo=0)                   0.000     0.000    clk
    W5                   IBUF (Prop_ibuf_I_O)         1.458     1.458 r  clk_IBUF_inst/O
                         net (fo=1, routed)           1.967     3.425    clk_IBUF
    BUFGCTRL_X0Y0        BUFG (Prop_bufg_I_O)         0.096     3.521 r  clk_IBUF_BUFG_inst/O
                         net (fo=31, routed)          1.624     5.145    clk_IBUF_BUFG
    SLICE_X63Y21         FDRE                                         r  seg_cnt_reg[1]/C
  -------------------------------------------------------------------    -------------------
    SLICE_X63Y21         FDRE (Prop_fdre_C_Q)         0.456     5.601 r  seg_cnt_reg[1]/Q
                         net (fo=1, routed)           0.480     6.082    seg_cnt_reg_n_0_[1]
    SLICE_X63Y21         CARRY4 (Prop_carry4_S[1]_CO[3])
                                                      0.674     6.756 r  seg_cnt_reg[0]_i_1/CO[3]
                         net (fo=1, routed)           0.000     6.756    seg_cnt_reg[0]_i_1_n_0
    SLICE_X63Y22         CARRY4 (Prop_carry4_CI_CO[3])
                                                      0.114     6.870 r  seg_cnt_reg[4]_i_1/CO[3]
                         net (fo=1, routed)           0.000     6.870    seg_cnt_reg[4]_i_1_n_0
    SLICE_X63Y23         CARRY4 (Prop_carry4_CI_CO[3])
                                                      0.114     6.984 r  seg_cnt_reg[8]_i_1/CO[3]
                         net (fo=1, routed)           0.000     6.984    seg_cnt_reg[8]_i_1_n_0
    SLICE_X63Y24         CARRY4 (Prop_carry4_CI_O[2])
                                                      0.239     7.223 r  seg_cnt_reg[12]_i_1/O[2]
                         net (fo=1, routed)           0.000     7.223    seg_cnt_reg[12]_i_1_n_5
    SLICE_X63Y24         FDRE                                         r  seg_cnt_reg[14]/D
  -------------------------------------------------------------------    -------------------

                         (clock sys_clk_pin rise edge)
                                                     10.000    10.000 r  
    W5                                                0.000    10.000 r  clk (IN)
                         net (fo=0)                   0.000    10.000    clk
    W5                   IBUF (Prop_ibuf_I_O)         1.388    11.388 r  clk_IBUF_inst/O
                         net (fo=1, routed)           1.862    13.250    clk_IBUF
    BUFGCTRL_X0Y0        BUFG (Prop_bufg_I_O)         0.091    13.341 r  clk_IBUF_BUFG_inst/O
                         net (fo=31, routed)          1.502    14.843    clk_IBUF_BUFG
    SLICE_X63Y24         FDRE                                         r  seg_cnt_reg[14]/C
                         clock pessimism              0.274    15.117    
                         clock uncertainty           -0.035    15.082    
    SLICE_X63Y24         FDRE (Setup_fdre_C_D)        0.062    15.144    seg_cnt_reg[14]
  -------------------------------------------------------------------
                         required time                         15.144    
                         arrival time                          -7.223    
  -------------------------------------------------------------------
                         slack                                  7.921    





Min Delay Paths
--------------------------------------------------------------------------------------
Slack (MET) :             0.252ns  (arrival time - required time)
  Source:                 seg_cnt_reg[11]/C
                            (rising edge-triggered cell FDRE clocked by sys_clk_pin  {rise@0.000ns fall@5.000ns period=10.000ns})
  Destination:            seg_cnt_reg[11]/D
                            (rising edge-triggered cell FDRE clocked by sys_clk_pin  {rise@0.000ns fall@5.000ns period=10.000ns})
  Path Group:             sys_clk_pin
  Path Type:              Hold (Min at Fast Process Corner)
  Requirement:            0.000ns  (sys_clk_pin rise@0.000ns - sys_clk_pin rise@0.000ns)
  Data Path Delay:        0.357ns  (logic 0.249ns (69.714%)  route 0.108ns (30.286%))
  Logic Levels:           1  (CARRY4=1)
  Clock Path Skew:        0.000ns (DCD - SCD - CPR)
    Destination Clock Delay (DCD):    1.978ns
    Source Clock Delay      (SCD):    1.466ns
    Clock Pessimism Removal (CPR):    0.512ns

    Location             Delay type                Incr(ns)  Path(ns)    Netlist Resource(s)
  -------------------------------------------------------------------    -------------------
                         (clock sys_clk_pin rise edge)
                                                      0.000     0.000 r  
    W5                                                0.000     0.000 r  clk (IN)
                         net (fo=0)                   0.000     0.000    clk
    W5                   IBUF (Prop_ibuf_I_O)         0.226     0.226 r  clk_IBUF_inst/O
                         net (fo=1, routed)           0.631     0.858    clk_IBUF
    BUFGCTRL_X0Y0        BUFG (Prop_bufg_I_O)         0.026     0.884 r  clk_IBUF_BUFG_inst/O
                         net (fo=31, routed)          0.583     1.466    clk_IBUF_BUFG
    SLICE_X63Y23         FDRE                                         r  seg_cnt_reg[11]/C
  -------------------------------------------------------------------    -------------------
    SLICE_X63Y23         FDRE (Prop_fdre_C_Q)         0.141     1.607 r  seg_cnt_reg[11]/Q
                         net (fo=1, routed)           0.108     1.715    seg_cnt_reg_n_0_[11]
    SLICE_X63Y23         CARRY4 (Prop_carry4_S[3]_O[3])
                                                      0.108     1.823 r  seg_cnt_reg[8]_i_1/O[3]
                         net (fo=1, routed)           0.000     1.823    seg_cnt_reg[8]_i_1_n_4
    SLICE_X63Y23         FDRE                                         r  seg_cnt_reg[11]/D
  -------------------------------------------------------------------    -------------------

                         (clock sys_clk_pin rise edge)
                                                      0.000     0.000 r  
    W5                                                0.000     0.000 r  clk (IN)
                         net (fo=0)                   0.000     0.000    clk
    W5                   IBUF (Prop_ibuf_I_O)         0.414     0.414 r  clk_IBUF_inst/O
                         net (fo=1, routed)           0.685     1.099    clk_IBUF
    BUFGCTRL_X0Y0        BUFG (Prop_bufg_I_O)         0.029     1.128 r  clk_IBUF_BUFG_inst/O
                         net (fo=31, routed)          0.851     1.978    clk_IBUF_BUFG
    SLICE_X63Y23         FDRE                                         r  seg_cnt_reg[11]/C
                         clock pessimism             -0.512     1.466    
    SLICE_X63Y23         FDRE (Hold_fdre_C_D)         0.105     1.571    seg_cnt_reg[11]
  -------------------------------------------------------------------
                         required time                         -1.571    
                         arrival time                           1.823    
  -------------------------------------------------------------------
                         slack                                  0.252    

Slack (MET) :             0.252ns  (arrival time - required time)
  Source:                 seg_cnt_reg[15]/C
                            (rising edge-triggered cell FDRE clocked by sys_clk_pin  {rise@0.000ns fall@5.000ns period=10.000ns})
  Destination:            seg_cnt_reg[15]/D
                            (rising edge-triggered cell FDRE clocked by sys_clk_pin  {rise@0.000ns fall@5.000ns period=10.000ns})
  Path Group:             sys_clk_pin
  Path Type:              Hold (Min at Fast Process Corner)
  Requirement:            0.000ns  (sys_clk_pin rise@0.000ns - sys_clk_pin rise@0.000ns)
  Data Path Delay:        0.357ns  (logic 0.249ns (69.714%)  route 0.108ns (30.286%))
  Logic Levels:           1  (CARRY4=1)
  Clock Path Skew:        0.000ns (DCD - SCD - CPR)
    Destination Clock Delay (DCD):    1.977ns
    Source Clock Delay      (SCD):    1.465ns
    Clock Pessimism Removal (CPR):    0.512ns

    Location             Delay type                Incr(ns)  Path(ns)    Netlist Resource(s)
  -------------------------------------------------------------------    -------------------
                         (clock sys_clk_pin rise edge)
                                                      0.000     0.000 r  
    W5                                                0.000     0.000 r  clk (IN)
                         net (fo=0)                   0.000     0.000    clk
    W5                   IBUF (Prop_ibuf_I_O)         0.226     0.226 r  clk_IBUF_inst/O
                         net (fo=1, routed)           0.631     0.858    clk_IBUF
    BUFGCTRL_X0Y0        BUFG (Prop_bufg_I_O)         0.026     0.884 r  clk_IBUF_BUFG_inst/O
                         net (fo=31, routed)          0.582     1.465    clk_IBUF_BUFG
    SLICE_X63Y24         FDRE                                         r  seg_cnt_reg[15]/C
  -------------------------------------------------------------------    -------------------
    SLICE_X63Y24         FDRE (Prop_fdre_C_Q)         0.141     1.606 r  seg_cnt_reg[15]/Q
                         net (fo=1, routed)           0.108     1.714    seg_cnt_reg_n_0_[15]
    SLICE_X63Y24         CARRY4 (Prop_carry4_S[3]_O[3])
                                                      0.108     1.822 r  seg_cnt_reg[12]_i_1/O[3]
                         net (fo=1, routed)           0.000     1.822    seg_cnt_reg[12]_i_1_n_4
    SLICE_X63Y24         FDRE                                         r  seg_cnt_reg[15]/D
  -------------------------------------------------------------------    -------------------

                         (clock sys_clk_pin rise edge)
                                                      0.000     0.000 r  
    W5                                                0.000     0.000 r  clk (IN)
                         net (fo=0)                   0.000     0.000    clk
    W5                   IBUF (Prop_ibuf_I_O)         0.414     0.414 r  clk_IBUF_inst/O
                         net (fo=1, routed)           0.685     1.099    clk_IBUF
    BUFGCTRL_X0Y0        BUFG (Prop_bufg_I_O)         0.029     1.128 r  clk_IBUF_BUFG_inst/O
                         net (fo=31, routed)          0.850     1.977    clk_IBUF_BUFG
    SLICE_X63Y24         FDRE                                         r  seg_cnt_reg[15]/C
                         clock pessimism             -0.512     1.465    
    SLICE_X63Y24         FDRE (Hold_fdre_C_D)         0.105     1.570    seg_cnt_reg[15]
  -------------------------------------------------------------------
                         required time                         -1.570    
                         arrival time                           1.822    
  -------------------------------------------------------------------
                         slack                                  0.252    

Slack (MET) :             0.252ns  (arrival time - required time)
  Source:                 seg_cnt_reg[3]/C
                            (rising edge-triggered cell FDRE clocked by sys_clk_pin  {rise@0.000ns fall@5.000ns period=10.000ns})
  Destination:            seg_cnt_reg[3]/D
                            (rising edge-triggered cell FDRE clocked by sys_clk_pin  {rise@0.000ns fall@5.000ns period=10.000ns})
  Path Group:             sys_clk_pin
  Path Type:              Hold (Min at Fast Process Corner)
  Requirement:            0.000ns  (sys_clk_pin rise@0.000ns - sys_clk_pin rise@0.000ns)
  Data Path Delay:        0.357ns  (logic 0.249ns (69.714%)  route 0.108ns (30.286%))
  Logic Levels:           1  (CARRY4=1)
  Clock Path Skew:        0.000ns (DCD - SCD - CPR)
    Destination Clock Delay (DCD):    1.981ns
    Source Clock Delay      (SCD):    1.468ns
    Clock Pessimism Removal (CPR):    0.513ns

    Location             Delay type                Incr(ns)  Path(ns)    Netlist Resource(s)
  -------------------------------------------------------------------    -------------------
                         (clock sys_clk_pin rise edge)
                                                      0.000     0.000 r  
    W5                                                0.000     0.000 r  clk (IN)
                         net (fo=0)                   0.000     0.000    clk
    W5                   IBUF (Prop_ibuf_I_O)         0.226     0.226 r  clk_IBUF_inst/O
                         net (fo=1, routed)           0.631     0.858    clk_IBUF
    BUFGCTRL_X0Y0        BUFG (Prop_bufg_I_O)         0.026     0.884 r  clk_IBUF_BUFG_inst/O
                         net (fo=31, routed)          0.585     1.468    clk_IBUF_BUFG
    SLICE_X63Y21         FDRE                                         r  seg_cnt_reg[3]/C
  -------------------------------------------------------------------    -------------------
    SLICE_X63Y21         FDRE (Prop_fdre_C_Q)         0.141     1.609 r  seg_cnt_reg[3]/Q
                         net (fo=1, routed)           0.108     1.717    seg_cnt_reg_n_0_[3]
    SLICE_X63Y21         CARRY4 (Prop_carry4_S[3]_O[3])
                                                      0.108     1.825 r  seg_cnt_reg[0]_i_1/O[3]
                         net (fo=1, routed)           0.000     1.825    seg_cnt_reg[0]_i_1_n_4
    SLICE_X63Y21         FDRE                                         r  seg_cnt_reg[3]/D
  -------------------------------------------------------------------    -------------------

                         (clock sys_clk_pin rise edge)
                                                      0.000     0.000 r  
    W5                                                0.000     0.000 r  clk (IN)
                         net (fo=0)                   0.000     0.000    clk
    W5                   IBUF (Prop_ibuf_I_O)         0.414     0.414 r  clk_IBUF_inst/O
                         net (fo=1, routed)           0.685     1.099    clk_IBUF
    BUFGCTRL_X0Y0        BUFG (Prop_bufg_I_O)         0.029     1.128 r  clk_IBUF_BUFG_inst/O
                         net (fo=31, routed)          0.854     1.981    clk_IBUF_BUFG
    SLICE_X63Y21         FDRE                                         r  seg_cnt_reg[3]/C
                         clock pessimism             -0.513     1.468    
    SLICE_X63Y21         FDRE (Hold_fdre_C_D)         0.105     1.573    seg_cnt_reg[3]
  -------------------------------------------------------------------
                         required time                         -1.573    
                         arrival time                           1.825    
  -------------------------------------------------------------------
                         slack                                  0.252    

Slack (MET) :             0.252ns  (arrival time - required time)
  Source:                 seg_cnt_reg[7]/C
                            (rising edge-triggered cell FDRE clocked by sys_clk_pin  {rise@0.000ns fall@5.000ns period=10.000ns})
  Destination:            seg_cnt_reg[7]/D
                            (rising edge-triggered cell FDRE clocked by sys_clk_pin  {rise@0.000ns fall@5.000ns period=10.000ns})
  Path Group:             sys_clk_pin
  Path Type:              Hold (Min at Fast Process Corner)
  Requirement:            0.000ns  (sys_clk_pin rise@0.000ns - sys_clk_pin rise@0.000ns)
  Data Path Delay:        0.357ns  (logic 0.249ns (69.714%)  route 0.108ns (30.286%))
  Logic Levels:           1  (CARRY4=1)
  Clock Path Skew:        0.000ns (DCD - SCD - CPR)
    Destination Clock Delay (DCD):    1.980ns
    Source Clock Delay      (SCD):    1.468ns
    Clock Pessimism Removal (CPR):    0.512ns

    Location             Delay type                Incr(ns)  Path(ns)    Netlist Resource(s)
  -------------------------------------------------------------------    -------------------
                         (clock sys_clk_pin rise edge)
                                                      0.000     0.000 r  
    W5                                                0.000     0.000 r  clk (IN)
                         net (fo=0)                   0.000     0.000    clk
    W5                   IBUF (Prop_ibuf_I_O)         0.226     0.226 r  clk_IBUF_inst/O
                         net (fo=1, routed)           0.631     0.858    clk_IBUF
    BUFGCTRL_X0Y0        BUFG (Prop_bufg_I_O)         0.026     0.884 r  clk_IBUF_BUFG_inst/O
                         net (fo=31, routed)          0.585     1.468    clk_IBUF_BUFG
    SLICE_X63Y22         FDRE                                         r  seg_cnt_reg[7]/C
  -------------------------------------------------------------------    -------------------
    SLICE_X63Y22         FDRE (Prop_fdre_C_Q)         0.141     1.609 r  seg_cnt_reg[7]/Q
                         net (fo=1, routed)           0.108     1.717    seg_cnt_reg_n_0_[7]
    SLICE_X63Y22         CARRY4 (Prop_carry4_S[3]_O[3])
                                                      0.108     1.825 r  seg_cnt_reg[4]_i_1/O[3]
                         net (fo=1, routed)           0.000     1.825    seg_cnt_reg[4]_i_1_n_4
    SLICE_X63Y22         FDRE                                         r  seg_cnt_reg[7]/D
  -------------------------------------------------------------------    -------------------

                         (clock sys_clk_pin rise edge)
                                                      0.000     0.000 r  
    W5                                                0.000     0.000 r  clk (IN)
                         net (fo=0)                   0.000     0.000    clk
    W5                   IBUF (Prop_ibuf_I_O)         0.414     0.414 r  clk_IBUF_inst/O
                         net (fo=1, routed)           0.685     1.099    clk_IBUF
    BUFGCTRL_X0Y0        BUFG (Prop_bufg_I_O)         0.029     1.128 r  clk_IBUF_BUFG_inst/O
                         net (fo=31, routed)          0.853     1.980    clk_IBUF_BUFG
    SLICE_X63Y22         FDRE                                         r  seg_cnt_reg[7]/C
                         clock pessimism             -0.512     1.468    
    SLICE_X63Y22         FDRE (Hold_fdre_C_D)         0.105     1.573    seg_cnt_reg[7]
  -------------------------------------------------------------------
                         required time                         -1.573    
                         arrival time                           1.825    
  -------------------------------------------------------------------
                         slack                                  0.252    

Slack (MET) :             0.255ns  (arrival time - required time)
  Source:                 seg_cnt_reg[19]/C
                            (rising edge-triggered cell FDRE clocked by sys_clk_pin  {rise@0.000ns fall@5.000ns period=10.000ns})
  Destination:            an_reg[1]/D
                            (rising edge-triggered cell FDSE clocked by sys_clk_pin  {rise@0.000ns fall@5.000ns period=10.000ns})
  Path Group:             sys_clk_pin
  Path Type:              Hold (Min at Fast Process Corner)
  Requirement:            0.000ns  (sys_clk_pin rise@0.000ns - sys_clk_pin rise@0.000ns)
  Data Path Delay:        0.341ns  (logic 0.141ns (41.342%)  route 0.200ns (58.658%))
  Logic Levels:           0  
  Clock Path Skew:        0.016ns (DCD - SCD - CPR)
    Destination Clock Delay (DCD):    1.980ns
    Source Clock Delay      (SCD):    1.465ns
    Clock Pessimism Removal (CPR):    0.499ns

    Location             Delay type                Incr(ns)  Path(ns)    Netlist Resource(s)
  -------------------------------------------------------------------    -------------------
                         (clock sys_clk_pin rise edge)
                                                      0.000     0.000 r  
    W5                                                0.000     0.000 r  clk (IN)
                         net (fo=0)                   0.000     0.000    clk
    W5                   IBUF (Prop_ibuf_I_O)         0.226     0.226 r  clk_IBUF_inst/O
                         net (fo=1, routed)           0.631     0.858    clk_IBUF
    BUFGCTRL_X0Y0        BUFG (Prop_bufg_I_O)         0.026     0.884 r  clk_IBUF_BUFG_inst/O
                         net (fo=31, routed)          0.582     1.465    clk_IBUF_BUFG
    SLICE_X63Y25         FDRE                                         r  seg_cnt_reg[19]/C
  -------------------------------------------------------------------    -------------------
    SLICE_X63Y25         FDRE (Prop_fdre_C_Q)         0.141     1.606 r  seg_cnt_reg[19]/Q
                         net (fo=18, routed)          0.200     1.806    p_0_in[1]
    SLICE_X65Y27         FDSE                                         r  an_reg[1]/D
  -------------------------------------------------------------------    -------------------

                         (clock sys_clk_pin rise edge)
                                                      0.000     0.000 r  
    W5                                                0.000     0.000 r  clk (IN)
                         net (fo=0)                   0.000     0.000    clk
    W5                   IBUF (Prop_ibuf_I_O)         0.414     0.414 r  clk_IBUF_inst/O
                         net (fo=1, routed)           0.685     1.099    clk_IBUF
    BUFGCTRL_X0Y0        BUFG (Prop_bufg_I_O)         0.029     1.128 r  clk_IBUF_BUFG_inst/O
                         net (fo=31, routed)          0.853     1.980    clk_IBUF_BUFG
    SLICE_X65Y27         FDSE                                         r  an_reg[1]/C
                         clock pessimism             -0.499     1.481    
    SLICE_X65Y27         FDSE (Hold_fdse_C_D)         0.070     1.551    an_reg[1]
  -------------------------------------------------------------------
                         required time                         -1.551    
                         arrival time                           1.806    
  -------------------------------------------------------------------
                         slack                                  0.255    

Slack (MET) :             0.256ns  (arrival time - required time)
  Source:                 seg_cnt_reg[12]/C
                            (rising edge-triggered cell FDRE clocked by sys_clk_pin  {rise@0.000ns fall@5.000ns period=10.000ns})
  Destination:            seg_cnt_reg[12]/D
                            (rising edge-triggered cell FDRE clocked by sys_clk_pin  {rise@0.000ns fall@5.000ns period=10.000ns})
  Path Group:             sys_clk_pin
  Path Type:              Hold (Min at Fast Process Corner)
  Requirement:            0.000ns  (sys_clk_pin rise@0.000ns - sys_clk_pin rise@0.000ns)
  Data Path Delay:        0.361ns  (logic 0.256ns (70.880%)  route 0.105ns (29.120%))
  Logic Levels:           1  (CARRY4=1)
  Clock Path Skew:        0.000ns (DCD - SCD - CPR)
    Destination Clock Delay (DCD):    1.977ns
    Source Clock Delay      (SCD):    1.465ns
    Clock Pessimism Removal (CPR):    0.512ns

    Location             Delay type                Incr(ns)  Path(ns)    Netlist Resource(s)
  -------------------------------------------------------------------    -------------------
                         (clock sys_clk_pin rise edge)
                                                      0.000     0.000 r  
    W5                                                0.000     0.000 r  clk (IN)
                         net (fo=0)                   0.000     0.000    clk
    W5                   IBUF (Prop_ibuf_I_O)         0.226     0.226 r  clk_IBUF_inst/O
                         net (fo=1, routed)           0.631     0.858    clk_IBUF
    BUFGCTRL_X0Y0        BUFG (Prop_bufg_I_O)         0.026     0.884 r  clk_IBUF_BUFG_inst/O
                         net (fo=31, routed)          0.582     1.465    clk_IBUF_BUFG
    SLICE_X63Y24         FDRE                                         r  seg_cnt_reg[12]/C
  -------------------------------------------------------------------    -------------------
    SLICE_X63Y24         FDRE (Prop_fdre_C_Q)         0.141     1.606 r  seg_cnt_reg[12]/Q
                         net (fo=1, routed)           0.105     1.711    seg_cnt_reg_n_0_[12]
    SLICE_X63Y24         CARRY4 (Prop_carry4_S[0]_O[0])
                                                      0.115     1.826 r  seg_cnt_reg[12]_i_1/O[0]
                         net (fo=1, routed)           0.000     1.826    seg_cnt_reg[12]_i_1_n_7
    SLICE_X63Y24         FDRE                                         r  seg_cnt_reg[12]/D
  -------------------------------------------------------------------    -------------------

                         (clock sys_clk_pin rise edge)
                                                      0.000     0.000 r  
    W5                                                0.000     0.000 r  clk (IN)
                         net (fo=0)                   0.000     0.000    clk
    W5                   IBUF (Prop_ibuf_I_O)         0.414     0.414 r  clk_IBUF_inst/O
                         net (fo=1, routed)           0.685     1.099    clk_IBUF
    BUFGCTRL_X0Y0        BUFG (Prop_bufg_I_O)         0.029     1.128 r  clk_IBUF_BUFG_inst/O
                         net (fo=31, routed)          0.850     1.977    clk_IBUF_BUFG
    SLICE_X63Y24         FDRE                                         r  seg_cnt_reg[12]/C
                         clock pessimism             -0.512     1.465    
    SLICE_X63Y24         FDRE (Hold_fdre_C_D)         0.105     1.570    seg_cnt_reg[12]
  -------------------------------------------------------------------
                         required time                         -1.570    
                         arrival time                           1.826    
  -------------------------------------------------------------------
                         slack                                  0.256    

Slack (MET) :             0.256ns  (arrival time - required time)
  Source:                 seg_cnt_reg[16]/C
                            (rising edge-triggered cell FDRE clocked by sys_clk_pin  {rise@0.000ns fall@5.000ns period=10.000ns})
  Destination:            seg_cnt_reg[16]/D
                            (rising edge-triggered cell FDRE clocked by sys_clk_pin  {rise@0.000ns fall@5.000ns period=10.000ns})
  Path Group:             sys_clk_pin
  Path Type:              Hold (Min at Fast Process Corner)
  Requirement:            0.000ns  (sys_clk_pin rise@0.000ns - sys_clk_pin rise@0.000ns)
  Data Path Delay:        0.361ns  (logic 0.256ns (70.880%)  route 0.105ns (29.120%))
  Logic Levels:           1  (CARRY4=1)
  Clock Path Skew:        0.000ns (DCD - SCD - CPR)
    Destination Clock Delay (DCD):    1.977ns
    Source Clock Delay      (SCD):    1.465ns
    Clock Pessimism Removal (CPR):    0.512ns

    Location             Delay type                Incr(ns)  Path(ns)    Netlist Resource(s)
  -------------------------------------------------------------------    -------------------
                         (clock sys_clk_pin rise edge)
                                                      0.000     0.000 r  
    W5                                                0.000     0.000 r  clk (IN)
                         net (fo=0)                   0.000     0.000    clk
    W5                   IBUF (Prop_ibuf_I_O)         0.226     0.226 r  clk_IBUF_inst/O
                         net (fo=1, routed)           0.631     0.858    clk_IBUF
    BUFGCTRL_X0Y0        BUFG (Prop_bufg_I_O)         0.026     0.884 r  clk_IBUF_BUFG_inst/O
                         net (fo=31, routed)          0.582     1.465    clk_IBUF_BUFG
    SLICE_X63Y25         FDRE                                         r  seg_cnt_reg[16]/C
  -------------------------------------------------------------------    -------------------
    SLICE_X63Y25         FDRE (Prop_fdre_C_Q)         0.141     1.606 r  seg_cnt_reg[16]/Q
                         net (fo=1, routed)           0.105     1.711    seg_cnt_reg_n_0_[16]
    SLICE_X63Y25         CARRY4 (Prop_carry4_S[0]_O[0])
                                                      0.115     1.826 r  seg_cnt_reg[16]_i_1/O[0]
                         net (fo=1, routed)           0.000     1.826    seg_cnt_reg[16]_i_1_n_7
    SLICE_X63Y25         FDRE                                         r  seg_cnt_reg[16]/D
  -------------------------------------------------------------------    -------------------

                         (clock sys_clk_pin rise edge)
                                                      0.000     0.000 r  
    W5                                                0.000     0.000 r  clk (IN)
                         net (fo=0)                   0.000     0.000    clk
    W5                   IBUF (Prop_ibuf_I_O)         0.414     0.414 r  clk_IBUF_inst/O
                         net (fo=1, routed)           0.685     1.099    clk_IBUF
    BUFGCTRL_X0Y0        BUFG (Prop_bufg_I_O)         0.029     1.128 r  clk_IBUF_BUFG_inst/O
                         net (fo=31, routed)          0.850     1.977    clk_IBUF_BUFG
    SLICE_X63Y25         FDRE                                         r  seg_cnt_reg[16]/C
                         clock pessimism             -0.512     1.465    
    SLICE_X63Y25         FDRE (Hold_fdre_C_D)         0.105     1.570    seg_cnt_reg[16]
  -------------------------------------------------------------------
                         required time                         -1.570    
                         arrival time                           1.826    
  -------------------------------------------------------------------
                         slack                                  0.256    

Slack (MET) :             0.256ns  (arrival time - required time)
  Source:                 seg_cnt_reg[4]/C
                            (rising edge-triggered cell FDRE clocked by sys_clk_pin  {rise@0.000ns fall@5.000ns period=10.000ns})
  Destination:            seg_cnt_reg[4]/D
                            (rising edge-triggered cell FDRE clocked by sys_clk_pin  {rise@0.000ns fall@5.000ns period=10.000ns})
  Path Group:             sys_clk_pin
  Path Type:              Hold (Min at Fast Process Corner)
  Requirement:            0.000ns  (sys_clk_pin rise@0.000ns - sys_clk_pin rise@0.000ns)
  Data Path Delay:        0.361ns  (logic 0.256ns (70.880%)  route 0.105ns (29.120%))
  Logic Levels:           1  (CARRY4=1)
  Clock Path Skew:        0.000ns (DCD - SCD - CPR)
    Destination Clock Delay (DCD):    1.980ns
    Source Clock Delay      (SCD):    1.468ns
    Clock Pessimism Removal (CPR):    0.512ns

    Location             Delay type                Incr(ns)  Path(ns)    Netlist Resource(s)
  -------------------------------------------------------------------    -------------------
                         (clock sys_clk_pin rise edge)
                                                      0.000     0.000 r  
    W5                                                0.000     0.000 r  clk (IN)
                         net (fo=0)                   0.000     0.000    clk
    W5                   IBUF (Prop_ibuf_I_O)         0.226     0.226 r  clk_IBUF_inst/O
                         net (fo=1, routed)           0.631     0.858    clk_IBUF
    BUFGCTRL_X0Y0        BUFG (Prop_bufg_I_O)         0.026     0.884 r  clk_IBUF_BUFG_inst/O
                         net (fo=31, routed)          0.585     1.468    clk_IBUF_BUFG
    SLICE_X63Y22         FDRE                                         r  seg_cnt_reg[4]/C
  -------------------------------------------------------------------    -------------------
    SLICE_X63Y22         FDRE (Prop_fdre_C_Q)         0.141     1.609 r  seg_cnt_reg[4]/Q
                         net (fo=1, routed)           0.105     1.714    seg_cnt_reg_n_0_[4]
    SLICE_X63Y22         CARRY4 (Prop_carry4_S[0]_O[0])
                                                      0.115     1.829 r  seg_cnt_reg[4]_i_1/O[0]
                         net (fo=1, routed)           0.000     1.829    seg_cnt_reg[4]_i_1_n_7
    SLICE_X63Y22         FDRE                                         r  seg_cnt_reg[4]/D
  -------------------------------------------------------------------    -------------------

                         (clock sys_clk_pin rise edge)
                                                      0.000     0.000 r  
    W5                                                0.000     0.000 r  clk (IN)
                         net (fo=0)                   0.000     0.000    clk
    W5                   IBUF (Prop_ibuf_I_O)         0.414     0.414 r  clk_IBUF_inst/O
                         net (fo=1, routed)           0.685     1.099    clk_IBUF
    BUFGCTRL_X0Y0        BUFG (Prop_bufg_I_O)         0.029     1.128 r  clk_IBUF_BUFG_inst/O
                         net (fo=31, routed)          0.853     1.980    clk_IBUF_BUFG
    SLICE_X63Y22         FDRE                                         r  seg_cnt_reg[4]/C
                         clock pessimism             -0.512     1.468    
    SLICE_X63Y22         FDRE (Hold_fdre_C_D)         0.105     1.573    seg_cnt_reg[4]
  -------------------------------------------------------------------
                         required time                         -1.573    
                         arrival time                           1.829    
  -------------------------------------------------------------------
                         slack                                  0.256    

Slack (MET) :             0.256ns  (arrival time - required time)
  Source:                 seg_cnt_reg[8]/C
                            (rising edge-triggered cell FDRE clocked by sys_clk_pin  {rise@0.000ns fall@5.000ns period=10.000ns})
  Destination:            seg_cnt_reg[8]/D
                            (rising edge-triggered cell FDRE clocked by sys_clk_pin  {rise@0.000ns fall@5.000ns period=10.000ns})
  Path Group:             sys_clk_pin
  Path Type:              Hold (Min at Fast Process Corner)
  Requirement:            0.000ns  (sys_clk_pin rise@0.000ns - sys_clk_pin rise@0.000ns)
  Data Path Delay:        0.361ns  (logic 0.256ns (70.880%)  route 0.105ns (29.120%))
  Logic Levels:           1  (CARRY4=1)
  Clock Path Skew:        0.000ns (DCD - SCD - CPR)
    Destination Clock Delay (DCD):    1.978ns
    Source Clock Delay      (SCD):    1.466ns
    Clock Pessimism Removal (CPR):    0.512ns

    Location             Delay type                Incr(ns)  Path(ns)    Netlist Resource(s)
  -------------------------------------------------------------------    -------------------
                         (clock sys_clk_pin rise edge)
                                                      0.000     0.000 r  
    W5                                                0.000     0.000 r  clk (IN)
                         net (fo=0)                   0.000     0.000    clk
    W5                   IBUF (Prop_ibuf_I_O)         0.226     0.226 r  clk_IBUF_inst/O
                         net (fo=1, routed)           0.631     0.858    clk_IBUF
    BUFGCTRL_X0Y0        BUFG (Prop_bufg_I_O)         0.026     0.884 r  clk_IBUF_BUFG_inst/O
                         net (fo=31, routed)          0.583     1.466    clk_IBUF_BUFG
    SLICE_X63Y23         FDRE                                         r  seg_cnt_reg[8]/C
  -------------------------------------------------------------------    -------------------
    SLICE_X63Y23         FDRE (Prop_fdre_C_Q)         0.141     1.607 r  seg_cnt_reg[8]/Q
                         net (fo=1, routed)           0.105     1.712    seg_cnt_reg_n_0_[8]
    SLICE_X63Y23         CARRY4 (Prop_carry4_S[0]_O[0])
                                                      0.115     1.827 r  seg_cnt_reg[8]_i_1/O[0]
                         net (fo=1, routed)           0.000     1.827    seg_cnt_reg[8]_i_1_n_7
    SLICE_X63Y23         FDRE                                         r  seg_cnt_reg[8]/D
  -------------------------------------------------------------------    -------------------

                         (clock sys_clk_pin rise edge)
                                                      0.000     0.000 r  
    W5                                                0.000     0.000 r  clk (IN)
                         net (fo=0)                   0.000     0.000    clk
    W5                   IBUF (Prop_ibuf_I_O)         0.414     0.414 r  clk_IBUF_inst/O
                         net (fo=1, routed)           0.685     1.099    clk_IBUF
    BUFGCTRL_X0Y0        BUFG (Prop_bufg_I_O)         0.029     1.128 r  clk_IBUF_BUFG_inst/O
                         net (fo=31, routed)          0.851     1.978    clk_IBUF_BUFG
    SLICE_X63Y23         FDRE                                         r  seg_cnt_reg[8]/C
                         clock pessimism             -0.512     1.466    
    SLICE_X63Y23         FDRE (Hold_fdre_C_D)         0.105     1.571    seg_cnt_reg[8]
  -------------------------------------------------------------------
                         required time                         -1.571    
                         arrival time                           1.827    
  -------------------------------------------------------------------
                         slack                                  0.256    

Slack (MET) :             0.256ns  (arrival time - required time)
  Source:                 seg_cnt_reg[10]/C
                            (rising edge-triggered cell FDRE clocked by sys_clk_pin  {rise@0.000ns fall@5.000ns period=10.000ns})
  Destination:            seg_cnt_reg[10]/D
                            (rising edge-triggered cell FDRE clocked by sys_clk_pin  {rise@0.000ns fall@5.000ns period=10.000ns})
  Path Group:             sys_clk_pin
  Path Type:              Hold (Min at Fast Process Corner)
  Requirement:            0.000ns  (sys_clk_pin rise@0.000ns - sys_clk_pin rise@0.000ns)
  Data Path Delay:        0.361ns  (logic 0.252ns (69.733%)  route 0.109ns (30.267%))
  Logic Levels:           1  (CARRY4=1)
  Clock Path Skew:        0.000ns (DCD - SCD - CPR)
    Destination Clock Delay (DCD):    1.978ns
    Source Clock Delay      (SCD):    1.466ns
    Clock Pessimism Removal (CPR):    0.512ns

    Location             Delay type                Incr(ns)  Path(ns)    Netlist Resource(s)
  -------------------------------------------------------------------    -------------------
                         (clock sys_clk_pin rise edge)
                                                      0.000     0.000 r  
    W5                                                0.000     0.000 r  clk (IN)
                         net (fo=0)                   0.000     0.000    clk
    W5                   IBUF (Prop_ibuf_I_O)         0.226     0.226 r  clk_IBUF_inst/O
                         net (fo=1, routed)           0.631     0.858    clk_IBUF
    BUFGCTRL_X0Y0        BUFG (Prop_bufg_I_O)         0.026     0.884 r  clk_IBUF_BUFG_inst/O
                         net (fo=31, routed)          0.583     1.466    clk_IBUF_BUFG
    SLICE_X63Y23         FDRE                                         r  seg_cnt_reg[10]/C
  -------------------------------------------------------------------    -------------------
    SLICE_X63Y23         FDRE (Prop_fdre_C_Q)         0.141     1.607 r  seg_cnt_reg[10]/Q
                         net (fo=1, routed)           0.109     1.717    seg_cnt_reg_n_0_[10]
    SLICE_X63Y23         CARRY4 (Prop_carry4_S[2]_O[2])
                                                      0.111     1.828 r  seg_cnt_reg[8]_i_1/O[2]
                         net (fo=1, routed)           0.000     1.828    seg_cnt_reg[8]_i_1_n_5
    SLICE_X63Y23         FDRE                                         r  seg_cnt_reg[10]/D
  -------------------------------------------------------------------    -------------------

                         (clock sys_clk_pin rise edge)
                                                      0.000     0.000 r  
    W5                                                0.000     0.000 r  clk (IN)
                         net (fo=0)                   0.000     0.000    clk
    W5                   IBUF (Prop_ibuf_I_O)         0.414     0.414 r  clk_IBUF_inst/O
                         net (fo=1, routed)           0.685     1.099    clk_IBUF
    BUFGCTRL_X0Y0        BUFG (Prop_bufg_I_O)         0.029     1.128 r  clk_IBUF_BUFG_inst/O
                         net (fo=31, routed)          0.851     1.978    clk_IBUF_BUFG
    SLICE_X63Y23         FDRE                                         r  seg_cnt_reg[10]/C
                         clock pessimism             -0.512     1.466    
    SLICE_X63Y23         FDRE (Hold_fdre_C_D)         0.105     1.571    seg_cnt_reg[10]
  -------------------------------------------------------------------
                         required time                         -1.571    
                         arrival time                           1.828    
  -------------------------------------------------------------------
                         slack                                  0.256    





Pulse Width Checks
--------------------------------------------------------------------------------------
Clock Name:         sys_clk_pin
Waveform(ns):       { 0.000 5.000 }
Period(ns):         10.000
Sources:            { clk }

Check Type        Corner  Lib Pin  Reference Pin  Required(ns)  Actual(ns)  Slack(ns)  Location       Pin
Min Period        n/a     BUFG/I   n/a            2.155         10.000      7.845      BUFGCTRL_X0Y0  clk_IBUF_BUFG_inst/I
Min Period        n/a     FDSE/C   n/a            1.000         10.000      9.000      SLICE_X64Y27   an_reg[0]/C
Min Period        n/a     FDSE/C   n/a            1.000         10.000      9.000      SLICE_X65Y27   an_reg[1]/C
Min Period        n/a     FDSE/C   n/a            1.000         10.000      9.000      SLICE_X64Y27   an_reg[2]/C
Min Period        n/a     FDSE/C   n/a            1.000         10.000      9.000      SLICE_X65Y27   an_reg[3]/C
Min Period        n/a     FDRE/C   n/a            1.000         10.000      9.000      SLICE_X64Y23   fnd_reg[0]/C
Min Period        n/a     FDRE/C   n/a            1.000         10.000      9.000      SLICE_X64Y22   fnd_reg[1]/C
Min Period        n/a     FDRE/C   n/a            1.000         10.000      9.000      SLICE_X65Y21   fnd_reg[2]/C
Min Period        n/a     FDRE/C   n/a            1.000         10.000      9.000      SLICE_X65Y23   fnd_reg[3]/C
Min Period        n/a     FDRE/C   n/a            1.000         10.000      9.000      SLICE_X65Y24   fnd_reg[4]/C
Low Pulse Width   Slow    FDSE/C   n/a            0.500         5.000       4.500      SLICE_X64Y27   an_reg[0]/C
Low Pulse Width   Fast    FDSE/C   n/a            0.500         5.000       4.500      SLICE_X64Y27   an_reg[0]/C
Low Pulse Width   Slow    FDSE/C   n/a            0.500         5.000       4.500      SLICE_X65Y27   an_reg[1]/C
Low Pulse Width   Fast    FDSE/C   n/a            0.500         5.000       4.500      SLICE_X65Y27   an_reg[1]/C
Low Pulse Width   Slow    FDSE/C   n/a            0.500         5.000       4.500      SLICE_X64Y27   an_reg[2]/C
Low Pulse Width   Fast    FDSE/C   n/a            0.500         5.000       4.500      SLICE_X64Y27   an_reg[2]/C
Low Pulse Width   Slow    FDSE/C   n/a            0.500         5.000       4.500      SLICE_X65Y27   an_reg[3]/C
Low Pulse Width   Fast    FDSE/C   n/a            0.500         5.000       4.500      SLICE_X65Y27   an_reg[3]/C
Low Pulse Width   Slow    FDRE/C   n/a            0.500         5.000       4.500      SLICE_X64Y23   fnd_reg[0]/C
Low Pulse Width   Fast    FDRE/C   n/a            0.500         5.000       4.500      SLICE_X64Y23   fnd_reg[0]/C
High Pulse Width  Slow    FDSE/C   n/a            0.500         5.000       4.500      SLICE_X64Y27   an_reg[0]/C
High Pulse Width  Fast    FDSE/C   n/a            0.500         5.000       4.500      SLICE_X64Y27   an_reg[0]/C
High Pulse Width  Slow    FDSE/C   n/a            0.500         5.000       4.500      SLICE_X65Y27   an_reg[1]/C
High Pulse Width  Fast    FDSE/C   n/a            0.500         5.000       4.500      SLICE_X65Y27   an_reg[1]/C
High Pulse Width  Slow    FDSE/C   n/a            0.500         5.000       4.500      SLICE_X64Y27   an_reg[2]/C
High Pulse Width  Fast    FDSE/C   n/a            0.500         5.000       4.500      SLICE_X64Y27   an_reg[2]/C
High Pulse Width  Slow    FDSE/C   n/a            0.500         5.000       4.500      SLICE_X65Y27   an_reg[3]/C
High Pulse Width  Fast    FDSE/C   n/a            0.500         5.000       4.500      SLICE_X65Y27   an_reg[3]/C
High Pulse Width  Slow    FDRE/C   n/a            0.500         5.000       4.500      SLICE_X64Y23   fnd_reg[0]/C
High Pulse Width  Fast    FDRE/C   n/a            0.500         5.000       4.500      SLICE_X64Y23   fnd_reg[0]/C



--------------------------------------------------------------------------------------
Path Group:  (none)
From Clock:  sys_clk_pin
  To Clock:  

Max Delay            11 Endpoints
Min Delay            11 Endpoints
--------------------------------------------------------------------------------------


Max Delay Paths
--------------------------------------------------------------------------------------
Slack:                    inf
  Source:                 fnd_reg[6]/C
                            (rising edge-triggered cell FDRE clocked by sys_clk_pin  {rise@0.000ns fall@5.000ns period=10.000ns})
  Destination:            fnd[6]
                            (output port)
  Path Group:             (none)
  Path Type:              Max at Slow Process Corner
  Data Path Delay:        6.060ns  (logic 3.987ns (65.805%)  route 2.072ns (34.195%))
  Logic Levels:           1  (OBUF=1)
  Clock Uncertainty:      0.025ns  ((TSJ^2 + TIJ^2)^1/2 + DJ) / 2 + PE
    Total System Jitter     (TSJ):    0.050ns
    Total Input Jitter      (TIJ):    0.000ns
    Discrete Jitter          (DJ):    0.000ns
    Phase Error              (PE):    0.000ns

    Location             Delay type                Incr(ns)  Path(ns)    Netlist Resource(s)
  -------------------------------------------------------------------    -------------------
                         (clock sys_clk_pin rise edge)
                                                      0.000     0.000 r  
    W5                                                0.000     0.000 r  clk (IN)
                         net (fo=0)                   0.000     0.000    clk
    W5                   IBUF (Prop_ibuf_I_O)         1.458     1.458 r  clk_IBUF_inst/O
                         net (fo=1, routed)           1.967     3.425    clk_IBUF
    BUFGCTRL_X0Y0        BUFG (Prop_bufg_I_O)         0.096     3.521 r  clk_IBUF_BUFG_inst/O
                         net (fo=31, routed)          1.621     5.142    clk_IBUF_BUFG
    SLICE_X65Y22         FDRE                                         r  fnd_reg[6]/C
  -------------------------------------------------------------------    -------------------
    SLICE_X65Y22         FDRE (Prop_fdre_C_Q)         0.456     5.598 r  fnd_reg[6]/Q
                         net (fo=1, routed)           2.072     7.670    fnd_OBUF[6]
    U7                   OBUF (Prop_obuf_I_O)         3.531    11.202 r  fnd_OBUF[6]_inst/O
                         net (fo=0)                   0.000    11.202    fnd[6]
    U7                                                                r  fnd[6] (OUT)
  -------------------------------------------------------------------    -------------------

Slack:                    inf
  Source:                 fnd_reg[5]/C
                            (rising edge-triggered cell FDRE clocked by sys_clk_pin  {rise@0.000ns fall@5.000ns period=10.000ns})
  Destination:            fnd[5]
                            (output port)
  Path Group:             (none)
  Path Type:              Max at Slow Process Corner
  Data Path Delay:        5.889ns  (logic 4.022ns (68.305%)  route 1.866ns (31.695%))
  Logic Levels:           1  (OBUF=1)
  Clock Uncertainty:      0.025ns  ((TSJ^2 + TIJ^2)^1/2 + DJ) / 2 + PE
    Total System Jitter     (TSJ):    0.050ns
    Total Input Jitter      (TIJ):    0.000ns
    Discrete Jitter          (DJ):    0.000ns
    Phase Error              (PE):    0.000ns

    Location             Delay type                Incr(ns)  Path(ns)    Netlist Resource(s)
  -------------------------------------------------------------------    -------------------
                         (clock sys_clk_pin rise edge)
                                                      0.000     0.000 r  
    W5                                                0.000     0.000 r  clk (IN)
                         net (fo=0)                   0.000     0.000    clk
    W5                   IBUF (Prop_ibuf_I_O)         1.458     1.458 r  clk_IBUF_inst/O
                         net (fo=1, routed)           1.967     3.425    clk_IBUF
    BUFGCTRL_X0Y0        BUFG (Prop_bufg_I_O)         0.096     3.521 r  clk_IBUF_BUFG_inst/O
                         net (fo=31, routed)          1.624     5.145    clk_IBUF_BUFG
    SLICE_X64Y21         FDRE                                         r  fnd_reg[5]/C
  -------------------------------------------------------------------    -------------------
    SLICE_X64Y21         FDRE (Prop_fdre_C_Q)         0.518     5.663 r  fnd_reg[5]/Q
                         net (fo=1, routed)           1.866     7.530    fnd_OBUF[5]
    V5                   OBUF (Prop_obuf_I_O)         3.504    11.034 r  fnd_OBUF[5]_inst/O
                         net (fo=0)                   0.000    11.034    fnd[5]
    V5                                                                r  fnd[5] (OUT)
  -------------------------------------------------------------------    -------------------

Slack:                    inf
  Source:                 an_reg[0]/C
                            (rising edge-triggered cell FDSE clocked by sys_clk_pin  {rise@0.000ns fall@5.000ns period=10.000ns})
  Destination:            an[0]
                            (output port)
  Path Group:             (none)
  Path Type:              Max at Slow Process Corner
  Data Path Delay:        5.881ns  (logic 4.021ns (68.367%)  route 1.860ns (31.633%))
  Logic Levels:           1  (OBUF=1)
  Clock Uncertainty:      0.025ns  ((TSJ^2 + TIJ^2)^1/2 + DJ) / 2 + PE
    Total System Jitter     (TSJ):    0.050ns
    Total Input Jitter      (TIJ):    0.000ns
    Discrete Jitter          (DJ):    0.000ns
    Phase Error              (PE):    0.000ns

    Location             Delay type                Incr(ns)  Path(ns)    Netlist Resource(s)
  -------------------------------------------------------------------    -------------------
                         (clock sys_clk_pin rise edge)
                                                      0.000     0.000 r  
    W5                                                0.000     0.000 r  clk (IN)
                         net (fo=0)                   0.000     0.000    clk
    W5                   IBUF (Prop_ibuf_I_O)         1.458     1.458 r  clk_IBUF_inst/O
                         net (fo=1, routed)           1.967     3.425    clk_IBUF
    BUFGCTRL_X0Y0        BUFG (Prop_bufg_I_O)         0.096     3.521 r  clk_IBUF_BUFG_inst/O
                         net (fo=31, routed)          1.621     5.142    clk_IBUF_BUFG
    SLICE_X64Y27         FDSE                                         r  an_reg[0]/C
  -------------------------------------------------------------------    -------------------
    SLICE_X64Y27         FDSE (Prop_fdse_C_Q)         0.518     5.660 r  an_reg[0]/Q
                         net (fo=1, routed)           1.860     7.521    an_OBUF[0]
    U2                   OBUF (Prop_obuf_I_O)         3.503    11.024 r  an_OBUF[0]_inst/O
                         net (fo=0)                   0.000    11.024    an[0]
    U2                                                                r  an[0] (OUT)
  -------------------------------------------------------------------    -------------------

Slack:                    inf
  Source:                 fnd_reg[1]/C
                            (rising edge-triggered cell FDRE clocked by sys_clk_pin  {rise@0.000ns fall@5.000ns period=10.000ns})
  Destination:            fnd[1]
                            (output port)
  Path Group:             (none)
  Path Type:              Max at Slow Process Corner
  Data Path Delay:        5.715ns  (logic 4.047ns (70.817%)  route 1.668ns (29.183%))
  Logic Levels:           1  (OBUF=1)
  Clock Uncertainty:      0.025ns  ((TSJ^2 + TIJ^2)^1/2 + DJ) / 2 + PE
    Total System Jitter     (TSJ):    0.050ns
    Total Input Jitter      (TIJ):    0.000ns
    Discrete Jitter          (DJ):    0.000ns
    Phase Error              (PE):    0.000ns

    Location             Delay type                Incr(ns)  Path(ns)    Netlist Resource(s)
  -------------------------------------------------------------------    -------------------
                         (clock sys_clk_pin rise edge)
                                                      0.000     0.000 r  
    W5                                                0.000     0.000 r  clk (IN)
                         net (fo=0)                   0.000     0.000    clk
    W5                   IBUF (Prop_ibuf_I_O)         1.458     1.458 r  clk_IBUF_inst/O
                         net (fo=1, routed)           1.967     3.425    clk_IBUF
    BUFGCTRL_X0Y0        BUFG (Prop_bufg_I_O)         0.096     3.521 r  clk_IBUF_BUFG_inst/O
                         net (fo=31, routed)          1.621     5.142    clk_IBUF_BUFG
    SLICE_X64Y22         FDRE                                         r  fnd_reg[1]/C
  -------------------------------------------------------------------    -------------------
    SLICE_X64Y22         FDRE (Prop_fdre_C_Q)         0.518     5.660 r  fnd_reg[1]/Q
                         net (fo=1, routed)           1.668     7.328    fnd_OBUF[1]
    W6                   OBUF (Prop_obuf_I_O)         3.529    10.857 r  fnd_OBUF[1]_inst/O
                         net (fo=0)                   0.000    10.857    fnd[1]
    W6                                                                r  fnd[1] (OUT)
  -------------------------------------------------------------------    -------------------

Slack:                    inf
  Source:                 fnd_reg[4]/C
                            (rising edge-triggered cell FDRE clocked by sys_clk_pin  {rise@0.000ns fall@5.000ns period=10.000ns})
  Destination:            fnd[4]
                            (output port)
  Path Group:             (none)
  Path Type:              Max at Slow Process Corner
  Data Path Delay:        5.706ns  (logic 3.976ns (69.678%)  route 1.730ns (30.322%))
  Logic Levels:           1  (OBUF=1)
  Clock Uncertainty:      0.025ns  ((TSJ^2 + TIJ^2)^1/2 + DJ) / 2 + PE
    Total System Jitter     (TSJ):    0.050ns
    Total Input Jitter      (TIJ):    0.000ns
    Discrete Jitter          (DJ):    0.000ns
    Phase Error              (PE):    0.000ns

    Location             Delay type                Incr(ns)  Path(ns)    Netlist Resource(s)
  -------------------------------------------------------------------    -------------------
                         (clock sys_clk_pin rise edge)
                                                      0.000     0.000 r  
    W5                                                0.000     0.000 r  clk (IN)
                         net (fo=0)                   0.000     0.000    clk
    W5                   IBUF (Prop_ibuf_I_O)         1.458     1.458 r  clk_IBUF_inst/O
                         net (fo=1, routed)           1.967     3.425    clk_IBUF
    BUFGCTRL_X0Y0        BUFG (Prop_bufg_I_O)         0.096     3.521 r  clk_IBUF_BUFG_inst/O
                         net (fo=31, routed)          1.618     5.139    clk_IBUF_BUFG
    SLICE_X65Y24         FDRE                                         r  fnd_reg[4]/C
  -------------------------------------------------------------------    -------------------
    SLICE_X65Y24         FDRE (Prop_fdre_C_Q)         0.456     5.595 r  fnd_reg[4]/Q
                         net (fo=1, routed)           1.730     7.326    fnd_OBUF[4]
    U5                   OBUF (Prop_obuf_I_O)         3.520    10.845 r  fnd_OBUF[4]_inst/O
                         net (fo=0)                   0.000    10.845    fnd[4]
    U5                                                                r  fnd[4] (OUT)
  -------------------------------------------------------------------    -------------------

Slack:                    inf
  Source:                 fnd_reg[0]/C
                            (rising edge-triggered cell FDRE clocked by sys_clk_pin  {rise@0.000ns fall@5.000ns period=10.000ns})
  Destination:            fnd[0]
                            (output port)
  Path Group:             (none)
  Path Type:              Max at Slow Process Corner
  Data Path Delay:        5.696ns  (logic 4.029ns (70.723%)  route 1.668ns (29.277%))
  Logic Levels:           1  (OBUF=1)
  Clock Uncertainty:      0.025ns  ((TSJ^2 + TIJ^2)^1/2 + DJ) / 2 + PE
    Total System Jitter     (TSJ):    0.050ns
    Total Input Jitter      (TIJ):    0.000ns
    Discrete Jitter          (DJ):    0.000ns
    Phase Error              (PE):    0.000ns

    Location             Delay type                Incr(ns)  Path(ns)    Netlist Resource(s)
  -------------------------------------------------------------------    -------------------
                         (clock sys_clk_pin rise edge)
                                                      0.000     0.000 r  
    W5                                                0.000     0.000 r  clk (IN)
                         net (fo=0)                   0.000     0.000    clk
    W5                   IBUF (Prop_ibuf_I_O)         1.458     1.458 r  clk_IBUF_inst/O
                         net (fo=1, routed)           1.967     3.425    clk_IBUF
    BUFGCTRL_X0Y0        BUFG (Prop_bufg_I_O)         0.096     3.521 r  clk_IBUF_BUFG_inst/O
                         net (fo=31, routed)          1.620     5.141    clk_IBUF_BUFG
    SLICE_X64Y23         FDRE                                         r  fnd_reg[0]/C
  -------------------------------------------------------------------    -------------------
    SLICE_X64Y23         FDRE (Prop_fdre_C_Q)         0.518     5.659 r  fnd_reg[0]/Q
                         net (fo=1, routed)           1.668     7.327    fnd_OBUF[0]
    W7                   OBUF (Prop_obuf_I_O)         3.511    10.838 r  fnd_OBUF[0]_inst/O
                         net (fo=0)                   0.000    10.838    fnd[0]
    W7                                                                r  fnd[0] (OUT)
  -------------------------------------------------------------------    -------------------

Slack:                    inf
  Source:                 fnd_reg[3]/C
                            (rising edge-triggered cell FDRE clocked by sys_clk_pin  {rise@0.000ns fall@5.000ns period=10.000ns})
  Destination:            fnd[3]
                            (output port)
  Path Group:             (none)
  Path Type:              Max at Slow Process Corner
  Data Path Delay:        5.675ns  (logic 3.992ns (70.341%)  route 1.683ns (29.659%))
  Logic Levels:           1  (OBUF=1)
  Clock Uncertainty:      0.025ns  ((TSJ^2 + TIJ^2)^1/2 + DJ) / 2 + PE
    Total System Jitter     (TSJ):    0.050ns
    Total Input Jitter      (TIJ):    0.000ns
    Discrete Jitter          (DJ):    0.000ns
    Phase Error              (PE):    0.000ns

    Location             Delay type                Incr(ns)  Path(ns)    Netlist Resource(s)
  -------------------------------------------------------------------    -------------------
                         (clock sys_clk_pin rise edge)
                                                      0.000     0.000 r  
    W5                                                0.000     0.000 r  clk (IN)
                         net (fo=0)                   0.000     0.000    clk
    W5                   IBUF (Prop_ibuf_I_O)         1.458     1.458 r  clk_IBUF_inst/O
                         net (fo=1, routed)           1.967     3.425    clk_IBUF
    BUFGCTRL_X0Y0        BUFG (Prop_bufg_I_O)         0.096     3.521 r  clk_IBUF_BUFG_inst/O
                         net (fo=31, routed)          1.620     5.141    clk_IBUF_BUFG
    SLICE_X65Y23         FDRE                                         r  fnd_reg[3]/C
  -------------------------------------------------------------------    -------------------
    SLICE_X65Y23         FDRE (Prop_fdre_C_Q)         0.456     5.597 r  fnd_reg[3]/Q
                         net (fo=1, routed)           1.683     7.280    fnd_OBUF[3]
    V8                   OBUF (Prop_obuf_I_O)         3.536    10.816 r  fnd_OBUF[3]_inst/O
                         net (fo=0)                   0.000    10.816    fnd[3]
    V8                                                                r  fnd[3] (OUT)
  -------------------------------------------------------------------    -------------------

Slack:                    inf
  Source:                 fnd_reg[2]/C
                            (rising edge-triggered cell FDRE clocked by sys_clk_pin  {rise@0.000ns fall@5.000ns period=10.000ns})
  Destination:            fnd[2]
                            (output port)
  Path Group:             (none)
  Path Type:              Max at Slow Process Corner
  Data Path Delay:        5.659ns  (logic 3.991ns (70.529%)  route 1.668ns (29.471%))
  Logic Levels:           1  (OBUF=1)
  Clock Uncertainty:      0.025ns  ((TSJ^2 + TIJ^2)^1/2 + DJ) / 2 + PE
    Total System Jitter     (TSJ):    0.050ns
    Total Input Jitter      (TIJ):    0.000ns
    Discrete Jitter          (DJ):    0.000ns
    Phase Error              (PE):    0.000ns

    Location             Delay type                Incr(ns)  Path(ns)    Netlist Resource(s)
  -------------------------------------------------------------------    -------------------
                         (clock sys_clk_pin rise edge)
                                                      0.000     0.000 r  
    W5                                                0.000     0.000 r  clk (IN)
                         net (fo=0)                   0.000     0.000    clk
    W5                   IBUF (Prop_ibuf_I_O)         1.458     1.458 r  clk_IBUF_inst/O
                         net (fo=1, routed)           1.967     3.425    clk_IBUF
    BUFGCTRL_X0Y0        BUFG (Prop_bufg_I_O)         0.096     3.521 r  clk_IBUF_BUFG_inst/O
                         net (fo=31, routed)          1.624     5.145    clk_IBUF_BUFG
    SLICE_X65Y21         FDRE                                         r  fnd_reg[2]/C
  -------------------------------------------------------------------    -------------------
    SLICE_X65Y21         FDRE (Prop_fdre_C_Q)         0.456     5.601 r  fnd_reg[2]/Q
                         net (fo=1, routed)           1.668     7.269    fnd_OBUF[2]
    U8                   OBUF (Prop_obuf_I_O)         3.535    10.804 r  fnd_OBUF[2]_inst/O
                         net (fo=0)                   0.000    10.804    fnd[2]
    U8                                                                r  fnd[2] (OUT)
  -------------------------------------------------------------------    -------------------

Slack:                    inf
  Source:                 an_reg[3]/C
                            (rising edge-triggered cell FDSE clocked by sys_clk_pin  {rise@0.000ns fall@5.000ns period=10.000ns})
  Destination:            an[3]
                            (output port)
  Path Group:             (none)
  Path Type:              Max at Slow Process Corner
  Data Path Delay:        5.649ns  (logic 3.966ns (70.209%)  route 1.683ns (29.791%))
  Logic Levels:           1  (OBUF=1)
  Clock Uncertainty:      0.025ns  ((TSJ^2 + TIJ^2)^1/2 + DJ) / 2 + PE
    Total System Jitter     (TSJ):    0.050ns
    Total Input Jitter      (TIJ):    0.000ns
    Discrete Jitter          (DJ):    0.000ns
    Phase Error              (PE):    0.000ns

    Location             Delay type                Incr(ns)  Path(ns)    Netlist Resource(s)
  -------------------------------------------------------------------    -------------------
                         (clock sys_clk_pin rise edge)
                                                      0.000     0.000 r  
    W5                                                0.000     0.000 r  clk (IN)
                         net (fo=0)                   0.000     0.000    clk
    W5                   IBUF (Prop_ibuf_I_O)         1.458     1.458 r  clk_IBUF_inst/O
                         net (fo=1, routed)           1.967     3.425    clk_IBUF
    BUFGCTRL_X0Y0        BUFG (Prop_bufg_I_O)         0.096     3.521 r  clk_IBUF_BUFG_inst/O
                         net (fo=31, routed)          1.621     5.142    clk_IBUF_BUFG
    SLICE_X65Y27         FDSE                                         r  an_reg[3]/C
  -------------------------------------------------------------------    -------------------
    SLICE_X65Y27         FDSE (Prop_fdse_C_Q)         0.456     5.598 r  an_reg[3]/Q
                         net (fo=1, routed)           1.683     7.281    an_OBUF[3]
    W4                   OBUF (Prop_obuf_I_O)         3.510    10.792 r  an_OBUF[3]_inst/O
                         net (fo=0)                   0.000    10.792    an[3]
    W4                                                                r  an[3] (OUT)
  -------------------------------------------------------------------    -------------------

Slack:                    inf
  Source:                 an_reg[1]/C
                            (rising edge-triggered cell FDSE clocked by sys_clk_pin  {rise@0.000ns fall@5.000ns period=10.000ns})
  Destination:            an[1]
                            (output port)
  Path Group:             (none)
  Path Type:              Max at Slow Process Corner
  Data Path Delay:        5.628ns  (logic 3.955ns (70.274%)  route 1.673ns (29.726%))
  Logic Levels:           1  (OBUF=1)
  Clock Uncertainty:      0.025ns  ((TSJ^2 + TIJ^2)^1/2 + DJ) / 2 + PE
    Total System Jitter     (TSJ):    0.050ns
    Total Input Jitter      (TIJ):    0.000ns
    Discrete Jitter          (DJ):    0.000ns
    Phase Error              (PE):    0.000ns

    Location             Delay type                Incr(ns)  Path(ns)    Netlist Resource(s)
  -------------------------------------------------------------------    -------------------
                         (clock sys_clk_pin rise edge)
                                                      0.000     0.000 r  
    W5                                                0.000     0.000 r  clk (IN)
                         net (fo=0)                   0.000     0.000    clk
    W5                   IBUF (Prop_ibuf_I_O)         1.458     1.458 r  clk_IBUF_inst/O
                         net (fo=1, routed)           1.967     3.425    clk_IBUF
    BUFGCTRL_X0Y0        BUFG (Prop_bufg_I_O)         0.096     3.521 r  clk_IBUF_BUFG_inst/O
                         net (fo=31, routed)          1.621     5.142    clk_IBUF_BUFG
    SLICE_X65Y27         FDSE                                         r  an_reg[1]/C
  -------------------------------------------------------------------    -------------------
    SLICE_X65Y27         FDSE (Prop_fdse_C_Q)         0.456     5.598 r  an_reg[1]/Q
                         net (fo=1, routed)           1.673     7.271    an_OBUF[1]
    U4                   OBUF (Prop_obuf_I_O)         3.499    10.770 r  an_OBUF[1]_inst/O
                         net (fo=0)                   0.000    10.770    an[1]
    U4                                                                r  an[1] (OUT)
  -------------------------------------------------------------------    -------------------





Min Delay Paths
--------------------------------------------------------------------------------------
Slack:                    inf
  Source:                 an_reg[2]/C
                            (rising edge-triggered cell FDSE clocked by sys_clk_pin  {rise@0.000ns fall@5.000ns period=10.000ns})
  Destination:            an[2]
                            (output port)
  Path Group:             (none)
  Path Type:              Min at Fast Process Corner
  Data Path Delay:        1.668ns  (logic 1.388ns (83.186%)  route 0.281ns (16.814%))
  Logic Levels:           1  (OBUF=1)
  Clock Uncertainty:      0.025ns  ((TSJ^2 + TIJ^2)^1/2 + DJ) / 2 + PE
    Total System Jitter     (TSJ):    0.050ns
    Total Input Jitter      (TIJ):    0.000ns
    Discrete Jitter          (DJ):    0.000ns
    Phase Error              (PE):    0.000ns

    Location             Delay type                Incr(ns)  Path(ns)    Netlist Resource(s)
  -------------------------------------------------------------------    -------------------
                         (clock sys_clk_pin rise edge)
                                                      0.000     0.000 r  
    W5                                                0.000     0.000 r  clk (IN)
                         net (fo=0)                   0.000     0.000    clk
    W5                   IBUF (Prop_ibuf_I_O)         0.226     0.226 r  clk_IBUF_inst/O
                         net (fo=1, routed)           0.631     0.858    clk_IBUF
    BUFGCTRL_X0Y0        BUFG (Prop_bufg_I_O)         0.026     0.884 r  clk_IBUF_BUFG_inst/O
                         net (fo=31, routed)          0.585     1.468    clk_IBUF_BUFG
    SLICE_X64Y27         FDSE                                         r  an_reg[2]/C
  -------------------------------------------------------------------    -------------------
    SLICE_X64Y27         FDSE (Prop_fdse_C_Q)         0.164     1.632 r  an_reg[2]/Q
                         net (fo=1, routed)           0.281     1.913    an_OBUF[2]
    V4                   OBUF (Prop_obuf_I_O)         1.224     3.137 r  an_OBUF[2]_inst/O
                         net (fo=0)                   0.000     3.137    an[2]
    V4                                                                r  an[2] (OUT)
  -------------------------------------------------------------------    -------------------

Slack:                    inf
  Source:                 an_reg[1]/C
                            (rising edge-triggered cell FDSE clocked by sys_clk_pin  {rise@0.000ns fall@5.000ns period=10.000ns})
  Destination:            an[1]
                            (output port)
  Path Group:             (none)
  Path Type:              Min at Fast Process Corner
  Data Path Delay:        1.669ns  (logic 1.341ns (80.349%)  route 0.328ns (19.651%))
  Logic Levels:           1  (OBUF=1)
  Clock Uncertainty:      0.025ns  ((TSJ^2 + TIJ^2)^1/2 + DJ) / 2 + PE
    Total System Jitter     (TSJ):    0.050ns
    Total Input Jitter      (TIJ):    0.000ns
    Discrete Jitter          (DJ):    0.000ns
    Phase Error              (PE):    0.000ns

    Location             Delay type                Incr(ns)  Path(ns)    Netlist Resource(s)
  -------------------------------------------------------------------    -------------------
                         (clock sys_clk_pin rise edge)
                                                      0.000     0.000 r  
    W5                                                0.000     0.000 r  clk (IN)
                         net (fo=0)                   0.000     0.000    clk
    W5                   IBUF (Prop_ibuf_I_O)         0.226     0.226 r  clk_IBUF_inst/O
                         net (fo=1, routed)           0.631     0.858    clk_IBUF
    BUFGCTRL_X0Y0        BUFG (Prop_bufg_I_O)         0.026     0.884 r  clk_IBUF_BUFG_inst/O
                         net (fo=31, routed)          0.585     1.468    clk_IBUF_BUFG
    SLICE_X65Y27         FDSE                                         r  an_reg[1]/C
  -------------------------------------------------------------------    -------------------
    SLICE_X65Y27         FDSE (Prop_fdse_C_Q)         0.141     1.609 r  an_reg[1]/Q
                         net (fo=1, routed)           0.328     1.937    an_OBUF[1]
    U4                   OBUF (Prop_obuf_I_O)         1.200     3.137 r  an_OBUF[1]_inst/O
                         net (fo=0)                   0.000     3.137    an[1]
    U4                                                                r  an[1] (OUT)
  -------------------------------------------------------------------    -------------------

Slack:                    inf
  Source:                 an_reg[3]/C
                            (rising edge-triggered cell FDSE clocked by sys_clk_pin  {rise@0.000ns fall@5.000ns period=10.000ns})
  Destination:            an[3]
                            (output port)
  Path Group:             (none)
  Path Type:              Min at Fast Process Corner
  Data Path Delay:        1.669ns  (logic 1.352ns (81.011%)  route 0.317ns (18.989%))
  Logic Levels:           1  (OBUF=1)
  Clock Uncertainty:      0.025ns  ((TSJ^2 + TIJ^2)^1/2 + DJ) / 2 + PE
    Total System Jitter     (TSJ):    0.050ns
    Total Input Jitter      (TIJ):    0.000ns
    Discrete Jitter          (DJ):    0.000ns
    Phase Error              (PE):    0.000ns

    Location             Delay type                Incr(ns)  Path(ns)    Netlist Resource(s)
  -------------------------------------------------------------------    -------------------
                         (clock sys_clk_pin rise edge)
                                                      0.000     0.000 r  
    W5                                                0.000     0.000 r  clk (IN)
                         net (fo=0)                   0.000     0.000    clk
    W5                   IBUF (Prop_ibuf_I_O)         0.226     0.226 r  clk_IBUF_inst/O
                         net (fo=1, routed)           0.631     0.858    clk_IBUF
    BUFGCTRL_X0Y0        BUFG (Prop_bufg_I_O)         0.026     0.884 r  clk_IBUF_BUFG_inst/O
                         net (fo=31, routed)          0.585     1.468    clk_IBUF_BUFG
    SLICE_X65Y27         FDSE                                         r  an_reg[3]/C
  -------------------------------------------------------------------    -------------------
    SLICE_X65Y27         FDSE (Prop_fdse_C_Q)         0.141     1.609 r  an_reg[3]/Q
                         net (fo=1, routed)           0.317     1.926    an_OBUF[3]
    W4                   OBUF (Prop_obuf_I_O)         1.211     3.138 r  an_OBUF[3]_inst/O
                         net (fo=0)                   0.000     3.138    an[3]
    W4                                                                r  an[3] (OUT)
  -------------------------------------------------------------------    -------------------

Slack:                    inf
  Source:                 fnd_reg[3]/C
                            (rising edge-triggered cell FDRE clocked by sys_clk_pin  {rise@0.000ns fall@5.000ns period=10.000ns})
  Destination:            fnd[3]
                            (output port)
  Path Group:             (none)
  Path Type:              Min at Fast Process Corner
  Data Path Delay:        1.694ns  (logic 1.377ns (81.291%)  route 0.317ns (18.709%))
  Logic Levels:           1  (OBUF=1)
  Clock Uncertainty:      0.025ns  ((TSJ^2 + TIJ^2)^1/2 + DJ) / 2 + PE
    Total System Jitter     (TSJ):    0.050ns
    Total Input Jitter      (TIJ):    0.000ns
    Discrete Jitter          (DJ):    0.000ns
    Phase Error              (PE):    0.000ns

    Location             Delay type                Incr(ns)  Path(ns)    Netlist Resource(s)
  -------------------------------------------------------------------    -------------------
                         (clock sys_clk_pin rise edge)
                                                      0.000     0.000 r  
    W5                                                0.000     0.000 r  clk (IN)
                         net (fo=0)                   0.000     0.000    clk
    W5                   IBUF (Prop_ibuf_I_O)         0.226     0.226 r  clk_IBUF_inst/O
                         net (fo=1, routed)           0.631     0.858    clk_IBUF
    BUFGCTRL_X0Y0        BUFG (Prop_bufg_I_O)         0.026     0.884 r  clk_IBUF_BUFG_inst/O
                         net (fo=31, routed)          0.583     1.466    clk_IBUF_BUFG
    SLICE_X65Y23         FDRE                                         r  fnd_reg[3]/C
  -------------------------------------------------------------------    -------------------
    SLICE_X65Y23         FDRE (Prop_fdre_C_Q)         0.141     1.607 r  fnd_reg[3]/Q
                         net (fo=1, routed)           0.317     1.924    fnd_OBUF[3]
    V8                   OBUF (Prop_obuf_I_O)         1.236     3.161 r  fnd_OBUF[3]_inst/O
                         net (fo=0)                   0.000     3.161    fnd[3]
    V8                                                                r  fnd[3] (OUT)
  -------------------------------------------------------------------    -------------------

Slack:                    inf
  Source:                 fnd_reg[0]/C
                            (rising edge-triggered cell FDRE clocked by sys_clk_pin  {rise@0.000ns fall@5.000ns period=10.000ns})
  Destination:            fnd[0]
                            (output port)
  Path Group:             (none)
  Path Type:              Min at Fast Process Corner
  Data Path Delay:        1.713ns  (logic 1.376ns (80.336%)  route 0.337ns (19.664%))
  Logic Levels:           1  (OBUF=1)
  Clock Uncertainty:      0.025ns  ((TSJ^2 + TIJ^2)^1/2 + DJ) / 2 + PE
    Total System Jitter     (TSJ):    0.050ns
    Total Input Jitter      (TIJ):    0.000ns
    Discrete Jitter          (DJ):    0.000ns
    Phase Error              (PE):    0.000ns

    Location             Delay type                Incr(ns)  Path(ns)    Netlist Resource(s)
  -------------------------------------------------------------------    -------------------
                         (clock sys_clk_pin rise edge)
                                                      0.000     0.000 r  
    W5                                                0.000     0.000 r  clk (IN)
                         net (fo=0)                   0.000     0.000    clk
    W5                   IBUF (Prop_ibuf_I_O)         0.226     0.226 r  clk_IBUF_inst/O
                         net (fo=1, routed)           0.631     0.858    clk_IBUF
    BUFGCTRL_X0Y0        BUFG (Prop_bufg_I_O)         0.026     0.884 r  clk_IBUF_BUFG_inst/O
                         net (fo=31, routed)          0.583     1.466    clk_IBUF_BUFG
    SLICE_X64Y23         FDRE                                         r  fnd_reg[0]/C
  -------------------------------------------------------------------    -------------------
    SLICE_X64Y23         FDRE (Prop_fdre_C_Q)         0.164     1.630 r  fnd_reg[0]/Q
                         net (fo=1, routed)           0.337     1.967    fnd_OBUF[0]
    W7                   OBUF (Prop_obuf_I_O)         1.212     3.179 r  fnd_OBUF[0]_inst/O
                         net (fo=0)                   0.000     3.179    fnd[0]
    W7                                                                r  fnd[0] (OUT)
  -------------------------------------------------------------------    -------------------

Slack:                    inf
  Source:                 fnd_reg[2]/C
                            (rising edge-triggered cell FDRE clocked by sys_clk_pin  {rise@0.000ns fall@5.000ns period=10.000ns})
  Destination:            fnd[2]
                            (output port)
  Path Group:             (none)
  Path Type:              Min at Fast Process Corner
  Data Path Delay:        1.714ns  (logic 1.377ns (80.350%)  route 0.337ns (19.650%))
  Logic Levels:           1  (OBUF=1)
  Clock Uncertainty:      0.025ns  ((TSJ^2 + TIJ^2)^1/2 + DJ) / 2 + PE
    Total System Jitter     (TSJ):    0.050ns
    Total Input Jitter      (TIJ):    0.000ns
    Discrete Jitter          (DJ):    0.000ns
    Phase Error              (PE):    0.000ns

    Location             Delay type                Incr(ns)  Path(ns)    Netlist Resource(s)
  -------------------------------------------------------------------    -------------------
                         (clock sys_clk_pin rise edge)
                                                      0.000     0.000 r  
    W5                                                0.000     0.000 r  clk (IN)
                         net (fo=0)                   0.000     0.000    clk
    W5                   IBUF (Prop_ibuf_I_O)         0.226     0.226 r  clk_IBUF_inst/O
                         net (fo=1, routed)           0.631     0.858    clk_IBUF
    BUFGCTRL_X0Y0        BUFG (Prop_bufg_I_O)         0.026     0.884 r  clk_IBUF_BUFG_inst/O
                         net (fo=31, routed)          0.585     1.468    clk_IBUF_BUFG
    SLICE_X65Y21         FDRE                                         r  fnd_reg[2]/C
  -------------------------------------------------------------------    -------------------
    SLICE_X65Y21         FDRE (Prop_fdre_C_Q)         0.141     1.609 r  fnd_reg[2]/Q
                         net (fo=1, routed)           0.337     1.946    fnd_OBUF[2]
    U8                   OBUF (Prop_obuf_I_O)         1.236     3.182 r  fnd_OBUF[2]_inst/O
                         net (fo=0)                   0.000     3.182    fnd[2]
    U8                                                                r  fnd[2] (OUT)
  -------------------------------------------------------------------    -------------------

Slack:                    inf
  Source:                 fnd_reg[4]/C
                            (rising edge-triggered cell FDRE clocked by sys_clk_pin  {rise@0.000ns fall@5.000ns period=10.000ns})
  Destination:            fnd[4]
                            (output port)
  Path Group:             (none)
  Path Type:              Min at Fast Process Corner
  Data Path Delay:        1.728ns  (logic 1.362ns (78.807%)  route 0.366ns (21.193%))
  Logic Levels:           1  (OBUF=1)
  Clock Uncertainty:      0.025ns  ((TSJ^2 + TIJ^2)^1/2 + DJ) / 2 + PE
    Total System Jitter     (TSJ):    0.050ns
    Total Input Jitter      (TIJ):    0.000ns
    Discrete Jitter          (DJ):    0.000ns
    Phase Error              (PE):    0.000ns

    Location             Delay type                Incr(ns)  Path(ns)    Netlist Resource(s)
  -------------------------------------------------------------------    -------------------
                         (clock sys_clk_pin rise edge)
                                                      0.000     0.000 r  
    W5                                                0.000     0.000 r  clk (IN)
                         net (fo=0)                   0.000     0.000    clk
    W5                   IBUF (Prop_ibuf_I_O)         0.226     0.226 r  clk_IBUF_inst/O
                         net (fo=1, routed)           0.631     0.858    clk_IBUF
    BUFGCTRL_X0Y0        BUFG (Prop_bufg_I_O)         0.026     0.884 r  clk_IBUF_BUFG_inst/O
                         net (fo=31, routed)          0.582     1.465    clk_IBUF_BUFG
    SLICE_X65Y24         FDRE                                         r  fnd_reg[4]/C
  -------------------------------------------------------------------    -------------------
    SLICE_X65Y24         FDRE (Prop_fdre_C_Q)         0.141     1.606 r  fnd_reg[4]/Q
                         net (fo=1, routed)           0.366     1.972    fnd_OBUF[4]
    U5                   OBUF (Prop_obuf_I_O)         1.221     3.193 r  fnd_OBUF[4]_inst/O
                         net (fo=0)                   0.000     3.193    fnd[4]
    U5                                                                r  fnd[4] (OUT)
  -------------------------------------------------------------------    -------------------

Slack:                    inf
  Source:                 fnd_reg[1]/C
                            (rising edge-triggered cell FDRE clocked by sys_clk_pin  {rise@0.000ns fall@5.000ns period=10.000ns})
  Destination:            fnd[1]
                            (output port)
  Path Group:             (none)
  Path Type:              Min at Fast Process Corner
  Data Path Delay:        1.731ns  (logic 1.394ns (80.544%)  route 0.337ns (19.456%))
  Logic Levels:           1  (OBUF=1)
  Clock Uncertainty:      0.025ns  ((TSJ^2 + TIJ^2)^1/2 + DJ) / 2 + PE
    Total System Jitter     (TSJ):    0.050ns
    Total Input Jitter      (TIJ):    0.000ns
    Discrete Jitter          (DJ):    0.000ns
    Phase Error              (PE):    0.000ns

    Location             Delay type                Incr(ns)  Path(ns)    Netlist Resource(s)
  -------------------------------------------------------------------    -------------------
                         (clock sys_clk_pin rise edge)
                                                      0.000     0.000 r  
    W5                                                0.000     0.000 r  clk (IN)
                         net (fo=0)                   0.000     0.000    clk
    W5                   IBUF (Prop_ibuf_I_O)         0.226     0.226 r  clk_IBUF_inst/O
                         net (fo=1, routed)           0.631     0.858    clk_IBUF
    BUFGCTRL_X0Y0        BUFG (Prop_bufg_I_O)         0.026     0.884 r  clk_IBUF_BUFG_inst/O
                         net (fo=31, routed)          0.585     1.468    clk_IBUF_BUFG
    SLICE_X64Y22         FDRE                                         r  fnd_reg[1]/C
  -------------------------------------------------------------------    -------------------
    SLICE_X64Y22         FDRE (Prop_fdre_C_Q)         0.164     1.632 r  fnd_reg[1]/Q
                         net (fo=1, routed)           0.337     1.969    fnd_OBUF[1]
    W6                   OBUF (Prop_obuf_I_O)         1.230     3.199 r  fnd_OBUF[1]_inst/O
                         net (fo=0)                   0.000     3.199    fnd[1]
    W6                                                                r  fnd[1] (OUT)
  -------------------------------------------------------------------    -------------------

Slack:                    inf
  Source:                 fnd_reg[5]/C
                            (rising edge-triggered cell FDRE clocked by sys_clk_pin  {rise@0.000ns fall@5.000ns period=10.000ns})
  Destination:            fnd[5]
                            (output port)
  Path Group:             (none)
  Path Type:              Min at Fast Process Corner
  Data Path Delay:        1.775ns  (logic 1.370ns (77.157%)  route 0.405ns (22.843%))
  Logic Levels:           1  (OBUF=1)
  Clock Uncertainty:      0.025ns  ((TSJ^2 + TIJ^2)^1/2 + DJ) / 2 + PE
    Total System Jitter     (TSJ):    0.050ns
    Total Input Jitter      (TIJ):    0.000ns
    Discrete Jitter          (DJ):    0.000ns
    Phase Error              (PE):    0.000ns

    Location             Delay type                Incr(ns)  Path(ns)    Netlist Resource(s)
  -------------------------------------------------------------------    -------------------
                         (clock sys_clk_pin rise edge)
                                                      0.000     0.000 r  
    W5                                                0.000     0.000 r  clk (IN)
                         net (fo=0)                   0.000     0.000    clk
    W5                   IBUF (Prop_ibuf_I_O)         0.226     0.226 r  clk_IBUF_inst/O
                         net (fo=1, routed)           0.631     0.858    clk_IBUF
    BUFGCTRL_X0Y0        BUFG (Prop_bufg_I_O)         0.026     0.884 r  clk_IBUF_BUFG_inst/O
                         net (fo=31, routed)          0.585     1.468    clk_IBUF_BUFG
    SLICE_X64Y21         FDRE                                         r  fnd_reg[5]/C
  -------------------------------------------------------------------    -------------------
    SLICE_X64Y21         FDRE (Prop_fdre_C_Q)         0.164     1.632 r  fnd_reg[5]/Q
                         net (fo=1, routed)           0.405     2.038    fnd_OBUF[5]
    V5                   OBUF (Prop_obuf_I_O)         1.206     3.243 r  fnd_OBUF[5]_inst/O
                         net (fo=0)                   0.000     3.243    fnd[5]
    V5                                                                r  fnd[5] (OUT)
  -------------------------------------------------------------------    -------------------

Slack:                    inf
  Source:                 an_reg[0]/C
                            (rising edge-triggered cell FDSE clocked by sys_clk_pin  {rise@0.000ns fall@5.000ns period=10.000ns})
  Destination:            an[0]
                            (output port)
  Path Group:             (none)
  Path Type:              Min at Fast Process Corner
  Data Path Delay:        1.782ns  (logic 1.368ns (76.791%)  route 0.413ns (23.209%))
  Logic Levels:           1  (OBUF=1)
  Clock Uncertainty:      0.025ns  ((TSJ^2 + TIJ^2)^1/2 + DJ) / 2 + PE
    Total System Jitter     (TSJ):    0.050ns
    Total Input Jitter      (TIJ):    0.000ns
    Discrete Jitter          (DJ):    0.000ns
    Phase Error              (PE):    0.000ns

    Location             Delay type                Incr(ns)  Path(ns)    Netlist Resource(s)
  -------------------------------------------------------------------    -------------------
                         (clock sys_clk_pin rise edge)
                                                      0.000     0.000 r  
    W5                                                0.000     0.000 r  clk (IN)
                         net (fo=0)                   0.000     0.000    clk
    W5                   IBUF (Prop_ibuf_I_O)         0.226     0.226 r  clk_IBUF_inst/O
                         net (fo=1, routed)           0.631     0.858    clk_IBUF
    BUFGCTRL_X0Y0        BUFG (Prop_bufg_I_O)         0.026     0.884 r  clk_IBUF_BUFG_inst/O
                         net (fo=31, routed)          0.585     1.468    clk_IBUF_BUFG
    SLICE_X64Y27         FDSE                                         r  an_reg[0]/C
  -------------------------------------------------------------------    -------------------
    SLICE_X64Y27         FDSE (Prop_fdse_C_Q)         0.164     1.632 r  an_reg[0]/Q
                         net (fo=1, routed)           0.413     2.046    an_OBUF[0]
    U2                   OBUF (Prop_obuf_I_O)         1.204     3.250 r  an_OBUF[0]_inst/O
                         net (fo=0)                   0.000     3.250    an[0]
    U2                                                                r  an[0] (OUT)
  -------------------------------------------------------------------    -------------------





--------------------------------------------------------------------------------------
Path Group:  (none)
From Clock:  
  To Clock:  sys_clk_pin

Max Delay             7 Endpoints
Min Delay             7 Endpoints
--------------------------------------------------------------------------------------


Max Delay Paths
--------------------------------------------------------------------------------------
Slack:                    inf
  Source:                 sw1[2]
                            (input port)
  Destination:            fnd_reg[3]/D
                            (rising edge-triggered cell FDRE clocked by sys_clk_pin  {rise@0.000ns fall@5.000ns period=10.000ns})
  Path Group:             (none)
  Path Type:              Setup (Max at Slow Process Corner)
  Data Path Delay:        6.380ns  (logic 1.880ns (29.463%)  route 4.500ns (70.537%))
  Logic Levels:           4  (IBUF=1 LUT4=1 MUXF7=1 MUXF8=1)
  Clock Path Skew:        4.845ns (DCD - SCD + CPR)
    Destination Clock Delay (DCD):    4.845ns
    Source Clock Delay      (SCD):    0.000ns
    Clock Pessimism Removal (CPR):    0.000ns
  Clock Uncertainty:      0.025ns  ((TSJ^2 + TIJ^2)^1/2 + DJ) / 2 + PE
    Total System Jitter     (TSJ):    0.050ns
    Total Input Jitter      (TIJ):    0.000ns
    Discrete Jitter          (DJ):    0.000ns
    Phase Error              (PE):    0.000ns

    Location             Delay type                Incr(ns)  Path(ns)    Netlist Resource(s)
  -------------------------------------------------------------------    -------------------
    W14                                               0.000     0.000 r  sw1[2] (IN)
                         net (fo=0)                   0.000     0.000    sw1[2]
    W14                  IBUF (Prop_ibuf_I_O)         1.450     1.450 r  sw1_IBUF[2]_inst/O
                         net (fo=7, routed)           4.500     5.950    sw1_IBUF[2]
    SLICE_X65Y23         LUT4 (Prop_lut4_I1_O)        0.124     6.074 r  fnd[3]_i_6/O
                         net (fo=1, routed)           0.000     6.074    fnd[3]_i_6_n_0
    SLICE_X65Y23         MUXF7 (Prop_muxf7_I0_O)      0.212     6.286 r  fnd_reg[3]_i_3/O
                         net (fo=1, routed)           0.000     6.286    fnd_reg[3]_i_3_n_0
    SLICE_X65Y23         MUXF8 (Prop_muxf8_I1_O)      0.094     6.380 r  fnd_reg[3]_i_1/O
                         net (fo=1, routed)           0.000     6.380    fnd_reg[3]_i_1_n_0
    SLICE_X65Y23         FDRE                                         r  fnd_reg[3]/D
  -------------------------------------------------------------------    -------------------

                         (clock sys_clk_pin rise edge)
                                                      0.000     0.000 r  
    W5                                                0.000     0.000 r  clk (IN)
                         net (fo=0)                   0.000     0.000    clk
    W5                   IBUF (Prop_ibuf_I_O)         1.388     1.388 r  clk_IBUF_inst/O
                         net (fo=1, routed)           1.862     3.250    clk_IBUF
    BUFGCTRL_X0Y0        BUFG (Prop_bufg_I_O)         0.091     3.341 r  clk_IBUF_BUFG_inst/O
                         net (fo=31, routed)          1.504     4.845    clk_IBUF_BUFG
    SLICE_X65Y23         FDRE                                         r  fnd_reg[3]/C

Slack:                    inf
  Source:                 sw1[2]
                            (input port)
  Destination:            fnd_reg[4]/D
                            (rising edge-triggered cell FDRE clocked by sys_clk_pin  {rise@0.000ns fall@5.000ns period=10.000ns})
  Path Group:             (none)
  Path Type:              Setup (Max at Slow Process Corner)
  Data Path Delay:        6.254ns  (logic 1.880ns (30.056%)  route 4.374ns (69.944%))
  Logic Levels:           4  (IBUF=1 LUT4=1 MUXF7=1 MUXF8=1)
  Clock Path Skew:        4.843ns (DCD - SCD + CPR)
    Destination Clock Delay (DCD):    4.843ns
    Source Clock Delay      (SCD):    0.000ns
    Clock Pessimism Removal (CPR):    0.000ns
  Clock Uncertainty:      0.025ns  ((TSJ^2 + TIJ^2)^1/2 + DJ) / 2 + PE
    Total System Jitter     (TSJ):    0.050ns
    Total Input Jitter      (TIJ):    0.000ns
    Discrete Jitter          (DJ):    0.000ns
    Phase Error              (PE):    0.000ns

    Location             Delay type                Incr(ns)  Path(ns)    Netlist Resource(s)
  -------------------------------------------------------------------    -------------------
    W14                                               0.000     0.000 r  sw1[2] (IN)
                         net (fo=0)                   0.000     0.000    sw1[2]
    W14                  IBUF (Prop_ibuf_I_O)         1.450     1.450 r  sw1_IBUF[2]_inst/O
                         net (fo=7, routed)           4.374     5.824    sw1_IBUF[2]
    SLICE_X65Y24         LUT4 (Prop_lut4_I2_O)        0.124     5.948 r  fnd[4]_i_6/O
                         net (fo=1, routed)           0.000     5.948    fnd[4]_i_6_n_0
    SLICE_X65Y24         MUXF7 (Prop_muxf7_I0_O)      0.212     6.160 r  fnd_reg[4]_i_3/O
                         net (fo=1, routed)           0.000     6.160    fnd_reg[4]_i_3_n_0
    SLICE_X65Y24         MUXF8 (Prop_muxf8_I1_O)      0.094     6.254 r  fnd_reg[4]_i_1/O
                         net (fo=1, routed)           0.000     6.254    fnd_reg[4]_i_1_n_0
    SLICE_X65Y24         FDRE                                         r  fnd_reg[4]/D
  -------------------------------------------------------------------    -------------------

                         (clock sys_clk_pin rise edge)
                                                      0.000     0.000 r  
    W5                                                0.000     0.000 r  clk (IN)
                         net (fo=0)                   0.000     0.000    clk
    W5                   IBUF (Prop_ibuf_I_O)         1.388     1.388 r  clk_IBUF_inst/O
                         net (fo=1, routed)           1.862     3.250    clk_IBUF
    BUFGCTRL_X0Y0        BUFG (Prop_bufg_I_O)         0.091     3.341 r  clk_IBUF_BUFG_inst/O
                         net (fo=31, routed)          1.502     4.843    clk_IBUF_BUFG
    SLICE_X65Y24         FDRE                                         r  fnd_reg[4]/C

Slack:                    inf
  Source:                 sw1[2]
                            (input port)
  Destination:            fnd_reg[0]/D
                            (rising edge-triggered cell FDRE clocked by sys_clk_pin  {rise@0.000ns fall@5.000ns period=10.000ns})
  Path Group:             (none)
  Path Type:              Setup (Max at Slow Process Corner)
  Data Path Delay:        6.102ns  (logic 1.871ns (30.658%)  route 4.231ns (69.342%))
  Logic Levels:           4  (IBUF=1 LUT4=1 MUXF7=1 MUXF8=1)
  Clock Path Skew:        4.845ns (DCD - SCD + CPR)
    Destination Clock Delay (DCD):    4.845ns
    Source Clock Delay      (SCD):    0.000ns
    Clock Pessimism Removal (CPR):    0.000ns
  Clock Uncertainty:      0.025ns  ((TSJ^2 + TIJ^2)^1/2 + DJ) / 2 + PE
    Total System Jitter     (TSJ):    0.050ns
    Total Input Jitter      (TIJ):    0.000ns
    Discrete Jitter          (DJ):    0.000ns
    Phase Error              (PE):    0.000ns

    Location             Delay type                Incr(ns)  Path(ns)    Netlist Resource(s)
  -------------------------------------------------------------------    -------------------
    W14                                               0.000     0.000 r  sw1[2] (IN)
                         net (fo=0)                   0.000     0.000    sw1[2]
    W14                  IBUF (Prop_ibuf_I_O)         1.450     1.450 r  sw1_IBUF[2]_inst/O
                         net (fo=7, routed)           4.231     5.681    sw1_IBUF[2]
    SLICE_X64Y23         LUT4 (Prop_lut4_I1_O)        0.124     5.805 r  fnd[0]_i_6/O
                         net (fo=1, routed)           0.000     5.805    fnd[0]_i_6_n_0
    SLICE_X64Y23         MUXF7 (Prop_muxf7_I0_O)      0.209     6.014 r  fnd_reg[0]_i_3/O
                         net (fo=1, routed)           0.000     6.014    fnd_reg[0]_i_3_n_0
    SLICE_X64Y23         MUXF8 (Prop_muxf8_I1_O)      0.088     6.102 r  fnd_reg[0]_i_1/O
                         net (fo=1, routed)           0.000     6.102    fnd_reg[0]_i_1_n_0
    SLICE_X64Y23         FDRE                                         r  fnd_reg[0]/D
  -------------------------------------------------------------------    -------------------

                         (clock sys_clk_pin rise edge)
                                                      0.000     0.000 r  
    W5                                                0.000     0.000 r  clk (IN)
                         net (fo=0)                   0.000     0.000    clk
    W5                   IBUF (Prop_ibuf_I_O)         1.388     1.388 r  clk_IBUF_inst/O
                         net (fo=1, routed)           1.862     3.250    clk_IBUF
    BUFGCTRL_X0Y0        BUFG (Prop_bufg_I_O)         0.091     3.341 r  clk_IBUF_BUFG_inst/O
                         net (fo=31, routed)          1.504     4.845    clk_IBUF_BUFG
    SLICE_X64Y23         FDRE                                         r  fnd_reg[0]/C

Slack:                    inf
  Source:                 sw1[1]
                            (input port)
  Destination:            fnd_reg[1]/D
                            (rising edge-triggered cell FDRE clocked by sys_clk_pin  {rise@0.000ns fall@5.000ns period=10.000ns})
  Path Group:             (none)
  Path Type:              Setup (Max at Slow Process Corner)
  Data Path Delay:        5.943ns  (logic 1.887ns (31.750%)  route 4.056ns (68.250%))
  Logic Levels:           4  (IBUF=1 LUT4=1 MUXF7=1 MUXF8=1)
  Clock Path Skew:        4.846ns (DCD - SCD + CPR)
    Destination Clock Delay (DCD):    4.846ns
    Source Clock Delay      (SCD):    0.000ns
    Clock Pessimism Removal (CPR):    0.000ns
  Clock Uncertainty:      0.025ns  ((TSJ^2 + TIJ^2)^1/2 + DJ) / 2 + PE
    Total System Jitter     (TSJ):    0.050ns
    Total Input Jitter      (TIJ):    0.000ns
    Discrete Jitter          (DJ):    0.000ns
    Phase Error              (PE):    0.000ns

    Location             Delay type                Incr(ns)  Path(ns)    Netlist Resource(s)
  -------------------------------------------------------------------    -------------------
    V15                                               0.000     0.000 r  sw1[1] (IN)
                         net (fo=0)                   0.000     0.000    sw1[1]
    V15                  IBUF (Prop_ibuf_I_O)         1.466     1.466 r  sw1_IBUF[1]_inst/O
                         net (fo=7, routed)           4.056     5.522    sw1_IBUF[1]
    SLICE_X64Y22         LUT4 (Prop_lut4_I2_O)        0.124     5.646 r  fnd[1]_i_6/O
                         net (fo=1, routed)           0.000     5.646    fnd[1]_i_6_n_0
    SLICE_X64Y22         MUXF7 (Prop_muxf7_I0_O)      0.209     5.855 r  fnd_reg[1]_i_3/O
                         net (fo=1, routed)           0.000     5.855    fnd_reg[1]_i_3_n_0
    SLICE_X64Y22         MUXF8 (Prop_muxf8_I1_O)      0.088     5.943 r  fnd_reg[1]_i_1/O
                         net (fo=1, routed)           0.000     5.943    fnd_reg[1]_i_1_n_0
    SLICE_X64Y22         FDRE                                         r  fnd_reg[1]/D
  -------------------------------------------------------------------    -------------------

                         (clock sys_clk_pin rise edge)
                                                      0.000     0.000 r  
    W5                                                0.000     0.000 r  clk (IN)
                         net (fo=0)                   0.000     0.000    clk
    W5                   IBUF (Prop_ibuf_I_O)         1.388     1.388 r  clk_IBUF_inst/O
                         net (fo=1, routed)           1.862     3.250    clk_IBUF
    BUFGCTRL_X0Y0        BUFG (Prop_bufg_I_O)         0.091     3.341 r  clk_IBUF_BUFG_inst/O
                         net (fo=31, routed)          1.505     4.846    clk_IBUF_BUFG
    SLICE_X64Y22         FDRE                                         r  fnd_reg[1]/C

Slack:                    inf
  Source:                 sw1[1]
                            (input port)
  Destination:            fnd_reg[6]/D
                            (rising edge-triggered cell FDRE clocked by sys_clk_pin  {rise@0.000ns fall@5.000ns period=10.000ns})
  Path Group:             (none)
  Path Type:              Setup (Max at Slow Process Corner)
  Data Path Delay:        5.757ns  (logic 1.896ns (32.936%)  route 3.861ns (67.064%))
  Logic Levels:           4  (IBUF=1 LUT4=1 MUXF7=1 MUXF8=1)
  Clock Path Skew:        4.846ns (DCD - SCD + CPR)
    Destination Clock Delay (DCD):    4.846ns
    Source Clock Delay      (SCD):    0.000ns
    Clock Pessimism Removal (CPR):    0.000ns
  Clock Uncertainty:      0.025ns  ((TSJ^2 + TIJ^2)^1/2 + DJ) / 2 + PE
    Total System Jitter     (TSJ):    0.050ns
    Total Input Jitter      (TIJ):    0.000ns
    Discrete Jitter          (DJ):    0.000ns
    Phase Error              (PE):    0.000ns

    Location             Delay type                Incr(ns)  Path(ns)    Netlist Resource(s)
  -------------------------------------------------------------------    -------------------
    V15                                               0.000     0.000 r  sw1[1] (IN)
                         net (fo=0)                   0.000     0.000    sw1[1]
    V15                  IBUF (Prop_ibuf_I_O)         1.466     1.466 r  sw1_IBUF[1]_inst/O
                         net (fo=7, routed)           3.861     5.327    sw1_IBUF[1]
    SLICE_X65Y22         LUT4 (Prop_lut4_I3_O)        0.124     5.451 r  fnd[6]_i_6/O
                         net (fo=1, routed)           0.000     5.451    fnd[6]_i_6_n_0
    SLICE_X65Y22         MUXF7 (Prop_muxf7_I0_O)      0.212     5.663 r  fnd_reg[6]_i_3/O
                         net (fo=1, routed)           0.000     5.663    fnd_reg[6]_i_3_n_0
    SLICE_X65Y22         MUXF8 (Prop_muxf8_I1_O)      0.094     5.757 r  fnd_reg[6]_i_1/O
                         net (fo=1, routed)           0.000     5.757    fnd_reg[6]_i_1_n_0
    SLICE_X65Y22         FDRE                                         r  fnd_reg[6]/D
  -------------------------------------------------------------------    -------------------

                         (clock sys_clk_pin rise edge)
                                                      0.000     0.000 r  
    W5                                                0.000     0.000 r  clk (IN)
                         net (fo=0)                   0.000     0.000    clk
    W5                   IBUF (Prop_ibuf_I_O)         1.388     1.388 r  clk_IBUF_inst/O
                         net (fo=1, routed)           1.862     3.250    clk_IBUF
    BUFGCTRL_X0Y0        BUFG (Prop_bufg_I_O)         0.091     3.341 r  clk_IBUF_BUFG_inst/O
                         net (fo=31, routed)          1.505     4.846    clk_IBUF_BUFG
    SLICE_X65Y22         FDRE                                         r  fnd_reg[6]/C

Slack:                    inf
  Source:                 sw1[1]
                            (input port)
  Destination:            fnd_reg[2]/D
                            (rising edge-triggered cell FDRE clocked by sys_clk_pin  {rise@0.000ns fall@5.000ns period=10.000ns})
  Path Group:             (none)
  Path Type:              Setup (Max at Slow Process Corner)
  Data Path Delay:        5.629ns  (logic 1.896ns (33.685%)  route 3.733ns (66.315%))
  Logic Levels:           4  (IBUF=1 LUT4=1 MUXF7=1 MUXF8=1)
  Clock Path Skew:        4.848ns (DCD - SCD + CPR)
    Destination Clock Delay (DCD):    4.848ns
    Source Clock Delay      (SCD):    0.000ns
    Clock Pessimism Removal (CPR):    0.000ns
  Clock Uncertainty:      0.025ns  ((TSJ^2 + TIJ^2)^1/2 + DJ) / 2 + PE
    Total System Jitter     (TSJ):    0.050ns
    Total Input Jitter      (TIJ):    0.000ns
    Discrete Jitter          (DJ):    0.000ns
    Phase Error              (PE):    0.000ns

    Location             Delay type                Incr(ns)  Path(ns)    Netlist Resource(s)
  -------------------------------------------------------------------    -------------------
    V15                                               0.000     0.000 r  sw1[1] (IN)
                         net (fo=0)                   0.000     0.000    sw1[1]
    V15                  IBUF (Prop_ibuf_I_O)         1.466     1.466 r  sw1_IBUF[1]_inst/O
                         net (fo=7, routed)           3.733     5.199    sw1_IBUF[1]
    SLICE_X65Y21         LUT4 (Prop_lut4_I2_O)        0.124     5.323 r  fnd[2]_i_6/O
                         net (fo=1, routed)           0.000     5.323    fnd[2]_i_6_n_0
    SLICE_X65Y21         MUXF7 (Prop_muxf7_I0_O)      0.212     5.535 r  fnd_reg[2]_i_3/O
                         net (fo=1, routed)           0.000     5.535    fnd_reg[2]_i_3_n_0
    SLICE_X65Y21         MUXF8 (Prop_muxf8_I1_O)      0.094     5.629 r  fnd_reg[2]_i_1/O
                         net (fo=1, routed)           0.000     5.629    fnd_reg[2]_i_1_n_0
    SLICE_X65Y21         FDRE                                         r  fnd_reg[2]/D
  -------------------------------------------------------------------    -------------------

                         (clock sys_clk_pin rise edge)
                                                      0.000     0.000 r  
    W5                                                0.000     0.000 r  clk (IN)
                         net (fo=0)                   0.000     0.000    clk
    W5                   IBUF (Prop_ibuf_I_O)         1.388     1.388 r  clk_IBUF_inst/O
                         net (fo=1, routed)           1.862     3.250    clk_IBUF
    BUFGCTRL_X0Y0        BUFG (Prop_bufg_I_O)         0.091     3.341 r  clk_IBUF_BUFG_inst/O
                         net (fo=31, routed)          1.507     4.848    clk_IBUF_BUFG
    SLICE_X65Y21         FDRE                                         r  fnd_reg[2]/C

Slack:                    inf
  Source:                 sw1[1]
                            (input port)
  Destination:            fnd_reg[5]/D
                            (rising edge-triggered cell FDRE clocked by sys_clk_pin  {rise@0.000ns fall@5.000ns period=10.000ns})
  Path Group:             (none)
  Path Type:              Setup (Max at Slow Process Corner)
  Data Path Delay:        5.623ns  (logic 1.887ns (33.561%)  route 3.736ns (66.439%))
  Logic Levels:           4  (IBUF=1 LUT4=1 MUXF7=1 MUXF8=1)
  Clock Path Skew:        4.848ns (DCD - SCD + CPR)
    Destination Clock Delay (DCD):    4.848ns
    Source Clock Delay      (SCD):    0.000ns
    Clock Pessimism Removal (CPR):    0.000ns
  Clock Uncertainty:      0.025ns  ((TSJ^2 + TIJ^2)^1/2 + DJ) / 2 + PE
    Total System Jitter     (TSJ):    0.050ns
    Total Input Jitter      (TIJ):    0.000ns
    Discrete Jitter          (DJ):    0.000ns
    Phase Error              (PE):    0.000ns

    Location             Delay type                Incr(ns)  Path(ns)    Netlist Resource(s)
  -------------------------------------------------------------------    -------------------
    V15                                               0.000     0.000 r  sw1[1] (IN)
                         net (fo=0)                   0.000     0.000    sw1[1]
    V15                  IBUF (Prop_ibuf_I_O)         1.466     1.466 r  sw1_IBUF[1]_inst/O
                         net (fo=7, routed)           3.736     5.202    sw1_IBUF[1]
    SLICE_X64Y21         LUT4 (Prop_lut4_I3_O)        0.124     5.326 r  fnd[5]_i_6/O
                         net (fo=1, routed)           0.000     5.326    fnd[5]_i_6_n_0
    SLICE_X64Y21         MUXF7 (Prop_muxf7_I0_O)      0.209     5.535 r  fnd_reg[5]_i_3/O
                         net (fo=1, routed)           0.000     5.535    fnd_reg[5]_i_3_n_0
    SLICE_X64Y21         MUXF8 (Prop_muxf8_I1_O)      0.088     5.623 r  fnd_reg[5]_i_1/O
                         net (fo=1, routed)           0.000     5.623    fnd_reg[5]_i_1_n_0
    SLICE_X64Y21         FDRE                                         r  fnd_reg[5]/D
  -------------------------------------------------------------------    -------------------

                         (clock sys_clk_pin rise edge)
                                                      0.000     0.000 r  
    W5                                                0.000     0.000 r  clk (IN)
                         net (fo=0)                   0.000     0.000    clk
    W5                   IBUF (Prop_ibuf_I_O)         1.388     1.388 r  clk_IBUF_inst/O
                         net (fo=1, routed)           1.862     3.250    clk_IBUF
    BUFGCTRL_X0Y0        BUFG (Prop_bufg_I_O)         0.091     3.341 r  clk_IBUF_BUFG_inst/O
                         net (fo=31, routed)          1.507     4.848    clk_IBUF_BUFG
    SLICE_X64Y21         FDRE                                         r  fnd_reg[5]/C





Min Delay Paths
--------------------------------------------------------------------------------------
Slack:                    inf
  Source:                 sw2[0]
                            (input port)
  Destination:            fnd_reg[3]/D
                            (rising edge-triggered cell FDRE clocked by sys_clk_pin  {rise@0.000ns fall@5.000ns period=10.000ns})
  Path Group:             (none)
  Path Type:              Hold (Min at Fast Process Corner)
  Data Path Delay:        0.987ns  (logic 0.365ns (36.928%)  route 0.623ns (63.072%))
  Logic Levels:           4  (IBUF=1 LUT4=1 MUXF7=1 MUXF8=1)
  Clock Path Skew:        1.978ns (DCD - SCD - CPR)
    Destination Clock Delay (DCD):    1.978ns
    Source Clock Delay      (SCD):    0.000ns
    Clock Pessimism Removal (CPR):    -0.000ns

    Location             Delay type                Incr(ns)  Path(ns)    Netlist Resource(s)
  -------------------------------------------------------------------    -------------------
    V2                                                0.000     0.000 r  sw2[0] (IN)
                         net (fo=0)                   0.000     0.000    sw2[0]
    V2                   IBUF (Prop_ibuf_I_O)         0.223     0.223 r  sw2_IBUF[0]_inst/O
                         net (fo=7, routed)           0.623     0.845    sw2_IBUF[0]
    SLICE_X65Y23         LUT4 (Prop_lut4_I2_O)        0.045     0.890 r  fnd[3]_i_5/O
                         net (fo=1, routed)           0.000     0.890    fnd[3]_i_5_n_0
    SLICE_X65Y23         MUXF7 (Prop_muxf7_I1_O)      0.074     0.964 r  fnd_reg[3]_i_2/O
                         net (fo=1, routed)           0.000     0.964    fnd_reg[3]_i_2_n_0
    SLICE_X65Y23         MUXF8 (Prop_muxf8_I0_O)      0.023     0.987 r  fnd_reg[3]_i_1/O
                         net (fo=1, routed)           0.000     0.987    fnd_reg[3]_i_1_n_0
    SLICE_X65Y23         FDRE                                         r  fnd_reg[3]/D
  -------------------------------------------------------------------    -------------------

                         (clock sys_clk_pin rise edge)
                                                      0.000     0.000 r  
    W5                                                0.000     0.000 r  clk (IN)
                         net (fo=0)                   0.000     0.000    clk
    W5                   IBUF (Prop_ibuf_I_O)         0.414     0.414 r  clk_IBUF_inst/O
                         net (fo=1, routed)           0.685     1.099    clk_IBUF
    BUFGCTRL_X0Y0        BUFG (Prop_bufg_I_O)         0.029     1.128 r  clk_IBUF_BUFG_inst/O
                         net (fo=31, routed)          0.851     1.978    clk_IBUF_BUFG
    SLICE_X65Y23         FDRE                                         r  fnd_reg[3]/C

Slack:                    inf
  Source:                 sw2[0]
                            (input port)
  Destination:            fnd_reg[4]/D
                            (rising edge-triggered cell FDRE clocked by sys_clk_pin  {rise@0.000ns fall@5.000ns period=10.000ns})
  Path Group:             (none)
  Path Type:              Hold (Min at Fast Process Corner)
  Data Path Delay:        1.011ns  (logic 0.365ns (36.078%)  route 0.646ns (63.922%))
  Logic Levels:           4  (IBUF=1 LUT4=1 MUXF7=1 MUXF8=1)
  Clock Path Skew:        1.977ns (DCD - SCD - CPR)
    Destination Clock Delay (DCD):    1.977ns
    Source Clock Delay      (SCD):    0.000ns
    Clock Pessimism Removal (CPR):    -0.000ns

    Location             Delay type                Incr(ns)  Path(ns)    Netlist Resource(s)
  -------------------------------------------------------------------    -------------------
    V2                                                0.000     0.000 r  sw2[0] (IN)
                         net (fo=0)                   0.000     0.000    sw2[0]
    V2                   IBUF (Prop_ibuf_I_O)         0.223     0.223 r  sw2_IBUF[0]_inst/O
                         net (fo=7, routed)           0.646     0.869    sw2_IBUF[0]
    SLICE_X65Y24         LUT4 (Prop_lut4_I3_O)        0.045     0.914 r  fnd[4]_i_5/O
                         net (fo=1, routed)           0.000     0.914    fnd[4]_i_5_n_0
    SLICE_X65Y24         MUXF7 (Prop_muxf7_I1_O)      0.074     0.988 r  fnd_reg[4]_i_2/O
                         net (fo=1, routed)           0.000     0.988    fnd_reg[4]_i_2_n_0
    SLICE_X65Y24         MUXF8 (Prop_muxf8_I0_O)      0.023     1.011 r  fnd_reg[4]_i_1/O
                         net (fo=1, routed)           0.000     1.011    fnd_reg[4]_i_1_n_0
    SLICE_X65Y24         FDRE                                         r  fnd_reg[4]/D
  -------------------------------------------------------------------    -------------------

                         (clock sys_clk_pin rise edge)
                                                      0.000     0.000 r  
    W5                                                0.000     0.000 r  clk (IN)
                         net (fo=0)                   0.000     0.000    clk
    W5                   IBUF (Prop_ibuf_I_O)         0.414     0.414 r  clk_IBUF_inst/O
                         net (fo=1, routed)           0.685     1.099    clk_IBUF
    BUFGCTRL_X0Y0        BUFG (Prop_bufg_I_O)         0.029     1.128 r  clk_IBUF_BUFG_inst/O
                         net (fo=31, routed)          0.850     1.977    clk_IBUF_BUFG
    SLICE_X65Y24         FDRE                                         r  fnd_reg[4]/C

Slack:                    inf
  Source:                 sw3[0]
                            (input port)
  Destination:            fnd_reg[2]/D
                            (rising edge-triggered cell FDRE clocked by sys_clk_pin  {rise@0.000ns fall@5.000ns period=10.000ns})
  Path Group:             (none)
  Path Type:              Hold (Min at Fast Process Corner)
  Data Path Delay:        1.067ns  (logic 0.366ns (34.252%)  route 0.702ns (65.748%))
  Logic Levels:           4  (IBUF=1 LUT4=1 MUXF7=1 MUXF8=1)
  Clock Path Skew:        1.981ns (DCD - SCD - CPR)
    Destination Clock Delay (DCD):    1.981ns
    Source Clock Delay      (SCD):    0.000ns
    Clock Pessimism Removal (CPR):    -0.000ns

    Location             Delay type                Incr(ns)  Path(ns)    Netlist Resource(s)
  -------------------------------------------------------------------    -------------------
    W2                                                0.000     0.000 f  sw3[0] (IN)
                         net (fo=0)                   0.000     0.000    sw3[0]
    W2                   IBUF (Prop_ibuf_I_O)         0.237     0.237 f  sw3_IBUF[0]_inst/O
                         net (fo=7, routed)           0.702     0.938    sw3_IBUF[0]
    SLICE_X65Y21         LUT4 (Prop_lut4_I1_O)        0.045     0.983 r  fnd[2]_i_7/O
                         net (fo=1, routed)           0.000     0.983    fnd[2]_i_7_n_0
    SLICE_X65Y21         MUXF7 (Prop_muxf7_I1_O)      0.065     1.048 r  fnd_reg[2]_i_3/O
                         net (fo=1, routed)           0.000     1.048    fnd_reg[2]_i_3_n_0
    SLICE_X65Y21         MUXF8 (Prop_muxf8_I1_O)      0.019     1.067 r  fnd_reg[2]_i_1/O
                         net (fo=1, routed)           0.000     1.067    fnd_reg[2]_i_1_n_0
    SLICE_X65Y21         FDRE                                         r  fnd_reg[2]/D
  -------------------------------------------------------------------    -------------------

                         (clock sys_clk_pin rise edge)
                                                      0.000     0.000 r  
    W5                                                0.000     0.000 r  clk (IN)
                         net (fo=0)                   0.000     0.000    clk
    W5                   IBUF (Prop_ibuf_I_O)         0.414     0.414 r  clk_IBUF_inst/O
                         net (fo=1, routed)           0.685     1.099    clk_IBUF
    BUFGCTRL_X0Y0        BUFG (Prop_bufg_I_O)         0.029     1.128 r  clk_IBUF_BUFG_inst/O
                         net (fo=31, routed)          0.854     1.981    clk_IBUF_BUFG
    SLICE_X65Y21         FDRE                                         r  fnd_reg[2]/C

Slack:                    inf
  Source:                 sw3[0]
                            (input port)
  Destination:            fnd_reg[5]/D
                            (rising edge-triggered cell FDRE clocked by sys_clk_pin  {rise@0.000ns fall@5.000ns period=10.000ns})
  Path Group:             (none)
  Path Type:              Hold (Min at Fast Process Corner)
  Data Path Delay:        1.071ns  (logic 0.365ns (34.031%)  route 0.707ns (65.969%))
  Logic Levels:           4  (IBUF=1 LUT4=1 MUXF7=1 MUXF8=1)
  Clock Path Skew:        1.981ns (DCD - SCD - CPR)
    Destination Clock Delay (DCD):    1.981ns
    Source Clock Delay      (SCD):    0.000ns
    Clock Pessimism Removal (CPR):    -0.000ns

    Location             Delay type                Incr(ns)  Path(ns)    Netlist Resource(s)
  -------------------------------------------------------------------    -------------------
    W2                                                0.000     0.000 r  sw3[0] (IN)
                         net (fo=0)                   0.000     0.000    sw3[0]
    W2                   IBUF (Prop_ibuf_I_O)         0.237     0.237 r  sw3_IBUF[0]_inst/O
                         net (fo=7, routed)           0.707     0.943    sw3_IBUF[0]
    SLICE_X64Y21         LUT4 (Prop_lut4_I3_O)        0.045     0.988 r  fnd[5]_i_7/O
                         net (fo=1, routed)           0.000     0.988    fnd[5]_i_7_n_0
    SLICE_X64Y21         MUXF7 (Prop_muxf7_I1_O)      0.064     1.052 r  fnd_reg[5]_i_3/O
                         net (fo=1, routed)           0.000     1.052    fnd_reg[5]_i_3_n_0
    SLICE_X64Y21         MUXF8 (Prop_muxf8_I1_O)      0.019     1.071 r  fnd_reg[5]_i_1/O
                         net (fo=1, routed)           0.000     1.071    fnd_reg[5]_i_1_n_0
    SLICE_X64Y21         FDRE                                         r  fnd_reg[5]/D
  -------------------------------------------------------------------    -------------------

                         (clock sys_clk_pin rise edge)
                                                      0.000     0.000 r  
    W5                                                0.000     0.000 r  clk (IN)
                         net (fo=0)                   0.000     0.000    clk
    W5                   IBUF (Prop_ibuf_I_O)         0.414     0.414 r  clk_IBUF_inst/O
                         net (fo=1, routed)           0.685     1.099    clk_IBUF
    BUFGCTRL_X0Y0        BUFG (Prop_bufg_I_O)         0.029     1.128 r  clk_IBUF_BUFG_inst/O
                         net (fo=31, routed)          0.854     1.981    clk_IBUF_BUFG
    SLICE_X64Y21         FDRE                                         r  fnd_reg[5]/C

Slack:                    inf
  Source:                 sw3[0]
                            (input port)
  Destination:            fnd_reg[6]/D
                            (rising edge-triggered cell FDRE clocked by sys_clk_pin  {rise@0.000ns fall@5.000ns period=10.000ns})
  Path Group:             (none)
  Path Type:              Hold (Min at Fast Process Corner)
  Data Path Delay:        1.079ns  (logic 0.366ns (33.873%)  route 0.714ns (66.127%))
  Logic Levels:           4  (IBUF=1 LUT4=1 MUXF7=1 MUXF8=1)
  Clock Path Skew:        1.980ns (DCD - SCD - CPR)
    Destination Clock Delay (DCD):    1.980ns
    Source Clock Delay      (SCD):    0.000ns
    Clock Pessimism Removal (CPR):    -0.000ns

    Location             Delay type                Incr(ns)  Path(ns)    Netlist Resource(s)
  -------------------------------------------------------------------    -------------------
    W2                                                0.000     0.000 r  sw3[0] (IN)
                         net (fo=0)                   0.000     0.000    sw3[0]
    W2                   IBUF (Prop_ibuf_I_O)         0.237     0.237 r  sw3_IBUF[0]_inst/O
                         net (fo=7, routed)           0.714     0.950    sw3_IBUF[0]
    SLICE_X65Y22         LUT4 (Prop_lut4_I1_O)        0.045     0.995 r  fnd[6]_i_7/O
                         net (fo=1, routed)           0.000     0.995    fnd[6]_i_7_n_0
    SLICE_X65Y22         MUXF7 (Prop_muxf7_I1_O)      0.065     1.060 r  fnd_reg[6]_i_3/O
                         net (fo=1, routed)           0.000     1.060    fnd_reg[6]_i_3_n_0
    SLICE_X65Y22         MUXF8 (Prop_muxf8_I1_O)      0.019     1.079 r  fnd_reg[6]_i_1/O
                         net (fo=1, routed)           0.000     1.079    fnd_reg[6]_i_1_n_0
    SLICE_X65Y22         FDRE                                         r  fnd_reg[6]/D
  -------------------------------------------------------------------    -------------------

                         (clock sys_clk_pin rise edge)
                                                      0.000     0.000 r  
    W5                                                0.000     0.000 r  clk (IN)
                         net (fo=0)                   0.000     0.000    clk
    W5                   IBUF (Prop_ibuf_I_O)         0.414     0.414 r  clk_IBUF_inst/O
                         net (fo=1, routed)           0.685     1.099    clk_IBUF
    BUFGCTRL_X0Y0        BUFG (Prop_bufg_I_O)         0.029     1.128 r  clk_IBUF_BUFG_inst/O
                         net (fo=31, routed)          0.853     1.980    clk_IBUF_BUFG
    SLICE_X65Y22         FDRE                                         r  fnd_reg[6]/C

Slack:                    inf
  Source:                 sw3[0]
                            (input port)
  Destination:            fnd_reg[1]/D
                            (rising edge-triggered cell FDRE clocked by sys_clk_pin  {rise@0.000ns fall@5.000ns period=10.000ns})
  Path Group:             (none)
  Path Type:              Hold (Min at Fast Process Corner)
  Data Path Delay:        1.085ns  (logic 0.365ns (33.594%)  route 0.721ns (66.406%))
  Logic Levels:           4  (IBUF=1 LUT4=1 MUXF7=1 MUXF8=1)
  Clock Path Skew:        1.980ns (DCD - SCD - CPR)
    Destination Clock Delay (DCD):    1.980ns
    Source Clock Delay      (SCD):    0.000ns
    Clock Pessimism Removal (CPR):    -0.000ns

    Location             Delay type                Incr(ns)  Path(ns)    Netlist Resource(s)
  -------------------------------------------------------------------    -------------------
    W2                                                0.000     0.000 r  sw3[0] (IN)
                         net (fo=0)                   0.000     0.000    sw3[0]
    W2                   IBUF (Prop_ibuf_I_O)         0.237     0.237 r  sw3_IBUF[0]_inst/O
                         net (fo=7, routed)           0.721     0.957    sw3_IBUF[0]
    SLICE_X64Y22         LUT4 (Prop_lut4_I2_O)        0.045     1.002 r  fnd[1]_i_7/O
                         net (fo=1, routed)           0.000     1.002    fnd[1]_i_7_n_0
    SLICE_X64Y22         MUXF7 (Prop_muxf7_I1_O)      0.064     1.066 r  fnd_reg[1]_i_3/O
                         net (fo=1, routed)           0.000     1.066    fnd_reg[1]_i_3_n_0
    SLICE_X64Y22         MUXF8 (Prop_muxf8_I1_O)      0.019     1.085 r  fnd_reg[1]_i_1/O
                         net (fo=1, routed)           0.000     1.085    fnd_reg[1]_i_1_n_0
    SLICE_X64Y22         FDRE                                         r  fnd_reg[1]/D
  -------------------------------------------------------------------    -------------------

                         (clock sys_clk_pin rise edge)
                                                      0.000     0.000 r  
    W5                                                0.000     0.000 r  clk (IN)
                         net (fo=0)                   0.000     0.000    clk
    W5                   IBUF (Prop_ibuf_I_O)         0.414     0.414 r  clk_IBUF_inst/O
                         net (fo=1, routed)           0.685     1.099    clk_IBUF
    BUFGCTRL_X0Y0        BUFG (Prop_bufg_I_O)         0.029     1.128 r  clk_IBUF_BUFG_inst/O
                         net (fo=31, routed)          0.853     1.980    clk_IBUF_BUFG
    SLICE_X64Y22         FDRE                                         r  fnd_reg[1]/C

Slack:                    inf
  Source:                 sw3[3]
                            (input port)
  Destination:            fnd_reg[0]/D
                            (rising edge-triggered cell FDRE clocked by sys_clk_pin  {rise@0.000ns fall@5.000ns period=10.000ns})
  Path Group:             (none)
  Path Type:              Hold (Min at Fast Process Corner)
  Data Path Delay:        1.149ns  (logic 0.352ns (30.646%)  route 0.797ns (69.354%))
  Logic Levels:           4  (IBUF=1 LUT4=1 MUXF7=1 MUXF8=1)
  Clock Path Skew:        1.978ns (DCD - SCD - CPR)
    Destination Clock Delay (DCD):    1.978ns
    Source Clock Delay      (SCD):    0.000ns
    Clock Pessimism Removal (CPR):    -0.000ns

    Location             Delay type                Incr(ns)  Path(ns)    Netlist Resource(s)
  -------------------------------------------------------------------    -------------------
    R2                                                0.000     0.000 r  sw3[3] (IN)
                         net (fo=0)                   0.000     0.000    sw3[3]
    R2                   IBUF (Prop_ibuf_I_O)         0.224     0.224 r  sw3_IBUF[3]_inst/O
                         net (fo=7, routed)           0.797     1.021    sw3_IBUF[3]
    SLICE_X64Y23         LUT4 (Prop_lut4_I0_O)        0.045     1.066 r  fnd[0]_i_7/O
                         net (fo=1, routed)           0.000     1.066    fnd[0]_i_7_n_0
    SLICE_X64Y23         MUXF7 (Prop_muxf7_I1_O)      0.064     1.130 r  fnd_reg[0]_i_3/O
                         net (fo=1, routed)           0.000     1.130    fnd_reg[0]_i_3_n_0
    SLICE_X64Y23         MUXF8 (Prop_muxf8_I1_O)      0.019     1.149 r  fnd_reg[0]_i_1/O
                         net (fo=1, routed)           0.000     1.149    fnd_reg[0]_i_1_n_0
    SLICE_X64Y23         FDRE                                         r  fnd_reg[0]/D
  -------------------------------------------------------------------    -------------------

                         (clock sys_clk_pin rise edge)
                                                      0.000     0.000 r  
    W5                                                0.000     0.000 r  clk (IN)
                         net (fo=0)                   0.000     0.000    clk
    W5                   IBUF (Prop_ibuf_I_O)         0.414     0.414 r  clk_IBUF_inst/O
                         net (fo=1, routed)           0.685     1.099    clk_IBUF
    BUFGCTRL_X0Y0        BUFG (Prop_bufg_I_O)         0.029     1.128 r  clk_IBUF_BUFG_inst/O
                         net (fo=31, routed)          0.851     1.978    clk_IBUF_BUFG
    SLICE_X64Y23         FDRE                                         r  fnd_reg[0]/C





