Copyright 1986-2022 Xilinx, Inc. All Rights Reserved. Copyright 2022-2026 Advanced Micro Devices, Inc. All Rights Reserved.
---------------------------------------------------------------------------------------------------------------------------------------------------------------------------------------------------------------------------------------------------------------
| Tool Version : Vivado v.2025.2.1 (win64) Build 6403652 Thu Mar 19 19:48:24 GMT 2026
| Date         : Tue Apr 28 16:27:54 2026
| Host         : DESKTOP-Q1F9NDB running 64-bit major release  (build 9200)
| Command      : report_timing_summary -max_paths 10 -routable_nets -report_unconstrained -file top_servo_control_timing_summary_routed.rpt -pb top_servo_control_timing_summary_routed.pb -rpx top_servo_control_timing_summary_routed.rpx -warn_on_violation
| Design       : top_servo_control
| Device       : 7a35t-cpg236
| Speed File   : -1  PRODUCTION 1.23 2018-06-13
| Design State : Routed
---------------------------------------------------------------------------------------------------------------------------------------------------------------------------------------------------------------------------------------------------------------

Timing Summary Report

------------------------------------------------------------------------------------------------
| Timer Settings
| --------------
------------------------------------------------------------------------------------------------

  Enable Multi Corner Analysis               :  Yes
  Enable Pessimism Removal                   :  Yes
  Pessimism Removal Resolution               :  Nearest Common Node
  Enable Input Delay Default Clock           :  No
  Enable Preset / Clear Arcs                 :  No
  Disable Flight Delays                      :  No
  Ignore I/O Paths                           :  No
  Timing Early Launch at Borrowing Latches   :  No
  Borrow Time for Max Delay Exceptions       :  Yes
  Merge Timing Exceptions                    :  Yes
  Inter-SLR Compensation                     :  Conservative

  Corner  Analyze    Analyze    
  Name    Max Paths  Min Paths  
  ------  ---------  ---------  
  Slow    Yes        Yes        
  Fast    Yes        Yes        


------------------------------------------------------------------------------------------------
| Report Methodology
| ------------------
------------------------------------------------------------------------------------------------

Rule       Severity  Description                    Violations  
---------  --------  -----------------------------  ----------  
TIMING-18  Warning   Missing input or output delay  5           

Note: This report is based on the most recent report_methodology run and may not be up-to-date. Run report_methodology on the current design for the latest report.



check_timing report

Table of Contents
-----------------
1. checking no_clock (0)
2. checking constant_clock (0)
3. checking pulse_width_clock (0)
4. checking unconstrained_internal_endpoints (0)
5. checking no_input_delay (4)
6. checking no_output_delay (1)
7. checking multiple_clock (0)
8. checking generated_clocks (0)
9. checking loops (0)
10. checking partial_input_delay (0)
11. checking partial_output_delay (0)
12. checking latch_loops (0)

1. checking no_clock (0)
------------------------
 There are 0 register/latch pins with no clock.


2. checking constant_clock (0)
------------------------------
 There are 0 register/latch pins with constant_clock.


3. checking pulse_width_clock (0)
---------------------------------
 There are 0 register/latch pins which need pulse_width check


4. checking unconstrained_internal_endpoints (0)
------------------------------------------------
 There are 0 pins that are not constrained for maximum delay.

 There are 0 pins that are not constrained for maximum delay due to constant clock.


5. checking no_input_delay (4)
------------------------------
 There are 4 input ports with no input delay specified. (HIGH)

 There are 0 input ports with no input delay but user has a false path constraint.


6. checking no_output_delay (1)
-------------------------------
 There is 1 port with no output delay specified. (HIGH)

 There are 0 ports with no output delay but user has a false path constraint

 There are 0 ports with no output delay but with a timing clock defined on it or propagating through it


7. checking multiple_clock (0)
------------------------------
 There are 0 register/latch pins with multiple clocks.


8. checking generated_clocks (0)
--------------------------------
 There are 0 generated clocks that are not connected to a clock source.


9. checking loops (0)
---------------------
 There are 0 combinational loops in the design.


10. checking partial_input_delay (0)
------------------------------------
 There are 0 input ports with partial input delay specified.


11. checking partial_output_delay (0)
-------------------------------------
 There are 0 ports with partial output delay specified.


12. checking latch_loops (0)
----------------------------
 There are 0 combinational latch loops in the design through latch input



------------------------------------------------------------------------------------------------
| Design Timing Summary
| ---------------------
------------------------------------------------------------------------------------------------

    WNS(ns)      TNS(ns)  TNS Failing Endpoints  TNS Total Endpoints      WHS(ns)      THS(ns)  THS Failing Endpoints  THS Total Endpoints     WPWS(ns)     TPWS(ns)  TPWS Failing Endpoints  TPWS Total Endpoints  
    -------      -------  ---------------------  -------------------      -------      -------  ---------------------  -------------------     --------     --------  ----------------------  --------------------  
      6.079        0.000                      0                  117        0.089        0.000                      0                  117        4.500        0.000                       0                   104  


All user specified timing constraints are met.


------------------------------------------------------------------------------------------------
| Clock Summary
| -------------
------------------------------------------------------------------------------------------------

Clock        Waveform(ns)       Period(ns)      Frequency(MHz)
-----        ------------       ----------      --------------
sys_clk_pin  {0.000 5.000}      10.000          100.000         


------------------------------------------------------------------------------------------------
| Intra Clock Table
| -----------------
------------------------------------------------------------------------------------------------

Clock             WNS(ns)      TNS(ns)  TNS Failing Endpoints  TNS Total Endpoints      WHS(ns)      THS(ns)  THS Failing Endpoints  THS Total Endpoints     WPWS(ns)     TPWS(ns)  TPWS Failing Endpoints  TPWS Total Endpoints  
-----             -------      -------  ---------------------  -------------------      -------      -------  ---------------------  -------------------     --------     --------  ----------------------  --------------------  
sys_clk_pin         6.079        0.000                      0                  117        0.089        0.000                      0                  117        4.500        0.000                       0                   104  


------------------------------------------------------------------------------------------------
| Inter Clock Table
| -----------------
------------------------------------------------------------------------------------------------

From Clock    To Clock          WNS(ns)      TNS(ns)  TNS Failing Endpoints  TNS Total Endpoints      WHS(ns)      THS(ns)  THS Failing Endpoints  THS Total Endpoints  
----------    --------          -------      -------  ---------------------  -------------------      -------      -------  ---------------------  -------------------  


------------------------------------------------------------------------------------------------
| Other Path Groups Table
| -----------------------
------------------------------------------------------------------------------------------------

Path Group    From Clock    To Clock          WNS(ns)      TNS(ns)  TNS Failing Endpoints  TNS Total Endpoints      WHS(ns)      THS(ns)  THS Failing Endpoints  THS Total Endpoints  
----------    ----------    --------          -------      -------  ---------------------  -------------------      -------      -------  ---------------------  -------------------  


------------------------------------------------------------------------------------------------
| User Ignored Path Table
| -----------------------
------------------------------------------------------------------------------------------------

Path Group    From Clock    To Clock    
----------    ----------    --------    


------------------------------------------------------------------------------------------------
| Unconstrained Path Table
| ------------------------
------------------------------------------------------------------------------------------------

Path Group    From Clock    To Clock    
----------    ----------    --------    
(none)        sys_clk_pin                 
(none)                      sys_clk_pin   


------------------------------------------------------------------------------------------------
| Timing Details
| --------------
------------------------------------------------------------------------------------------------


---------------------------------------------------------------------------------------------------
From Clock:  sys_clk_pin
  To Clock:  sys_clk_pin

Setup :            0  Failing Endpoints,  Worst Slack        6.079ns,  Total Violation        0.000ns
Hold  :            0  Failing Endpoints,  Worst Slack        0.089ns,  Total Violation        0.000ns
PW    :            0  Failing Endpoints,  Worst Slack        4.500ns,  Total Violation        0.000ns
---------------------------------------------------------------------------------------------------


Max Delay Paths
--------------------------------------------------------------------------------------
Slack (MET) :             6.079ns  (required time - arrival time)
  Source:                 u_db1/cnt_reg[5]/C
                            (rising edge-triggered cell FDCE clocked by sys_clk_pin  {rise@0.000ns fall@5.000ns period=10.000ns})
  Destination:            u_db1/cnt_reg[18]/D
                            (rising edge-triggered cell FDCE clocked by sys_clk_pin  {rise@0.000ns fall@5.000ns period=10.000ns})
  Path Group:             sys_clk_pin
  Path Type:              Setup (Max at Slow Process Corner)
  Requirement:            10.000ns  (sys_clk_pin rise@10.000ns - sys_clk_pin rise@0.000ns)
  Data Path Delay:        3.941ns  (logic 2.171ns (55.092%)  route 1.770ns (44.908%))
  Logic Levels:           5  (CARRY4=4 LUT4=1)
  Clock Path Skew:        -0.024ns (DCD - SCD + CPR)
    Destination Clock Delay (DCD):    4.859ns = ( 14.859 - 10.000 ) 
    Source Clock Delay      (SCD):    5.156ns
    Clock Pessimism Removal (CPR):    0.273ns
  Clock Uncertainty:      0.035ns  ((TSJ^2 + TIJ^2)^1/2 + DJ) / 2 + PE
    Total System Jitter     (TSJ):    0.071ns
    Total Input Jitter      (TIJ):    0.000ns
    Discrete Jitter          (DJ):    0.000ns
    Phase Error              (PE):    0.000ns

    Location             Delay type                Incr(ns)  Path(ns)    Netlist Resource(s)
  -------------------------------------------------------------------    -------------------
                         (clock sys_clk_pin rise edge)
                                                      0.000     0.000 r  
    W5                                                0.000     0.000 r  clk_sys (IN)
                         net (fo=0)                   0.000     0.000    clk_sys
    W5                   IBUF (Prop_ibuf_I_O)         1.458     1.458 r  clk_sys_IBUF_inst/O
                         net (fo=1, routed)           1.967     3.425    clk_sys_IBUF
    BUFGCTRL_X0Y0        BUFG (Prop_bufg_I_O)         0.096     3.521 r  clk_sys_IBUF_BUFG_inst/O
                         net (fo=103, routed)         1.635     5.156    u_db1/clk_sys_IBUF_BUFG
    SLICE_X6Y46          FDCE                                         r  u_db1/cnt_reg[5]/C
  -------------------------------------------------------------------    -------------------
    SLICE_X6Y46          FDCE (Prop_fdce_C_Q)         0.478     5.634 r  u_db1/cnt_reg[5]/Q
                         net (fo=2, routed)           0.775     6.409    u_db1/cnt[5]
    SLICE_X7Y47          CARRY4 (Prop_carry4_S[0]_CO[3])
                                                      0.828     7.237 r  u_db1/cnt0_carry__0/CO[3]
                         net (fo=1, routed)           0.000     7.237    u_db1/cnt0_carry__0_n_0
    SLICE_X7Y48          CARRY4 (Prop_carry4_CI_CO[3])
                                                      0.114     7.351 r  u_db1/cnt0_carry__1/CO[3]
                         net (fo=1, routed)           0.000     7.351    u_db1/cnt0_carry__1_n_0
    SLICE_X7Y49          CARRY4 (Prop_carry4_CI_CO[3])
                                                      0.114     7.465 r  u_db1/cnt0_carry__2/CO[3]
                         net (fo=1, routed)           0.001     7.466    u_db1/cnt0_carry__2_n_0
    SLICE_X7Y50          CARRY4 (Prop_carry4_CI_O[1])
                                                      0.334     7.800 r  u_db1/cnt0_carry__3/O[1]
                         net (fo=1, routed)           0.994     8.794    u_db1/data0[18]
    SLICE_X6Y49          LUT4 (Prop_lut4_I3_O)        0.303     9.097 r  u_db1/cnt[18]_i_1/O
                         net (fo=1, routed)           0.000     9.097    u_db1/cnt[18]_i_1_n_0
    SLICE_X6Y49          FDCE                                         r  u_db1/cnt_reg[18]/D
  -------------------------------------------------------------------    -------------------

                         (clock sys_clk_pin rise edge)
                                                     10.000    10.000 r  
    W5                                                0.000    10.000 r  clk_sys (IN)
                         net (fo=0)                   0.000    10.000    clk_sys
    W5                   IBUF (Prop_ibuf_I_O)         1.388    11.388 r  clk_sys_IBUF_inst/O
                         net (fo=1, routed)           1.862    13.250    clk_sys_IBUF
    BUFGCTRL_X0Y0        BUFG (Prop_bufg_I_O)         0.091    13.341 r  clk_sys_IBUF_BUFG_inst/O
                         net (fo=103, routed)         1.518    14.859    u_db1/clk_sys_IBUF_BUFG
    SLICE_X6Y49          FDCE                                         r  u_db1/cnt_reg[18]/C
                         clock pessimism              0.273    15.132    
                         clock uncertainty           -0.035    15.097    
    SLICE_X6Y49          FDCE (Setup_fdce_C_D)        0.079    15.176    u_db1/cnt_reg[18]
  -------------------------------------------------------------------
                         required time                         15.176    
                         arrival time                          -9.097    
  -------------------------------------------------------------------
                         slack                                  6.079    

Slack (MET) :             6.098ns  (required time - arrival time)
  Source:                 u_db3/cnt_reg[1]/C
                            (rising edge-triggered cell FDCE clocked by sys_clk_pin  {rise@0.000ns fall@5.000ns period=10.000ns})
  Destination:            u_db3/cnt_reg[13]/D
                            (rising edge-triggered cell FDCE clocked by sys_clk_pin  {rise@0.000ns fall@5.000ns period=10.000ns})
  Path Group:             sys_clk_pin
  Path Type:              Setup (Max at Slow Process Corner)
  Requirement:            10.000ns  (sys_clk_pin rise@10.000ns - sys_clk_pin rise@0.000ns)
  Data Path Delay:        3.942ns  (logic 1.889ns (47.920%)  route 2.053ns (52.080%))
  Logic Levels:           5  (CARRY4=4 LUT4=1)
  Clock Path Skew:        0.000ns (DCD - SCD + CPR)
    Destination Clock Delay (DCD):    4.861ns = ( 14.861 - 10.000 ) 
    Source Clock Delay      (SCD):    5.160ns
    Clock Pessimism Removal (CPR):    0.299ns
  Clock Uncertainty:      0.035ns  ((TSJ^2 + TIJ^2)^1/2 + DJ) / 2 + PE
    Total System Jitter     (TSJ):    0.071ns
    Total Input Jitter      (TIJ):    0.000ns
    Discrete Jitter          (DJ):    0.000ns
    Phase Error              (PE):    0.000ns

    Location             Delay type                Incr(ns)  Path(ns)    Netlist Resource(s)
  -------------------------------------------------------------------    -------------------
                         (clock sys_clk_pin rise edge)
                                                      0.000     0.000 r  
    W5                                                0.000     0.000 r  clk_sys (IN)
                         net (fo=0)                   0.000     0.000    clk_sys
    W5                   IBUF (Prop_ibuf_I_O)         1.458     1.458 r  clk_sys_IBUF_inst/O
                         net (fo=1, routed)           1.967     3.425    clk_sys_IBUF
    BUFGCTRL_X0Y0        BUFG (Prop_bufg_I_O)         0.096     3.521 r  clk_sys_IBUF_BUFG_inst/O
                         net (fo=103, routed)         1.639     5.160    u_db3/clk_sys_IBUF_BUFG
    SLICE_X1Y47          FDCE                                         r  u_db3/cnt_reg[1]/C
  -------------------------------------------------------------------    -------------------
    SLICE_X1Y47          FDCE (Prop_fdce_C_Q)         0.456     5.616 r  u_db3/cnt_reg[1]/Q
                         net (fo=2, routed)           0.977     6.594    u_db3/cnt_reg_n_0_[1]
    SLICE_X0Y45          CARRY4 (Prop_carry4_S[0]_CO[3])
                                                      0.656     7.250 r  u_db3/cnt0_carry/CO[3]
                         net (fo=1, routed)           0.000     7.250    u_db3/cnt0_carry_n_0
    SLICE_X0Y46          CARRY4 (Prop_carry4_CI_CO[3])
                                                      0.114     7.364 r  u_db3/cnt0_carry__0/CO[3]
                         net (fo=1, routed)           0.000     7.364    u_db3/cnt0_carry__0_n_0
    SLICE_X0Y47          CARRY4 (Prop_carry4_CI_CO[3])
                                                      0.114     7.478 r  u_db3/cnt0_carry__1/CO[3]
                         net (fo=1, routed)           0.000     7.478    u_db3/cnt0_carry__1_n_0
    SLICE_X0Y48          CARRY4 (Prop_carry4_CI_O[0])
                                                      0.222     7.700 r  u_db3/cnt0_carry__2/O[0]
                         net (fo=1, routed)           1.076     8.775    u_db3/cnt0_carry__2_n_7
    SLICE_X1Y47          LUT4 (Prop_lut4_I3_O)        0.327     9.102 r  u_db3/cnt[13]_i_1__1/O
                         net (fo=1, routed)           0.000     9.102    u_db3/cnt[13]_i_1__1_n_0
    SLICE_X1Y47          FDCE                                         r  u_db3/cnt_reg[13]/D
  -------------------------------------------------------------------    -------------------

                         (clock sys_clk_pin rise edge)
                                                     10.000    10.000 r  
    W5                                                0.000    10.000 r  clk_sys (IN)
                         net (fo=0)                   0.000    10.000    clk_sys
    W5                   IBUF (Prop_ibuf_I_O)         1.388    11.388 r  clk_sys_IBUF_inst/O
                         net (fo=1, routed)           1.862    13.250    clk_sys_IBUF
    BUFGCTRL_X0Y0        BUFG (Prop_bufg_I_O)         0.091    13.341 r  clk_sys_IBUF_BUFG_inst/O
                         net (fo=103, routed)         1.520    14.861    u_db3/clk_sys_IBUF_BUFG
    SLICE_X1Y47          FDCE                                         r  u_db3/cnt_reg[13]/C
                         clock pessimism              0.299    15.160    
                         clock uncertainty           -0.035    15.125    
    SLICE_X1Y47          FDCE (Setup_fdce_C_D)        0.075    15.200    u_db3/cnt_reg[13]
  -------------------------------------------------------------------
                         required time                         15.200    
                         arrival time                          -9.102    
  -------------------------------------------------------------------
                         slack                                  6.098    

Slack (MET) :             6.161ns  (required time - arrival time)
  Source:                 u_db3/cnt_reg[1]/C
                            (rising edge-triggered cell FDCE clocked by sys_clk_pin  {rise@0.000ns fall@5.000ns period=10.000ns})
  Destination:            u_db3/cnt_reg[14]/D
                            (rising edge-triggered cell FDCE clocked by sys_clk_pin  {rise@0.000ns fall@5.000ns period=10.000ns})
  Path Group:             sys_clk_pin
  Path Type:              Setup (Max at Slow Process Corner)
  Requirement:            10.000ns  (sys_clk_pin rise@10.000ns - sys_clk_pin rise@0.000ns)
  Data Path Delay:        3.808ns  (logic 1.977ns (51.920%)  route 1.831ns (48.080%))
  Logic Levels:           5  (CARRY4=4 LUT4=1)
  Clock Path Skew:        -0.025ns (DCD - SCD + CPR)
    Destination Clock Delay (DCD):    4.861ns = ( 14.861 - 10.000 ) 
    Source Clock Delay      (SCD):    5.160ns
    Clock Pessimism Removal (CPR):    0.274ns
  Clock Uncertainty:      0.035ns  ((TSJ^2 + TIJ^2)^1/2 + DJ) / 2 + PE
    Total System Jitter     (TSJ):    0.071ns
    Total Input Jitter      (TIJ):    0.000ns
    Discrete Jitter          (DJ):    0.000ns
    Phase Error              (PE):    0.000ns

    Location             Delay type                Incr(ns)  Path(ns)    Netlist Resource(s)
  -------------------------------------------------------------------    -------------------
                         (clock sys_clk_pin rise edge)
                                                      0.000     0.000 r  
    W5                                                0.000     0.000 r  clk_sys (IN)
                         net (fo=0)                   0.000     0.000    clk_sys
    W5                   IBUF (Prop_ibuf_I_O)         1.458     1.458 r  clk_sys_IBUF_inst/O
                         net (fo=1, routed)           1.967     3.425    clk_sys_IBUF
    BUFGCTRL_X0Y0        BUFG (Prop_bufg_I_O)         0.096     3.521 r  clk_sys_IBUF_BUFG_inst/O
                         net (fo=103, routed)         1.639     5.160    u_db3/clk_sys_IBUF_BUFG
    SLICE_X1Y47          FDCE                                         r  u_db3/cnt_reg[1]/C
  -------------------------------------------------------------------    -------------------
    SLICE_X1Y47          FDCE (Prop_fdce_C_Q)         0.456     5.616 r  u_db3/cnt_reg[1]/Q
                         net (fo=2, routed)           0.977     6.594    u_db3/cnt_reg_n_0_[1]
    SLICE_X0Y45          CARRY4 (Prop_carry4_S[0]_CO[3])
                                                      0.656     7.250 r  u_db3/cnt0_carry/CO[3]
                         net (fo=1, routed)           0.000     7.250    u_db3/cnt0_carry_n_0
    SLICE_X0Y46          CARRY4 (Prop_carry4_CI_CO[3])
                                                      0.114     7.364 r  u_db3/cnt0_carry__0/CO[3]
                         net (fo=1, routed)           0.000     7.364    u_db3/cnt0_carry__0_n_0
    SLICE_X0Y47          CARRY4 (Prop_carry4_CI_CO[3])
                                                      0.114     7.478 r  u_db3/cnt0_carry__1/CO[3]
                         net (fo=1, routed)           0.000     7.478    u_db3/cnt0_carry__1_n_0
    SLICE_X0Y48          CARRY4 (Prop_carry4_CI_O[1])
                                                      0.334     7.812 r  u_db3/cnt0_carry__2/O[1]
                         net (fo=1, routed)           0.853     8.665    u_db3/cnt0_carry__2_n_6
    SLICE_X1Y48          LUT4 (Prop_lut4_I3_O)        0.303     8.968 r  u_db3/cnt[14]_i_1__1/O
                         net (fo=1, routed)           0.000     8.968    u_db3/cnt[14]_i_1__1_n_0
    SLICE_X1Y48          FDCE                                         r  u_db3/cnt_reg[14]/D
  -------------------------------------------------------------------    -------------------

                         (clock sys_clk_pin rise edge)
                                                     10.000    10.000 r  
    W5                                                0.000    10.000 r  clk_sys (IN)
                         net (fo=0)                   0.000    10.000    clk_sys
    W5                   IBUF (Prop_ibuf_I_O)         1.388    11.388 r  clk_sys_IBUF_inst/O
                         net (fo=1, routed)           1.862    13.250    clk_sys_IBUF
    BUFGCTRL_X0Y0        BUFG (Prop_bufg_I_O)         0.091    13.341 r  clk_sys_IBUF_BUFG_inst/O
                         net (fo=103, routed)         1.520    14.861    u_db3/clk_sys_IBUF_BUFG
    SLICE_X1Y48          FDCE                                         r  u_db3/cnt_reg[14]/C
                         clock pessimism              0.274    15.135    
                         clock uncertainty           -0.035    15.100    
    SLICE_X1Y48          FDCE (Setup_fdce_C_D)        0.029    15.129    u_db3/cnt_reg[14]
  -------------------------------------------------------------------
                         required time                         15.129    
                         arrival time                          -8.968    
  -------------------------------------------------------------------
                         slack                                  6.161    

Slack (MET) :             6.237ns  (required time - arrival time)
  Source:                 u_db1/cnt_reg[14]/C
                            (rising edge-triggered cell FDCE clocked by sys_clk_pin  {rise@0.000ns fall@5.000ns period=10.000ns})
  Destination:            u_db1/cnt_reg[19]/D
                            (rising edge-triggered cell FDCE clocked by sys_clk_pin  {rise@0.000ns fall@5.000ns period=10.000ns})
  Path Group:             sys_clk_pin
  Path Type:              Setup (Max at Slow Process Corner)
  Requirement:            10.000ns  (sys_clk_pin rise@10.000ns - sys_clk_pin rise@0.000ns)
  Data Path Delay:        3.846ns  (logic 0.919ns (23.895%)  route 2.927ns (76.105%))
  Logic Levels:           3  (LUT4=2 LUT6=1)
  Clock Path Skew:        0.000ns (DCD - SCD + CPR)
    Destination Clock Delay (DCD):    4.859ns = ( 14.859 - 10.000 ) 
    Source Clock Delay      (SCD):    5.157ns
    Clock Pessimism Removal (CPR):    0.298ns
  Clock Uncertainty:      0.035ns  ((TSJ^2 + TIJ^2)^1/2 + DJ) / 2 + PE
    Total System Jitter     (TSJ):    0.071ns
    Total Input Jitter      (TIJ):    0.000ns
    Discrete Jitter          (DJ):    0.000ns
    Phase Error              (PE):    0.000ns

    Location             Delay type                Incr(ns)  Path(ns)    Netlist Resource(s)
  -------------------------------------------------------------------    -------------------
                         (clock sys_clk_pin rise edge)
                                                      0.000     0.000 r  
    W5                                                0.000     0.000 r  clk_sys (IN)
                         net (fo=0)                   0.000     0.000    clk_sys
    W5                   IBUF (Prop_ibuf_I_O)         1.458     1.458 r  clk_sys_IBUF_inst/O
                         net (fo=1, routed)           1.967     3.425    clk_sys_IBUF
    BUFGCTRL_X0Y0        BUFG (Prop_bufg_I_O)         0.096     3.521 r  clk_sys_IBUF_BUFG_inst/O
                         net (fo=103, routed)         1.636     5.157    u_db1/clk_sys_IBUF_BUFG
    SLICE_X6Y49          FDCE                                         r  u_db1/cnt_reg[14]/C
  -------------------------------------------------------------------    -------------------
    SLICE_X6Y49          FDCE (Prop_fdce_C_Q)         0.518     5.675 f  u_db1/cnt_reg[14]/Q
                         net (fo=2, routed)           0.819     6.494    u_db1/cnt[14]
    SLICE_X6Y49          LUT4 (Prop_lut4_I0_O)        0.124     6.618 r  u_db1/cnt[19]_i_6/O
                         net (fo=2, routed)           1.094     7.713    u_db1/cnt[19]_i_6_n_0
    SLICE_X6Y45          LUT6 (Prop_lut6_I3_O)        0.124     7.837 r  u_db1/cnt[19]_i_2/O
                         net (fo=20, routed)          1.013     8.850    u_db1/cnt[19]_i_2_n_0
    SLICE_X6Y49          LUT4 (Prop_lut4_I2_O)        0.153     9.003 r  u_db1/cnt[19]_i_1/O
                         net (fo=1, routed)           0.000     9.003    u_db1/cnt[19]_i_1_n_0
    SLICE_X6Y49          FDCE                                         r  u_db1/cnt_reg[19]/D
  -------------------------------------------------------------------    -------------------

                         (clock sys_clk_pin rise edge)
                                                     10.000    10.000 r  
    W5                                                0.000    10.000 r  clk_sys (IN)
                         net (fo=0)                   0.000    10.000    clk_sys
    W5                   IBUF (Prop_ibuf_I_O)         1.388    11.388 r  clk_sys_IBUF_inst/O
                         net (fo=1, routed)           1.862    13.250    clk_sys_IBUF
    BUFGCTRL_X0Y0        BUFG (Prop_bufg_I_O)         0.091    13.341 r  clk_sys_IBUF_BUFG_inst/O
                         net (fo=103, routed)         1.518    14.859    u_db1/clk_sys_IBUF_BUFG
    SLICE_X6Y49          FDCE                                         r  u_db1/cnt_reg[19]/C
                         clock pessimism              0.298    15.157    
                         clock uncertainty           -0.035    15.122    
    SLICE_X6Y49          FDCE (Setup_fdce_C_D)        0.118    15.240    u_db1/cnt_reg[19]
  -------------------------------------------------------------------
                         required time                         15.240    
                         arrival time                          -9.003    
  -------------------------------------------------------------------
                         slack                                  6.237    

Slack (MET) :             6.237ns  (required time - arrival time)
  Source:                 u_db1/cnt_reg[5]/C
                            (rising edge-triggered cell FDCE clocked by sys_clk_pin  {rise@0.000ns fall@5.000ns period=10.000ns})
  Destination:            u_db1/cnt_reg[17]/D
                            (rising edge-triggered cell FDCE clocked by sys_clk_pin  {rise@0.000ns fall@5.000ns period=10.000ns})
  Path Group:             sys_clk_pin
  Path Type:              Setup (Max at Slow Process Corner)
  Requirement:            10.000ns  (sys_clk_pin rise@10.000ns - sys_clk_pin rise@0.000ns)
  Data Path Delay:        3.822ns  (logic 2.081ns (54.451%)  route 1.741ns (45.549%))
  Logic Levels:           5  (CARRY4=4 LUT4=1)
  Clock Path Skew:        -0.024ns (DCD - SCD + CPR)
    Destination Clock Delay (DCD):    4.859ns = ( 14.859 - 10.000 ) 
    Source Clock Delay      (SCD):    5.156ns
    Clock Pessimism Removal (CPR):    0.273ns
  Clock Uncertainty:      0.035ns  ((TSJ^2 + TIJ^2)^1/2 + DJ) / 2 + PE
    Total System Jitter     (TSJ):    0.071ns
    Total Input Jitter      (TIJ):    0.000ns
    Discrete Jitter          (DJ):    0.000ns
    Phase Error              (PE):    0.000ns

    Location             Delay type                Incr(ns)  Path(ns)    Netlist Resource(s)
  -------------------------------------------------------------------    -------------------
                         (clock sys_clk_pin rise edge)
                                                      0.000     0.000 r  
    W5                                                0.000     0.000 r  clk_sys (IN)
                         net (fo=0)                   0.000     0.000    clk_sys
    W5                   IBUF (Prop_ibuf_I_O)         1.458     1.458 r  clk_sys_IBUF_inst/O
                         net (fo=1, routed)           1.967     3.425    clk_sys_IBUF
    BUFGCTRL_X0Y0        BUFG (Prop_bufg_I_O)         0.096     3.521 r  clk_sys_IBUF_BUFG_inst/O
                         net (fo=103, routed)         1.635     5.156    u_db1/clk_sys_IBUF_BUFG
    SLICE_X6Y46          FDCE                                         r  u_db1/cnt_reg[5]/C
  -------------------------------------------------------------------    -------------------
    SLICE_X6Y46          FDCE (Prop_fdce_C_Q)         0.478     5.634 r  u_db1/cnt_reg[5]/Q
                         net (fo=2, routed)           0.775     6.409    u_db1/cnt[5]
    SLICE_X7Y47          CARRY4 (Prop_carry4_S[0]_CO[3])
                                                      0.828     7.237 r  u_db1/cnt0_carry__0/CO[3]
                         net (fo=1, routed)           0.000     7.237    u_db1/cnt0_carry__0_n_0
    SLICE_X7Y48          CARRY4 (Prop_carry4_CI_CO[3])
                                                      0.114     7.351 r  u_db1/cnt0_carry__1/CO[3]
                         net (fo=1, routed)           0.000     7.351    u_db1/cnt0_carry__1_n_0
    SLICE_X7Y49          CARRY4 (Prop_carry4_CI_CO[3])
                                                      0.114     7.465 r  u_db1/cnt0_carry__2/CO[3]
                         net (fo=1, routed)           0.001     7.466    u_db1/cnt0_carry__2_n_0
    SLICE_X7Y50          CARRY4 (Prop_carry4_CI_O[0])
                                                      0.222     7.688 r  u_db1/cnt0_carry__3/O[0]
                         net (fo=1, routed)           0.965     8.653    u_db1/data0[17]
    SLICE_X6Y49          LUT4 (Prop_lut4_I3_O)        0.325     8.978 r  u_db1/cnt[17]_i_1/O
                         net (fo=1, routed)           0.000     8.978    u_db1/cnt[17]_i_1_n_0
    SLICE_X6Y49          FDCE                                         r  u_db1/cnt_reg[17]/D
  -------------------------------------------------------------------    -------------------

                         (clock sys_clk_pin rise edge)
                                                     10.000    10.000 r  
    W5                                                0.000    10.000 r  clk_sys (IN)
                         net (fo=0)                   0.000    10.000    clk_sys
    W5                   IBUF (Prop_ibuf_I_O)         1.388    11.388 r  clk_sys_IBUF_inst/O
                         net (fo=1, routed)           1.862    13.250    clk_sys_IBUF
    BUFGCTRL_X0Y0        BUFG (Prop_bufg_I_O)         0.091    13.341 r  clk_sys_IBUF_BUFG_inst/O
                         net (fo=103, routed)         1.518    14.859    u_db1/clk_sys_IBUF_BUFG
    SLICE_X6Y49          FDCE                                         r  u_db1/cnt_reg[17]/C
                         clock pessimism              0.273    15.132    
                         clock uncertainty           -0.035    15.097    
    SLICE_X6Y49          FDCE (Setup_fdce_C_D)        0.118    15.215    u_db1/cnt_reg[17]
  -------------------------------------------------------------------
                         required time                         15.215    
                         arrival time                          -8.978    
  -------------------------------------------------------------------
                         slack                                  6.237    

Slack (MET) :             6.269ns  (required time - arrival time)
  Source:                 u_db2/cnt_reg[2]/C
                            (rising edge-triggered cell FDCE clocked by sys_clk_pin  {rise@0.000ns fall@5.000ns period=10.000ns})
  Destination:            u_db2/cnt_reg[17]/D
                            (rising edge-triggered cell FDCE clocked by sys_clk_pin  {rise@0.000ns fall@5.000ns period=10.000ns})
  Path Group:             sys_clk_pin
  Path Type:              Setup (Max at Slow Process Corner)
  Requirement:            10.000ns  (sys_clk_pin rise@10.000ns - sys_clk_pin rise@0.000ns)
  Data Path Delay:        3.746ns  (logic 2.006ns (53.546%)  route 1.740ns (46.454%))
  Logic Levels:           6  (CARRY4=5 LUT4=1)
  Clock Path Skew:        -0.024ns (DCD - SCD + CPR)
    Destination Clock Delay (DCD):    4.861ns = ( 14.861 - 10.000 ) 
    Source Clock Delay      (SCD):    5.159ns
    Clock Pessimism Removal (CPR):    0.274ns
  Clock Uncertainty:      0.035ns  ((TSJ^2 + TIJ^2)^1/2 + DJ) / 2 + PE
    Total System Jitter     (TSJ):    0.071ns
    Total Input Jitter      (TIJ):    0.000ns
    Discrete Jitter          (DJ):    0.000ns
    Phase Error              (PE):    0.000ns

    Location             Delay type                Incr(ns)  Path(ns)    Netlist Resource(s)
  -------------------------------------------------------------------    -------------------
                         (clock sys_clk_pin rise edge)
                                                      0.000     0.000 r  
    W5                                                0.000     0.000 r  clk_sys (IN)
                         net (fo=0)                   0.000     0.000    clk_sys
    W5                   IBUF (Prop_ibuf_I_O)         1.458     1.458 r  clk_sys_IBUF_inst/O
                         net (fo=1, routed)           1.967     3.425    clk_sys_IBUF
    BUFGCTRL_X0Y0        BUFG (Prop_bufg_I_O)         0.096     3.521 r  clk_sys_IBUF_BUFG_inst/O
                         net (fo=103, routed)         1.638     5.159    u_db2/clk_sys_IBUF_BUFG
    SLICE_X3Y45          FDCE                                         r  u_db2/cnt_reg[2]/C
  -------------------------------------------------------------------    -------------------
    SLICE_X3Y45          FDCE (Prop_fdce_C_Q)         0.456     5.615 r  u_db2/cnt_reg[2]/Q
                         net (fo=2, routed)           0.741     6.357    u_db2/cnt_reg_n_0_[2]
    SLICE_X2Y45          CARRY4 (Prop_carry4_S[1]_CO[3])
                                                      0.657     7.014 r  u_db2/cnt0_carry/CO[3]
                         net (fo=1, routed)           0.000     7.014    u_db2/cnt0_carry_n_0
    SLICE_X2Y46          CARRY4 (Prop_carry4_CI_CO[3])
                                                      0.117     7.131 r  u_db2/cnt0_carry__0/CO[3]
                         net (fo=1, routed)           0.000     7.131    u_db2/cnt0_carry__0_n_0
    SLICE_X2Y47          CARRY4 (Prop_carry4_CI_CO[3])
                                                      0.117     7.248 r  u_db2/cnt0_carry__1/CO[3]
                         net (fo=1, routed)           0.000     7.248    u_db2/cnt0_carry__1_n_0
    SLICE_X2Y48          CARRY4 (Prop_carry4_CI_CO[3])
                                                      0.117     7.365 r  u_db2/cnt0_carry__2/CO[3]
                         net (fo=1, routed)           0.000     7.365    u_db2/cnt0_carry__2_n_0
    SLICE_X2Y49          CARRY4 (Prop_carry4_CI_O[0])
                                                      0.219     7.584 r  u_db2/cnt0_carry__3/O[0]
                         net (fo=1, routed)           0.999     8.583    u_db2/cnt0_carry__3_n_7
    SLICE_X3Y48          LUT4 (Prop_lut4_I3_O)        0.323     8.906 r  u_db2/cnt[17]_i_1__0/O
                         net (fo=1, routed)           0.000     8.906    u_db2/cnt[17]_i_1__0_n_0
    SLICE_X3Y48          FDCE                                         r  u_db2/cnt_reg[17]/D
  -------------------------------------------------------------------    -------------------

                         (clock sys_clk_pin rise edge)
                                                     10.000    10.000 r  
    W5                                                0.000    10.000 r  clk_sys (IN)
                         net (fo=0)                   0.000    10.000    clk_sys
    W5                   IBUF (Prop_ibuf_I_O)         1.388    11.388 r  clk_sys_IBUF_inst/O
                         net (fo=1, routed)           1.862    13.250    clk_sys_IBUF
    BUFGCTRL_X0Y0        BUFG (Prop_bufg_I_O)         0.091    13.341 r  clk_sys_IBUF_BUFG_inst/O
                         net (fo=103, routed)         1.520    14.861    u_db2/clk_sys_IBUF_BUFG
    SLICE_X3Y48          FDCE                                         r  u_db2/cnt_reg[17]/C
                         clock pessimism              0.274    15.135    
                         clock uncertainty           -0.035    15.100    
    SLICE_X3Y48          FDCE (Setup_fdce_C_D)        0.075    15.175    u_db2/cnt_reg[17]
  -------------------------------------------------------------------
                         required time                         15.175    
                         arrival time                          -8.906    
  -------------------------------------------------------------------
                         slack                                  6.269    

Slack (MET) :             6.300ns  (required time - arrival time)
  Source:                 u_db3/cnt_reg[1]/C
                            (rising edge-triggered cell FDCE clocked by sys_clk_pin  {rise@0.000ns fall@5.000ns period=10.000ns})
  Destination:            u_db3/cnt_reg[10]/D
                            (rising edge-triggered cell FDCE clocked by sys_clk_pin  {rise@0.000ns fall@5.000ns period=10.000ns})
  Path Group:             sys_clk_pin
  Path Type:              Setup (Max at Slow Process Corner)
  Requirement:            10.000ns  (sys_clk_pin rise@10.000ns - sys_clk_pin rise@0.000ns)
  Data Path Delay:        3.694ns  (logic 1.863ns (50.436%)  route 1.831ns (49.564%))
  Logic Levels:           4  (CARRY4=3 LUT4=1)
  Clock Path Skew:        0.000ns (DCD - SCD + CPR)
    Destination Clock Delay (DCD):    4.861ns = ( 14.861 - 10.000 ) 
    Source Clock Delay      (SCD):    5.160ns
    Clock Pessimism Removal (CPR):    0.299ns
  Clock Uncertainty:      0.035ns  ((TSJ^2 + TIJ^2)^1/2 + DJ) / 2 + PE
    Total System Jitter     (TSJ):    0.071ns
    Total Input Jitter      (TIJ):    0.000ns
    Discrete Jitter          (DJ):    0.000ns
    Phase Error              (PE):    0.000ns

    Location             Delay type                Incr(ns)  Path(ns)    Netlist Resource(s)
  -------------------------------------------------------------------    -------------------
                         (clock sys_clk_pin rise edge)
                                                      0.000     0.000 r  
    W5                                                0.000     0.000 r  clk_sys (IN)
                         net (fo=0)                   0.000     0.000    clk_sys
    W5                   IBUF (Prop_ibuf_I_O)         1.458     1.458 r  clk_sys_IBUF_inst/O
                         net (fo=1, routed)           1.967     3.425    clk_sys_IBUF
    BUFGCTRL_X0Y0        BUFG (Prop_bufg_I_O)         0.096     3.521 r  clk_sys_IBUF_BUFG_inst/O
                         net (fo=103, routed)         1.639     5.160    u_db3/clk_sys_IBUF_BUFG
    SLICE_X1Y47          FDCE                                         r  u_db3/cnt_reg[1]/C
  -------------------------------------------------------------------    -------------------
    SLICE_X1Y47          FDCE (Prop_fdce_C_Q)         0.456     5.616 r  u_db3/cnt_reg[1]/Q
                         net (fo=2, routed)           0.977     6.594    u_db3/cnt_reg_n_0_[1]
    SLICE_X0Y45          CARRY4 (Prop_carry4_S[0]_CO[3])
                                                      0.656     7.250 r  u_db3/cnt0_carry/CO[3]
                         net (fo=1, routed)           0.000     7.250    u_db3/cnt0_carry_n_0
    SLICE_X0Y46          CARRY4 (Prop_carry4_CI_CO[3])
                                                      0.114     7.364 r  u_db3/cnt0_carry__0/CO[3]
                         net (fo=1, routed)           0.000     7.364    u_db3/cnt0_carry__0_n_0
    SLICE_X0Y47          CARRY4 (Prop_carry4_CI_O[1])
                                                      0.334     7.698 r  u_db3/cnt0_carry__1/O[1]
                         net (fo=1, routed)           0.853     8.551    u_db3/cnt0_carry__1_n_6
    SLICE_X1Y47          LUT4 (Prop_lut4_I3_O)        0.303     8.854 r  u_db3/cnt[10]_i_1__1/O
                         net (fo=1, routed)           0.000     8.854    u_db3/cnt[10]_i_1__1_n_0
    SLICE_X1Y47          FDCE                                         r  u_db3/cnt_reg[10]/D
  -------------------------------------------------------------------    -------------------

                         (clock sys_clk_pin rise edge)
                                                     10.000    10.000 r  
    W5                                                0.000    10.000 r  clk_sys (IN)
                         net (fo=0)                   0.000    10.000    clk_sys
    W5                   IBUF (Prop_ibuf_I_O)         1.388    11.388 r  clk_sys_IBUF_inst/O
                         net (fo=1, routed)           1.862    13.250    clk_sys_IBUF
    BUFGCTRL_X0Y0        BUFG (Prop_bufg_I_O)         0.091    13.341 r  clk_sys_IBUF_BUFG_inst/O
                         net (fo=103, routed)         1.520    14.861    u_db3/clk_sys_IBUF_BUFG
    SLICE_X1Y47          FDCE                                         r  u_db3/cnt_reg[10]/C
                         clock pessimism              0.299    15.160    
                         clock uncertainty           -0.035    15.125    
    SLICE_X1Y47          FDCE (Setup_fdce_C_D)        0.029    15.154    u_db3/cnt_reg[10]
  -------------------------------------------------------------------
                         required time                         15.154    
                         arrival time                          -8.854    
  -------------------------------------------------------------------
                         slack                                  6.300    

Slack (MET) :             6.332ns  (required time - arrival time)
  Source:                 u_db1/cnt_reg[5]/C
                            (rising edge-triggered cell FDCE clocked by sys_clk_pin  {rise@0.000ns fall@5.000ns period=10.000ns})
  Destination:            u_db1/cnt_reg[14]/D
                            (rising edge-triggered cell FDCE clocked by sys_clk_pin  {rise@0.000ns fall@5.000ns period=10.000ns})
  Path Group:             sys_clk_pin
  Path Type:              Setup (Max at Slow Process Corner)
  Requirement:            10.000ns  (sys_clk_pin rise@10.000ns - sys_clk_pin rise@0.000ns)
  Data Path Delay:        3.685ns  (logic 2.057ns (55.813%)  route 1.628ns (44.187%))
  Logic Levels:           4  (CARRY4=3 LUT4=1)
  Clock Path Skew:        -0.024ns (DCD - SCD + CPR)
    Destination Clock Delay (DCD):    4.859ns = ( 14.859 - 10.000 ) 
    Source Clock Delay      (SCD):    5.156ns
    Clock Pessimism Removal (CPR):    0.273ns
  Clock Uncertainty:      0.035ns  ((TSJ^2 + TIJ^2)^1/2 + DJ) / 2 + PE
    Total System Jitter     (TSJ):    0.071ns
    Total Input Jitter      (TIJ):    0.000ns
    Discrete Jitter          (DJ):    0.000ns
    Phase Error              (PE):    0.000ns

    Location             Delay type                Incr(ns)  Path(ns)    Netlist Resource(s)
  -------------------------------------------------------------------    -------------------
                         (clock sys_clk_pin rise edge)
                                                      0.000     0.000 r  
    W5                                                0.000     0.000 r  clk_sys (IN)
                         net (fo=0)                   0.000     0.000    clk_sys
    W5                   IBUF (Prop_ibuf_I_O)         1.458     1.458 r  clk_sys_IBUF_inst/O
                         net (fo=1, routed)           1.967     3.425    clk_sys_IBUF
    BUFGCTRL_X0Y0        BUFG (Prop_bufg_I_O)         0.096     3.521 r  clk_sys_IBUF_BUFG_inst/O
                         net (fo=103, routed)         1.635     5.156    u_db1/clk_sys_IBUF_BUFG
    SLICE_X6Y46          FDCE                                         r  u_db1/cnt_reg[5]/C
  -------------------------------------------------------------------    -------------------
    SLICE_X6Y46          FDCE (Prop_fdce_C_Q)         0.478     5.634 r  u_db1/cnt_reg[5]/Q
                         net (fo=2, routed)           0.775     6.409    u_db1/cnt[5]
    SLICE_X7Y47          CARRY4 (Prop_carry4_S[0]_CO[3])
                                                      0.828     7.237 r  u_db1/cnt0_carry__0/CO[3]
                         net (fo=1, routed)           0.000     7.237    u_db1/cnt0_carry__0_n_0
    SLICE_X7Y48          CARRY4 (Prop_carry4_CI_CO[3])
                                                      0.114     7.351 r  u_db1/cnt0_carry__1/CO[3]
                         net (fo=1, routed)           0.000     7.351    u_db1/cnt0_carry__1_n_0
    SLICE_X7Y49          CARRY4 (Prop_carry4_CI_O[1])
                                                      0.334     7.685 r  u_db1/cnt0_carry__2/O[1]
                         net (fo=1, routed)           0.854     8.539    u_db1/data0[14]
    SLICE_X6Y49          LUT4 (Prop_lut4_I3_O)        0.303     8.842 r  u_db1/cnt[14]_i_1/O
                         net (fo=1, routed)           0.000     8.842    u_db1/cnt[14]_i_1_n_0
    SLICE_X6Y49          FDCE                                         r  u_db1/cnt_reg[14]/D
  -------------------------------------------------------------------    -------------------

                         (clock sys_clk_pin rise edge)
                                                     10.000    10.000 r  
    W5                                                0.000    10.000 r  clk_sys (IN)
                         net (fo=0)                   0.000    10.000    clk_sys
    W5                   IBUF (Prop_ibuf_I_O)         1.388    11.388 r  clk_sys_IBUF_inst/O
                         net (fo=1, routed)           1.862    13.250    clk_sys_IBUF
    BUFGCTRL_X0Y0        BUFG (Prop_bufg_I_O)         0.091    13.341 r  clk_sys_IBUF_BUFG_inst/O
                         net (fo=103, routed)         1.518    14.859    u_db1/clk_sys_IBUF_BUFG
    SLICE_X6Y49          FDCE                                         r  u_db1/cnt_reg[14]/C
                         clock pessimism              0.273    15.132    
                         clock uncertainty           -0.035    15.097    
    SLICE_X6Y49          FDCE (Setup_fdce_C_D)        0.077    15.174    u_db1/cnt_reg[14]
  -------------------------------------------------------------------
                         required time                         15.174    
                         arrival time                          -8.842    
  -------------------------------------------------------------------
                         slack                                  6.332    

Slack (MET) :             6.386ns  (required time - arrival time)
  Source:                 u_db2/cnt_reg[2]/C
                            (rising edge-triggered cell FDCE clocked by sys_clk_pin  {rise@0.000ns fall@5.000ns period=10.000ns})
  Destination:            u_db2/cnt_reg[13]/D
                            (rising edge-triggered cell FDCE clocked by sys_clk_pin  {rise@0.000ns fall@5.000ns period=10.000ns})
  Path Group:             sys_clk_pin
  Path Type:              Setup (Max at Slow Process Corner)
  Requirement:            10.000ns  (sys_clk_pin rise@10.000ns - sys_clk_pin rise@0.000ns)
  Data Path Delay:        3.629ns  (logic 1.889ns (52.048%)  route 1.740ns (47.952%))
  Logic Levels:           5  (CARRY4=4 LUT4=1)
  Clock Path Skew:        -0.024ns (DCD - SCD + CPR)
    Destination Clock Delay (DCD):    4.861ns = ( 14.861 - 10.000 ) 
    Source Clock Delay      (SCD):    5.159ns
    Clock Pessimism Removal (CPR):    0.274ns
  Clock Uncertainty:      0.035ns  ((TSJ^2 + TIJ^2)^1/2 + DJ) / 2 + PE
    Total System Jitter     (TSJ):    0.071ns
    Total Input Jitter      (TIJ):    0.000ns
    Discrete Jitter          (DJ):    0.000ns
    Phase Error              (PE):    0.000ns

    Location             Delay type                Incr(ns)  Path(ns)    Netlist Resource(s)
  -------------------------------------------------------------------    -------------------
                         (clock sys_clk_pin rise edge)
                                                      0.000     0.000 r  
    W5                                                0.000     0.000 r  clk_sys (IN)
                         net (fo=0)                   0.000     0.000    clk_sys
    W5                   IBUF (Prop_ibuf_I_O)         1.458     1.458 r  clk_sys_IBUF_inst/O
                         net (fo=1, routed)           1.967     3.425    clk_sys_IBUF
    BUFGCTRL_X0Y0        BUFG (Prop_bufg_I_O)         0.096     3.521 r  clk_sys_IBUF_BUFG_inst/O
                         net (fo=103, routed)         1.638     5.159    u_db2/clk_sys_IBUF_BUFG
    SLICE_X3Y45          FDCE                                         r  u_db2/cnt_reg[2]/C
  -------------------------------------------------------------------    -------------------
    SLICE_X3Y45          FDCE (Prop_fdce_C_Q)         0.456     5.615 r  u_db2/cnt_reg[2]/Q
                         net (fo=2, routed)           0.741     6.357    u_db2/cnt_reg_n_0_[2]
    SLICE_X2Y45          CARRY4 (Prop_carry4_S[1]_CO[3])
                                                      0.657     7.014 r  u_db2/cnt0_carry/CO[3]
                         net (fo=1, routed)           0.000     7.014    u_db2/cnt0_carry_n_0
    SLICE_X2Y46          CARRY4 (Prop_carry4_CI_CO[3])
                                                      0.117     7.131 r  u_db2/cnt0_carry__0/CO[3]
                         net (fo=1, routed)           0.000     7.131    u_db2/cnt0_carry__0_n_0
    SLICE_X2Y47          CARRY4 (Prop_carry4_CI_CO[3])
                                                      0.117     7.248 r  u_db2/cnt0_carry__1/CO[3]
                         net (fo=1, routed)           0.000     7.248    u_db2/cnt0_carry__1_n_0
    SLICE_X2Y48          CARRY4 (Prop_carry4_CI_O[0])
                                                      0.219     7.467 r  u_db2/cnt0_carry__2/O[0]
                         net (fo=1, routed)           0.999     8.466    u_db2/cnt0_carry__2_n_7
    SLICE_X3Y47          LUT4 (Prop_lut4_I3_O)        0.323     8.789 r  u_db2/cnt[13]_i_1__0/O
                         net (fo=1, routed)           0.000     8.789    u_db2/cnt[13]_i_1__0_n_0
    SLICE_X3Y47          FDCE                                         r  u_db2/cnt_reg[13]/D
  -------------------------------------------------------------------    -------------------

                         (clock sys_clk_pin rise edge)
                                                     10.000    10.000 r  
    W5                                                0.000    10.000 r  clk_sys (IN)
                         net (fo=0)                   0.000    10.000    clk_sys
    W5                   IBUF (Prop_ibuf_I_O)         1.388    11.388 r  clk_sys_IBUF_inst/O
                         net (fo=1, routed)           1.862    13.250    clk_sys_IBUF
    BUFGCTRL_X0Y0        BUFG (Prop_bufg_I_O)         0.091    13.341 r  clk_sys_IBUF_BUFG_inst/O
                         net (fo=103, routed)         1.520    14.861    u_db2/clk_sys_IBUF_BUFG
    SLICE_X3Y47          FDCE                                         r  u_db2/cnt_reg[13]/C
                         clock pessimism              0.274    15.135    
                         clock uncertainty           -0.035    15.100    
    SLICE_X3Y47          FDCE (Setup_fdce_C_D)        0.075    15.175    u_db2/cnt_reg[13]
  -------------------------------------------------------------------
                         required time                         15.175    
                         arrival time                          -8.789    
  -------------------------------------------------------------------
                         slack                                  6.386    

Slack (MET) :             6.389ns  (required time - arrival time)
  Source:                 u_db3/cnt_reg[1]/C
                            (rising edge-triggered cell FDCE clocked by sys_clk_pin  {rise@0.000ns fall@5.000ns period=10.000ns})
  Destination:            u_db3/cnt_reg[16]/D
                            (rising edge-triggered cell FDCE clocked by sys_clk_pin  {rise@0.000ns fall@5.000ns period=10.000ns})
  Path Group:             sys_clk_pin
  Path Type:              Setup (Max at Slow Process Corner)
  Requirement:            10.000ns  (sys_clk_pin rise@10.000ns - sys_clk_pin rise@0.000ns)
  Data Path Delay:        3.625ns  (logic 1.987ns (54.810%)  route 1.638ns (45.190%))
  Logic Levels:           5  (CARRY4=4 LUT4=1)
  Clock Path Skew:        -0.025ns (DCD - SCD + CPR)
    Destination Clock Delay (DCD):    4.861ns = ( 14.861 - 10.000 ) 
    Source Clock Delay      (SCD):    5.160ns
    Clock Pessimism Removal (CPR):    0.274ns
  Clock Uncertainty:      0.035ns  ((TSJ^2 + TIJ^2)^1/2 + DJ) / 2 + PE
    Total System Jitter     (TSJ):    0.071ns
    Total Input Jitter      (TIJ):    0.000ns
    Discrete Jitter          (DJ):    0.000ns
    Phase Error              (PE):    0.000ns

    Location             Delay type                Incr(ns)  Path(ns)    Netlist Resource(s)
  -------------------------------------------------------------------    -------------------
                         (clock sys_clk_pin rise edge)
                                                      0.000     0.000 r  
    W5                                                0.000     0.000 r  clk_sys (IN)
                         net (fo=0)                   0.000     0.000    clk_sys
    W5                   IBUF (Prop_ibuf_I_O)         1.458     1.458 r  clk_sys_IBUF_inst/O
                         net (fo=1, routed)           1.967     3.425    clk_sys_IBUF
    BUFGCTRL_X0Y0        BUFG (Prop_bufg_I_O)         0.096     3.521 r  clk_sys_IBUF_BUFG_inst/O
                         net (fo=103, routed)         1.639     5.160    u_db3/clk_sys_IBUF_BUFG
    SLICE_X1Y47          FDCE                                         r  u_db3/cnt_reg[1]/C
  -------------------------------------------------------------------    -------------------
    SLICE_X1Y47          FDCE (Prop_fdce_C_Q)         0.456     5.616 r  u_db3/cnt_reg[1]/Q
                         net (fo=2, routed)           0.977     6.594    u_db3/cnt_reg_n_0_[1]
    SLICE_X0Y45          CARRY4 (Prop_carry4_S[0]_CO[3])
                                                      0.656     7.250 r  u_db3/cnt0_carry/CO[3]
                         net (fo=1, routed)           0.000     7.250    u_db3/cnt0_carry_n_0
    SLICE_X0Y46          CARRY4 (Prop_carry4_CI_CO[3])
                                                      0.114     7.364 r  u_db3/cnt0_carry__0/CO[3]
                         net (fo=1, routed)           0.000     7.364    u_db3/cnt0_carry__0_n_0
    SLICE_X0Y47          CARRY4 (Prop_carry4_CI_CO[3])
                                                      0.114     7.478 r  u_db3/cnt0_carry__1/CO[3]
                         net (fo=1, routed)           0.000     7.478    u_db3/cnt0_carry__1_n_0
    SLICE_X0Y48          CARRY4 (Prop_carry4_CI_O[3])
                                                      0.313     7.791 r  u_db3/cnt0_carry__2/O[3]
                         net (fo=1, routed)           0.661     8.452    u_db3/cnt0_carry__2_n_4
    SLICE_X1Y48          LUT4 (Prop_lut4_I3_O)        0.334     8.786 r  u_db3/cnt[16]_i_1__1/O
                         net (fo=1, routed)           0.000     8.786    u_db3/cnt[16]_i_1__1_n_0
    SLICE_X1Y48          FDCE                                         r  u_db3/cnt_reg[16]/D
  -------------------------------------------------------------------    -------------------

                         (clock sys_clk_pin rise edge)
                                                     10.000    10.000 r  
    W5                                                0.000    10.000 r  clk_sys (IN)
                         net (fo=0)                   0.000    10.000    clk_sys
    W5                   IBUF (Prop_ibuf_I_O)         1.388    11.388 r  clk_sys_IBUF_inst/O
                         net (fo=1, routed)           1.862    13.250    clk_sys_IBUF
    BUFGCTRL_X0Y0        BUFG (Prop_bufg_I_O)         0.091    13.341 r  clk_sys_IBUF_BUFG_inst/O
                         net (fo=103, routed)         1.520    14.861    u_db3/clk_sys_IBUF_BUFG
    SLICE_X1Y48          FDCE                                         r  u_db3/cnt_reg[16]/C
                         clock pessimism              0.274    15.135    
                         clock uncertainty           -0.035    15.100    
    SLICE_X1Y48          FDCE (Setup_fdce_C_D)        0.075    15.175    u_db3/cnt_reg[16]
  -------------------------------------------------------------------
                         required time                         15.175    
                         arrival time                          -8.786    
  -------------------------------------------------------------------
                         slack                                  6.389    





Min Delay Paths
--------------------------------------------------------------------------------------
Slack (MET) :             0.089ns  (arrival time - required time)
  Source:                 div_cnt_reg[6]/C
                            (rising edge-triggered cell FDCE clocked by sys_clk_pin  {rise@0.000ns fall@5.000ns period=10.000ns})
  Destination:            div_cnt_reg[3]/D
                            (rising edge-triggered cell FDCE clocked by sys_clk_pin  {rise@0.000ns fall@5.000ns period=10.000ns})
  Path Group:             sys_clk_pin
  Path Type:              Hold (Min at Fast Process Corner)
  Requirement:            0.000ns  (sys_clk_pin rise@0.000ns - sys_clk_pin rise@0.000ns)
  Data Path Delay:        0.454ns  (logic 0.186ns (40.939%)  route 0.268ns (59.061%))
  Logic Levels:           1  (LUT6=1)
  Clock Path Skew:        0.273ns (DCD - SCD - CPR)
    Destination Clock Delay (DCD):    1.992ns
    Source Clock Delay      (SCD):    1.475ns
    Clock Pessimism Removal (CPR):    0.244ns

    Location             Delay type                Incr(ns)  Path(ns)    Netlist Resource(s)
  -------------------------------------------------------------------    -------------------
                         (clock sys_clk_pin rise edge)
                                                      0.000     0.000 r  
    W5                                                0.000     0.000 r  clk_sys (IN)
                         net (fo=0)                   0.000     0.000    clk_sys
    W5                   IBUF (Prop_ibuf_I_O)         0.226     0.226 r  clk_sys_IBUF_inst/O
                         net (fo=1, routed)           0.631     0.858    clk_sys_IBUF
    BUFGCTRL_X0Y0        BUFG (Prop_bufg_I_O)         0.026     0.884 r  clk_sys_IBUF_BUFG_inst/O
                         net (fo=103, routed)         0.592     1.475    clk_sys_IBUF_BUFG
    SLICE_X5Y50          FDCE                                         r  div_cnt_reg[6]/C
  -------------------------------------------------------------------    -------------------
    SLICE_X5Y50          FDCE (Prop_fdce_C_Q)         0.141     1.616 f  div_cnt_reg[6]/Q
                         net (fo=5, routed)           0.268     1.885    div_cnt_reg_n_0_[6]
    SLICE_X4Y49          LUT6 (Prop_lut6_I1_O)        0.045     1.930 r  div_cnt[3]_i_1/O
                         net (fo=1, routed)           0.000     1.930    div_cnt[3]
    SLICE_X4Y49          FDCE                                         r  div_cnt_reg[3]/D
  -------------------------------------------------------------------    -------------------

                         (clock sys_clk_pin rise edge)
                                                      0.000     0.000 r  
    W5                                                0.000     0.000 r  clk_sys (IN)
                         net (fo=0)                   0.000     0.000    clk_sys
    W5                   IBUF (Prop_ibuf_I_O)         0.414     0.414 r  clk_sys_IBUF_inst/O
                         net (fo=1, routed)           0.685     1.099    clk_sys_IBUF
    BUFGCTRL_X0Y0        BUFG (Prop_bufg_I_O)         0.029     1.128 r  clk_sys_IBUF_BUFG_inst/O
                         net (fo=103, routed)         0.865     1.992    clk_sys_IBUF_BUFG
    SLICE_X4Y49          FDCE                                         r  div_cnt_reg[3]/C
                         clock pessimism             -0.244     1.748    
    SLICE_X4Y49          FDCE (Hold_fdce_C_D)         0.092     1.840    div_cnt_reg[3]
  -------------------------------------------------------------------
                         required time                         -1.840    
                         arrival time                           1.930    
  -------------------------------------------------------------------
                         slack                                  0.089    

Slack (MET) :             0.200ns  (arrival time - required time)
  Source:                 u_servo/pwm_cnt_reg[0]/C
                            (rising edge-triggered cell FDCE clocked by sys_clk_pin  {rise@0.000ns fall@5.000ns period=10.000ns})
  Destination:            u_servo/pwm_cnt_reg[3]/D
                            (rising edge-triggered cell FDCE clocked by sys_clk_pin  {rise@0.000ns fall@5.000ns period=10.000ns})
  Path Group:             sys_clk_pin
  Path Type:              Hold (Min at Fast Process Corner)
  Requirement:            0.000ns  (sys_clk_pin rise@0.000ns - sys_clk_pin rise@0.000ns)
  Data Path Delay:        0.320ns  (logic 0.189ns (59.039%)  route 0.131ns (40.961%))
  Logic Levels:           1  (LUT5=1)
  Clock Path Skew:        0.013ns (DCD - SCD - CPR)
    Destination Clock Delay (DCD):    1.990ns
    Source Clock Delay      (SCD):    1.475ns
    Clock Pessimism Removal (CPR):    0.502ns

    Location             Delay type                Incr(ns)  Path(ns)    Netlist Resource(s)
  -------------------------------------------------------------------    -------------------
                         (clock sys_clk_pin rise edge)
                                                      0.000     0.000 r  
    W5                                                0.000     0.000 r  clk_sys (IN)
                         net (fo=0)                   0.000     0.000    clk_sys
    W5                   IBUF (Prop_ibuf_I_O)         0.226     0.226 r  clk_sys_IBUF_inst/O
                         net (fo=1, routed)           0.631     0.858    clk_sys_IBUF
    BUFGCTRL_X0Y0        BUFG (Prop_bufg_I_O)         0.026     0.884 r  clk_sys_IBUF_BUFG_inst/O
                         net (fo=103, routed)         0.592     1.475    u_servo/clk_sys_IBUF_BUFG
    SLICE_X4Y41          FDCE                                         r  u_servo/pwm_cnt_reg[0]/C
  -------------------------------------------------------------------    -------------------
    SLICE_X4Y41          FDCE (Prop_fdce_C_Q)         0.141     1.616 r  u_servo/pwm_cnt_reg[0]/Q
                         net (fo=9, routed)           0.131     1.747    u_servo/pwm_cnt_reg[0]
    SLICE_X5Y41          LUT5 (Prop_lut5_I1_O)        0.048     1.795 r  u_servo/pwm_cnt[3]_i_1/O
                         net (fo=1, routed)           0.000     1.795    u_servo/p_0_in[3]
    SLICE_X5Y41          FDCE                                         r  u_servo/pwm_cnt_reg[3]/D
  -------------------------------------------------------------------    -------------------

                         (clock sys_clk_pin rise edge)
                                                      0.000     0.000 r  
    W5                                                0.000     0.000 r  clk_sys (IN)
                         net (fo=0)                   0.000     0.000    clk_sys
    W5                   IBUF (Prop_ibuf_I_O)         0.414     0.414 r  clk_sys_IBUF_inst/O
                         net (fo=1, routed)           0.685     1.099    clk_sys_IBUF
    BUFGCTRL_X0Y0        BUFG (Prop_bufg_I_O)         0.029     1.128 r  clk_sys_IBUF_BUFG_inst/O
                         net (fo=103, routed)         0.863     1.990    u_servo/clk_sys_IBUF_BUFG
    SLICE_X5Y41          FDCE                                         r  u_servo/pwm_cnt_reg[3]/C
                         clock pessimism             -0.502     1.488    
    SLICE_X5Y41          FDCE (Hold_fdce_C_D)         0.107     1.595    u_servo/pwm_cnt_reg[3]
  -------------------------------------------------------------------
                         required time                         -1.595    
                         arrival time                           1.795    
  -------------------------------------------------------------------
                         slack                                  0.200    

Slack (MET) :             0.213ns  (arrival time - required time)
  Source:                 u_servo/pwm_cnt_reg[0]/C
                            (rising edge-triggered cell FDCE clocked by sys_clk_pin  {rise@0.000ns fall@5.000ns period=10.000ns})
  Destination:            u_servo/pwm_cnt_reg[2]/D
                            (rising edge-triggered cell FDCE clocked by sys_clk_pin  {rise@0.000ns fall@5.000ns period=10.000ns})
  Path Group:             sys_clk_pin
  Path Type:              Hold (Min at Fast Process Corner)
  Requirement:            0.000ns  (sys_clk_pin rise@0.000ns - sys_clk_pin rise@0.000ns)
  Data Path Delay:        0.317ns  (logic 0.186ns (58.652%)  route 0.131ns (41.348%))
  Logic Levels:           1  (LUT4=1)
  Clock Path Skew:        0.013ns (DCD - SCD - CPR)
    Destination Clock Delay (DCD):    1.990ns
    Source Clock Delay      (SCD):    1.475ns
    Clock Pessimism Removal (CPR):    0.502ns

    Location             Delay type                Incr(ns)  Path(ns)    Netlist Resource(s)
  -------------------------------------------------------------------    -------------------
                         (clock sys_clk_pin rise edge)
                                                      0.000     0.000 r  
    W5                                                0.000     0.000 r  clk_sys (IN)
                         net (fo=0)                   0.000     0.000    clk_sys
    W5                   IBUF (Prop_ibuf_I_O)         0.226     0.226 r  clk_sys_IBUF_inst/O
                         net (fo=1, routed)           0.631     0.858    clk_sys_IBUF
    BUFGCTRL_X0Y0        BUFG (Prop_bufg_I_O)         0.026     0.884 r  clk_sys_IBUF_BUFG_inst/O
                         net (fo=103, routed)         0.592     1.475    u_servo/clk_sys_IBUF_BUFG
    SLICE_X4Y41          FDCE                                         r  u_servo/pwm_cnt_reg[0]/C
  -------------------------------------------------------------------    -------------------
    SLICE_X4Y41          FDCE (Prop_fdce_C_Q)         0.141     1.616 r  u_servo/pwm_cnt_reg[0]/Q
                         net (fo=9, routed)           0.131     1.747    u_servo/pwm_cnt_reg[0]
    SLICE_X5Y41          LUT4 (Prop_lut4_I2_O)        0.045     1.792 r  u_servo/pwm_cnt[2]_i_1/O
                         net (fo=1, routed)           0.000     1.792    u_servo/p_0_in[2]
    SLICE_X5Y41          FDCE                                         r  u_servo/pwm_cnt_reg[2]/D
  -------------------------------------------------------------------    -------------------

                         (clock sys_clk_pin rise edge)
                                                      0.000     0.000 r  
    W5                                                0.000     0.000 r  clk_sys (IN)
                         net (fo=0)                   0.000     0.000    clk_sys
    W5                   IBUF (Prop_ibuf_I_O)         0.414     0.414 r  clk_sys_IBUF_inst/O
                         net (fo=1, routed)           0.685     1.099    clk_sys_IBUF
    BUFGCTRL_X0Y0        BUFG (Prop_bufg_I_O)         0.029     1.128 r  clk_sys_IBUF_BUFG_inst/O
                         net (fo=103, routed)         0.863     1.990    u_servo/clk_sys_IBUF_BUFG
    SLICE_X5Y41          FDCE                                         r  u_servo/pwm_cnt_reg[2]/C
                         clock pessimism             -0.502     1.488    
    SLICE_X5Y41          FDCE (Hold_fdce_C_D)         0.091     1.579    u_servo/pwm_cnt_reg[2]
  -------------------------------------------------------------------
                         required time                         -1.579    
                         arrival time                           1.792    
  -------------------------------------------------------------------
                         slack                                  0.213    

Slack (MET) :             0.213ns  (arrival time - required time)
  Source:                 u_servo/pwm_cnt_reg[0]/C
                            (rising edge-triggered cell FDCE clocked by sys_clk_pin  {rise@0.000ns fall@5.000ns period=10.000ns})
  Destination:            u_servo/pwm_cnt_reg[4]/D
                            (rising edge-triggered cell FDCE clocked by sys_clk_pin  {rise@0.000ns fall@5.000ns period=10.000ns})
  Path Group:             sys_clk_pin
  Path Type:              Hold (Min at Fast Process Corner)
  Requirement:            0.000ns  (sys_clk_pin rise@0.000ns - sys_clk_pin rise@0.000ns)
  Data Path Delay:        0.318ns  (logic 0.186ns (58.467%)  route 0.132ns (41.533%))
  Logic Levels:           1  (LUT6=1)
  Clock Path Skew:        0.013ns (DCD - SCD - CPR)
    Destination Clock Delay (DCD):    1.990ns
    Source Clock Delay      (SCD):    1.475ns
    Clock Pessimism Removal (CPR):    0.502ns

    Location             Delay type                Incr(ns)  Path(ns)    Netlist Resource(s)
  -------------------------------------------------------------------    -------------------
                         (clock sys_clk_pin rise edge)
                                                      0.000     0.000 r  
    W5                                                0.000     0.000 r  clk_sys (IN)
                         net (fo=0)                   0.000     0.000    clk_sys
    W5                   IBUF (Prop_ibuf_I_O)         0.226     0.226 r  clk_sys_IBUF_inst/O
                         net (fo=1, routed)           0.631     0.858    clk_sys_IBUF
    BUFGCTRL_X0Y0        BUFG (Prop_bufg_I_O)         0.026     0.884 r  clk_sys_IBUF_BUFG_inst/O
                         net (fo=103, routed)         0.592     1.475    u_servo/clk_sys_IBUF_BUFG
    SLICE_X4Y41          FDCE                                         r  u_servo/pwm_cnt_reg[0]/C
  -------------------------------------------------------------------    -------------------
    SLICE_X4Y41          FDCE (Prop_fdce_C_Q)         0.141     1.616 r  u_servo/pwm_cnt_reg[0]/Q
                         net (fo=9, routed)           0.132     1.748    u_servo/pwm_cnt_reg[0]
    SLICE_X5Y41          LUT6 (Prop_lut6_I3_O)        0.045     1.793 r  u_servo/pwm_cnt[4]_i_1/O
                         net (fo=1, routed)           0.000     1.793    u_servo/p_0_in[4]
    SLICE_X5Y41          FDCE                                         r  u_servo/pwm_cnt_reg[4]/D
  -------------------------------------------------------------------    -------------------

                         (clock sys_clk_pin rise edge)
                                                      0.000     0.000 r  
    W5                                                0.000     0.000 r  clk_sys (IN)
                         net (fo=0)                   0.000     0.000    clk_sys
    W5                   IBUF (Prop_ibuf_I_O)         0.414     0.414 r  clk_sys_IBUF_inst/O
                         net (fo=1, routed)           0.685     1.099    clk_sys_IBUF
    BUFGCTRL_X0Y0        BUFG (Prop_bufg_I_O)         0.029     1.128 r  clk_sys_IBUF_BUFG_inst/O
                         net (fo=103, routed)         0.863     1.990    u_servo/clk_sys_IBUF_BUFG
    SLICE_X5Y41          FDCE                                         r  u_servo/pwm_cnt_reg[4]/C
                         clock pessimism             -0.502     1.488    
    SLICE_X5Y41          FDCE (Hold_fdce_C_D)         0.092     1.580    u_servo/pwm_cnt_reg[4]
  -------------------------------------------------------------------
                         required time                         -1.580    
                         arrival time                           1.793    
  -------------------------------------------------------------------
                         slack                                  0.213    

Slack (MET) :             0.245ns  (arrival time - required time)
  Source:                 u_db1/sync_reg[0]/C
                            (rising edge-triggered cell FDRE clocked by sys_clk_pin  {rise@0.000ns fall@5.000ns period=10.000ns})
  Destination:            u_db1/sync_reg[1]/D
                            (rising edge-triggered cell FDRE clocked by sys_clk_pin  {rise@0.000ns fall@5.000ns period=10.000ns})
  Path Group:             sys_clk_pin
  Path Type:              Hold (Min at Fast Process Corner)
  Requirement:            0.000ns  (sys_clk_pin rise@0.000ns - sys_clk_pin rise@0.000ns)
  Data Path Delay:        0.311ns  (logic 0.141ns (45.298%)  route 0.170ns (54.702%))
  Logic Levels:           0  
  Clock Path Skew:        0.000ns (DCD - SCD - CPR)
    Destination Clock Delay (DCD):    1.992ns
    Source Clock Delay      (SCD):    1.477ns
    Clock Pessimism Removal (CPR):    0.515ns

    Location             Delay type                Incr(ns)  Path(ns)    Netlist Resource(s)
  -------------------------------------------------------------------    -------------------
                         (clock sys_clk_pin rise edge)
                                                      0.000     0.000 r  
    W5                                                0.000     0.000 r  clk_sys (IN)
                         net (fo=0)                   0.000     0.000    clk_sys
    W5                   IBUF (Prop_ibuf_I_O)         0.226     0.226 r  clk_sys_IBUF_inst/O
                         net (fo=1, routed)           0.631     0.858    clk_sys_IBUF
    BUFGCTRL_X0Y0        BUFG (Prop_bufg_I_O)         0.026     0.884 r  clk_sys_IBUF_BUFG_inst/O
                         net (fo=103, routed)         0.594     1.477    u_db1/clk_sys_IBUF_BUFG
    SLICE_X1Y42          FDRE                                         r  u_db1/sync_reg[0]/C
  -------------------------------------------------------------------    -------------------
    SLICE_X1Y42          FDRE (Prop_fdre_C_Q)         0.141     1.618 r  u_db1/sync_reg[0]/Q
                         net (fo=1, routed)           0.170     1.788    u_db1/sync[0]
    SLICE_X1Y42          FDRE                                         r  u_db1/sync_reg[1]/D
  -------------------------------------------------------------------    -------------------

                         (clock sys_clk_pin rise edge)
                                                      0.000     0.000 r  
    W5                                                0.000     0.000 r  clk_sys (IN)
                         net (fo=0)                   0.000     0.000    clk_sys
    W5                   IBUF (Prop_ibuf_I_O)         0.414     0.414 r  clk_sys_IBUF_inst/O
                         net (fo=1, routed)           0.685     1.099    clk_sys_IBUF
    BUFGCTRL_X0Y0        BUFG (Prop_bufg_I_O)         0.029     1.128 r  clk_sys_IBUF_BUFG_inst/O
                         net (fo=103, routed)         0.865     1.992    u_db1/clk_sys_IBUF_BUFG
    SLICE_X1Y42          FDRE                                         r  u_db1/sync_reg[1]/C
                         clock pessimism             -0.515     1.477    
    SLICE_X1Y42          FDRE (Hold_fdre_C_D)         0.066     1.543    u_db1/sync_reg[1]
  -------------------------------------------------------------------
                         required time                         -1.543    
                         arrival time                           1.788    
  -------------------------------------------------------------------
                         slack                                  0.245    

Slack (MET) :             0.250ns  (arrival time - required time)
  Source:                 div_cnt_reg[6]/C
                            (rising edge-triggered cell FDCE clocked by sys_clk_pin  {rise@0.000ns fall@5.000ns period=10.000ns})
  Destination:            div_cnt_reg[6]/D
                            (rising edge-triggered cell FDCE clocked by sys_clk_pin  {rise@0.000ns fall@5.000ns period=10.000ns})
  Path Group:             sys_clk_pin
  Path Type:              Hold (Min at Fast Process Corner)
  Requirement:            0.000ns  (sys_clk_pin rise@0.000ns - sys_clk_pin rise@0.000ns)
  Data Path Delay:        0.342ns  (logic 0.186ns (54.316%)  route 0.156ns (45.684%))
  Logic Levels:           1  (LUT6=1)
  Clock Path Skew:        0.000ns (DCD - SCD - CPR)
    Destination Clock Delay (DCD):    1.990ns
    Source Clock Delay      (SCD):    1.475ns
    Clock Pessimism Removal (CPR):    0.515ns

    Location             Delay type                Incr(ns)  Path(ns)    Netlist Resource(s)
  -------------------------------------------------------------------    -------------------
                         (clock sys_clk_pin rise edge)
                                                      0.000     0.000 r  
    W5                                                0.000     0.000 r  clk_sys (IN)
                         net (fo=0)                   0.000     0.000    clk_sys
    W5                   IBUF (Prop_ibuf_I_O)         0.226     0.226 r  clk_sys_IBUF_inst/O
                         net (fo=1, routed)           0.631     0.858    clk_sys_IBUF
    BUFGCTRL_X0Y0        BUFG (Prop_bufg_I_O)         0.026     0.884 r  clk_sys_IBUF_BUFG_inst/O
                         net (fo=103, routed)         0.592     1.475    clk_sys_IBUF_BUFG
    SLICE_X5Y50          FDCE                                         r  div_cnt_reg[6]/C
  -------------------------------------------------------------------    -------------------
    SLICE_X5Y50          FDCE (Prop_fdce_C_Q)         0.141     1.616 r  div_cnt_reg[6]/Q
                         net (fo=5, routed)           0.156     1.773    div_cnt_reg_n_0_[6]
    SLICE_X5Y50          LUT6 (Prop_lut6_I3_O)        0.045     1.818 r  div_cnt[6]_i_1/O
                         net (fo=1, routed)           0.000     1.818    div_cnt[6]
    SLICE_X5Y50          FDCE                                         r  div_cnt_reg[6]/D
  -------------------------------------------------------------------    -------------------

                         (clock sys_clk_pin rise edge)
                                                      0.000     0.000 r  
    W5                                                0.000     0.000 r  clk_sys (IN)
                         net (fo=0)                   0.000     0.000    clk_sys
    W5                   IBUF (Prop_ibuf_I_O)         0.414     0.414 r  clk_sys_IBUF_inst/O
                         net (fo=1, routed)           0.685     1.099    clk_sys_IBUF
    BUFGCTRL_X0Y0        BUFG (Prop_bufg_I_O)         0.029     1.128 r  clk_sys_IBUF_BUFG_inst/O
                         net (fo=103, routed)         0.863     1.990    clk_sys_IBUF_BUFG
    SLICE_X5Y50          FDCE                                         r  div_cnt_reg[6]/C
                         clock pessimism             -0.515     1.475    
    SLICE_X5Y50          FDCE (Hold_fdce_C_D)         0.092     1.567    div_cnt_reg[6]
  -------------------------------------------------------------------
                         required time                         -1.567    
                         arrival time                           1.818    
  -------------------------------------------------------------------
                         slack                                  0.250    

Slack (MET) :             0.259ns  (arrival time - required time)
  Source:                 div_cnt_reg[7]/C
                            (rising edge-triggered cell FDCE clocked by sys_clk_pin  {rise@0.000ns fall@5.000ns period=10.000ns})
  Destination:            div_cnt_reg[9]/D
                            (rising edge-triggered cell FDCE clocked by sys_clk_pin  {rise@0.000ns fall@5.000ns period=10.000ns})
  Path Group:             sys_clk_pin
  Path Type:              Hold (Min at Fast Process Corner)
  Requirement:            0.000ns  (sys_clk_pin rise@0.000ns - sys_clk_pin rise@0.000ns)
  Data Path Delay:        0.639ns  (logic 0.228ns (35.708%)  route 0.411ns (64.292%))
  Logic Levels:           2  (LUT5=1 LUT6=1)
  Clock Path Skew:        0.273ns (DCD - SCD - CPR)
    Destination Clock Delay (DCD):    1.992ns
    Source Clock Delay      (SCD):    1.475ns
    Clock Pessimism Removal (CPR):    0.244ns

    Location             Delay type                Incr(ns)  Path(ns)    Netlist Resource(s)
  -------------------------------------------------------------------    -------------------
                         (clock sys_clk_pin rise edge)
                                                      0.000     0.000 r  
    W5                                                0.000     0.000 r  clk_sys (IN)
                         net (fo=0)                   0.000     0.000    clk_sys
    W5                   IBUF (Prop_ibuf_I_O)         0.226     0.226 r  clk_sys_IBUF_inst/O
                         net (fo=1, routed)           0.631     0.858    clk_sys_IBUF
    BUFGCTRL_X0Y0        BUFG (Prop_bufg_I_O)         0.026     0.884 r  clk_sys_IBUF_BUFG_inst/O
                         net (fo=103, routed)         0.592     1.475    clk_sys_IBUF_BUFG
    SLICE_X5Y50          FDCE                                         r  div_cnt_reg[7]/C
  -------------------------------------------------------------------    -------------------
    SLICE_X5Y50          FDCE (Prop_fdce_C_Q)         0.141     1.616 f  div_cnt_reg[7]/Q
                         net (fo=5, routed)           0.175     1.791    div_cnt_reg_n_0_[7]
    SLICE_X5Y49          LUT6 (Prop_lut6_I4_O)        0.045     1.836 r  div_cnt[9]_i_2/O
                         net (fo=3, routed)           0.236     2.072    div_cnt[9]_i_2_n_0
    SLICE_X4Y49          LUT5 (Prop_lut5_I2_O)        0.042     2.114 r  div_cnt[9]_i_1/O
                         net (fo=1, routed)           0.000     2.114    div_cnt[9]
    SLICE_X4Y49          FDCE                                         r  div_cnt_reg[9]/D
  -------------------------------------------------------------------    -------------------

                         (clock sys_clk_pin rise edge)
                                                      0.000     0.000 r  
    W5                                                0.000     0.000 r  clk_sys (IN)
                         net (fo=0)                   0.000     0.000    clk_sys
    W5                   IBUF (Prop_ibuf_I_O)         0.414     0.414 r  clk_sys_IBUF_inst/O
                         net (fo=1, routed)           0.685     1.099    clk_sys_IBUF
    BUFGCTRL_X0Y0        BUFG (Prop_bufg_I_O)         0.029     1.128 r  clk_sys_IBUF_BUFG_inst/O
                         net (fo=103, routed)         0.865     1.992    clk_sys_IBUF_BUFG
    SLICE_X4Y49          FDCE                                         r  div_cnt_reg[9]/C
                         clock pessimism             -0.244     1.748    
    SLICE_X4Y49          FDCE (Hold_fdce_C_D)         0.107     1.855    div_cnt_reg[9]
  -------------------------------------------------------------------
                         required time                         -1.855    
                         arrival time                           2.114    
  -------------------------------------------------------------------
                         slack                                  0.259    

Slack (MET) :             0.263ns  (arrival time - required time)
  Source:                 div_cnt_reg[5]/C
                            (rising edge-triggered cell FDCE clocked by sys_clk_pin  {rise@0.000ns fall@5.000ns period=10.000ns})
  Destination:            div_cnt_reg[5]/D
                            (rising edge-triggered cell FDCE clocked by sys_clk_pin  {rise@0.000ns fall@5.000ns period=10.000ns})
  Path Group:             sys_clk_pin
  Path Type:              Hold (Min at Fast Process Corner)
  Requirement:            0.000ns  (sys_clk_pin rise@0.000ns - sys_clk_pin rise@0.000ns)
  Data Path Delay:        0.354ns  (logic 0.186ns (52.498%)  route 0.168ns (47.502%))
  Logic Levels:           1  (LUT6=1)
  Clock Path Skew:        0.000ns (DCD - SCD - CPR)
    Destination Clock Delay (DCD):    1.990ns
    Source Clock Delay      (SCD):    1.475ns
    Clock Pessimism Removal (CPR):    0.515ns

    Location             Delay type                Incr(ns)  Path(ns)    Netlist Resource(s)
  -------------------------------------------------------------------    -------------------
                         (clock sys_clk_pin rise edge)
                                                      0.000     0.000 r  
    W5                                                0.000     0.000 r  clk_sys (IN)
                         net (fo=0)                   0.000     0.000    clk_sys
    W5                   IBUF (Prop_ibuf_I_O)         0.226     0.226 r  clk_sys_IBUF_inst/O
                         net (fo=1, routed)           0.631     0.858    clk_sys_IBUF
    BUFGCTRL_X0Y0        BUFG (Prop_bufg_I_O)         0.026     0.884 r  clk_sys_IBUF_BUFG_inst/O
                         net (fo=103, routed)         0.592     1.475    clk_sys_IBUF_BUFG
    SLICE_X5Y50          FDCE                                         r  div_cnt_reg[5]/C
  -------------------------------------------------------------------    -------------------
    SLICE_X5Y50          FDCE (Prop_fdce_C_Q)         0.141     1.616 r  div_cnt_reg[5]/Q
                         net (fo=4, routed)           0.168     1.785    div_cnt_reg_n_0_[5]
    SLICE_X5Y50          LUT6 (Prop_lut6_I2_O)        0.045     1.830 r  div_cnt[5]_i_1/O
                         net (fo=1, routed)           0.000     1.830    div_cnt[5]
    SLICE_X5Y50          FDCE                                         r  div_cnt_reg[5]/D
  -------------------------------------------------------------------    -------------------

                         (clock sys_clk_pin rise edge)
                                                      0.000     0.000 r  
    W5                                                0.000     0.000 r  clk_sys (IN)
                         net (fo=0)                   0.000     0.000    clk_sys
    W5                   IBUF (Prop_ibuf_I_O)         0.414     0.414 r  clk_sys_IBUF_inst/O
                         net (fo=1, routed)           0.685     1.099    clk_sys_IBUF
    BUFGCTRL_X0Y0        BUFG (Prop_bufg_I_O)         0.029     1.128 r  clk_sys_IBUF_BUFG_inst/O
                         net (fo=103, routed)         0.863     1.990    clk_sys_IBUF_BUFG
    SLICE_X5Y50          FDCE                                         r  div_cnt_reg[5]/C
                         clock pessimism             -0.515     1.475    
    SLICE_X5Y50          FDCE (Hold_fdce_C_D)         0.091     1.566    div_cnt_reg[5]
  -------------------------------------------------------------------
                         required time                         -1.566    
                         arrival time                           1.830    
  -------------------------------------------------------------------
                         slack                                  0.263    

Slack (MET) :             0.278ns  (arrival time - required time)
  Source:                 div_cnt_reg[7]/C
                            (rising edge-triggered cell FDCE clocked by sys_clk_pin  {rise@0.000ns fall@5.000ns period=10.000ns})
  Destination:            div_cnt_reg[8]/D
                            (rising edge-triggered cell FDCE clocked by sys_clk_pin  {rise@0.000ns fall@5.000ns period=10.000ns})
  Path Group:             sys_clk_pin
  Path Type:              Hold (Min at Fast Process Corner)
  Requirement:            0.000ns  (sys_clk_pin rise@0.000ns - sys_clk_pin rise@0.000ns)
  Data Path Delay:        0.642ns  (logic 0.231ns (36.009%)  route 0.411ns (63.991%))
  Logic Levels:           2  (LUT5=1 LUT6=1)
  Clock Path Skew:        0.273ns (DCD - SCD - CPR)
    Destination Clock Delay (DCD):    1.992ns
    Source Clock Delay      (SCD):    1.475ns
    Clock Pessimism Removal (CPR):    0.244ns

    Location             Delay type                Incr(ns)  Path(ns)    Netlist Resource(s)
  -------------------------------------------------------------------    -------------------
                         (clock sys_clk_pin rise edge)
                                                      0.000     0.000 r  
    W5                                                0.000     0.000 r  clk_sys (IN)
                         net (fo=0)                   0.000     0.000    clk_sys
    W5                   IBUF (Prop_ibuf_I_O)         0.226     0.226 r  clk_sys_IBUF_inst/O
                         net (fo=1, routed)           0.631     0.858    clk_sys_IBUF
    BUFGCTRL_X0Y0        BUFG (Prop_bufg_I_O)         0.026     0.884 r  clk_sys_IBUF_BUFG_inst/O
                         net (fo=103, routed)         0.592     1.475    clk_sys_IBUF_BUFG
    SLICE_X5Y50          FDCE                                         r  div_cnt_reg[7]/C
  -------------------------------------------------------------------    -------------------
    SLICE_X5Y50          FDCE (Prop_fdce_C_Q)         0.141     1.616 f  div_cnt_reg[7]/Q
                         net (fo=5, routed)           0.175     1.791    div_cnt_reg_n_0_[7]
    SLICE_X5Y49          LUT6 (Prop_lut6_I4_O)        0.045     1.836 r  div_cnt[9]_i_2/O
                         net (fo=3, routed)           0.236     2.072    div_cnt[9]_i_2_n_0
    SLICE_X4Y49          LUT5 (Prop_lut5_I2_O)        0.045     2.117 r  div_cnt[8]_i_1/O
                         net (fo=1, routed)           0.000     2.117    div_cnt[8]
    SLICE_X4Y49          FDCE                                         r  div_cnt_reg[8]/D
  -------------------------------------------------------------------    -------------------

                         (clock sys_clk_pin rise edge)
                                                      0.000     0.000 r  
    W5                                                0.000     0.000 r  clk_sys (IN)
                         net (fo=0)                   0.000     0.000    clk_sys
    W5                   IBUF (Prop_ibuf_I_O)         0.414     0.414 r  clk_sys_IBUF_inst/O
                         net (fo=1, routed)           0.685     1.099    clk_sys_IBUF
    BUFGCTRL_X0Y0        BUFG (Prop_bufg_I_O)         0.029     1.128 r  clk_sys_IBUF_BUFG_inst/O
                         net (fo=103, routed)         0.865     1.992    clk_sys_IBUF_BUFG
    SLICE_X4Y49          FDCE                                         r  div_cnt_reg[8]/C
                         clock pessimism             -0.244     1.748    
    SLICE_X4Y49          FDCE (Hold_fdce_C_D)         0.091     1.839    div_cnt_reg[8]
  -------------------------------------------------------------------
                         required time                         -1.839    
                         arrival time                           2.117    
  -------------------------------------------------------------------
                         slack                                  0.278    

Slack (MET) :             0.291ns  (arrival time - required time)
  Source:                 div_cnt_reg[3]/C
                            (rising edge-triggered cell FDCE clocked by sys_clk_pin  {rise@0.000ns fall@5.000ns period=10.000ns})
  Destination:            div_cnt_reg[7]/D
                            (rising edge-triggered cell FDCE clocked by sys_clk_pin  {rise@0.000ns fall@5.000ns period=10.000ns})
  Path Group:             sys_clk_pin
  Path Type:              Hold (Min at Fast Process Corner)
  Requirement:            0.000ns  (sys_clk_pin rise@0.000ns - sys_clk_pin rise@0.000ns)
  Data Path Delay:        0.652ns  (logic 0.186ns (28.546%)  route 0.466ns (71.454%))
  Logic Levels:           1  (LUT6=1)
  Clock Path Skew:        0.269ns (DCD - SCD - CPR)
    Destination Clock Delay (DCD):    1.990ns
    Source Clock Delay      (SCD):    1.477ns
    Clock Pessimism Removal (CPR):    0.244ns

    Location             Delay type                Incr(ns)  Path(ns)    Netlist Resource(s)
  -------------------------------------------------------------------    -------------------
                         (clock sys_clk_pin rise edge)
                                                      0.000     0.000 r  
    W5                                                0.000     0.000 r  clk_sys (IN)
                         net (fo=0)                   0.000     0.000    clk_sys
    W5                   IBUF (Prop_ibuf_I_O)         0.226     0.226 r  clk_sys_IBUF_inst/O
                         net (fo=1, routed)           0.631     0.858    clk_sys_IBUF
    BUFGCTRL_X0Y0        BUFG (Prop_bufg_I_O)         0.026     0.884 r  clk_sys_IBUF_BUFG_inst/O
                         net (fo=103, routed)         0.594     1.477    clk_sys_IBUF_BUFG
    SLICE_X4Y49          FDCE                                         r  div_cnt_reg[3]/C
  -------------------------------------------------------------------    -------------------
    SLICE_X4Y49          FDCE (Prop_fdce_C_Q)         0.141     1.618 r  div_cnt_reg[3]/Q
                         net (fo=9, routed)           0.466     2.084    div_cnt_reg_n_0_[3]
    SLICE_X5Y50          LUT6 (Prop_lut6_I0_O)        0.045     2.129 r  div_cnt[7]_i_1/O
                         net (fo=1, routed)           0.000     2.129    div_cnt[7]
    SLICE_X5Y50          FDCE                                         r  div_cnt_reg[7]/D
  -------------------------------------------------------------------    -------------------

                         (clock sys_clk_pin rise edge)
                                                      0.000     0.000 r  
    W5                                                0.000     0.000 r  clk_sys (IN)
                         net (fo=0)                   0.000     0.000    clk_sys
    W5                   IBUF (Prop_ibuf_I_O)         0.414     0.414 r  clk_sys_IBUF_inst/O
                         net (fo=1, routed)           0.685     1.099    clk_sys_IBUF
    BUFGCTRL_X0Y0        BUFG (Prop_bufg_I_O)         0.029     1.128 r  clk_sys_IBUF_BUFG_inst/O
                         net (fo=103, routed)         0.863     1.990    clk_sys_IBUF_BUFG
    SLICE_X5Y50          FDCE                                         r  div_cnt_reg[7]/C
                         clock pessimism             -0.244     1.746    
    SLICE_X5Y50          FDCE (Hold_fdce_C_D)         0.092     1.838    div_cnt_reg[7]
  -------------------------------------------------------------------
                         required time                         -1.838    
                         arrival time                           2.129    
  -------------------------------------------------------------------
                         slack                                  0.291    





Pulse Width Checks
--------------------------------------------------------------------------------------
Clock Name:         sys_clk_pin
Waveform(ns):       { 0.000 5.000 }
Period(ns):         10.000
Sources:            { clk_sys }

Check Type        Corner  Lib Pin  Reference Pin  Required(ns)  Actual(ns)  Slack(ns)  Location       Pin
Min Period        n/a     BUFG/I   n/a            2.155         10.000      7.845      BUFGCTRL_X0Y0  clk_sys_IBUF_BUFG_inst/I
Min Period        n/a     FDCE/C   n/a            1.000         10.000      9.000      SLICE_X5Y49    div_cnt_reg[0]/C
Min Period        n/a     FDCE/C   n/a            1.000         10.000      9.000      SLICE_X5Y49    div_cnt_reg[1]/C
Min Period        n/a     FDCE/C   n/a            1.000         10.000      9.000      SLICE_X5Y49    div_cnt_reg[2]/C
Min Period        n/a     FDCE/C   n/a            1.000         10.000      9.000      SLICE_X4Y49    div_cnt_reg[3]/C
Min Period        n/a     FDCE/C   n/a            1.000         10.000      9.000      SLICE_X5Y49    div_cnt_reg[4]/C
Min Period        n/a     FDCE/C   n/a            1.000         10.000      9.000      SLICE_X5Y50    div_cnt_reg[5]/C
Min Period        n/a     FDCE/C   n/a            1.000         10.000      9.000      SLICE_X5Y50    div_cnt_reg[6]/C
Min Period        n/a     FDCE/C   n/a            1.000         10.000      9.000      SLICE_X5Y50    div_cnt_reg[7]/C
Min Period        n/a     FDCE/C   n/a            1.000         10.000      9.000      SLICE_X4Y49    div_cnt_reg[8]/C
Low Pulse Width   Slow    FDCE/C   n/a            0.500         5.000       4.500      SLICE_X5Y49    div_cnt_reg[0]/C
Low Pulse Width   Fast    FDCE/C   n/a            0.500         5.000       4.500      SLICE_X5Y49    div_cnt_reg[0]/C
Low Pulse Width   Slow    FDCE/C   n/a            0.500         5.000       4.500      SLICE_X5Y49    div_cnt_reg[1]/C
Low Pulse Width   Fast    FDCE/C   n/a            0.500         5.000       4.500      SLICE_X5Y49    div_cnt_reg[1]/C
Low Pulse Width   Slow    FDCE/C   n/a            0.500         5.000       4.500      SLICE_X5Y49    div_cnt_reg[2]/C
Low Pulse Width   Fast    FDCE/C   n/a            0.500         5.000       4.500      SLICE_X5Y49    div_cnt_reg[2]/C
Low Pulse Width   Slow    FDCE/C   n/a            0.500         5.000       4.500      SLICE_X4Y49    div_cnt_reg[3]/C
Low Pulse Width   Fast    FDCE/C   n/a            0.500         5.000       4.500      SLICE_X4Y49    div_cnt_reg[3]/C
Low Pulse Width   Slow    FDCE/C   n/a            0.500         5.000       4.500      SLICE_X5Y49    div_cnt_reg[4]/C
Low Pulse Width   Fast    FDCE/C   n/a            0.500         5.000       4.500      SLICE_X5Y49    div_cnt_reg[4]/C
High Pulse Width  Slow    FDCE/C   n/a            0.500         5.000       4.500      SLICE_X5Y49    div_cnt_reg[0]/C
High Pulse Width  Fast    FDCE/C   n/a            0.500         5.000       4.500      SLICE_X5Y49    div_cnt_reg[0]/C
High Pulse Width  Slow    FDCE/C   n/a            0.500         5.000       4.500      SLICE_X5Y49    div_cnt_reg[1]/C
High Pulse Width  Fast    FDCE/C   n/a            0.500         5.000       4.500      SLICE_X5Y49    div_cnt_reg[1]/C
High Pulse Width  Slow    FDCE/C   n/a            0.500         5.000       4.500      SLICE_X5Y49    div_cnt_reg[2]/C
High Pulse Width  Fast    FDCE/C   n/a            0.500         5.000       4.500      SLICE_X5Y49    div_cnt_reg[2]/C
High Pulse Width  Slow    FDCE/C   n/a            0.500         5.000       4.500      SLICE_X4Y49    div_cnt_reg[3]/C
High Pulse Width  Fast    FDCE/C   n/a            0.500         5.000       4.500      SLICE_X4Y49    div_cnt_reg[3]/C
High Pulse Width  Slow    FDCE/C   n/a            0.500         5.000       4.500      SLICE_X5Y49    div_cnt_reg[4]/C
High Pulse Width  Fast    FDCE/C   n/a            0.500         5.000       4.500      SLICE_X5Y49    div_cnt_reg[4]/C



--------------------------------------------------------------------------------------
Path Group:  (none)
From Clock:  sys_clk_pin
  To Clock:  

Max Delay             1 Endpoint
Min Delay             1 Endpoint
--------------------------------------------------------------------------------------


Max Delay Paths
--------------------------------------------------------------------------------------
Slack:                    inf
  Source:                 u_servo/Servo_reg/C
                            (rising edge-triggered cell FDCE clocked by sys_clk_pin  {rise@0.000ns fall@5.000ns period=10.000ns})
  Destination:            Servo
                            (output port)
  Path Group:             (none)
  Path Type:              Max at Slow Process Corner
  Data Path Delay:        8.784ns  (logic 3.961ns (45.095%)  route 4.823ns (54.905%))
  Logic Levels:           1  (OBUF=1)
  Clock Uncertainty:      0.025ns  ((TSJ^2 + TIJ^2)^1/2 + DJ) / 2 + PE
    Total System Jitter     (TSJ):    0.050ns
    Total Input Jitter      (TIJ):    0.000ns
    Discrete Jitter          (DJ):    0.000ns
    Phase Error              (PE):    0.000ns

    Location             Delay type                Incr(ns)  Path(ns)    Netlist Resource(s)
  -------------------------------------------------------------------    -------------------
                         (clock sys_clk_pin rise edge)
                                                      0.000     0.000 r  
    W5                                                0.000     0.000 r  clk_sys (IN)
                         net (fo=0)                   0.000     0.000    clk_sys
    W5                   IBUF (Prop_ibuf_I_O)         1.458     1.458 r  clk_sys_IBUF_inst/O
                         net (fo=1, routed)           1.967     3.425    clk_sys_IBUF
    BUFGCTRL_X0Y0        BUFG (Prop_bufg_I_O)         0.096     3.521 r  clk_sys_IBUF_BUFG_inst/O
                         net (fo=103, routed)         1.635     5.156    u_servo/clk_sys_IBUF_BUFG
    SLICE_X4Y43          FDCE                                         r  u_servo/Servo_reg/C
  -------------------------------------------------------------------    -------------------
    SLICE_X4Y43          FDCE (Prop_fdce_C_Q)         0.456     5.612 r  u_servo/Servo_reg/Q
                         net (fo=1, routed)           4.823    10.435    Servo_OBUF
    J1                   OBUF (Prop_obuf_I_O)         3.505    13.940 r  Servo_OBUF_inst/O
                         net (fo=0)                   0.000    13.940    Servo
    J1                                                                r  Servo (OUT)
  -------------------------------------------------------------------    -------------------





Min Delay Paths
--------------------------------------------------------------------------------------
Slack:                    inf
  Source:                 u_servo/Servo_reg/C
                            (rising edge-triggered cell FDCE clocked by sys_clk_pin  {rise@0.000ns fall@5.000ns period=10.000ns})
  Destination:            Servo
                            (output port)
  Path Group:             (none)
  Path Type:              Min at Fast Process Corner
  Data Path Delay:        3.248ns  (logic 1.347ns (41.479%)  route 1.901ns (58.521%))
  Logic Levels:           1  (OBUF=1)
  Clock Uncertainty:      0.025ns  ((TSJ^2 + TIJ^2)^1/2 + DJ) / 2 + PE
    Total System Jitter     (TSJ):    0.050ns
    Total Input Jitter      (TIJ):    0.000ns
    Discrete Jitter          (DJ):    0.000ns
    Phase Error              (PE):    0.000ns

    Location             Delay type                Incr(ns)  Path(ns)    Netlist Resource(s)
  -------------------------------------------------------------------    -------------------
                         (clock sys_clk_pin rise edge)
                                                      0.000     0.000 r  
    W5                                                0.000     0.000 r  clk_sys (IN)
                         net (fo=0)                   0.000     0.000    clk_sys
    W5                   IBUF (Prop_ibuf_I_O)         0.226     0.226 r  clk_sys_IBUF_inst/O
                         net (fo=1, routed)           0.631     0.858    clk_sys_IBUF
    BUFGCTRL_X0Y0        BUFG (Prop_bufg_I_O)         0.026     0.884 r  clk_sys_IBUF_BUFG_inst/O
                         net (fo=103, routed)         0.593     1.476    u_servo/clk_sys_IBUF_BUFG
    SLICE_X4Y43          FDCE                                         r  u_servo/Servo_reg/C
  -------------------------------------------------------------------    -------------------
    SLICE_X4Y43          FDCE (Prop_fdce_C_Q)         0.141     1.617 r  u_servo/Servo_reg/Q
                         net (fo=1, routed)           1.901     3.518    Servo_OBUF
    J1                   OBUF (Prop_obuf_I_O)         1.206     4.724 r  Servo_OBUF_inst/O
                         net (fo=0)                   0.000     4.724    Servo
    J1                                                                r  Servo (OUT)
  -------------------------------------------------------------------    -------------------





--------------------------------------------------------------------------------------
Path Group:  (none)
From Clock:  
  To Clock:  sys_clk_pin

Max Delay           100 Endpoints
Min Delay           100 Endpoints
--------------------------------------------------------------------------------------


Max Delay Paths
--------------------------------------------------------------------------------------
Slack:                    inf
  Source:                 reset
                            (input port)
  Destination:            u_db1/cnt_reg[10]/CLR
                            (recovery check against rising-edge clock sys_clk_pin  {rise@0.000ns fall@5.000ns period=10.000ns})
  Path Group:             (none)
  Path Type:              Recovery (Max at Slow Process Corner)
  Data Path Delay:        4.971ns  (logic 1.441ns (28.993%)  route 3.530ns (71.007%))
  Logic Levels:           1  (IBUF=1)
  Clock Path Skew:        4.859ns (DCD - SCD + CPR)
    Destination Clock Delay (DCD):    4.859ns
    Source Clock Delay      (SCD):    0.000ns
    Clock Pessimism Removal (CPR):    0.000ns
  Clock Uncertainty:      0.025ns  ((TSJ^2 + TIJ^2)^1/2 + DJ) / 2 + PE
    Total System Jitter     (TSJ):    0.050ns
    Total Input Jitter      (TIJ):    0.000ns
    Discrete Jitter          (DJ):    0.000ns
    Phase Error              (PE):    0.000ns

    Location             Delay type                Incr(ns)  Path(ns)    Netlist Resource(s)
  -------------------------------------------------------------------    -------------------
    U18                                               0.000     0.000 f  reset (IN)
                         net (fo=0)                   0.000     0.000    reset
    U18                  IBUF (Prop_ibuf_I_O)         1.441     1.441 f  reset_IBUF_inst/O
                         net (fo=97, routed)          3.530     4.971    u_db1/reset_IBUF
    SLICE_X6Y48          FDCE                                         f  u_db1/cnt_reg[10]/CLR
  -------------------------------------------------------------------    -------------------

                         (clock sys_clk_pin rise edge)
                                                      0.000     0.000 r  
    W5                                                0.000     0.000 r  clk_sys (IN)
                         net (fo=0)                   0.000     0.000    clk_sys
    W5                   IBUF (Prop_ibuf_I_O)         1.388     1.388 r  clk_sys_IBUF_inst/O
                         net (fo=1, routed)           1.862     3.250    clk_sys_IBUF
    BUFGCTRL_X0Y0        BUFG (Prop_bufg_I_O)         0.091     3.341 r  clk_sys_IBUF_BUFG_inst/O
                         net (fo=103, routed)         1.518     4.859    u_db1/clk_sys_IBUF_BUFG
    SLICE_X6Y48          FDCE                                         r  u_db1/cnt_reg[10]/C

Slack:                    inf
  Source:                 reset
                            (input port)
  Destination:            u_db1/cnt_reg[11]/CLR
                            (recovery check against rising-edge clock sys_clk_pin  {rise@0.000ns fall@5.000ns period=10.000ns})
  Path Group:             (none)
  Path Type:              Recovery (Max at Slow Process Corner)
  Data Path Delay:        4.971ns  (logic 1.441ns (28.993%)  route 3.530ns (71.007%))
  Logic Levels:           1  (IBUF=1)
  Clock Path Skew:        4.859ns (DCD - SCD + CPR)
    Destination Clock Delay (DCD):    4.859ns
    Source Clock Delay      (SCD):    0.000ns
    Clock Pessimism Removal (CPR):    0.000ns
  Clock Uncertainty:      0.025ns  ((TSJ^2 + TIJ^2)^1/2 + DJ) / 2 + PE
    Total System Jitter     (TSJ):    0.050ns
    Total Input Jitter      (TIJ):    0.000ns
    Discrete Jitter          (DJ):    0.000ns
    Phase Error              (PE):    0.000ns

    Location             Delay type                Incr(ns)  Path(ns)    Netlist Resource(s)
  -------------------------------------------------------------------    -------------------
    U18                                               0.000     0.000 f  reset (IN)
                         net (fo=0)                   0.000     0.000    reset
    U18                  IBUF (Prop_ibuf_I_O)         1.441     1.441 f  reset_IBUF_inst/O
                         net (fo=97, routed)          3.530     4.971    u_db1/reset_IBUF
    SLICE_X6Y48          FDCE                                         f  u_db1/cnt_reg[11]/CLR
  -------------------------------------------------------------------    -------------------

                         (clock sys_clk_pin rise edge)
                                                      0.000     0.000 r  
    W5                                                0.000     0.000 r  clk_sys (IN)
                         net (fo=0)                   0.000     0.000    clk_sys
    W5                   IBUF (Prop_ibuf_I_O)         1.388     1.388 r  clk_sys_IBUF_inst/O
                         net (fo=1, routed)           1.862     3.250    clk_sys_IBUF
    BUFGCTRL_X0Y0        BUFG (Prop_bufg_I_O)         0.091     3.341 r  clk_sys_IBUF_BUFG_inst/O
                         net (fo=103, routed)         1.518     4.859    u_db1/clk_sys_IBUF_BUFG
    SLICE_X6Y48          FDCE                                         r  u_db1/cnt_reg[11]/C

Slack:                    inf
  Source:                 reset
                            (input port)
  Destination:            u_db1/cnt_reg[12]/CLR
                            (recovery check against rising-edge clock sys_clk_pin  {rise@0.000ns fall@5.000ns period=10.000ns})
  Path Group:             (none)
  Path Type:              Recovery (Max at Slow Process Corner)
  Data Path Delay:        4.971ns  (logic 1.441ns (28.993%)  route 3.530ns (71.007%))
  Logic Levels:           1  (IBUF=1)
  Clock Path Skew:        4.859ns (DCD - SCD + CPR)
    Destination Clock Delay (DCD):    4.859ns
    Source Clock Delay      (SCD):    0.000ns
    Clock Pessimism Removal (CPR):    0.000ns
  Clock Uncertainty:      0.025ns  ((TSJ^2 + TIJ^2)^1/2 + DJ) / 2 + PE
    Total System Jitter     (TSJ):    0.050ns
    Total Input Jitter      (TIJ):    0.000ns
    Discrete Jitter          (DJ):    0.000ns
    Phase Error              (PE):    0.000ns

    Location             Delay type                Incr(ns)  Path(ns)    Netlist Resource(s)
  -------------------------------------------------------------------    -------------------
    U18                                               0.000     0.000 f  reset (IN)
                         net (fo=0)                   0.000     0.000    reset
    U18                  IBUF (Prop_ibuf_I_O)         1.441     1.441 f  reset_IBUF_inst/O
                         net (fo=97, routed)          3.530     4.971    u_db1/reset_IBUF
    SLICE_X6Y48          FDCE                                         f  u_db1/cnt_reg[12]/CLR
  -------------------------------------------------------------------    -------------------

                         (clock sys_clk_pin rise edge)
                                                      0.000     0.000 r  
    W5                                                0.000     0.000 r  clk_sys (IN)
                         net (fo=0)                   0.000     0.000    clk_sys
    W5                   IBUF (Prop_ibuf_I_O)         1.388     1.388 r  clk_sys_IBUF_inst/O
                         net (fo=1, routed)           1.862     3.250    clk_sys_IBUF
    BUFGCTRL_X0Y0        BUFG (Prop_bufg_I_O)         0.091     3.341 r  clk_sys_IBUF_BUFG_inst/O
                         net (fo=103, routed)         1.518     4.859    u_db1/clk_sys_IBUF_BUFG
    SLICE_X6Y48          FDCE                                         r  u_db1/cnt_reg[12]/C

Slack:                    inf
  Source:                 reset
                            (input port)
  Destination:            u_db1/cnt_reg[13]/CLR
                            (recovery check against rising-edge clock sys_clk_pin  {rise@0.000ns fall@5.000ns period=10.000ns})
  Path Group:             (none)
  Path Type:              Recovery (Max at Slow Process Corner)
  Data Path Delay:        4.971ns  (logic 1.441ns (28.993%)  route 3.530ns (71.007%))
  Logic Levels:           1  (IBUF=1)
  Clock Path Skew:        4.859ns (DCD - SCD + CPR)
    Destination Clock Delay (DCD):    4.859ns
    Source Clock Delay      (SCD):    0.000ns
    Clock Pessimism Removal (CPR):    0.000ns
  Clock Uncertainty:      0.025ns  ((TSJ^2 + TIJ^2)^1/2 + DJ) / 2 + PE
    Total System Jitter     (TSJ):    0.050ns
    Total Input Jitter      (TIJ):    0.000ns
    Discrete Jitter          (DJ):    0.000ns
    Phase Error              (PE):    0.000ns

    Location             Delay type                Incr(ns)  Path(ns)    Netlist Resource(s)
  -------------------------------------------------------------------    -------------------
    U18                                               0.000     0.000 f  reset (IN)
                         net (fo=0)                   0.000     0.000    reset
    U18                  IBUF (Prop_ibuf_I_O)         1.441     1.441 f  reset_IBUF_inst/O
                         net (fo=97, routed)          3.530     4.971    u_db1/reset_IBUF
    SLICE_X6Y48          FDCE                                         f  u_db1/cnt_reg[13]/CLR
  -------------------------------------------------------------------    -------------------

                         (clock sys_clk_pin rise edge)
                                                      0.000     0.000 r  
    W5                                                0.000     0.000 r  clk_sys (IN)
                         net (fo=0)                   0.000     0.000    clk_sys
    W5                   IBUF (Prop_ibuf_I_O)         1.388     1.388 r  clk_sys_IBUF_inst/O
                         net (fo=1, routed)           1.862     3.250    clk_sys_IBUF
    BUFGCTRL_X0Y0        BUFG (Prop_bufg_I_O)         0.091     3.341 r  clk_sys_IBUF_BUFG_inst/O
                         net (fo=103, routed)         1.518     4.859    u_db1/clk_sys_IBUF_BUFG
    SLICE_X6Y48          FDCE                                         r  u_db1/cnt_reg[13]/C

Slack:                    inf
  Source:                 reset
                            (input port)
  Destination:            u_db1/cnt_reg[14]/CLR
                            (recovery check against rising-edge clock sys_clk_pin  {rise@0.000ns fall@5.000ns period=10.000ns})
  Path Group:             (none)
  Path Type:              Recovery (Max at Slow Process Corner)
  Data Path Delay:        4.824ns  (logic 1.441ns (29.879%)  route 3.382ns (70.121%))
  Logic Levels:           1  (IBUF=1)
  Clock Path Skew:        4.859ns (DCD - SCD + CPR)
    Destination Clock Delay (DCD):    4.859ns
    Source Clock Delay      (SCD):    0.000ns
    Clock Pessimism Removal (CPR):    0.000ns
  Clock Uncertainty:      0.025ns  ((TSJ^2 + TIJ^2)^1/2 + DJ) / 2 + PE
    Total System Jitter     (TSJ):    0.050ns
    Total Input Jitter      (TIJ):    0.000ns
    Discrete Jitter          (DJ):    0.000ns
    Phase Error              (PE):    0.000ns

    Location             Delay type                Incr(ns)  Path(ns)    Netlist Resource(s)
  -------------------------------------------------------------------    -------------------
    U18                                               0.000     0.000 f  reset (IN)
                         net (fo=0)                   0.000     0.000    reset
    U18                  IBUF (Prop_ibuf_I_O)         1.441     1.441 f  reset_IBUF_inst/O
                         net (fo=97, routed)          3.382     4.824    u_db1/reset_IBUF
    SLICE_X6Y49          FDCE                                         f  u_db1/cnt_reg[14]/CLR
  -------------------------------------------------------------------    -------------------

                         (clock sys_clk_pin rise edge)
                                                      0.000     0.000 r  
    W5                                                0.000     0.000 r  clk_sys (IN)
                         net (fo=0)                   0.000     0.000    clk_sys
    W5                   IBUF (Prop_ibuf_I_O)         1.388     1.388 r  clk_sys_IBUF_inst/O
                         net (fo=1, routed)           1.862     3.250    clk_sys_IBUF
    BUFGCTRL_X0Y0        BUFG (Prop_bufg_I_O)         0.091     3.341 r  clk_sys_IBUF_BUFG_inst/O
                         net (fo=103, routed)         1.518     4.859    u_db1/clk_sys_IBUF_BUFG
    SLICE_X6Y49          FDCE                                         r  u_db1/cnt_reg[14]/C

Slack:                    inf
  Source:                 reset
                            (input port)
  Destination:            u_db1/cnt_reg[15]/CLR
                            (recovery check against rising-edge clock sys_clk_pin  {rise@0.000ns fall@5.000ns period=10.000ns})
  Path Group:             (none)
  Path Type:              Recovery (Max at Slow Process Corner)
  Data Path Delay:        4.824ns  (logic 1.441ns (29.879%)  route 3.382ns (70.121%))
  Logic Levels:           1  (IBUF=1)
  Clock Path Skew:        4.859ns (DCD - SCD + CPR)
    Destination Clock Delay (DCD):    4.859ns
    Source Clock Delay      (SCD):    0.000ns
    Clock Pessimism Removal (CPR):    0.000ns
  Clock Uncertainty:      0.025ns  ((TSJ^2 + TIJ^2)^1/2 + DJ) / 2 + PE
    Total System Jitter     (TSJ):    0.050ns
    Total Input Jitter      (TIJ):    0.000ns
    Discrete Jitter          (DJ):    0.000ns
    Phase Error              (PE):    0.000ns

    Location             Delay type                Incr(ns)  Path(ns)    Netlist Resource(s)
  -------------------------------------------------------------------    -------------------
    U18                                               0.000     0.000 f  reset (IN)
                         net (fo=0)                   0.000     0.000    reset
    U18                  IBUF (Prop_ibuf_I_O)         1.441     1.441 f  reset_IBUF_inst/O
                         net (fo=97, routed)          3.382     4.824    u_db1/reset_IBUF
    SLICE_X6Y49          FDCE                                         f  u_db1/cnt_reg[15]/CLR
  -------------------------------------------------------------------    -------------------

                         (clock sys_clk_pin rise edge)
                                                      0.000     0.000 r  
    W5                                                0.000     0.000 r  clk_sys (IN)
                         net (fo=0)                   0.000     0.000    clk_sys
    W5                   IBUF (Prop_ibuf_I_O)         1.388     1.388 r  clk_sys_IBUF_inst/O
                         net (fo=1, routed)           1.862     3.250    clk_sys_IBUF
    BUFGCTRL_X0Y0        BUFG (Prop_bufg_I_O)         0.091     3.341 r  clk_sys_IBUF_BUFG_inst/O
                         net (fo=103, routed)         1.518     4.859    u_db1/clk_sys_IBUF_BUFG
    SLICE_X6Y49          FDCE                                         r  u_db1/cnt_reg[15]/C

Slack:                    inf
  Source:                 reset
                            (input port)
  Destination:            u_db1/cnt_reg[16]/CLR
                            (recovery check against rising-edge clock sys_clk_pin  {rise@0.000ns fall@5.000ns period=10.000ns})
  Path Group:             (none)
  Path Type:              Recovery (Max at Slow Process Corner)
  Data Path Delay:        4.824ns  (logic 1.441ns (29.879%)  route 3.382ns (70.121%))
  Logic Levels:           1  (IBUF=1)
  Clock Path Skew:        4.859ns (DCD - SCD + CPR)
    Destination Clock Delay (DCD):    4.859ns
    Source Clock Delay      (SCD):    0.000ns
    Clock Pessimism Removal (CPR):    0.000ns
  Clock Uncertainty:      0.025ns  ((TSJ^2 + TIJ^2)^1/2 + DJ) / 2 + PE
    Total System Jitter     (TSJ):    0.050ns
    Total Input Jitter      (TIJ):    0.000ns
    Discrete Jitter          (DJ):    0.000ns
    Phase Error              (PE):    0.000ns

    Location             Delay type                Incr(ns)  Path(ns)    Netlist Resource(s)
  -------------------------------------------------------------------    -------------------
    U18                                               0.000     0.000 f  reset (IN)
                         net (fo=0)                   0.000     0.000    reset
    U18                  IBUF (Prop_ibuf_I_O)         1.441     1.441 f  reset_IBUF_inst/O
                         net (fo=97, routed)          3.382     4.824    u_db1/reset_IBUF
    SLICE_X6Y49          FDCE                                         f  u_db1/cnt_reg[16]/CLR
  -------------------------------------------------------------------    -------------------

                         (clock sys_clk_pin rise edge)
                                                      0.000     0.000 r  
    W5                                                0.000     0.000 r  clk_sys (IN)
                         net (fo=0)                   0.000     0.000    clk_sys
    W5                   IBUF (Prop_ibuf_I_O)         1.388     1.388 r  clk_sys_IBUF_inst/O
                         net (fo=1, routed)           1.862     3.250    clk_sys_IBUF
    BUFGCTRL_X0Y0        BUFG (Prop_bufg_I_O)         0.091     3.341 r  clk_sys_IBUF_BUFG_inst/O
                         net (fo=103, routed)         1.518     4.859    u_db1/clk_sys_IBUF_BUFG
    SLICE_X6Y49          FDCE                                         r  u_db1/cnt_reg[16]/C

Slack:                    inf
  Source:                 reset
                            (input port)
  Destination:            u_db1/cnt_reg[17]/CLR
                            (recovery check against rising-edge clock sys_clk_pin  {rise@0.000ns fall@5.000ns period=10.000ns})
  Path Group:             (none)
  Path Type:              Recovery (Max at Slow Process Corner)
  Data Path Delay:        4.824ns  (logic 1.441ns (29.879%)  route 3.382ns (70.121%))
  Logic Levels:           1  (IBUF=1)
  Clock Path Skew:        4.859ns (DCD - SCD + CPR)
    Destination Clock Delay (DCD):    4.859ns
    Source Clock Delay      (SCD):    0.000ns
    Clock Pessimism Removal (CPR):    0.000ns
  Clock Uncertainty:      0.025ns  ((TSJ^2 + TIJ^2)^1/2 + DJ) / 2 + PE
    Total System Jitter     (TSJ):    0.050ns
    Total Input Jitter      (TIJ):    0.000ns
    Discrete Jitter          (DJ):    0.000ns
    Phase Error              (PE):    0.000ns

    Location             Delay type                Incr(ns)  Path(ns)    Netlist Resource(s)
  -------------------------------------------------------------------    -------------------
    U18                                               0.000     0.000 f  reset (IN)
                         net (fo=0)                   0.000     0.000    reset
    U18                  IBUF (Prop_ibuf_I_O)         1.441     1.441 f  reset_IBUF_inst/O
                         net (fo=97, routed)          3.382     4.824    u_db1/reset_IBUF
    SLICE_X6Y49          FDCE                                         f  u_db1/cnt_reg[17]/CLR
  -------------------------------------------------------------------    -------------------

                         (clock sys_clk_pin rise edge)
                                                      0.000     0.000 r  
    W5                                                0.000     0.000 r  clk_sys (IN)
                         net (fo=0)                   0.000     0.000    clk_sys
    W5                   IBUF (Prop_ibuf_I_O)         1.388     1.388 r  clk_sys_IBUF_inst/O
                         net (fo=1, routed)           1.862     3.250    clk_sys_IBUF
    BUFGCTRL_X0Y0        BUFG (Prop_bufg_I_O)         0.091     3.341 r  clk_sys_IBUF_BUFG_inst/O
                         net (fo=103, routed)         1.518     4.859    u_db1/clk_sys_IBUF_BUFG
    SLICE_X6Y49          FDCE                                         r  u_db1/cnt_reg[17]/C

Slack:                    inf
  Source:                 reset
                            (input port)
  Destination:            u_db1/cnt_reg[18]/CLR
                            (recovery check against rising-edge clock sys_clk_pin  {rise@0.000ns fall@5.000ns period=10.000ns})
  Path Group:             (none)
  Path Type:              Recovery (Max at Slow Process Corner)
  Data Path Delay:        4.824ns  (logic 1.441ns (29.879%)  route 3.382ns (70.121%))
  Logic Levels:           1  (IBUF=1)
  Clock Path Skew:        4.859ns (DCD - SCD + CPR)
    Destination Clock Delay (DCD):    4.859ns
    Source Clock Delay      (SCD):    0.000ns
    Clock Pessimism Removal (CPR):    0.000ns
  Clock Uncertainty:      0.025ns  ((TSJ^2 + TIJ^2)^1/2 + DJ) / 2 + PE
    Total System Jitter     (TSJ):    0.050ns
    Total Input Jitter      (TIJ):    0.000ns
    Discrete Jitter          (DJ):    0.000ns
    Phase Error              (PE):    0.000ns

    Location             Delay type                Incr(ns)  Path(ns)    Netlist Resource(s)
  -------------------------------------------------------------------    -------------------
    U18                                               0.000     0.000 f  reset (IN)
                         net (fo=0)                   0.000     0.000    reset
    U18                  IBUF (Prop_ibuf_I_O)         1.441     1.441 f  reset_IBUF_inst/O
                         net (fo=97, routed)          3.382     4.824    u_db1/reset_IBUF
    SLICE_X6Y49          FDCE                                         f  u_db1/cnt_reg[18]/CLR
  -------------------------------------------------------------------    -------------------

                         (clock sys_clk_pin rise edge)
                                                      0.000     0.000 r  
    W5                                                0.000     0.000 r  clk_sys (IN)
                         net (fo=0)                   0.000     0.000    clk_sys
    W5                   IBUF (Prop_ibuf_I_O)         1.388     1.388 r  clk_sys_IBUF_inst/O
                         net (fo=1, routed)           1.862     3.250    clk_sys_IBUF
    BUFGCTRL_X0Y0        BUFG (Prop_bufg_I_O)         0.091     3.341 r  clk_sys_IBUF_BUFG_inst/O
                         net (fo=103, routed)         1.518     4.859    u_db1/clk_sys_IBUF_BUFG
    SLICE_X6Y49          FDCE                                         r  u_db1/cnt_reg[18]/C

Slack:                    inf
  Source:                 reset
                            (input port)
  Destination:            u_db1/cnt_reg[19]/CLR
                            (recovery check against rising-edge clock sys_clk_pin  {rise@0.000ns fall@5.000ns period=10.000ns})
  Path Group:             (none)
  Path Type:              Recovery (Max at Slow Process Corner)
  Data Path Delay:        4.824ns  (logic 1.441ns (29.879%)  route 3.382ns (70.121%))
  Logic Levels:           1  (IBUF=1)
  Clock Path Skew:        4.859ns (DCD - SCD + CPR)
    Destination Clock Delay (DCD):    4.859ns
    Source Clock Delay      (SCD):    0.000ns
    Clock Pessimism Removal (CPR):    0.000ns
  Clock Uncertainty:      0.025ns  ((TSJ^2 + TIJ^2)^1/2 + DJ) / 2 + PE
    Total System Jitter     (TSJ):    0.050ns
    Total Input Jitter      (TIJ):    0.000ns
    Discrete Jitter          (DJ):    0.000ns
    Phase Error              (PE):    0.000ns

    Location             Delay type                Incr(ns)  Path(ns)    Netlist Resource(s)
  -------------------------------------------------------------------    -------------------
    U18                                               0.000     0.000 f  reset (IN)
                         net (fo=0)                   0.000     0.000    reset
    U18                  IBUF (Prop_ibuf_I_O)         1.441     1.441 f  reset_IBUF_inst/O
                         net (fo=97, routed)          3.382     4.824    u_db1/reset_IBUF
    SLICE_X6Y49          FDCE                                         f  u_db1/cnt_reg[19]/CLR
  -------------------------------------------------------------------    -------------------

                         (clock sys_clk_pin rise edge)
                                                      0.000     0.000 r  
    W5                                                0.000     0.000 r  clk_sys (IN)
                         net (fo=0)                   0.000     0.000    clk_sys
    W5                   IBUF (Prop_ibuf_I_O)         1.388     1.388 r  clk_sys_IBUF_inst/O
                         net (fo=1, routed)           1.862     3.250    clk_sys_IBUF
    BUFGCTRL_X0Y0        BUFG (Prop_bufg_I_O)         0.091     3.341 r  clk_sys_IBUF_BUFG_inst/O
                         net (fo=103, routed)         1.518     4.859    u_db1/clk_sys_IBUF_BUFG
    SLICE_X6Y49          FDCE                                         r  u_db1/cnt_reg[19]/C





Min Delay Paths
--------------------------------------------------------------------------------------
Slack:                    inf
  Source:                 sw2
                            (input port)
  Destination:            u_db2/sync_reg[0]/D
                            (rising edge-triggered cell FDRE clocked by sys_clk_pin  {rise@0.000ns fall@5.000ns period=10.000ns})
  Path Group:             (none)
  Path Type:              Hold (Min at Fast Process Corner)
  Data Path Delay:        0.880ns  (logic 0.229ns (26.058%)  route 0.651ns (73.942%))
  Logic Levels:           1  (IBUF=1)
  Clock Path Skew:        1.992ns (DCD - SCD - CPR)
    Destination Clock Delay (DCD):    1.992ns
    Source Clock Delay      (SCD):    0.000ns
    Clock Pessimism Removal (CPR):    -0.000ns

    Location             Delay type                Incr(ns)  Path(ns)    Netlist Resource(s)
  -------------------------------------------------------------------    -------------------
    V16                                               0.000     0.000 r  sw2 (IN)
                         net (fo=0)                   0.000     0.000    sw2
    V16                  IBUF (Prop_ibuf_I_O)         0.229     0.229 r  sw2_IBUF_inst/O
                         net (fo=1, routed)           0.651     0.880    u_db2/D[0]
    SLICE_X0Y42          FDRE                                         r  u_db2/sync_reg[0]/D
  -------------------------------------------------------------------    -------------------

                         (clock sys_clk_pin rise edge)
                                                      0.000     0.000 r  
    W5                                                0.000     0.000 r  clk_sys (IN)
                         net (fo=0)                   0.000     0.000    clk_sys
    W5                   IBUF (Prop_ibuf_I_O)         0.414     0.414 r  clk_sys_IBUF_inst/O
                         net (fo=1, routed)           0.685     1.099    clk_sys_IBUF
    BUFGCTRL_X0Y0        BUFG (Prop_bufg_I_O)         0.029     1.128 r  clk_sys_IBUF_BUFG_inst/O
                         net (fo=103, routed)         0.865     1.992    u_db2/clk_sys_IBUF_BUFG
    SLICE_X0Y42          FDRE                                         r  u_db2/sync_reg[0]/C

Slack:                    inf
  Source:                 sw3
                            (input port)
  Destination:            u_db3/sync_reg[0]/D
                            (rising edge-triggered cell FDRE clocked by sys_clk_pin  {rise@0.000ns fall@5.000ns period=10.000ns})
  Path Group:             (none)
  Path Type:              Hold (Min at Fast Process Corner)
  Data Path Delay:        0.893ns  (logic 0.232ns (25.970%)  route 0.661ns (74.030%))
  Logic Levels:           1  (IBUF=1)
  Clock Path Skew:        1.992ns (DCD - SCD - CPR)
    Destination Clock Delay (DCD):    1.992ns
    Source Clock Delay      (SCD):    0.000ns
    Clock Pessimism Removal (CPR):    -0.000ns

    Location             Delay type                Incr(ns)  Path(ns)    Netlist Resource(s)
  -------------------------------------------------------------------    -------------------
    W16                                               0.000     0.000 r  sw3 (IN)
                         net (fo=0)                   0.000     0.000    sw3
    W16                  IBUF (Prop_ibuf_I_O)         0.232     0.232 r  sw3_IBUF_inst/O
                         net (fo=1, routed)           0.661     0.893    u_db3/D[0]
    SLICE_X0Y42          FDRE                                         r  u_db3/sync_reg[0]/D
  -------------------------------------------------------------------    -------------------

                         (clock sys_clk_pin rise edge)
                                                      0.000     0.000 r  
    W5                                                0.000     0.000 r  clk_sys (IN)
                         net (fo=0)                   0.000     0.000    clk_sys
    W5                   IBUF (Prop_ibuf_I_O)         0.414     0.414 r  clk_sys_IBUF_inst/O
                         net (fo=1, routed)           0.685     1.099    clk_sys_IBUF
    BUFGCTRL_X0Y0        BUFG (Prop_bufg_I_O)         0.029     1.128 r  clk_sys_IBUF_BUFG_inst/O
                         net (fo=103, routed)         0.865     1.992    u_db3/clk_sys_IBUF_BUFG
    SLICE_X0Y42          FDRE                                         r  u_db3/sync_reg[0]/C

Slack:                    inf
  Source:                 reset
                            (input port)
  Destination:            u_servo/pwm_cnt_reg[2]/CLR
                            (removal check against rising-edge clock sys_clk_pin  {rise@0.000ns fall@5.000ns period=10.000ns})
  Path Group:             (none)
  Path Type:              Removal (Min at Fast Process Corner)
  Data Path Delay:        0.940ns  (logic 0.210ns (22.282%)  route 0.731ns (77.718%))
  Logic Levels:           1  (IBUF=1)
  Clock Path Skew:        1.990ns (DCD - SCD - CPR)
    Destination Clock Delay (DCD):    1.990ns
    Source Clock Delay      (SCD):    0.000ns
    Clock Pessimism Removal (CPR):    -0.000ns

    Location             Delay type                Incr(ns)  Path(ns)    Netlist Resource(s)
  -------------------------------------------------------------------    -------------------
    U18                                               0.000     0.000 f  reset (IN)
                         net (fo=0)                   0.000     0.000    reset
    U18                  IBUF (Prop_ibuf_I_O)         0.210     0.210 f  reset_IBUF_inst/O
                         net (fo=97, routed)          0.731     0.940    u_servo/reset_IBUF
    SLICE_X5Y41          FDCE                                         f  u_servo/pwm_cnt_reg[2]/CLR
  -------------------------------------------------------------------    -------------------

                         (clock sys_clk_pin rise edge)
                                                      0.000     0.000 r  
    W5                                                0.000     0.000 r  clk_sys (IN)
                         net (fo=0)                   0.000     0.000    clk_sys
    W5                   IBUF (Prop_ibuf_I_O)         0.414     0.414 r  clk_sys_IBUF_inst/O
                         net (fo=1, routed)           0.685     1.099    clk_sys_IBUF
    BUFGCTRL_X0Y0        BUFG (Prop_bufg_I_O)         0.029     1.128 r  clk_sys_IBUF_BUFG_inst/O
                         net (fo=103, routed)         0.863     1.990    u_servo/clk_sys_IBUF_BUFG
    SLICE_X5Y41          FDCE                                         r  u_servo/pwm_cnt_reg[2]/C

Slack:                    inf
  Source:                 reset
                            (input port)
  Destination:            u_servo/pwm_cnt_reg[3]/CLR
                            (removal check against rising-edge clock sys_clk_pin  {rise@0.000ns fall@5.000ns period=10.000ns})
  Path Group:             (none)
  Path Type:              Removal (Min at Fast Process Corner)
  Data Path Delay:        0.940ns  (logic 0.210ns (22.282%)  route 0.731ns (77.718%))
  Logic Levels:           1  (IBUF=1)
  Clock Path Skew:        1.990ns (DCD - SCD - CPR)
    Destination Clock Delay (DCD):    1.990ns
    Source Clock Delay      (SCD):    0.000ns
    Clock Pessimism Removal (CPR):    -0.000ns

    Location             Delay type                Incr(ns)  Path(ns)    Netlist Resource(s)
  -------------------------------------------------------------------    -------------------
    U18                                               0.000     0.000 f  reset (IN)
                         net (fo=0)                   0.000     0.000    reset
    U18                  IBUF (Prop_ibuf_I_O)         0.210     0.210 f  reset_IBUF_inst/O
                         net (fo=97, routed)          0.731     0.940    u_servo/reset_IBUF
    SLICE_X5Y41          FDCE                                         f  u_servo/pwm_cnt_reg[3]/CLR
  -------------------------------------------------------------------    -------------------

                         (clock sys_clk_pin rise edge)
                                                      0.000     0.000 r  
    W5                                                0.000     0.000 r  clk_sys (IN)
                         net (fo=0)                   0.000     0.000    clk_sys
    W5                   IBUF (Prop_ibuf_I_O)         0.414     0.414 r  clk_sys_IBUF_inst/O
                         net (fo=1, routed)           0.685     1.099    clk_sys_IBUF
    BUFGCTRL_X0Y0        BUFG (Prop_bufg_I_O)         0.029     1.128 r  clk_sys_IBUF_BUFG_inst/O
                         net (fo=103, routed)         0.863     1.990    u_servo/clk_sys_IBUF_BUFG
    SLICE_X5Y41          FDCE                                         r  u_servo/pwm_cnt_reg[3]/C

Slack:                    inf
  Source:                 reset
                            (input port)
  Destination:            u_servo/pwm_cnt_reg[4]/CLR
                            (removal check against rising-edge clock sys_clk_pin  {rise@0.000ns fall@5.000ns period=10.000ns})
  Path Group:             (none)
  Path Type:              Removal (Min at Fast Process Corner)
  Data Path Delay:        0.940ns  (logic 0.210ns (22.282%)  route 0.731ns (77.718%))
  Logic Levels:           1  (IBUF=1)
  Clock Path Skew:        1.990ns (DCD - SCD - CPR)
    Destination Clock Delay (DCD):    1.990ns
    Source Clock Delay      (SCD):    0.000ns
    Clock Pessimism Removal (CPR):    -0.000ns

    Location             Delay type                Incr(ns)  Path(ns)    Netlist Resource(s)
  -------------------------------------------------------------------    -------------------
    U18                                               0.000     0.000 f  reset (IN)
                         net (fo=0)                   0.000     0.000    reset
    U18                  IBUF (Prop_ibuf_I_O)         0.210     0.210 f  reset_IBUF_inst/O
                         net (fo=97, routed)          0.731     0.940    u_servo/reset_IBUF
    SLICE_X5Y41          FDCE                                         f  u_servo/pwm_cnt_reg[4]/CLR
  -------------------------------------------------------------------    -------------------

                         (clock sys_clk_pin rise edge)
                                                      0.000     0.000 r  
    W5                                                0.000     0.000 r  clk_sys (IN)
                         net (fo=0)                   0.000     0.000    clk_sys
    W5                   IBUF (Prop_ibuf_I_O)         0.414     0.414 r  clk_sys_IBUF_inst/O
                         net (fo=1, routed)           0.685     1.099    clk_sys_IBUF
    BUFGCTRL_X0Y0        BUFG (Prop_bufg_I_O)         0.029     1.128 r  clk_sys_IBUF_BUFG_inst/O
                         net (fo=103, routed)         0.863     1.990    u_servo/clk_sys_IBUF_BUFG
    SLICE_X5Y41          FDCE                                         r  u_servo/pwm_cnt_reg[4]/C

Slack:                    inf
  Source:                 reset
                            (input port)
  Destination:            u_servo/pwm_cnt_reg[6]/CLR
                            (removal check against rising-edge clock sys_clk_pin  {rise@0.000ns fall@5.000ns period=10.000ns})
  Path Group:             (none)
  Path Type:              Removal (Min at Fast Process Corner)
  Data Path Delay:        0.940ns  (logic 0.210ns (22.282%)  route 0.731ns (77.718%))
  Logic Levels:           1  (IBUF=1)
  Clock Path Skew:        1.990ns (DCD - SCD - CPR)
    Destination Clock Delay (DCD):    1.990ns
    Source Clock Delay      (SCD):    0.000ns
    Clock Pessimism Removal (CPR):    -0.000ns

    Location             Delay type                Incr(ns)  Path(ns)    Netlist Resource(s)
  -------------------------------------------------------------------    -------------------
    U18                                               0.000     0.000 f  reset (IN)
                         net (fo=0)                   0.000     0.000    reset
    U18                  IBUF (Prop_ibuf_I_O)         0.210     0.210 f  reset_IBUF_inst/O
                         net (fo=97, routed)          0.731     0.940    u_servo/reset_IBUF
    SLICE_X5Y41          FDCE                                         f  u_servo/pwm_cnt_reg[6]/CLR
  -------------------------------------------------------------------    -------------------

                         (clock sys_clk_pin rise edge)
                                                      0.000     0.000 r  
    W5                                                0.000     0.000 r  clk_sys (IN)
                         net (fo=0)                   0.000     0.000    clk_sys
    W5                   IBUF (Prop_ibuf_I_O)         0.414     0.414 r  clk_sys_IBUF_inst/O
                         net (fo=1, routed)           0.685     1.099    clk_sys_IBUF
    BUFGCTRL_X0Y0        BUFG (Prop_bufg_I_O)         0.029     1.128 r  clk_sys_IBUF_BUFG_inst/O
                         net (fo=103, routed)         0.863     1.990    u_servo/clk_sys_IBUF_BUFG
    SLICE_X5Y41          FDCE                                         r  u_servo/pwm_cnt_reg[6]/C

Slack:                    inf
  Source:                 reset
                            (input port)
  Destination:            u_servo/pwm_cnt_reg[0]/CLR
                            (removal check against rising-edge clock sys_clk_pin  {rise@0.000ns fall@5.000ns period=10.000ns})
  Path Group:             (none)
  Path Type:              Removal (Min at Fast Process Corner)
  Data Path Delay:        0.945ns  (logic 0.210ns (22.180%)  route 0.735ns (77.820%))
  Logic Levels:           1  (IBUF=1)
  Clock Path Skew:        1.990ns (DCD - SCD - CPR)
    Destination Clock Delay (DCD):    1.990ns
    Source Clock Delay      (SCD):    0.000ns
    Clock Pessimism Removal (CPR):    -0.000ns

    Location             Delay type                Incr(ns)  Path(ns)    Netlist Resource(s)
  -------------------------------------------------------------------    -------------------
    U18                                               0.000     0.000 f  reset (IN)
                         net (fo=0)                   0.000     0.000    reset
    U18                  IBUF (Prop_ibuf_I_O)         0.210     0.210 f  reset_IBUF_inst/O
                         net (fo=97, routed)          0.735     0.945    u_servo/reset_IBUF
    SLICE_X4Y41          FDCE                                         f  u_servo/pwm_cnt_reg[0]/CLR
  -------------------------------------------------------------------    -------------------

                         (clock sys_clk_pin rise edge)
                                                      0.000     0.000 r  
    W5                                                0.000     0.000 r  clk_sys (IN)
                         net (fo=0)                   0.000     0.000    clk_sys
    W5                   IBUF (Prop_ibuf_I_O)         0.414     0.414 r  clk_sys_IBUF_inst/O
                         net (fo=1, routed)           0.685     1.099    clk_sys_IBUF
    BUFGCTRL_X0Y0        BUFG (Prop_bufg_I_O)         0.029     1.128 r  clk_sys_IBUF_BUFG_inst/O
                         net (fo=103, routed)         0.863     1.990    u_servo/clk_sys_IBUF_BUFG
    SLICE_X4Y41          FDCE                                         r  u_servo/pwm_cnt_reg[0]/C

Slack:                    inf
  Source:                 reset
                            (input port)
  Destination:            u_servo/pwm_cnt_reg[10]/CLR
                            (removal check against rising-edge clock sys_clk_pin  {rise@0.000ns fall@5.000ns period=10.000ns})
  Path Group:             (none)
  Path Type:              Removal (Min at Fast Process Corner)
  Data Path Delay:        0.945ns  (logic 0.210ns (22.180%)  route 0.735ns (77.820%))
  Logic Levels:           1  (IBUF=1)
  Clock Path Skew:        1.990ns (DCD - SCD - CPR)
    Destination Clock Delay (DCD):    1.990ns
    Source Clock Delay      (SCD):    0.000ns
    Clock Pessimism Removal (CPR):    -0.000ns

    Location             Delay type                Incr(ns)  Path(ns)    Netlist Resource(s)
  -------------------------------------------------------------------    -------------------
    U18                                               0.000     0.000 f  reset (IN)
                         net (fo=0)                   0.000     0.000    reset
    U18                  IBUF (Prop_ibuf_I_O)         0.210     0.210 f  reset_IBUF_inst/O
                         net (fo=97, routed)          0.735     0.945    u_servo/reset_IBUF
    SLICE_X4Y41          FDCE                                         f  u_servo/pwm_cnt_reg[10]/CLR
  -------------------------------------------------------------------    -------------------

                         (clock sys_clk_pin rise edge)
                                                      0.000     0.000 r  
    W5                                                0.000     0.000 r  clk_sys (IN)
                         net (fo=0)                   0.000     0.000    clk_sys
    W5                   IBUF (Prop_ibuf_I_O)         0.414     0.414 r  clk_sys_IBUF_inst/O
                         net (fo=1, routed)           0.685     1.099    clk_sys_IBUF
    BUFGCTRL_X0Y0        BUFG (Prop_bufg_I_O)         0.029     1.128 r  clk_sys_IBUF_BUFG_inst/O
                         net (fo=103, routed)         0.863     1.990    u_servo/clk_sys_IBUF_BUFG
    SLICE_X4Y41          FDCE                                         r  u_servo/pwm_cnt_reg[10]/C

Slack:                    inf
  Source:                 reset
                            (input port)
  Destination:            u_servo/pwm_cnt_reg[7]/CLR
                            (removal check against rising-edge clock sys_clk_pin  {rise@0.000ns fall@5.000ns period=10.000ns})
  Path Group:             (none)
  Path Type:              Removal (Min at Fast Process Corner)
  Data Path Delay:        0.945ns  (logic 0.210ns (22.180%)  route 0.735ns (77.820%))
  Logic Levels:           1  (IBUF=1)
  Clock Path Skew:        1.990ns (DCD - SCD - CPR)
    Destination Clock Delay (DCD):    1.990ns
    Source Clock Delay      (SCD):    0.000ns
    Clock Pessimism Removal (CPR):    -0.000ns

    Location             Delay type                Incr(ns)  Path(ns)    Netlist Resource(s)
  -------------------------------------------------------------------    -------------------
    U18                                               0.000     0.000 f  reset (IN)
                         net (fo=0)                   0.000     0.000    reset
    U18                  IBUF (Prop_ibuf_I_O)         0.210     0.210 f  reset_IBUF_inst/O
                         net (fo=97, routed)          0.735     0.945    u_servo/reset_IBUF
    SLICE_X4Y41          FDCE                                         f  u_servo/pwm_cnt_reg[7]/CLR
  -------------------------------------------------------------------    -------------------

                         (clock sys_clk_pin rise edge)
                                                      0.000     0.000 r  
    W5                                                0.000     0.000 r  clk_sys (IN)
                         net (fo=0)                   0.000     0.000    clk_sys
    W5                   IBUF (Prop_ibuf_I_O)         0.414     0.414 r  clk_sys_IBUF_inst/O
                         net (fo=1, routed)           0.685     1.099    clk_sys_IBUF
    BUFGCTRL_X0Y0        BUFG (Prop_bufg_I_O)         0.029     1.128 r  clk_sys_IBUF_BUFG_inst/O
                         net (fo=103, routed)         0.863     1.990    u_servo/clk_sys_IBUF_BUFG
    SLICE_X4Y41          FDCE                                         r  u_servo/pwm_cnt_reg[7]/C

Slack:                    inf
  Source:                 reset
                            (input port)
  Destination:            u_servo/pwm_cnt_reg[8]/CLR
                            (removal check against rising-edge clock sys_clk_pin  {rise@0.000ns fall@5.000ns period=10.000ns})
  Path Group:             (none)
  Path Type:              Removal (Min at Fast Process Corner)
  Data Path Delay:        0.945ns  (logic 0.210ns (22.180%)  route 0.735ns (77.820%))
  Logic Levels:           1  (IBUF=1)
  Clock Path Skew:        1.990ns (DCD - SCD - CPR)
    Destination Clock Delay (DCD):    1.990ns
    Source Clock Delay      (SCD):    0.000ns
    Clock Pessimism Removal (CPR):    -0.000ns

    Location             Delay type                Incr(ns)  Path(ns)    Netlist Resource(s)
  -------------------------------------------------------------------    -------------------
    U18                                               0.000     0.000 f  reset (IN)
                         net (fo=0)                   0.000     0.000    reset
    U18                  IBUF (Prop_ibuf_I_O)         0.210     0.210 f  reset_IBUF_inst/O
                         net (fo=97, routed)          0.735     0.945    u_servo/reset_IBUF
    SLICE_X4Y41          FDCE                                         f  u_servo/pwm_cnt_reg[8]/CLR
  -------------------------------------------------------------------    -------------------

                         (clock sys_clk_pin rise edge)
                                                      0.000     0.000 r  
    W5                                                0.000     0.000 r  clk_sys (IN)
                         net (fo=0)                   0.000     0.000    clk_sys
    W5                   IBUF (Prop_ibuf_I_O)         0.414     0.414 r  clk_sys_IBUF_inst/O
                         net (fo=1, routed)           0.685     1.099    clk_sys_IBUF
    BUFGCTRL_X0Y0        BUFG (Prop_bufg_I_O)         0.029     1.128 r  clk_sys_IBUF_BUFG_inst/O
                         net (fo=103, routed)         0.863     1.990    u_servo/clk_sys_IBUF_BUFG
    SLICE_X4Y41          FDCE                                         r  u_servo/pwm_cnt_reg[8]/C





