Copyright 1986-2022 Xilinx, Inc. All Rights Reserved. Copyright 2022-2026 Advanced Micro Devices, Inc. All Rights Reserved.
------------------------------------------------------------------------------------------------------------------------------------------------------------------------------------------------------------------------------------------------------------
| Tool Version : Vivado v.2025.2.1 (win64) Build 6403652 Thu Mar 19 19:48:24 GMT 2026
| Date         : Wed Apr  8 13:37:06 2026
| Host         : DESKTOP-Q1F9NDB running 64-bit major release  (build 9200)
| Command      : report_timing_summary -max_paths 10 -routable_nets -report_unconstrained -file counter2fsm_1sec_timing_summary_routed.rpt -pb counter2fsm_1sec_timing_summary_routed.pb -rpx counter2fsm_1sec_timing_summary_routed.rpx -warn_on_violation
| Design       : counter2fsm_1sec
| Device       : 7a35t-cpg236
| Speed File   : -1  PRODUCTION 1.23 2018-06-13
| Design State : Routed
------------------------------------------------------------------------------------------------------------------------------------------------------------------------------------------------------------------------------------------------------------

Timing Summary Report

------------------------------------------------------------------------------------------------
| Timer Settings
| --------------
------------------------------------------------------------------------------------------------

  Enable Multi Corner Analysis               :  Yes
  Enable Pessimism Removal                   :  Yes
  Pessimism Removal Resolution               :  Nearest Common Node
  Enable Input Delay Default Clock           :  No
  Enable Preset / Clear Arcs                 :  No
  Disable Flight Delays                      :  No
  Ignore I/O Paths                           :  No
  Timing Early Launch at Borrowing Latches   :  No
  Borrow Time for Max Delay Exceptions       :  Yes
  Merge Timing Exceptions                    :  Yes
  Inter-SLR Compensation                     :  Conservative

  Corner  Analyze    Analyze    
  Name    Max Paths  Min Paths  
  ------  ---------  ---------  
  Slow    Yes        Yes        
  Fast    Yes        Yes        


------------------------------------------------------------------------------------------------
| Report Methodology
| ------------------
------------------------------------------------------------------------------------------------

Rule       Severity  Description                    Violations  
---------  --------  -----------------------------  ----------  
TIMING-18  Warning   Missing input or output delay  4           

Note: This report is based on the most recent report_methodology run and may not be up-to-date. Run report_methodology on the current design for the latest report.



check_timing report

Table of Contents
-----------------
1. checking no_clock (0)
2. checking constant_clock (0)
3. checking pulse_width_clock (0)
4. checking unconstrained_internal_endpoints (0)
5. checking no_input_delay (1)
6. checking no_output_delay (3)
7. checking multiple_clock (0)
8. checking generated_clocks (0)
9. checking loops (0)
10. checking partial_input_delay (0)
11. checking partial_output_delay (0)
12. checking latch_loops (0)

1. checking no_clock (0)
------------------------
 There are 0 register/latch pins with no clock.


2. checking constant_clock (0)
------------------------------
 There are 0 register/latch pins with constant_clock.


3. checking pulse_width_clock (0)
---------------------------------
 There are 0 register/latch pins which need pulse_width check


4. checking unconstrained_internal_endpoints (0)
------------------------------------------------
 There are 0 pins that are not constrained for maximum delay.

 There are 0 pins that are not constrained for maximum delay due to constant clock.


5. checking no_input_delay (1)
------------------------------
 There is 1 input port with no input delay specified. (HIGH)

 There are 0 input ports with no input delay but user has a false path constraint.


6. checking no_output_delay (3)
-------------------------------
 There are 3 ports with no output delay specified. (HIGH)

 There are 0 ports with no output delay but user has a false path constraint

 There are 0 ports with no output delay but with a timing clock defined on it or propagating through it


7. checking multiple_clock (0)
------------------------------
 There are 0 register/latch pins with multiple clocks.


8. checking generated_clocks (0)
--------------------------------
 There are 0 generated clocks that are not connected to a clock source.


9. checking loops (0)
---------------------
 There are 0 combinational loops in the design.


10. checking partial_input_delay (0)
------------------------------------
 There are 0 input ports with partial input delay specified.


11. checking partial_output_delay (0)
-------------------------------------
 There are 0 ports with partial output delay specified.


12. checking latch_loops (0)
----------------------------
 There are 0 combinational latch loops in the design through latch input



------------------------------------------------------------------------------------------------
| Design Timing Summary
| ---------------------
------------------------------------------------------------------------------------------------

    WNS(ns)      TNS(ns)  TNS Failing Endpoints  TNS Total Endpoints      WHS(ns)      THS(ns)  THS Failing Endpoints  THS Total Endpoints     WPWS(ns)     TPWS(ns)  TPWS Failing Endpoints  TPWS Total Endpoints  
    -------      -------  ---------------------  -------------------      -------      -------  ---------------------  -------------------     --------     --------  ----------------------  --------------------  
      6.099        0.000                      0                   30        0.285        0.000                      0                   30        4.500        0.000                       0                    31  


All user specified timing constraints are met.


------------------------------------------------------------------------------------------------
| Clock Summary
| -------------
------------------------------------------------------------------------------------------------

Clock        Waveform(ns)       Period(ns)      Frequency(MHz)
-----        ------------       ----------      --------------
sys_clk_pin  {0.000 5.000}      10.000          100.000         


------------------------------------------------------------------------------------------------
| Intra Clock Table
| -----------------
------------------------------------------------------------------------------------------------

Clock             WNS(ns)      TNS(ns)  TNS Failing Endpoints  TNS Total Endpoints      WHS(ns)      THS(ns)  THS Failing Endpoints  THS Total Endpoints     WPWS(ns)     TPWS(ns)  TPWS Failing Endpoints  TPWS Total Endpoints  
-----             -------      -------  ---------------------  -------------------      -------      -------  ---------------------  -------------------     --------     --------  ----------------------  --------------------  
sys_clk_pin         6.099        0.000                      0                   30        0.285        0.000                      0                   30        4.500        0.000                       0                    31  


------------------------------------------------------------------------------------------------
| Inter Clock Table
| -----------------
------------------------------------------------------------------------------------------------

From Clock    To Clock          WNS(ns)      TNS(ns)  TNS Failing Endpoints  TNS Total Endpoints      WHS(ns)      THS(ns)  THS Failing Endpoints  THS Total Endpoints  
----------    --------          -------      -------  ---------------------  -------------------      -------      -------  ---------------------  -------------------  


------------------------------------------------------------------------------------------------
| Other Path Groups Table
| -----------------------
------------------------------------------------------------------------------------------------

Path Group    From Clock    To Clock          WNS(ns)      TNS(ns)  TNS Failing Endpoints  TNS Total Endpoints      WHS(ns)      THS(ns)  THS Failing Endpoints  THS Total Endpoints  
----------    ----------    --------          -------      -------  ---------------------  -------------------      -------      -------  ---------------------  -------------------  


------------------------------------------------------------------------------------------------
| User Ignored Path Table
| -----------------------
------------------------------------------------------------------------------------------------

Path Group    From Clock    To Clock    
----------    ----------    --------    


------------------------------------------------------------------------------------------------
| Unconstrained Path Table
| ------------------------
------------------------------------------------------------------------------------------------

Path Group    From Clock    To Clock    
----------    ----------    --------    
(none)        sys_clk_pin                 
(none)                      sys_clk_pin   


------------------------------------------------------------------------------------------------
| Timing Details
| --------------
------------------------------------------------------------------------------------------------


---------------------------------------------------------------------------------------------------
From Clock:  sys_clk_pin
  To Clock:  sys_clk_pin

Setup :            0  Failing Endpoints,  Worst Slack        6.099ns,  Total Violation        0.000ns
Hold  :            0  Failing Endpoints,  Worst Slack        0.285ns,  Total Violation        0.000ns
PW    :            0  Failing Endpoints,  Worst Slack        4.500ns,  Total Violation        0.000ns
---------------------------------------------------------------------------------------------------


Max Delay Paths
--------------------------------------------------------------------------------------
Slack (MET) :             6.099ns  (required time - arrival time)
  Source:                 div_cnt_reg[1]/C
                            (rising edge-triggered cell FDCE clocked by sys_clk_pin  {rise@0.000ns fall@5.000ns period=10.000ns})
  Destination:            div_cnt_reg[2]/D
                            (rising edge-triggered cell FDCE clocked by sys_clk_pin  {rise@0.000ns fall@5.000ns period=10.000ns})
  Path Group:             sys_clk_pin
  Path Type:              Setup (Max at Slow Process Corner)
  Requirement:            10.000ns  (sys_clk_pin rise@10.000ns - sys_clk_pin rise@0.000ns)
  Data Path Delay:        3.897ns  (logic 0.828ns (21.250%)  route 3.069ns (78.750%))
  Logic Levels:           3  (LUT4=2 LUT5=1)
  Clock Path Skew:        0.000ns (DCD - SCD + CPR)
    Destination Clock Delay (DCD):    4.857ns = ( 14.857 - 10.000 ) 
    Source Clock Delay      (SCD):    5.156ns
    Clock Pessimism Removal (CPR):    0.299ns
  Clock Uncertainty:      0.035ns  ((TSJ^2 + TIJ^2)^1/2 + DJ) / 2 + PE
    Total System Jitter     (TSJ):    0.071ns
    Total Input Jitter      (TIJ):    0.000ns
    Discrete Jitter          (DJ):    0.000ns
    Phase Error              (PE):    0.000ns

    Location             Delay type                Incr(ns)  Path(ns)    Netlist Resource(s)
  -------------------------------------------------------------------    -------------------
                         (clock sys_clk_pin rise edge)
                                                      0.000     0.000 r  
    W5                                                0.000     0.000 r  clk (IN)
                         net (fo=0)                   0.000     0.000    clk
    W5                   IBUF (Prop_ibuf_I_O)         1.458     1.458 r  clk_IBUF_inst/O
                         net (fo=1, routed)           1.967     3.425    clk_IBUF
    BUFGCTRL_X0Y0        BUFG (Prop_bufg_I_O)         0.096     3.521 r  clk_IBUF_BUFG_inst/O
                         net (fo=30, routed)          1.635     5.156    clk_IBUF_BUFG
    SLICE_X1Y11          FDCE                                         r  div_cnt_reg[1]/C
  -------------------------------------------------------------------    -------------------
    SLICE_X1Y11          FDCE (Prop_fdce_C_Q)         0.456     5.612 f  div_cnt_reg[1]/Q
                         net (fo=2, routed)           0.856     6.469    div_cnt_reg_n_0_[1]
    SLICE_X1Y11          LUT4 (Prop_lut4_I1_O)        0.124     6.593 r  div_cnt[26]_i_7/O
                         net (fo=1, routed)           0.717     7.310    div_cnt[26]_i_7_n_0
    SLICE_X1Y15          LUT5 (Prop_lut5_I4_O)        0.124     7.434 r  div_cnt[26]_i_2/O
                         net (fo=27, routed)          1.495     8.929    div_cnt[26]_i_2_n_0
    SLICE_X1Y11          LUT4 (Prop_lut4_I0_O)        0.124     9.053 r  div_cnt[2]_i_1/O
                         net (fo=1, routed)           0.000     9.053    div_cnt[2]
    SLICE_X1Y11          FDCE                                         r  div_cnt_reg[2]/D
  -------------------------------------------------------------------    -------------------

                         (clock sys_clk_pin rise edge)
                                                     10.000    10.000 r  
    W5                                                0.000    10.000 r  clk (IN)
                         net (fo=0)                   0.000    10.000    clk
    W5                   IBUF (Prop_ibuf_I_O)         1.388    11.388 r  clk_IBUF_inst/O
                         net (fo=1, routed)           1.862    13.250    clk_IBUF
    BUFGCTRL_X0Y0        BUFG (Prop_bufg_I_O)         0.091    13.341 r  clk_IBUF_BUFG_inst/O
                         net (fo=30, routed)          1.516    14.857    clk_IBUF_BUFG
    SLICE_X1Y11          FDCE                                         r  div_cnt_reg[2]/C
                         clock pessimism              0.299    15.156    
                         clock uncertainty           -0.035    15.121    
    SLICE_X1Y11          FDCE (Setup_fdce_C_D)        0.031    15.152    div_cnt_reg[2]
  -------------------------------------------------------------------
                         required time                         15.152    
                         arrival time                          -9.053    
  -------------------------------------------------------------------
                         slack                                  6.099    

Slack (MET) :             6.099ns  (required time - arrival time)
  Source:                 div_cnt_reg[1]/C
                            (rising edge-triggered cell FDCE clocked by sys_clk_pin  {rise@0.000ns fall@5.000ns period=10.000ns})
  Destination:            div_cnt_reg[1]/D
                            (rising edge-triggered cell FDCE clocked by sys_clk_pin  {rise@0.000ns fall@5.000ns period=10.000ns})
  Path Group:             sys_clk_pin
  Path Type:              Setup (Max at Slow Process Corner)
  Requirement:            10.000ns  (sys_clk_pin rise@10.000ns - sys_clk_pin rise@0.000ns)
  Data Path Delay:        3.895ns  (logic 0.828ns (21.260%)  route 3.067ns (78.740%))
  Logic Levels:           3  (LUT4=2 LUT5=1)
  Clock Path Skew:        0.000ns (DCD - SCD + CPR)
    Destination Clock Delay (DCD):    4.857ns = ( 14.857 - 10.000 ) 
    Source Clock Delay      (SCD):    5.156ns
    Clock Pessimism Removal (CPR):    0.299ns
  Clock Uncertainty:      0.035ns  ((TSJ^2 + TIJ^2)^1/2 + DJ) / 2 + PE
    Total System Jitter     (TSJ):    0.071ns
    Total Input Jitter      (TIJ):    0.000ns
    Discrete Jitter          (DJ):    0.000ns
    Phase Error              (PE):    0.000ns

    Location             Delay type                Incr(ns)  Path(ns)    Netlist Resource(s)
  -------------------------------------------------------------------    -------------------
                         (clock sys_clk_pin rise edge)
                                                      0.000     0.000 r  
    W5                                                0.000     0.000 r  clk (IN)
                         net (fo=0)                   0.000     0.000    clk
    W5                   IBUF (Prop_ibuf_I_O)         1.458     1.458 r  clk_IBUF_inst/O
                         net (fo=1, routed)           1.967     3.425    clk_IBUF
    BUFGCTRL_X0Y0        BUFG (Prop_bufg_I_O)         0.096     3.521 r  clk_IBUF_BUFG_inst/O
                         net (fo=30, routed)          1.635     5.156    clk_IBUF_BUFG
    SLICE_X1Y11          FDCE                                         r  div_cnt_reg[1]/C
  -------------------------------------------------------------------    -------------------
    SLICE_X1Y11          FDCE (Prop_fdce_C_Q)         0.456     5.612 f  div_cnt_reg[1]/Q
                         net (fo=2, routed)           0.856     6.469    div_cnt_reg_n_0_[1]
    SLICE_X1Y11          LUT4 (Prop_lut4_I1_O)        0.124     6.593 r  div_cnt[26]_i_7/O
                         net (fo=1, routed)           0.717     7.310    div_cnt[26]_i_7_n_0
    SLICE_X1Y15          LUT5 (Prop_lut5_I4_O)        0.124     7.434 r  div_cnt[26]_i_2/O
                         net (fo=27, routed)          1.493     8.927    div_cnt[26]_i_2_n_0
    SLICE_X1Y11          LUT4 (Prop_lut4_I0_O)        0.124     9.051 r  div_cnt[1]_i_1/O
                         net (fo=1, routed)           0.000     9.051    div_cnt[1]
    SLICE_X1Y11          FDCE                                         r  div_cnt_reg[1]/D
  -------------------------------------------------------------------    -------------------

                         (clock sys_clk_pin rise edge)
                                                     10.000    10.000 r  
    W5                                                0.000    10.000 r  clk (IN)
                         net (fo=0)                   0.000    10.000    clk
    W5                   IBUF (Prop_ibuf_I_O)         1.388    11.388 r  clk_IBUF_inst/O
                         net (fo=1, routed)           1.862    13.250    clk_IBUF
    BUFGCTRL_X0Y0        BUFG (Prop_bufg_I_O)         0.091    13.341 r  clk_IBUF_BUFG_inst/O
                         net (fo=30, routed)          1.516    14.857    clk_IBUF_BUFG
    SLICE_X1Y11          FDCE                                         r  div_cnt_reg[1]/C
                         clock pessimism              0.299    15.156    
                         clock uncertainty           -0.035    15.121    
    SLICE_X1Y11          FDCE (Setup_fdce_C_D)        0.029    15.150    div_cnt_reg[1]
  -------------------------------------------------------------------
                         required time                         15.150    
                         arrival time                          -9.051    
  -------------------------------------------------------------------
                         slack                                  6.099    

Slack (MET) :             6.115ns  (required time - arrival time)
  Source:                 div_cnt_reg[1]/C
                            (rising edge-triggered cell FDCE clocked by sys_clk_pin  {rise@0.000ns fall@5.000ns period=10.000ns})
  Destination:            div_cnt_reg[4]/D
                            (rising edge-triggered cell FDCE clocked by sys_clk_pin  {rise@0.000ns fall@5.000ns period=10.000ns})
  Path Group:             sys_clk_pin
  Path Type:              Setup (Max at Slow Process Corner)
  Requirement:            10.000ns  (sys_clk_pin rise@10.000ns - sys_clk_pin rise@0.000ns)
  Data Path Delay:        3.925ns  (logic 0.856ns (21.811%)  route 3.069ns (78.189%))
  Logic Levels:           3  (LUT4=2 LUT5=1)
  Clock Path Skew:        0.000ns (DCD - SCD + CPR)
    Destination Clock Delay (DCD):    4.857ns = ( 14.857 - 10.000 ) 
    Source Clock Delay      (SCD):    5.156ns
    Clock Pessimism Removal (CPR):    0.299ns
  Clock Uncertainty:      0.035ns  ((TSJ^2 + TIJ^2)^1/2 + DJ) / 2 + PE
    Total System Jitter     (TSJ):    0.071ns
    Total Input Jitter      (TIJ):    0.000ns
    Discrete Jitter          (DJ):    0.000ns
    Phase Error              (PE):    0.000ns

    Location             Delay type                Incr(ns)  Path(ns)    Netlist Resource(s)
  -------------------------------------------------------------------    -------------------
                         (clock sys_clk_pin rise edge)
                                                      0.000     0.000 r  
    W5                                                0.000     0.000 r  clk (IN)
                         net (fo=0)                   0.000     0.000    clk
    W5                   IBUF (Prop_ibuf_I_O)         1.458     1.458 r  clk_IBUF_inst/O
                         net (fo=1, routed)           1.967     3.425    clk_IBUF
    BUFGCTRL_X0Y0        BUFG (Prop_bufg_I_O)         0.096     3.521 r  clk_IBUF_BUFG_inst/O
                         net (fo=30, routed)          1.635     5.156    clk_IBUF_BUFG
    SLICE_X1Y11          FDCE                                         r  div_cnt_reg[1]/C
  -------------------------------------------------------------------    -------------------
    SLICE_X1Y11          FDCE (Prop_fdce_C_Q)         0.456     5.612 f  div_cnt_reg[1]/Q
                         net (fo=2, routed)           0.856     6.469    div_cnt_reg_n_0_[1]
    SLICE_X1Y11          LUT4 (Prop_lut4_I1_O)        0.124     6.593 r  div_cnt[26]_i_7/O
                         net (fo=1, routed)           0.717     7.310    div_cnt[26]_i_7_n_0
    SLICE_X1Y15          LUT5 (Prop_lut5_I4_O)        0.124     7.434 r  div_cnt[26]_i_2/O
                         net (fo=27, routed)          1.495     8.929    div_cnt[26]_i_2_n_0
    SLICE_X1Y11          LUT4 (Prop_lut4_I0_O)        0.152     9.081 r  div_cnt[4]_i_1/O
                         net (fo=1, routed)           0.000     9.081    div_cnt[4]
    SLICE_X1Y11          FDCE                                         r  div_cnt_reg[4]/D
  -------------------------------------------------------------------    -------------------

                         (clock sys_clk_pin rise edge)
                                                     10.000    10.000 r  
    W5                                                0.000    10.000 r  clk (IN)
                         net (fo=0)                   0.000    10.000    clk
    W5                   IBUF (Prop_ibuf_I_O)         1.388    11.388 r  clk_IBUF_inst/O
                         net (fo=1, routed)           1.862    13.250    clk_IBUF
    BUFGCTRL_X0Y0        BUFG (Prop_bufg_I_O)         0.091    13.341 r  clk_IBUF_BUFG_inst/O
                         net (fo=30, routed)          1.516    14.857    clk_IBUF_BUFG
    SLICE_X1Y11          FDCE                                         r  div_cnt_reg[4]/C
                         clock pessimism              0.299    15.156    
                         clock uncertainty           -0.035    15.121    
    SLICE_X1Y11          FDCE (Setup_fdce_C_D)        0.075    15.196    div_cnt_reg[4]
  -------------------------------------------------------------------
                         required time                         15.196    
                         arrival time                          -9.081    
  -------------------------------------------------------------------
                         slack                                  6.115    

Slack (MET) :             6.117ns  (required time - arrival time)
  Source:                 div_cnt_reg[1]/C
                            (rising edge-triggered cell FDCE clocked by sys_clk_pin  {rise@0.000ns fall@5.000ns period=10.000ns})
  Destination:            div_cnt_reg[3]/D
                            (rising edge-triggered cell FDCE clocked by sys_clk_pin  {rise@0.000ns fall@5.000ns period=10.000ns})
  Path Group:             sys_clk_pin
  Path Type:              Setup (Max at Slow Process Corner)
  Requirement:            10.000ns  (sys_clk_pin rise@10.000ns - sys_clk_pin rise@0.000ns)
  Data Path Delay:        3.923ns  (logic 0.856ns (21.823%)  route 3.067ns (78.177%))
  Logic Levels:           3  (LUT4=2 LUT5=1)
  Clock Path Skew:        0.000ns (DCD - SCD + CPR)
    Destination Clock Delay (DCD):    4.857ns = ( 14.857 - 10.000 ) 
    Source Clock Delay      (SCD):    5.156ns
    Clock Pessimism Removal (CPR):    0.299ns
  Clock Uncertainty:      0.035ns  ((TSJ^2 + TIJ^2)^1/2 + DJ) / 2 + PE
    Total System Jitter     (TSJ):    0.071ns
    Total Input Jitter      (TIJ):    0.000ns
    Discrete Jitter          (DJ):    0.000ns
    Phase Error              (PE):    0.000ns

    Location             Delay type                Incr(ns)  Path(ns)    Netlist Resource(s)
  -------------------------------------------------------------------    -------------------
                         (clock sys_clk_pin rise edge)
                                                      0.000     0.000 r  
    W5                                                0.000     0.000 r  clk (IN)
                         net (fo=0)                   0.000     0.000    clk
    W5                   IBUF (Prop_ibuf_I_O)         1.458     1.458 r  clk_IBUF_inst/O
                         net (fo=1, routed)           1.967     3.425    clk_IBUF
    BUFGCTRL_X0Y0        BUFG (Prop_bufg_I_O)         0.096     3.521 r  clk_IBUF_BUFG_inst/O
                         net (fo=30, routed)          1.635     5.156    clk_IBUF_BUFG
    SLICE_X1Y11          FDCE                                         r  div_cnt_reg[1]/C
  -------------------------------------------------------------------    -------------------
    SLICE_X1Y11          FDCE (Prop_fdce_C_Q)         0.456     5.612 f  div_cnt_reg[1]/Q
                         net (fo=2, routed)           0.856     6.469    div_cnt_reg_n_0_[1]
    SLICE_X1Y11          LUT4 (Prop_lut4_I1_O)        0.124     6.593 r  div_cnt[26]_i_7/O
                         net (fo=1, routed)           0.717     7.310    div_cnt[26]_i_7_n_0
    SLICE_X1Y15          LUT5 (Prop_lut5_I4_O)        0.124     7.434 r  div_cnt[26]_i_2/O
                         net (fo=27, routed)          1.493     8.927    div_cnt[26]_i_2_n_0
    SLICE_X1Y11          LUT4 (Prop_lut4_I0_O)        0.152     9.079 r  div_cnt[3]_i_1/O
                         net (fo=1, routed)           0.000     9.079    div_cnt[3]
    SLICE_X1Y11          FDCE                                         r  div_cnt_reg[3]/D
  -------------------------------------------------------------------    -------------------

                         (clock sys_clk_pin rise edge)
                                                     10.000    10.000 r  
    W5                                                0.000    10.000 r  clk (IN)
                         net (fo=0)                   0.000    10.000    clk
    W5                   IBUF (Prop_ibuf_I_O)         1.388    11.388 r  clk_IBUF_inst/O
                         net (fo=1, routed)           1.862    13.250    clk_IBUF
    BUFGCTRL_X0Y0        BUFG (Prop_bufg_I_O)         0.091    13.341 r  clk_IBUF_BUFG_inst/O
                         net (fo=30, routed)          1.516    14.857    clk_IBUF_BUFG
    SLICE_X1Y11          FDCE                                         r  div_cnt_reg[3]/C
                         clock pessimism              0.299    15.156    
                         clock uncertainty           -0.035    15.121    
    SLICE_X1Y11          FDCE (Setup_fdce_C_D)        0.075    15.196    div_cnt_reg[3]
  -------------------------------------------------------------------
                         required time                         15.196    
                         arrival time                          -9.079    
  -------------------------------------------------------------------
                         slack                                  6.117    

Slack (MET) :             6.137ns  (required time - arrival time)
  Source:                 div_cnt_reg[2]/C
                            (rising edge-triggered cell FDCE clocked by sys_clk_pin  {rise@0.000ns fall@5.000ns period=10.000ns})
  Destination:            div_cnt_reg[14]/D
                            (rising edge-triggered cell FDCE clocked by sys_clk_pin  {rise@0.000ns fall@5.000ns period=10.000ns})
  Path Group:             sys_clk_pin
  Path Type:              Setup (Max at Slow Process Corner)
  Requirement:            10.000ns  (sys_clk_pin rise@10.000ns - sys_clk_pin rise@0.000ns)
  Data Path Delay:        3.831ns  (logic 1.995ns (52.071%)  route 1.836ns (47.929%))
  Logic Levels:           5  (CARRY4=4 LUT4=1)
  Clock Path Skew:        -0.027ns (DCD - SCD + CPR)
    Destination Clock Delay (DCD):    4.855ns = ( 14.855 - 10.000 ) 
    Source Clock Delay      (SCD):    5.156ns
    Clock Pessimism Removal (CPR):    0.274ns
  Clock Uncertainty:      0.035ns  ((TSJ^2 + TIJ^2)^1/2 + DJ) / 2 + PE
    Total System Jitter     (TSJ):    0.071ns
    Total Input Jitter      (TIJ):    0.000ns
    Discrete Jitter          (DJ):    0.000ns
    Phase Error              (PE):    0.000ns

    Location             Delay type                Incr(ns)  Path(ns)    Netlist Resource(s)
  -------------------------------------------------------------------    -------------------
                         (clock sys_clk_pin rise edge)
                                                      0.000     0.000 r  
    W5                                                0.000     0.000 r  clk (IN)
                         net (fo=0)                   0.000     0.000    clk
    W5                   IBUF (Prop_ibuf_I_O)         1.458     1.458 r  clk_IBUF_inst/O
                         net (fo=1, routed)           1.967     3.425    clk_IBUF
    BUFGCTRL_X0Y0        BUFG (Prop_bufg_I_O)         0.096     3.521 r  clk_IBUF_BUFG_inst/O
                         net (fo=30, routed)          1.635     5.156    clk_IBUF_BUFG
    SLICE_X1Y11          FDCE                                         r  div_cnt_reg[2]/C
  -------------------------------------------------------------------    -------------------
    SLICE_X1Y11          FDCE (Prop_fdce_C_Q)         0.456     5.612 r  div_cnt_reg[2]/Q
                         net (fo=2, routed)           0.738     6.350    div_cnt_reg_n_0_[2]
    SLICE_X0Y11          CARRY4 (Prop_carry4_S[1]_CO[3])
                                                      0.674     7.024 r  div_cnt_reg[4]_i_2/CO[3]
                         net (fo=1, routed)           0.000     7.024    div_cnt_reg[4]_i_2_n_0
    SLICE_X0Y12          CARRY4 (Prop_carry4_CI_CO[3])
                                                      0.114     7.138 r  div_cnt_reg[8]_i_2/CO[3]
                         net (fo=1, routed)           0.000     7.138    div_cnt_reg[8]_i_2_n_0
    SLICE_X0Y13          CARRY4 (Prop_carry4_CI_CO[3])
                                                      0.114     7.252 r  div_cnt_reg[12]_i_2/CO[3]
                         net (fo=1, routed)           0.000     7.252    div_cnt_reg[12]_i_2_n_0
    SLICE_X0Y14          CARRY4 (Prop_carry4_CI_O[1])
                                                      0.334     7.586 r  div_cnt_reg[16]_i_2/O[1]
                         net (fo=1, routed)           1.099     8.685    data0[14]
    SLICE_X1Y14          LUT4 (Prop_lut4_I3_O)        0.303     8.988 r  div_cnt[14]_i_1/O
                         net (fo=1, routed)           0.000     8.988    div_cnt[14]
    SLICE_X1Y14          FDCE                                         r  div_cnt_reg[14]/D
  -------------------------------------------------------------------    -------------------

                         (clock sys_clk_pin rise edge)
                                                     10.000    10.000 r  
    W5                                                0.000    10.000 r  clk (IN)
                         net (fo=0)                   0.000    10.000    clk
    W5                   IBUF (Prop_ibuf_I_O)         1.388    11.388 r  clk_IBUF_inst/O
                         net (fo=1, routed)           1.862    13.250    clk_IBUF
    BUFGCTRL_X0Y0        BUFG (Prop_bufg_I_O)         0.091    13.341 r  clk_IBUF_BUFG_inst/O
                         net (fo=30, routed)          1.514    14.855    clk_IBUF_BUFG
    SLICE_X1Y14          FDCE                                         r  div_cnt_reg[14]/C
                         clock pessimism              0.274    15.129    
                         clock uncertainty           -0.035    15.094    
    SLICE_X1Y14          FDCE (Setup_fdce_C_D)        0.031    15.125    div_cnt_reg[14]
  -------------------------------------------------------------------
                         required time                         15.125    
                         arrival time                          -8.988    
  -------------------------------------------------------------------
                         slack                                  6.137    

Slack (MET) :             6.150ns  (required time - arrival time)
  Source:                 div_cnt_reg[10]/C
                            (rising edge-triggered cell FDCE clocked by sys_clk_pin  {rise@0.000ns fall@5.000ns period=10.000ns})
  Destination:            div_cnt_reg[25]/D
                            (rising edge-triggered cell FDCE clocked by sys_clk_pin  {rise@0.000ns fall@5.000ns period=10.000ns})
  Path Group:             sys_clk_pin
  Path Type:              Setup (Max at Slow Process Corner)
  Requirement:            10.000ns  (sys_clk_pin rise@10.000ns - sys_clk_pin rise@0.000ns)
  Data Path Delay:        3.819ns  (logic 0.828ns (21.680%)  route 2.991ns (78.320%))
  Logic Levels:           3  (LUT4=2 LUT5=1)
  Clock Path Skew:        -0.027ns (DCD - SCD + CPR)
    Destination Clock Delay (DCD):    4.853ns = ( 14.853 - 10.000 ) 
    Source Clock Delay      (SCD):    5.154ns
    Clock Pessimism Removal (CPR):    0.274ns
  Clock Uncertainty:      0.035ns  ((TSJ^2 + TIJ^2)^1/2 + DJ) / 2 + PE
    Total System Jitter     (TSJ):    0.071ns
    Total Input Jitter      (TIJ):    0.000ns
    Discrete Jitter          (DJ):    0.000ns
    Phase Error              (PE):    0.000ns

    Location             Delay type                Incr(ns)  Path(ns)    Netlist Resource(s)
  -------------------------------------------------------------------    -------------------
                         (clock sys_clk_pin rise edge)
                                                      0.000     0.000 r  
    W5                                                0.000     0.000 r  clk (IN)
                         net (fo=0)                   0.000     0.000    clk
    W5                   IBUF (Prop_ibuf_I_O)         1.458     1.458 r  clk_IBUF_inst/O
                         net (fo=1, routed)           1.967     3.425    clk_IBUF
    BUFGCTRL_X0Y0        BUFG (Prop_bufg_I_O)         0.096     3.521 r  clk_IBUF_BUFG_inst/O
                         net (fo=30, routed)          1.633     5.154    clk_IBUF_BUFG
    SLICE_X1Y13          FDCE                                         r  div_cnt_reg[10]/C
  -------------------------------------------------------------------    -------------------
    SLICE_X1Y13          FDCE (Prop_fdce_C_Q)         0.456     5.610 r  div_cnt_reg[10]/Q
                         net (fo=2, routed)           0.998     6.608    div_cnt_reg_n_0_[10]
    SLICE_X1Y13          LUT4 (Prop_lut4_I0_O)        0.124     6.732 r  div_cnt[26]_i_8/O
                         net (fo=1, routed)           0.431     7.163    div_cnt[26]_i_8_n_0
    SLICE_X1Y12          LUT5 (Prop_lut5_I4_O)        0.124     7.287 r  div_cnt[26]_i_3/O
                         net (fo=27, routed)          1.563     8.849    div_cnt[26]_i_3_n_0
    SLICE_X1Y16          LUT4 (Prop_lut4_I1_O)        0.124     8.973 r  div_cnt[25]_i_1/O
                         net (fo=1, routed)           0.000     8.973    div_cnt[25]
    SLICE_X1Y16          FDCE                                         r  div_cnt_reg[25]/D
  -------------------------------------------------------------------    -------------------

                         (clock sys_clk_pin rise edge)
                                                     10.000    10.000 r  
    W5                                                0.000    10.000 r  clk (IN)
                         net (fo=0)                   0.000    10.000    clk
    W5                   IBUF (Prop_ibuf_I_O)         1.388    11.388 r  clk_IBUF_inst/O
                         net (fo=1, routed)           1.862    13.250    clk_IBUF
    BUFGCTRL_X0Y0        BUFG (Prop_bufg_I_O)         0.091    13.341 r  clk_IBUF_BUFG_inst/O
                         net (fo=30, routed)          1.512    14.853    clk_IBUF_BUFG
    SLICE_X1Y16          FDCE                                         r  div_cnt_reg[25]/C
                         clock pessimism              0.274    15.127    
                         clock uncertainty           -0.035    15.092    
    SLICE_X1Y16          FDCE (Setup_fdce_C_D)        0.031    15.123    div_cnt_reg[25]
  -------------------------------------------------------------------
                         required time                         15.123    
                         arrival time                          -8.973    
  -------------------------------------------------------------------
                         slack                                  6.150    

Slack (MET) :             6.164ns  (required time - arrival time)
  Source:                 div_cnt_reg[10]/C
                            (rising edge-triggered cell FDCE clocked by sys_clk_pin  {rise@0.000ns fall@5.000ns period=10.000ns})
  Destination:            div_cnt_reg[26]/D
                            (rising edge-triggered cell FDCE clocked by sys_clk_pin  {rise@0.000ns fall@5.000ns period=10.000ns})
  Path Group:             sys_clk_pin
  Path Type:              Setup (Max at Slow Process Corner)
  Requirement:            10.000ns  (sys_clk_pin rise@10.000ns - sys_clk_pin rise@0.000ns)
  Data Path Delay:        3.849ns  (logic 0.858ns (22.291%)  route 2.991ns (77.709%))
  Logic Levels:           3  (LUT4=2 LUT5=1)
  Clock Path Skew:        -0.027ns (DCD - SCD + CPR)
    Destination Clock Delay (DCD):    4.853ns = ( 14.853 - 10.000 ) 
    Source Clock Delay      (SCD):    5.154ns
    Clock Pessimism Removal (CPR):    0.274ns
  Clock Uncertainty:      0.035ns  ((TSJ^2 + TIJ^2)^1/2 + DJ) / 2 + PE
    Total System Jitter     (TSJ):    0.071ns
    Total Input Jitter      (TIJ):    0.000ns
    Discrete Jitter          (DJ):    0.000ns
    Phase Error              (PE):    0.000ns

    Location             Delay type                Incr(ns)  Path(ns)    Netlist Resource(s)
  -------------------------------------------------------------------    -------------------
                         (clock sys_clk_pin rise edge)
                                                      0.000     0.000 r  
    W5                                                0.000     0.000 r  clk (IN)
                         net (fo=0)                   0.000     0.000    clk
    W5                   IBUF (Prop_ibuf_I_O)         1.458     1.458 r  clk_IBUF_inst/O
                         net (fo=1, routed)           1.967     3.425    clk_IBUF
    BUFGCTRL_X0Y0        BUFG (Prop_bufg_I_O)         0.096     3.521 r  clk_IBUF_BUFG_inst/O
                         net (fo=30, routed)          1.633     5.154    clk_IBUF_BUFG
    SLICE_X1Y13          FDCE                                         r  div_cnt_reg[10]/C
  -------------------------------------------------------------------    -------------------
    SLICE_X1Y13          FDCE (Prop_fdce_C_Q)         0.456     5.610 r  div_cnt_reg[10]/Q
                         net (fo=2, routed)           0.998     6.608    div_cnt_reg_n_0_[10]
    SLICE_X1Y13          LUT4 (Prop_lut4_I0_O)        0.124     6.732 r  div_cnt[26]_i_8/O
                         net (fo=1, routed)           0.431     7.163    div_cnt[26]_i_8_n_0
    SLICE_X1Y12          LUT5 (Prop_lut5_I4_O)        0.124     7.287 r  div_cnt[26]_i_3/O
                         net (fo=27, routed)          1.563     8.849    div_cnt[26]_i_3_n_0
    SLICE_X1Y16          LUT4 (Prop_lut4_I1_O)        0.154     9.003 r  div_cnt[26]_i_1/O
                         net (fo=1, routed)           0.000     9.003    div_cnt[26]
    SLICE_X1Y16          FDCE                                         r  div_cnt_reg[26]/D
  -------------------------------------------------------------------    -------------------

                         (clock sys_clk_pin rise edge)
                                                     10.000    10.000 r  
    W5                                                0.000    10.000 r  clk (IN)
                         net (fo=0)                   0.000    10.000    clk
    W5                   IBUF (Prop_ibuf_I_O)         1.388    11.388 r  clk_IBUF_inst/O
                         net (fo=1, routed)           1.862    13.250    clk_IBUF
    BUFGCTRL_X0Y0        BUFG (Prop_bufg_I_O)         0.091    13.341 r  clk_IBUF_BUFG_inst/O
                         net (fo=30, routed)          1.512    14.853    clk_IBUF_BUFG
    SLICE_X1Y16          FDCE                                         r  div_cnt_reg[26]/C
                         clock pessimism              0.274    15.127    
                         clock uncertainty           -0.035    15.092    
    SLICE_X1Y16          FDCE (Setup_fdce_C_D)        0.075    15.167    div_cnt_reg[26]
  -------------------------------------------------------------------
                         required time                         15.167    
                         arrival time                          -9.003    
  -------------------------------------------------------------------
                         slack                                  6.164    

Slack (MET) :             6.232ns  (required time - arrival time)
  Source:                 div_cnt_reg[1]/C
                            (rising edge-triggered cell FDCE clocked by sys_clk_pin  {rise@0.000ns fall@5.000ns period=10.000ns})
  Destination:            div_cnt_reg[6]/D
                            (rising edge-triggered cell FDCE clocked by sys_clk_pin  {rise@0.000ns fall@5.000ns period=10.000ns})
  Path Group:             sys_clk_pin
  Path Type:              Setup (Max at Slow Process Corner)
  Requirement:            10.000ns  (sys_clk_pin rise@10.000ns - sys_clk_pin rise@0.000ns)
  Data Path Delay:        3.738ns  (logic 0.828ns (22.153%)  route 2.910ns (77.847%))
  Logic Levels:           3  (LUT4=2 LUT5=1)
  Clock Path Skew:        -0.026ns (DCD - SCD + CPR)
    Destination Clock Delay (DCD):    4.856ns = ( 14.856 - 10.000 ) 
    Source Clock Delay      (SCD):    5.156ns
    Clock Pessimism Removal (CPR):    0.274ns
  Clock Uncertainty:      0.035ns  ((TSJ^2 + TIJ^2)^1/2 + DJ) / 2 + PE
    Total System Jitter     (TSJ):    0.071ns
    Total Input Jitter      (TIJ):    0.000ns
    Discrete Jitter          (DJ):    0.000ns
    Phase Error              (PE):    0.000ns

    Location             Delay type                Incr(ns)  Path(ns)    Netlist Resource(s)
  -------------------------------------------------------------------    -------------------
                         (clock sys_clk_pin rise edge)
                                                      0.000     0.000 r  
    W5                                                0.000     0.000 r  clk (IN)
                         net (fo=0)                   0.000     0.000    clk
    W5                   IBUF (Prop_ibuf_I_O)         1.458     1.458 r  clk_IBUF_inst/O
                         net (fo=1, routed)           1.967     3.425    clk_IBUF
    BUFGCTRL_X0Y0        BUFG (Prop_bufg_I_O)         0.096     3.521 r  clk_IBUF_BUFG_inst/O
                         net (fo=30, routed)          1.635     5.156    clk_IBUF_BUFG
    SLICE_X1Y11          FDCE                                         r  div_cnt_reg[1]/C
  -------------------------------------------------------------------    -------------------
    SLICE_X1Y11          FDCE (Prop_fdce_C_Q)         0.456     5.612 f  div_cnt_reg[1]/Q
                         net (fo=2, routed)           0.856     6.469    div_cnt_reg_n_0_[1]
    SLICE_X1Y11          LUT4 (Prop_lut4_I1_O)        0.124     6.593 r  div_cnt[26]_i_7/O
                         net (fo=1, routed)           0.717     7.310    div_cnt[26]_i_7_n_0
    SLICE_X1Y15          LUT5 (Prop_lut5_I4_O)        0.124     7.434 r  div_cnt[26]_i_2/O
                         net (fo=27, routed)          1.336     8.770    div_cnt[26]_i_2_n_0
    SLICE_X1Y12          LUT4 (Prop_lut4_I0_O)        0.124     8.894 r  div_cnt[6]_i_1/O
                         net (fo=1, routed)           0.000     8.894    div_cnt[6]
    SLICE_X1Y12          FDCE                                         r  div_cnt_reg[6]/D
  -------------------------------------------------------------------    -------------------

                         (clock sys_clk_pin rise edge)
                                                     10.000    10.000 r  
    W5                                                0.000    10.000 r  clk (IN)
                         net (fo=0)                   0.000    10.000    clk
    W5                   IBUF (Prop_ibuf_I_O)         1.388    11.388 r  clk_IBUF_inst/O
                         net (fo=1, routed)           1.862    13.250    clk_IBUF
    BUFGCTRL_X0Y0        BUFG (Prop_bufg_I_O)         0.091    13.341 r  clk_IBUF_BUFG_inst/O
                         net (fo=30, routed)          1.515    14.856    clk_IBUF_BUFG
    SLICE_X1Y12          FDCE                                         r  div_cnt_reg[6]/C
                         clock pessimism              0.274    15.130    
                         clock uncertainty           -0.035    15.095    
    SLICE_X1Y12          FDCE (Setup_fdce_C_D)        0.031    15.126    div_cnt_reg[6]
  -------------------------------------------------------------------
                         required time                         15.126    
                         arrival time                          -8.894    
  -------------------------------------------------------------------
                         slack                                  6.232    

Slack (MET) :             6.237ns  (required time - arrival time)
  Source:                 div_cnt_reg[1]/C
                            (rising edge-triggered cell FDCE clocked by sys_clk_pin  {rise@0.000ns fall@5.000ns period=10.000ns})
  Destination:            div_cnt_reg[22]/D
                            (rising edge-triggered cell FDCE clocked by sys_clk_pin  {rise@0.000ns fall@5.000ns period=10.000ns})
  Path Group:             sys_clk_pin
  Path Type:              Setup (Max at Slow Process Corner)
  Requirement:            10.000ns  (sys_clk_pin rise@10.000ns - sys_clk_pin rise@0.000ns)
  Data Path Delay:        3.729ns  (logic 0.828ns (22.203%)  route 2.901ns (77.797%))
  Logic Levels:           3  (LUT4=2 LUT5=1)
  Clock Path Skew:        -0.029ns (DCD - SCD + CPR)
    Destination Clock Delay (DCD):    4.853ns = ( 14.853 - 10.000 ) 
    Source Clock Delay      (SCD):    5.156ns
    Clock Pessimism Removal (CPR):    0.274ns
  Clock Uncertainty:      0.035ns  ((TSJ^2 + TIJ^2)^1/2 + DJ) / 2 + PE
    Total System Jitter     (TSJ):    0.071ns
    Total Input Jitter      (TIJ):    0.000ns
    Discrete Jitter          (DJ):    0.000ns
    Phase Error              (PE):    0.000ns

    Location             Delay type                Incr(ns)  Path(ns)    Netlist Resource(s)
  -------------------------------------------------------------------    -------------------
                         (clock sys_clk_pin rise edge)
                                                      0.000     0.000 r  
    W5                                                0.000     0.000 r  clk (IN)
                         net (fo=0)                   0.000     0.000    clk
    W5                   IBUF (Prop_ibuf_I_O)         1.458     1.458 r  clk_IBUF_inst/O
                         net (fo=1, routed)           1.967     3.425    clk_IBUF
    BUFGCTRL_X0Y0        BUFG (Prop_bufg_I_O)         0.096     3.521 r  clk_IBUF_BUFG_inst/O
                         net (fo=30, routed)          1.635     5.156    clk_IBUF_BUFG
    SLICE_X1Y11          FDCE                                         r  div_cnt_reg[1]/C
  -------------------------------------------------------------------    -------------------
    SLICE_X1Y11          FDCE (Prop_fdce_C_Q)         0.456     5.612 f  div_cnt_reg[1]/Q
                         net (fo=2, routed)           0.856     6.469    div_cnt_reg_n_0_[1]
    SLICE_X1Y11          LUT4 (Prop_lut4_I1_O)        0.124     6.593 r  div_cnt[26]_i_7/O
                         net (fo=1, routed)           0.717     7.310    div_cnt[26]_i_7_n_0
    SLICE_X1Y15          LUT5 (Prop_lut5_I4_O)        0.124     7.434 r  div_cnt[26]_i_2/O
                         net (fo=27, routed)          1.328     8.761    div_cnt[26]_i_2_n_0
    SLICE_X1Y16          LUT4 (Prop_lut4_I0_O)        0.124     8.885 r  div_cnt[22]_i_1/O
                         net (fo=1, routed)           0.000     8.885    div_cnt[22]
    SLICE_X1Y16          FDCE                                         r  div_cnt_reg[22]/D
  -------------------------------------------------------------------    -------------------

                         (clock sys_clk_pin rise edge)
                                                     10.000    10.000 r  
    W5                                                0.000    10.000 r  clk (IN)
                         net (fo=0)                   0.000    10.000    clk
    W5                   IBUF (Prop_ibuf_I_O)         1.388    11.388 r  clk_IBUF_inst/O
                         net (fo=1, routed)           1.862    13.250    clk_IBUF
    BUFGCTRL_X0Y0        BUFG (Prop_bufg_I_O)         0.091    13.341 r  clk_IBUF_BUFG_inst/O
                         net (fo=30, routed)          1.512    14.853    clk_IBUF_BUFG
    SLICE_X1Y16          FDCE                                         r  div_cnt_reg[22]/C
                         clock pessimism              0.274    15.127    
                         clock uncertainty           -0.035    15.092    
    SLICE_X1Y16          FDCE (Setup_fdce_C_D)        0.031    15.123    div_cnt_reg[22]
  -------------------------------------------------------------------
                         required time                         15.123    
                         arrival time                          -8.885    
  -------------------------------------------------------------------
                         slack                                  6.237    

Slack (MET) :             6.240ns  (required time - arrival time)
  Source:                 div_cnt_reg[1]/C
                            (rising edge-triggered cell FDCE clocked by sys_clk_pin  {rise@0.000ns fall@5.000ns period=10.000ns})
  Destination:            div_cnt_reg[5]/D
                            (rising edge-triggered cell FDCE clocked by sys_clk_pin  {rise@0.000ns fall@5.000ns period=10.000ns})
  Path Group:             sys_clk_pin
  Path Type:              Setup (Max at Slow Process Corner)
  Requirement:            10.000ns  (sys_clk_pin rise@10.000ns - sys_clk_pin rise@0.000ns)
  Data Path Delay:        3.727ns  (logic 0.828ns (22.213%)  route 2.899ns (77.787%))
  Logic Levels:           3  (LUT4=2 LUT5=1)
  Clock Path Skew:        -0.026ns (DCD - SCD + CPR)
    Destination Clock Delay (DCD):    4.856ns = ( 14.856 - 10.000 ) 
    Source Clock Delay      (SCD):    5.156ns
    Clock Pessimism Removal (CPR):    0.274ns
  Clock Uncertainty:      0.035ns  ((TSJ^2 + TIJ^2)^1/2 + DJ) / 2 + PE
    Total System Jitter     (TSJ):    0.071ns
    Total Input Jitter      (TIJ):    0.000ns
    Discrete Jitter          (DJ):    0.000ns
    Phase Error              (PE):    0.000ns

    Location             Delay type                Incr(ns)  Path(ns)    Netlist Resource(s)
  -------------------------------------------------------------------    -------------------
                         (clock sys_clk_pin rise edge)
                                                      0.000     0.000 r  
    W5                                                0.000     0.000 r  clk (IN)
                         net (fo=0)                   0.000     0.000    clk
    W5                   IBUF (Prop_ibuf_I_O)         1.458     1.458 r  clk_IBUF_inst/O
                         net (fo=1, routed)           1.967     3.425    clk_IBUF
    BUFGCTRL_X0Y0        BUFG (Prop_bufg_I_O)         0.096     3.521 r  clk_IBUF_BUFG_inst/O
                         net (fo=30, routed)          1.635     5.156    clk_IBUF_BUFG
    SLICE_X1Y11          FDCE                                         r  div_cnt_reg[1]/C
  -------------------------------------------------------------------    -------------------
    SLICE_X1Y11          FDCE (Prop_fdce_C_Q)         0.456     5.612 f  div_cnt_reg[1]/Q
                         net (fo=2, routed)           0.856     6.469    div_cnt_reg_n_0_[1]
    SLICE_X1Y11          LUT4 (Prop_lut4_I1_O)        0.124     6.593 r  div_cnt[26]_i_7/O
                         net (fo=1, routed)           0.717     7.310    div_cnt[26]_i_7_n_0
    SLICE_X1Y15          LUT5 (Prop_lut5_I4_O)        0.124     7.434 r  div_cnt[26]_i_2/O
                         net (fo=27, routed)          1.326     8.760    div_cnt[26]_i_2_n_0
    SLICE_X1Y12          LUT4 (Prop_lut4_I0_O)        0.124     8.884 r  div_cnt[5]_i_1/O
                         net (fo=1, routed)           0.000     8.884    div_cnt[5]
    SLICE_X1Y12          FDCE                                         r  div_cnt_reg[5]/D
  -------------------------------------------------------------------    -------------------

                         (clock sys_clk_pin rise edge)
                                                     10.000    10.000 r  
    W5                                                0.000    10.000 r  clk (IN)
                         net (fo=0)                   0.000    10.000    clk
    W5                   IBUF (Prop_ibuf_I_O)         1.388    11.388 r  clk_IBUF_inst/O
                         net (fo=1, routed)           1.862    13.250    clk_IBUF
    BUFGCTRL_X0Y0        BUFG (Prop_bufg_I_O)         0.091    13.341 r  clk_IBUF_BUFG_inst/O
                         net (fo=30, routed)          1.515    14.856    clk_IBUF_BUFG
    SLICE_X1Y12          FDCE                                         r  div_cnt_reg[5]/C
                         clock pessimism              0.274    15.130    
                         clock uncertainty           -0.035    15.095    
    SLICE_X1Y12          FDCE (Setup_fdce_C_D)        0.029    15.124    div_cnt_reg[5]
  -------------------------------------------------------------------
                         required time                         15.124    
                         arrival time                          -8.884    
  -------------------------------------------------------------------
                         slack                                  6.240    





Min Delay Paths
--------------------------------------------------------------------------------------
Slack (MET) :             0.285ns  (arrival time - required time)
  Source:                 tick_1sec_reg/C
                            (rising edge-triggered cell FDCE clocked by sys_clk_pin  {rise@0.000ns fall@5.000ns period=10.000ns})
  Destination:            cnt_reg[1]/D
                            (rising edge-triggered cell FDCE clocked by sys_clk_pin  {rise@0.000ns fall@5.000ns period=10.000ns})
  Path Group:             sys_clk_pin
  Path Type:              Hold (Min at Fast Process Corner)
  Requirement:            0.000ns  (sys_clk_pin rise@0.000ns - sys_clk_pin rise@0.000ns)
  Data Path Delay:        0.405ns  (logic 0.206ns (50.812%)  route 0.199ns (49.188%))
  Logic Levels:           1  (LUT3=1)
  Clock Path Skew:        0.013ns (DCD - SCD - CPR)
    Destination Clock Delay (DCD):    1.985ns
    Source Clock Delay      (SCD):    1.473ns
    Clock Pessimism Removal (CPR):    0.499ns

    Location             Delay type                Incr(ns)  Path(ns)    Netlist Resource(s)
  -------------------------------------------------------------------    -------------------
                         (clock sys_clk_pin rise edge)
                                                      0.000     0.000 r  
    W5                                                0.000     0.000 r  clk (IN)
                         net (fo=0)                   0.000     0.000    clk
    W5                   IBUF (Prop_ibuf_I_O)         0.226     0.226 r  clk_IBUF_inst/O
                         net (fo=1, routed)           0.631     0.858    clk_IBUF
    BUFGCTRL_X0Y0        BUFG (Prop_bufg_I_O)         0.026     0.884 r  clk_IBUF_BUFG_inst/O
                         net (fo=30, routed)          0.590     1.473    clk_IBUF_BUFG
    SLICE_X2Y16          FDCE                                         r  tick_1sec_reg/C
  -------------------------------------------------------------------    -------------------
    SLICE_X2Y16          FDCE (Prop_fdce_C_Q)         0.164     1.637 r  tick_1sec_reg/Q
                         net (fo=2, routed)           0.199     1.837    tick_1sec_reg_n_0
    SLICE_X1Y17          LUT3 (Prop_lut3_I1_O)        0.042     1.879 r  cnt[1]_i_1/O
                         net (fo=1, routed)           0.000     1.879    cnt[1]_i_1_n_0
    SLICE_X1Y17          FDCE                                         r  cnt_reg[1]/D
  -------------------------------------------------------------------    -------------------

                         (clock sys_clk_pin rise edge)
                                                      0.000     0.000 r  
    W5                                                0.000     0.000 r  clk (IN)
                         net (fo=0)                   0.000     0.000    clk
    W5                   IBUF (Prop_ibuf_I_O)         0.414     0.414 r  clk_IBUF_inst/O
                         net (fo=1, routed)           0.685     1.099    clk_IBUF
    BUFGCTRL_X0Y0        BUFG (Prop_bufg_I_O)         0.029     1.128 r  clk_IBUF_BUFG_inst/O
                         net (fo=30, routed)          0.858     1.985    clk_IBUF_BUFG
    SLICE_X1Y17          FDCE                                         r  cnt_reg[1]/C
                         clock pessimism             -0.499     1.486    
    SLICE_X1Y17          FDCE (Hold_fdce_C_D)         0.107     1.593    cnt_reg[1]
  -------------------------------------------------------------------
                         required time                         -1.593    
                         arrival time                           1.879    
  -------------------------------------------------------------------
                         slack                                  0.285    

Slack (MET) :             0.304ns  (arrival time - required time)
  Source:                 tick_1sec_reg/C
                            (rising edge-triggered cell FDCE clocked by sys_clk_pin  {rise@0.000ns fall@5.000ns period=10.000ns})
  Destination:            cnt_reg[0]/D
                            (rising edge-triggered cell FDCE clocked by sys_clk_pin  {rise@0.000ns fall@5.000ns period=10.000ns})
  Path Group:             sys_clk_pin
  Path Type:              Hold (Min at Fast Process Corner)
  Requirement:            0.000ns  (sys_clk_pin rise@0.000ns - sys_clk_pin rise@0.000ns)
  Data Path Delay:        0.408ns  (logic 0.209ns (51.174%)  route 0.199ns (48.826%))
  Logic Levels:           1  (LUT2=1)
  Clock Path Skew:        0.013ns (DCD - SCD - CPR)
    Destination Clock Delay (DCD):    1.985ns
    Source Clock Delay      (SCD):    1.473ns
    Clock Pessimism Removal (CPR):    0.499ns

    Location             Delay type                Incr(ns)  Path(ns)    Netlist Resource(s)
  -------------------------------------------------------------------    -------------------
                         (clock sys_clk_pin rise edge)
                                                      0.000     0.000 r  
    W5                                                0.000     0.000 r  clk (IN)
                         net (fo=0)                   0.000     0.000    clk
    W5                   IBUF (Prop_ibuf_I_O)         0.226     0.226 r  clk_IBUF_inst/O
                         net (fo=1, routed)           0.631     0.858    clk_IBUF
    BUFGCTRL_X0Y0        BUFG (Prop_bufg_I_O)         0.026     0.884 r  clk_IBUF_BUFG_inst/O
                         net (fo=30, routed)          0.590     1.473    clk_IBUF_BUFG
    SLICE_X2Y16          FDCE                                         r  tick_1sec_reg/C
  -------------------------------------------------------------------    -------------------
    SLICE_X2Y16          FDCE (Prop_fdce_C_Q)         0.164     1.637 r  tick_1sec_reg/Q
                         net (fo=2, routed)           0.199     1.837    tick_1sec_reg_n_0
    SLICE_X1Y17          LUT2 (Prop_lut2_I0_O)        0.045     1.882 r  cnt[0]_i_1/O
                         net (fo=1, routed)           0.000     1.882    cnt[0]_i_1_n_0
    SLICE_X1Y17          FDCE                                         r  cnt_reg[0]/D
  -------------------------------------------------------------------    -------------------

                         (clock sys_clk_pin rise edge)
                                                      0.000     0.000 r  
    W5                                                0.000     0.000 r  clk (IN)
                         net (fo=0)                   0.000     0.000    clk
    W5                   IBUF (Prop_ibuf_I_O)         0.414     0.414 r  clk_IBUF_inst/O
                         net (fo=1, routed)           0.685     1.099    clk_IBUF
    BUFGCTRL_X0Y0        BUFG (Prop_bufg_I_O)         0.029     1.128 r  clk_IBUF_BUFG_inst/O
                         net (fo=30, routed)          0.858     1.985    clk_IBUF_BUFG
    SLICE_X1Y17          FDCE                                         r  cnt_reg[0]/C
                         clock pessimism             -0.499     1.486    
    SLICE_X1Y17          FDCE (Hold_fdce_C_D)         0.091     1.577    cnt_reg[0]
  -------------------------------------------------------------------
                         required time                         -1.577    
                         arrival time                           1.882    
  -------------------------------------------------------------------
                         slack                                  0.304    

Slack (MET) :             0.453ns  (arrival time - required time)
  Source:                 div_cnt_reg[8]/C
                            (rising edge-triggered cell FDCE clocked by sys_clk_pin  {rise@0.000ns fall@5.000ns period=10.000ns})
  Destination:            div_cnt_reg[9]/D
                            (rising edge-triggered cell FDCE clocked by sys_clk_pin  {rise@0.000ns fall@5.000ns period=10.000ns})
  Path Group:             sys_clk_pin
  Path Type:              Hold (Min at Fast Process Corner)
  Requirement:            0.000ns  (sys_clk_pin rise@0.000ns - sys_clk_pin rise@0.000ns)
  Data Path Delay:        0.574ns  (logic 0.271ns (47.252%)  route 0.303ns (52.748%))
  Logic Levels:           2  (LUT4=1 LUT5=1)
  Clock Path Skew:        0.014ns (DCD - SCD - CPR)
    Destination Clock Delay (DCD):    1.988ns
    Source Clock Delay      (SCD):    1.475ns
    Clock Pessimism Removal (CPR):    0.499ns

    Location             Delay type                Incr(ns)  Path(ns)    Netlist Resource(s)
  -------------------------------------------------------------------    -------------------
                         (clock sys_clk_pin rise edge)
                                                      0.000     0.000 r  
    W5                                                0.000     0.000 r  clk (IN)
                         net (fo=0)                   0.000     0.000    clk
    W5                   IBUF (Prop_ibuf_I_O)         0.226     0.226 r  clk_IBUF_inst/O
                         net (fo=1, routed)           0.631     0.858    clk_IBUF
    BUFGCTRL_X0Y0        BUFG (Prop_bufg_I_O)         0.026     0.884 r  clk_IBUF_BUFG_inst/O
                         net (fo=30, routed)          0.592     1.475    clk_IBUF_BUFG
    SLICE_X1Y12          FDCE                                         r  div_cnt_reg[8]/C
  -------------------------------------------------------------------    -------------------
    SLICE_X1Y12          FDCE (Prop_fdce_C_Q)         0.128     1.603 r  div_cnt_reg[8]/Q
                         net (fo=2, routed)           0.103     1.706    div_cnt_reg_n_0_[8]
    SLICE_X1Y12          LUT5 (Prop_lut5_I0_O)        0.098     1.804 r  div_cnt[26]_i_3/O
                         net (fo=27, routed)          0.199     2.004    div_cnt[26]_i_3_n_0
    SLICE_X1Y13          LUT4 (Prop_lut4_I1_O)        0.045     2.049 r  div_cnt[9]_i_1/O
                         net (fo=1, routed)           0.000     2.049    div_cnt[9]
    SLICE_X1Y13          FDCE                                         r  div_cnt_reg[9]/D
  -------------------------------------------------------------------    -------------------

                         (clock sys_clk_pin rise edge)
                                                      0.000     0.000 r  
    W5                                                0.000     0.000 r  clk (IN)
                         net (fo=0)                   0.000     0.000    clk
    W5                   IBUF (Prop_ibuf_I_O)         0.414     0.414 r  clk_IBUF_inst/O
                         net (fo=1, routed)           0.685     1.099    clk_IBUF
    BUFGCTRL_X0Y0        BUFG (Prop_bufg_I_O)         0.029     1.128 r  clk_IBUF_BUFG_inst/O
                         net (fo=30, routed)          0.861     1.988    clk_IBUF_BUFG
    SLICE_X1Y13          FDCE                                         r  div_cnt_reg[9]/C
                         clock pessimism             -0.499     1.489    
    SLICE_X1Y13          FDCE (Hold_fdce_C_D)         0.107     1.596    div_cnt_reg[9]
  -------------------------------------------------------------------
                         required time                         -1.596    
                         arrival time                           2.049    
  -------------------------------------------------------------------
                         slack                                  0.453    

Slack (MET) :             0.463ns  (arrival time - required time)
  Source:                 div_cnt_reg[16]/C
                            (rising edge-triggered cell FDCE clocked by sys_clk_pin  {rise@0.000ns fall@5.000ns period=10.000ns})
  Destination:            div_cnt_reg[26]/D
                            (rising edge-triggered cell FDCE clocked by sys_clk_pin  {rise@0.000ns fall@5.000ns period=10.000ns})
  Path Group:             sys_clk_pin
  Path Type:              Hold (Min at Fast Process Corner)
  Requirement:            0.000ns  (sys_clk_pin rise@0.000ns - sys_clk_pin rise@0.000ns)
  Data Path Delay:        0.583ns  (logic 0.271ns (46.464%)  route 0.312ns (53.536%))
  Logic Levels:           2  (LUT4=1 LUT5=1)
  Clock Path Skew:        0.013ns (DCD - SCD - CPR)
    Destination Clock Delay (DCD):    1.986ns
    Source Clock Delay      (SCD):    1.474ns
    Clock Pessimism Removal (CPR):    0.499ns

    Location             Delay type                Incr(ns)  Path(ns)    Netlist Resource(s)
  -------------------------------------------------------------------    -------------------
                         (clock sys_clk_pin rise edge)
                                                      0.000     0.000 r  
    W5                                                0.000     0.000 r  clk (IN)
                         net (fo=0)                   0.000     0.000    clk
    W5                   IBUF (Prop_ibuf_I_O)         0.226     0.226 r  clk_IBUF_inst/O
                         net (fo=1, routed)           0.631     0.858    clk_IBUF
    BUFGCTRL_X0Y0        BUFG (Prop_bufg_I_O)         0.026     0.884 r  clk_IBUF_BUFG_inst/O
                         net (fo=30, routed)          0.591     1.474    clk_IBUF_BUFG
    SLICE_X1Y14          FDCE                                         r  div_cnt_reg[16]/C
  -------------------------------------------------------------------    -------------------
    SLICE_X1Y14          FDCE (Prop_fdce_C_Q)         0.128     1.602 f  div_cnt_reg[16]/Q
                         net (fo=2, routed)           0.103     1.705    div_cnt_reg_n_0_[16]
    SLICE_X1Y14          LUT5 (Prop_lut5_I1_O)        0.098     1.803 r  div_cnt[26]_i_4/O
                         net (fo=27, routed)          0.209     2.012    div_cnt[26]_i_4_n_0
    SLICE_X1Y16          LUT4 (Prop_lut4_I2_O)        0.045     2.057 r  div_cnt[26]_i_1/O
                         net (fo=1, routed)           0.000     2.057    div_cnt[26]
    SLICE_X1Y16          FDCE                                         r  div_cnt_reg[26]/D
  -------------------------------------------------------------------    -------------------

                         (clock sys_clk_pin rise edge)
                                                      0.000     0.000 r  
    W5                                                0.000     0.000 r  clk (IN)
                         net (fo=0)                   0.000     0.000    clk
    W5                   IBUF (Prop_ibuf_I_O)         0.414     0.414 r  clk_IBUF_inst/O
                         net (fo=1, routed)           0.685     1.099    clk_IBUF
    BUFGCTRL_X0Y0        BUFG (Prop_bufg_I_O)         0.029     1.128 r  clk_IBUF_BUFG_inst/O
                         net (fo=30, routed)          0.859     1.986    clk_IBUF_BUFG
    SLICE_X1Y16          FDCE                                         r  div_cnt_reg[26]/C
                         clock pessimism             -0.499     1.487    
    SLICE_X1Y16          FDCE (Hold_fdce_C_D)         0.107     1.594    div_cnt_reg[26]
  -------------------------------------------------------------------
                         required time                         -1.594    
                         arrival time                           2.057    
  -------------------------------------------------------------------
                         slack                                  0.463    

Slack (MET) :             0.466ns  (arrival time - required time)
  Source:                 div_cnt_reg[16]/C
                            (rising edge-triggered cell FDCE clocked by sys_clk_pin  {rise@0.000ns fall@5.000ns period=10.000ns})
  Destination:            div_cnt_reg[19]/D
                            (rising edge-triggered cell FDCE clocked by sys_clk_pin  {rise@0.000ns fall@5.000ns period=10.000ns})
  Path Group:             sys_clk_pin
  Path Type:              Hold (Min at Fast Process Corner)
  Requirement:            0.000ns  (sys_clk_pin rise@0.000ns - sys_clk_pin rise@0.000ns)
  Data Path Delay:        0.587ns  (logic 0.272ns (46.342%)  route 0.315ns (53.658%))
  Logic Levels:           2  (LUT4=1 LUT5=1)
  Clock Path Skew:        0.014ns (DCD - SCD - CPR)
    Destination Clock Delay (DCD):    1.987ns
    Source Clock Delay      (SCD):    1.474ns
    Clock Pessimism Removal (CPR):    0.499ns

    Location             Delay type                Incr(ns)  Path(ns)    Netlist Resource(s)
  -------------------------------------------------------------------    -------------------
                         (clock sys_clk_pin rise edge)
                                                      0.000     0.000 r  
    W5                                                0.000     0.000 r  clk (IN)
                         net (fo=0)                   0.000     0.000    clk
    W5                   IBUF (Prop_ibuf_I_O)         0.226     0.226 r  clk_IBUF_inst/O
                         net (fo=1, routed)           0.631     0.858    clk_IBUF
    BUFGCTRL_X0Y0        BUFG (Prop_bufg_I_O)         0.026     0.884 r  clk_IBUF_BUFG_inst/O
                         net (fo=30, routed)          0.591     1.474    clk_IBUF_BUFG
    SLICE_X1Y14          FDCE                                         r  div_cnt_reg[16]/C
  -------------------------------------------------------------------    -------------------
    SLICE_X1Y14          FDCE (Prop_fdce_C_Q)         0.128     1.602 f  div_cnt_reg[16]/Q
                         net (fo=2, routed)           0.103     1.705    div_cnt_reg_n_0_[16]
    SLICE_X1Y14          LUT5 (Prop_lut5_I1_O)        0.098     1.803 r  div_cnt[26]_i_4/O
                         net (fo=27, routed)          0.212     2.015    div_cnt[26]_i_4_n_0
    SLICE_X1Y15          LUT4 (Prop_lut4_I2_O)        0.046     2.061 r  div_cnt[19]_i_1/O
                         net (fo=1, routed)           0.000     2.061    div_cnt[19]
    SLICE_X1Y15          FDCE                                         r  div_cnt_reg[19]/D
  -------------------------------------------------------------------    -------------------

                         (clock sys_clk_pin rise edge)
                                                      0.000     0.000 r  
    W5                                                0.000     0.000 r  clk (IN)
                         net (fo=0)                   0.000     0.000    clk
    W5                   IBUF (Prop_ibuf_I_O)         0.414     0.414 r  clk_IBUF_inst/O
                         net (fo=1, routed)           0.685     1.099    clk_IBUF
    BUFGCTRL_X0Y0        BUFG (Prop_bufg_I_O)         0.029     1.128 r  clk_IBUF_BUFG_inst/O
                         net (fo=30, routed)          0.860     1.987    clk_IBUF_BUFG
    SLICE_X1Y15          FDCE                                         r  div_cnt_reg[19]/C
                         clock pessimism             -0.499     1.488    
    SLICE_X1Y15          FDCE (Hold_fdce_C_D)         0.107     1.595    div_cnt_reg[19]
  -------------------------------------------------------------------
                         required time                         -1.595    
                         arrival time                           2.061    
  -------------------------------------------------------------------
                         slack                                  0.466    

Slack (MET) :             0.468ns  (arrival time - required time)
  Source:                 div_cnt_reg[8]/C
                            (rising edge-triggered cell FDCE clocked by sys_clk_pin  {rise@0.000ns fall@5.000ns period=10.000ns})
  Destination:            div_cnt_reg[11]/D
                            (rising edge-triggered cell FDCE clocked by sys_clk_pin  {rise@0.000ns fall@5.000ns period=10.000ns})
  Path Group:             sys_clk_pin
  Path Type:              Hold (Min at Fast Process Corner)
  Requirement:            0.000ns  (sys_clk_pin rise@0.000ns - sys_clk_pin rise@0.000ns)
  Data Path Delay:        0.574ns  (logic 0.271ns (47.252%)  route 0.303ns (52.748%))
  Logic Levels:           2  (LUT4=1 LUT5=1)
  Clock Path Skew:        0.014ns (DCD - SCD - CPR)
    Destination Clock Delay (DCD):    1.988ns
    Source Clock Delay      (SCD):    1.475ns
    Clock Pessimism Removal (CPR):    0.499ns

    Location             Delay type                Incr(ns)  Path(ns)    Netlist Resource(s)
  -------------------------------------------------------------------    -------------------
                         (clock sys_clk_pin rise edge)
                                                      0.000     0.000 r  
    W5                                                0.000     0.000 r  clk (IN)
                         net (fo=0)                   0.000     0.000    clk
    W5                   IBUF (Prop_ibuf_I_O)         0.226     0.226 r  clk_IBUF_inst/O
                         net (fo=1, routed)           0.631     0.858    clk_IBUF
    BUFGCTRL_X0Y0        BUFG (Prop_bufg_I_O)         0.026     0.884 r  clk_IBUF_BUFG_inst/O
                         net (fo=30, routed)          0.592     1.475    clk_IBUF_BUFG
    SLICE_X1Y12          FDCE                                         r  div_cnt_reg[8]/C
  -------------------------------------------------------------------    -------------------
    SLICE_X1Y12          FDCE (Prop_fdce_C_Q)         0.128     1.603 r  div_cnt_reg[8]/Q
                         net (fo=2, routed)           0.103     1.706    div_cnt_reg_n_0_[8]
    SLICE_X1Y12          LUT5 (Prop_lut5_I0_O)        0.098     1.804 r  div_cnt[26]_i_3/O
                         net (fo=27, routed)          0.199     2.004    div_cnt[26]_i_3_n_0
    SLICE_X1Y13          LUT4 (Prop_lut4_I1_O)        0.045     2.049 r  div_cnt[11]_i_1/O
                         net (fo=1, routed)           0.000     2.049    div_cnt[11]
    SLICE_X1Y13          FDCE                                         r  div_cnt_reg[11]/D
  -------------------------------------------------------------------    -------------------

                         (clock sys_clk_pin rise edge)
                                                      0.000     0.000 r  
    W5                                                0.000     0.000 r  clk (IN)
                         net (fo=0)                   0.000     0.000    clk
    W5                   IBUF (Prop_ibuf_I_O)         0.414     0.414 r  clk_IBUF_inst/O
                         net (fo=1, routed)           0.685     1.099    clk_IBUF
    BUFGCTRL_X0Y0        BUFG (Prop_bufg_I_O)         0.029     1.128 r  clk_IBUF_BUFG_inst/O
                         net (fo=30, routed)          0.861     1.988    clk_IBUF_BUFG
    SLICE_X1Y13          FDCE                                         r  div_cnt_reg[11]/C
                         clock pessimism             -0.499     1.489    
    SLICE_X1Y13          FDCE (Hold_fdce_C_D)         0.092     1.581    div_cnt_reg[11]
  -------------------------------------------------------------------
                         required time                         -1.581    
                         arrival time                           2.049    
  -------------------------------------------------------------------
                         slack                                  0.468    

Slack (MET) :             0.478ns  (arrival time - required time)
  Source:                 div_cnt_reg[16]/C
                            (rising edge-triggered cell FDCE clocked by sys_clk_pin  {rise@0.000ns fall@5.000ns period=10.000ns})
  Destination:            div_cnt_reg[25]/D
                            (rising edge-triggered cell FDCE clocked by sys_clk_pin  {rise@0.000ns fall@5.000ns period=10.000ns})
  Path Group:             sys_clk_pin
  Path Type:              Hold (Min at Fast Process Corner)
  Requirement:            0.000ns  (sys_clk_pin rise@0.000ns - sys_clk_pin rise@0.000ns)
  Data Path Delay:        0.583ns  (logic 0.271ns (46.464%)  route 0.312ns (53.536%))
  Logic Levels:           2  (LUT4=1 LUT5=1)
  Clock Path Skew:        0.013ns (DCD - SCD - CPR)
    Destination Clock Delay (DCD):    1.986ns
    Source Clock Delay      (SCD):    1.474ns
    Clock Pessimism Removal (CPR):    0.499ns

    Location             Delay type                Incr(ns)  Path(ns)    Netlist Resource(s)
  -------------------------------------------------------------------    -------------------
                         (clock sys_clk_pin rise edge)
                                                      0.000     0.000 r  
    W5                                                0.000     0.000 r  clk (IN)
                         net (fo=0)                   0.000     0.000    clk
    W5                   IBUF (Prop_ibuf_I_O)         0.226     0.226 r  clk_IBUF_inst/O
                         net (fo=1, routed)           0.631     0.858    clk_IBUF
    BUFGCTRL_X0Y0        BUFG (Prop_bufg_I_O)         0.026     0.884 r  clk_IBUF_BUFG_inst/O
                         net (fo=30, routed)          0.591     1.474    clk_IBUF_BUFG
    SLICE_X1Y14          FDCE                                         r  div_cnt_reg[16]/C
  -------------------------------------------------------------------    -------------------
    SLICE_X1Y14          FDCE (Prop_fdce_C_Q)         0.128     1.602 f  div_cnt_reg[16]/Q
                         net (fo=2, routed)           0.103     1.705    div_cnt_reg_n_0_[16]
    SLICE_X1Y14          LUT5 (Prop_lut5_I1_O)        0.098     1.803 r  div_cnt[26]_i_4/O
                         net (fo=27, routed)          0.209     2.012    div_cnt[26]_i_4_n_0
    SLICE_X1Y16          LUT4 (Prop_lut4_I2_O)        0.045     2.057 r  div_cnt[25]_i_1/O
                         net (fo=1, routed)           0.000     2.057    div_cnt[25]
    SLICE_X1Y16          FDCE                                         r  div_cnt_reg[25]/D
  -------------------------------------------------------------------    -------------------

                         (clock sys_clk_pin rise edge)
                                                      0.000     0.000 r  
    W5                                                0.000     0.000 r  clk (IN)
                         net (fo=0)                   0.000     0.000    clk
    W5                   IBUF (Prop_ibuf_I_O)         0.414     0.414 r  clk_IBUF_inst/O
                         net (fo=1, routed)           0.685     1.099    clk_IBUF
    BUFGCTRL_X0Y0        BUFG (Prop_bufg_I_O)         0.029     1.128 r  clk_IBUF_BUFG_inst/O
                         net (fo=30, routed)          0.859     1.986    clk_IBUF_BUFG
    SLICE_X1Y16          FDCE                                         r  div_cnt_reg[25]/C
                         clock pessimism             -0.499     1.487    
    SLICE_X1Y16          FDCE (Hold_fdce_C_D)         0.092     1.579    div_cnt_reg[25]
  -------------------------------------------------------------------
                         required time                         -1.579    
                         arrival time                           2.057    
  -------------------------------------------------------------------
                         slack                                  0.478    

Slack (MET) :             0.481ns  (arrival time - required time)
  Source:                 div_cnt_reg[16]/C
                            (rising edge-triggered cell FDCE clocked by sys_clk_pin  {rise@0.000ns fall@5.000ns period=10.000ns})
  Destination:            div_cnt_reg[17]/D
                            (rising edge-triggered cell FDCE clocked by sys_clk_pin  {rise@0.000ns fall@5.000ns period=10.000ns})
  Path Group:             sys_clk_pin
  Path Type:              Hold (Min at Fast Process Corner)
  Requirement:            0.000ns  (sys_clk_pin rise@0.000ns - sys_clk_pin rise@0.000ns)
  Data Path Delay:        0.586ns  (logic 0.271ns (46.250%)  route 0.315ns (53.750%))
  Logic Levels:           2  (LUT4=1 LUT5=1)
  Clock Path Skew:        0.014ns (DCD - SCD - CPR)
    Destination Clock Delay (DCD):    1.987ns
    Source Clock Delay      (SCD):    1.474ns
    Clock Pessimism Removal (CPR):    0.499ns

    Location             Delay type                Incr(ns)  Path(ns)    Netlist Resource(s)
  -------------------------------------------------------------------    -------------------
                         (clock sys_clk_pin rise edge)
                                                      0.000     0.000 r  
    W5                                                0.000     0.000 r  clk (IN)
                         net (fo=0)                   0.000     0.000    clk
    W5                   IBUF (Prop_ibuf_I_O)         0.226     0.226 r  clk_IBUF_inst/O
                         net (fo=1, routed)           0.631     0.858    clk_IBUF
    BUFGCTRL_X0Y0        BUFG (Prop_bufg_I_O)         0.026     0.884 r  clk_IBUF_BUFG_inst/O
                         net (fo=30, routed)          0.591     1.474    clk_IBUF_BUFG
    SLICE_X1Y14          FDCE                                         r  div_cnt_reg[16]/C
  -------------------------------------------------------------------    -------------------
    SLICE_X1Y14          FDCE (Prop_fdce_C_Q)         0.128     1.602 f  div_cnt_reg[16]/Q
                         net (fo=2, routed)           0.103     1.705    div_cnt_reg_n_0_[16]
    SLICE_X1Y14          LUT5 (Prop_lut5_I1_O)        0.098     1.803 r  div_cnt[26]_i_4/O
                         net (fo=27, routed)          0.212     2.015    div_cnt[26]_i_4_n_0
    SLICE_X1Y15          LUT4 (Prop_lut4_I2_O)        0.045     2.060 r  div_cnt[17]_i_1/O
                         net (fo=1, routed)           0.000     2.060    div_cnt[17]
    SLICE_X1Y15          FDCE                                         r  div_cnt_reg[17]/D
  -------------------------------------------------------------------    -------------------

                         (clock sys_clk_pin rise edge)
                                                      0.000     0.000 r  
    W5                                                0.000     0.000 r  clk (IN)
                         net (fo=0)                   0.000     0.000    clk
    W5                   IBUF (Prop_ibuf_I_O)         0.414     0.414 r  clk_IBUF_inst/O
                         net (fo=1, routed)           0.685     1.099    clk_IBUF
    BUFGCTRL_X0Y0        BUFG (Prop_bufg_I_O)         0.029     1.128 r  clk_IBUF_BUFG_inst/O
                         net (fo=30, routed)          0.860     1.987    clk_IBUF_BUFG
    SLICE_X1Y15          FDCE                                         r  div_cnt_reg[17]/C
                         clock pessimism             -0.499     1.488    
    SLICE_X1Y15          FDCE (Hold_fdce_C_D)         0.091     1.579    div_cnt_reg[17]
  -------------------------------------------------------------------
                         required time                         -1.579    
                         arrival time                           2.060    
  -------------------------------------------------------------------
                         slack                                  0.481    

Slack (MET) :             0.482ns  (arrival time - required time)
  Source:                 div_cnt_reg[8]/C
                            (rising edge-triggered cell FDCE clocked by sys_clk_pin  {rise@0.000ns fall@5.000ns period=10.000ns})
  Destination:            div_cnt_reg[7]/D
                            (rising edge-triggered cell FDCE clocked by sys_clk_pin  {rise@0.000ns fall@5.000ns period=10.000ns})
  Path Group:             sys_clk_pin
  Path Type:              Hold (Min at Fast Process Corner)
  Requirement:            0.000ns  (sys_clk_pin rise@0.000ns - sys_clk_pin rise@0.000ns)
  Data Path Delay:        0.589ns  (logic 0.274ns (46.514%)  route 0.315ns (53.486%))
  Logic Levels:           2  (LUT4=1 LUT5=1)
  Clock Path Skew:        0.000ns (DCD - SCD - CPR)
    Destination Clock Delay (DCD):    1.989ns
    Source Clock Delay      (SCD):    1.475ns
    Clock Pessimism Removal (CPR):    0.514ns

    Location             Delay type                Incr(ns)  Path(ns)    Netlist Resource(s)
  -------------------------------------------------------------------    -------------------
                         (clock sys_clk_pin rise edge)
                                                      0.000     0.000 r  
    W5                                                0.000     0.000 r  clk (IN)
                         net (fo=0)                   0.000     0.000    clk
    W5                   IBUF (Prop_ibuf_I_O)         0.226     0.226 r  clk_IBUF_inst/O
                         net (fo=1, routed)           0.631     0.858    clk_IBUF
    BUFGCTRL_X0Y0        BUFG (Prop_bufg_I_O)         0.026     0.884 r  clk_IBUF_BUFG_inst/O
                         net (fo=30, routed)          0.592     1.475    clk_IBUF_BUFG
    SLICE_X1Y12          FDCE                                         r  div_cnt_reg[8]/C
  -------------------------------------------------------------------    -------------------
    SLICE_X1Y12          FDCE (Prop_fdce_C_Q)         0.128     1.603 r  div_cnt_reg[8]/Q
                         net (fo=2, routed)           0.103     1.706    div_cnt_reg_n_0_[8]
    SLICE_X1Y12          LUT5 (Prop_lut5_I0_O)        0.098     1.804 r  div_cnt[26]_i_3/O
                         net (fo=27, routed)          0.212     2.016    div_cnt[26]_i_3_n_0
    SLICE_X1Y12          LUT4 (Prop_lut4_I1_O)        0.048     2.064 r  div_cnt[7]_i_1/O
                         net (fo=1, routed)           0.000     2.064    div_cnt[7]
    SLICE_X1Y12          FDCE                                         r  div_cnt_reg[7]/D
  -------------------------------------------------------------------    -------------------

                         (clock sys_clk_pin rise edge)
                                                      0.000     0.000 r  
    W5                                                0.000     0.000 r  clk (IN)
                         net (fo=0)                   0.000     0.000    clk
    W5                   IBUF (Prop_ibuf_I_O)         0.414     0.414 r  clk_IBUF_inst/O
                         net (fo=1, routed)           0.685     1.099    clk_IBUF
    BUFGCTRL_X0Y0        BUFG (Prop_bufg_I_O)         0.029     1.128 r  clk_IBUF_BUFG_inst/O
                         net (fo=30, routed)          0.862     1.989    clk_IBUF_BUFG
    SLICE_X1Y12          FDCE                                         r  div_cnt_reg[7]/C
                         clock pessimism             -0.514     1.475    
    SLICE_X1Y12          FDCE (Hold_fdce_C_D)         0.107     1.582    div_cnt_reg[7]
  -------------------------------------------------------------------
                         required time                         -1.582    
                         arrival time                           2.064    
  -------------------------------------------------------------------
                         slack                                  0.482    

Slack (MET) :             0.484ns  (arrival time - required time)
  Source:                 div_cnt_reg[8]/C
                            (rising edge-triggered cell FDCE clocked by sys_clk_pin  {rise@0.000ns fall@5.000ns period=10.000ns})
  Destination:            div_cnt_reg[8]/D
                            (rising edge-triggered cell FDCE clocked by sys_clk_pin  {rise@0.000ns fall@5.000ns period=10.000ns})
  Path Group:             sys_clk_pin
  Path Type:              Hold (Min at Fast Process Corner)
  Requirement:            0.000ns  (sys_clk_pin rise@0.000ns - sys_clk_pin rise@0.000ns)
  Data Path Delay:        0.591ns  (logic 0.275ns (46.526%)  route 0.316ns (53.474%))
  Logic Levels:           2  (LUT4=1 LUT5=1)
  Clock Path Skew:        0.000ns (DCD - SCD - CPR)
    Destination Clock Delay (DCD):    1.989ns
    Source Clock Delay      (SCD):    1.475ns
    Clock Pessimism Removal (CPR):    0.514ns

    Location             Delay type                Incr(ns)  Path(ns)    Netlist Resource(s)
  -------------------------------------------------------------------    -------------------
                         (clock sys_clk_pin rise edge)
                                                      0.000     0.000 r  
    W5                                                0.000     0.000 r  clk (IN)
                         net (fo=0)                   0.000     0.000    clk
    W5                   IBUF (Prop_ibuf_I_O)         0.226     0.226 r  clk_IBUF_inst/O
                         net (fo=1, routed)           0.631     0.858    clk_IBUF
    BUFGCTRL_X0Y0        BUFG (Prop_bufg_I_O)         0.026     0.884 r  clk_IBUF_BUFG_inst/O
                         net (fo=30, routed)          0.592     1.475    clk_IBUF_BUFG
    SLICE_X1Y12          FDCE                                         r  div_cnt_reg[8]/C
  -------------------------------------------------------------------    -------------------
    SLICE_X1Y12          FDCE (Prop_fdce_C_Q)         0.128     1.603 r  div_cnt_reg[8]/Q
                         net (fo=2, routed)           0.103     1.706    div_cnt_reg_n_0_[8]
    SLICE_X1Y12          LUT5 (Prop_lut5_I0_O)        0.098     1.804 r  div_cnt[26]_i_3/O
                         net (fo=27, routed)          0.213     2.017    div_cnt[26]_i_3_n_0
    SLICE_X1Y12          LUT4 (Prop_lut4_I1_O)        0.049     2.066 r  div_cnt[8]_i_1/O
                         net (fo=1, routed)           0.000     2.066    div_cnt[8]
    SLICE_X1Y12          FDCE                                         r  div_cnt_reg[8]/D
  -------------------------------------------------------------------    -------------------

                         (clock sys_clk_pin rise edge)
                                                      0.000     0.000 r  
    W5                                                0.000     0.000 r  clk (IN)
                         net (fo=0)                   0.000     0.000    clk
    W5                   IBUF (Prop_ibuf_I_O)         0.414     0.414 r  clk_IBUF_inst/O
                         net (fo=1, routed)           0.685     1.099    clk_IBUF
    BUFGCTRL_X0Y0        BUFG (Prop_bufg_I_O)         0.029     1.128 r  clk_IBUF_BUFG_inst/O
                         net (fo=30, routed)          0.862     1.989    clk_IBUF_BUFG
    SLICE_X1Y12          FDCE                                         r  div_cnt_reg[8]/C
                         clock pessimism             -0.514     1.475    
    SLICE_X1Y12          FDCE (Hold_fdce_C_D)         0.107     1.582    div_cnt_reg[8]
  -------------------------------------------------------------------
                         required time                         -1.582    
                         arrival time                           2.066    
  -------------------------------------------------------------------
                         slack                                  0.484    





Pulse Width Checks
--------------------------------------------------------------------------------------
Clock Name:         sys_clk_pin
Waveform(ns):       { 0.000 5.000 }
Period(ns):         10.000
Sources:            { clk }

Check Type        Corner  Lib Pin  Reference Pin  Required(ns)  Actual(ns)  Slack(ns)  Location       Pin
Min Period        n/a     BUFG/I   n/a            2.155         10.000      7.845      BUFGCTRL_X0Y0  clk_IBUF_BUFG_inst/I
Min Period        n/a     FDCE/C   n/a            1.000         10.000      9.000      SLICE_X1Y17    cnt_reg[0]/C
Min Period        n/a     FDCE/C   n/a            1.000         10.000      9.000      SLICE_X1Y17    cnt_reg[1]/C
Min Period        n/a     FDCE/C   n/a            1.000         10.000      9.000      SLICE_X0Y15    div_cnt_reg[0]/C
Min Period        n/a     FDCE/C   n/a            1.000         10.000      9.000      SLICE_X1Y13    div_cnt_reg[10]/C
Min Period        n/a     FDCE/C   n/a            1.000         10.000      9.000      SLICE_X1Y13    div_cnt_reg[11]/C
Min Period        n/a     FDCE/C   n/a            1.000         10.000      9.000      SLICE_X1Y13    div_cnt_reg[12]/C
Min Period        n/a     FDCE/C   n/a            1.000         10.000      9.000      SLICE_X1Y14    div_cnt_reg[13]/C
Min Period        n/a     FDCE/C   n/a            1.000         10.000      9.000      SLICE_X1Y14    div_cnt_reg[14]/C
Min Period        n/a     FDCE/C   n/a            1.000         10.000      9.000      SLICE_X1Y14    div_cnt_reg[15]/C
Low Pulse Width   Slow    FDCE/C   n/a            0.500         5.000       4.500      SLICE_X1Y17    cnt_reg[0]/C
Low Pulse Width   Fast    FDCE/C   n/a            0.500         5.000       4.500      SLICE_X1Y17    cnt_reg[0]/C
Low Pulse Width   Slow    FDCE/C   n/a            0.500         5.000       4.500      SLICE_X1Y17    cnt_reg[1]/C
Low Pulse Width   Fast    FDCE/C   n/a            0.500         5.000       4.500      SLICE_X1Y17    cnt_reg[1]/C
Low Pulse Width   Slow    FDCE/C   n/a            0.500         5.000       4.500      SLICE_X0Y15    div_cnt_reg[0]/C
Low Pulse Width   Fast    FDCE/C   n/a            0.500         5.000       4.500      SLICE_X0Y15    div_cnt_reg[0]/C
Low Pulse Width   Slow    FDCE/C   n/a            0.500         5.000       4.500      SLICE_X1Y13    div_cnt_reg[10]/C
Low Pulse Width   Fast    FDCE/C   n/a            0.500         5.000       4.500      SLICE_X1Y13    div_cnt_reg[10]/C
Low Pulse Width   Slow    FDCE/C   n/a            0.500         5.000       4.500      SLICE_X1Y13    div_cnt_reg[11]/C
Low Pulse Width   Fast    FDCE/C   n/a            0.500         5.000       4.500      SLICE_X1Y13    div_cnt_reg[11]/C
High Pulse Width  Slow    FDCE/C   n/a            0.500         5.000       4.500      SLICE_X1Y17    cnt_reg[0]/C
High Pulse Width  Fast    FDCE/C   n/a            0.500         5.000       4.500      SLICE_X1Y17    cnt_reg[0]/C
High Pulse Width  Slow    FDCE/C   n/a            0.500         5.000       4.500      SLICE_X1Y17    cnt_reg[1]/C
High Pulse Width  Fast    FDCE/C   n/a            0.500         5.000       4.500      SLICE_X1Y17    cnt_reg[1]/C
High Pulse Width  Slow    FDCE/C   n/a            0.500         5.000       4.500      SLICE_X0Y15    div_cnt_reg[0]/C
High Pulse Width  Fast    FDCE/C   n/a            0.500         5.000       4.500      SLICE_X0Y15    div_cnt_reg[0]/C
High Pulse Width  Slow    FDCE/C   n/a            0.500         5.000       4.500      SLICE_X1Y13    div_cnt_reg[10]/C
High Pulse Width  Fast    FDCE/C   n/a            0.500         5.000       4.500      SLICE_X1Y13    div_cnt_reg[10]/C
High Pulse Width  Slow    FDCE/C   n/a            0.500         5.000       4.500      SLICE_X1Y13    div_cnt_reg[11]/C
High Pulse Width  Fast    FDCE/C   n/a            0.500         5.000       4.500      SLICE_X1Y13    div_cnt_reg[11]/C



--------------------------------------------------------------------------------------
Path Group:  (none)
From Clock:  sys_clk_pin
  To Clock:  

Max Delay             3 Endpoints
Min Delay             3 Endpoints
--------------------------------------------------------------------------------------


Max Delay Paths
--------------------------------------------------------------------------------------
Slack:                    inf
  Source:                 cnt_reg[1]/C
                            (rising edge-triggered cell FDCE clocked by sys_clk_pin  {rise@0.000ns fall@5.000ns period=10.000ns})
  Destination:            y
                            (output port)
  Path Group:             (none)
  Path Type:              Max at Slow Process Corner
  Data Path Delay:        7.114ns  (logic 4.219ns (59.304%)  route 2.895ns (40.696%))
  Logic Levels:           2  (LUT2=1 OBUF=1)
  Clock Uncertainty:      0.025ns  ((TSJ^2 + TIJ^2)^1/2 + DJ) / 2 + PE
    Total System Jitter     (TSJ):    0.050ns
    Total Input Jitter      (TIJ):    0.000ns
    Discrete Jitter          (DJ):    0.000ns
    Phase Error              (PE):    0.000ns

    Location             Delay type                Incr(ns)  Path(ns)    Netlist Resource(s)
  -------------------------------------------------------------------    -------------------
                         (clock sys_clk_pin rise edge)
                                                      0.000     0.000 r  
    W5                                                0.000     0.000 r  clk (IN)
                         net (fo=0)                   0.000     0.000    clk
    W5                   IBUF (Prop_ibuf_I_O)         1.458     1.458 r  clk_IBUF_inst/O
                         net (fo=1, routed)           1.967     3.425    clk_IBUF
    BUFGCTRL_X0Y0        BUFG (Prop_bufg_I_O)         0.096     3.521 r  clk_IBUF_BUFG_inst/O
                         net (fo=30, routed)          1.629     5.150    clk_IBUF_BUFG
    SLICE_X1Y17          FDCE                                         r  cnt_reg[1]/C
  -------------------------------------------------------------------    -------------------
    SLICE_X1Y17          FDCE (Prop_fdce_C_Q)         0.419     5.569 r  cnt_reg[1]/Q
                         net (fo=3, routed)           1.228     6.797    cnt_OBUF[1]
    SLICE_X0Y19          LUT2 (Prop_lut2_I1_O)        0.299     7.096 r  y_OBUF_inst_i_1/O
                         net (fo=1, routed)           1.668     8.763    y_OBUF
    U19                  OBUF (Prop_obuf_I_O)         3.501    12.264 r  y_OBUF_inst/O
                         net (fo=0)                   0.000    12.264    y
    U19                                                               r  y (OUT)
  -------------------------------------------------------------------    -------------------

Slack:                    inf
  Source:                 cnt_reg[1]/C
                            (rising edge-triggered cell FDCE clocked by sys_clk_pin  {rise@0.000ns fall@5.000ns period=10.000ns})
  Destination:            cnt[1]
                            (output port)
  Path Group:             (none)
  Path Type:              Max at Slow Process Corner
  Data Path Delay:        6.830ns  (logic 4.124ns (60.374%)  route 2.707ns (39.626%))
  Logic Levels:           1  (OBUF=1)
  Clock Uncertainty:      0.025ns  ((TSJ^2 + TIJ^2)^1/2 + DJ) / 2 + PE
    Total System Jitter     (TSJ):    0.050ns
    Total Input Jitter      (TIJ):    0.000ns
    Discrete Jitter          (DJ):    0.000ns
    Phase Error              (PE):    0.000ns

    Location             Delay type                Incr(ns)  Path(ns)    Netlist Resource(s)
  -------------------------------------------------------------------    -------------------
                         (clock sys_clk_pin rise edge)
                                                      0.000     0.000 r  
    W5                                                0.000     0.000 r  clk (IN)
                         net (fo=0)                   0.000     0.000    clk
    W5                   IBUF (Prop_ibuf_I_O)         1.458     1.458 r  clk_IBUF_inst/O
                         net (fo=1, routed)           1.967     3.425    clk_IBUF
    BUFGCTRL_X0Y0        BUFG (Prop_bufg_I_O)         0.096     3.521 r  clk_IBUF_BUFG_inst/O
                         net (fo=30, routed)          1.629     5.150    clk_IBUF_BUFG
    SLICE_X1Y17          FDCE                                         r  cnt_reg[1]/C
  -------------------------------------------------------------------    -------------------
    SLICE_X1Y17          FDCE (Prop_fdce_C_Q)         0.419     5.569 r  cnt_reg[1]/Q
                         net (fo=3, routed)           2.707     8.276    cnt_OBUF[1]
    E19                  OBUF (Prop_obuf_I_O)         3.705    11.981 r  cnt_OBUF[1]_inst/O
                         net (fo=0)                   0.000    11.981    cnt[1]
    E19                                                               r  cnt[1] (OUT)
  -------------------------------------------------------------------    -------------------

Slack:                    inf
  Source:                 cnt_reg[0]/C
                            (rising edge-triggered cell FDCE clocked by sys_clk_pin  {rise@0.000ns fall@5.000ns period=10.000ns})
  Destination:            cnt[0]
                            (output port)
  Path Group:             (none)
  Path Type:              Max at Slow Process Corner
  Data Path Delay:        6.068ns  (logic 3.961ns (65.273%)  route 2.107ns (34.727%))
  Logic Levels:           1  (OBUF=1)
  Clock Uncertainty:      0.025ns  ((TSJ^2 + TIJ^2)^1/2 + DJ) / 2 + PE
    Total System Jitter     (TSJ):    0.050ns
    Total Input Jitter      (TIJ):    0.000ns
    Discrete Jitter          (DJ):    0.000ns
    Phase Error              (PE):    0.000ns

    Location             Delay type                Incr(ns)  Path(ns)    Netlist Resource(s)
  -------------------------------------------------------------------    -------------------
                         (clock sys_clk_pin rise edge)
                                                      0.000     0.000 r  
    W5                                                0.000     0.000 r  clk (IN)
                         net (fo=0)                   0.000     0.000    clk
    W5                   IBUF (Prop_ibuf_I_O)         1.458     1.458 r  clk_IBUF_inst/O
                         net (fo=1, routed)           1.967     3.425    clk_IBUF
    BUFGCTRL_X0Y0        BUFG (Prop_bufg_I_O)         0.096     3.521 r  clk_IBUF_BUFG_inst/O
                         net (fo=30, routed)          1.629     5.150    clk_IBUF_BUFG
    SLICE_X1Y17          FDCE                                         r  cnt_reg[0]/C
  -------------------------------------------------------------------    -------------------
    SLICE_X1Y17          FDCE (Prop_fdce_C_Q)         0.456     5.606 r  cnt_reg[0]/Q
                         net (fo=4, routed)           2.107     7.714    cnt_OBUF[0]
    U16                  OBUF (Prop_obuf_I_O)         3.505    11.218 r  cnt_OBUF[0]_inst/O
                         net (fo=0)                   0.000    11.218    cnt[0]
    U16                                                               r  cnt[0] (OUT)
  -------------------------------------------------------------------    -------------------





Min Delay Paths
--------------------------------------------------------------------------------------
Slack:                    inf
  Source:                 cnt_reg[0]/C
                            (rising edge-triggered cell FDCE clocked by sys_clk_pin  {rise@0.000ns fall@5.000ns period=10.000ns})
  Destination:            cnt[0]
                            (output port)
  Path Group:             (none)
  Path Type:              Min at Fast Process Corner
  Data Path Delay:        1.885ns  (logic 1.347ns (71.447%)  route 0.538ns (28.553%))
  Logic Levels:           1  (OBUF=1)
  Clock Uncertainty:      0.025ns  ((TSJ^2 + TIJ^2)^1/2 + DJ) / 2 + PE
    Total System Jitter     (TSJ):    0.050ns
    Total Input Jitter      (TIJ):    0.000ns
    Discrete Jitter          (DJ):    0.000ns
    Phase Error              (PE):    0.000ns

    Location             Delay type                Incr(ns)  Path(ns)    Netlist Resource(s)
  -------------------------------------------------------------------    -------------------
                         (clock sys_clk_pin rise edge)
                                                      0.000     0.000 r  
    W5                                                0.000     0.000 r  clk (IN)
                         net (fo=0)                   0.000     0.000    clk
    W5                   IBUF (Prop_ibuf_I_O)         0.226     0.226 r  clk_IBUF_inst/O
                         net (fo=1, routed)           0.631     0.858    clk_IBUF
    BUFGCTRL_X0Y0        BUFG (Prop_bufg_I_O)         0.026     0.884 r  clk_IBUF_BUFG_inst/O
                         net (fo=30, routed)          0.589     1.472    clk_IBUF_BUFG
    SLICE_X1Y17          FDCE                                         r  cnt_reg[0]/C
  -------------------------------------------------------------------    -------------------
    SLICE_X1Y17          FDCE (Prop_fdce_C_Q)         0.141     1.613 r  cnt_reg[0]/Q
                         net (fo=4, routed)           0.538     2.151    cnt_OBUF[0]
    U16                  OBUF (Prop_obuf_I_O)         1.206     3.357 r  cnt_OBUF[0]_inst/O
                         net (fo=0)                   0.000     3.357    cnt[0]
    U16                                                               r  cnt[0] (OUT)
  -------------------------------------------------------------------    -------------------

Slack:                    inf
  Source:                 cnt_reg[0]/C
                            (rising edge-triggered cell FDCE clocked by sys_clk_pin  {rise@0.000ns fall@5.000ns period=10.000ns})
  Destination:            y
                            (output port)
  Path Group:             (none)
  Path Type:              Min at Fast Process Corner
  Data Path Delay:        1.960ns  (logic 1.388ns (70.811%)  route 0.572ns (29.189%))
  Logic Levels:           2  (LUT2=1 OBUF=1)
  Clock Uncertainty:      0.025ns  ((TSJ^2 + TIJ^2)^1/2 + DJ) / 2 + PE
    Total System Jitter     (TSJ):    0.050ns
    Total Input Jitter      (TIJ):    0.000ns
    Discrete Jitter          (DJ):    0.000ns
    Phase Error              (PE):    0.000ns

    Location             Delay type                Incr(ns)  Path(ns)    Netlist Resource(s)
  -------------------------------------------------------------------    -------------------
                         (clock sys_clk_pin rise edge)
                                                      0.000     0.000 r  
    W5                                                0.000     0.000 r  clk (IN)
                         net (fo=0)                   0.000     0.000    clk
    W5                   IBUF (Prop_ibuf_I_O)         0.226     0.226 r  clk_IBUF_inst/O
                         net (fo=1, routed)           0.631     0.858    clk_IBUF
    BUFGCTRL_X0Y0        BUFG (Prop_bufg_I_O)         0.026     0.884 r  clk_IBUF_BUFG_inst/O
                         net (fo=30, routed)          0.589     1.472    clk_IBUF_BUFG
    SLICE_X1Y17          FDCE                                         r  cnt_reg[0]/C
  -------------------------------------------------------------------    -------------------
    SLICE_X1Y17          FDCE (Prop_fdce_C_Q)         0.141     1.613 r  cnt_reg[0]/Q
                         net (fo=4, routed)           0.254     1.867    cnt_OBUF[0]
    SLICE_X0Y19          LUT2 (Prop_lut2_I0_O)        0.045     1.912 r  y_OBUF_inst_i_1/O
                         net (fo=1, routed)           0.319     2.230    y_OBUF
    U19                  OBUF (Prop_obuf_I_O)         1.202     3.432 r  y_OBUF_inst/O
                         net (fo=0)                   0.000     3.432    y
    U19                                                               r  y (OUT)
  -------------------------------------------------------------------    -------------------

Slack:                    inf
  Source:                 cnt_reg[1]/C
                            (rising edge-triggered cell FDCE clocked by sys_clk_pin  {rise@0.000ns fall@5.000ns period=10.000ns})
  Destination:            cnt[1]
                            (output port)
  Path Group:             (none)
  Path Type:              Min at Fast Process Corner
  Data Path Delay:        2.217ns  (logic 1.413ns (63.712%)  route 0.805ns (36.288%))
  Logic Levels:           1  (OBUF=1)
  Clock Uncertainty:      0.025ns  ((TSJ^2 + TIJ^2)^1/2 + DJ) / 2 + PE
    Total System Jitter     (TSJ):    0.050ns
    Total Input Jitter      (TIJ):    0.000ns
    Discrete Jitter          (DJ):    0.000ns
    Phase Error              (PE):    0.000ns

    Location             Delay type                Incr(ns)  Path(ns)    Netlist Resource(s)
  -------------------------------------------------------------------    -------------------
                         (clock sys_clk_pin rise edge)
                                                      0.000     0.000 r  
    W5                                                0.000     0.000 r  clk (IN)
                         net (fo=0)                   0.000     0.000    clk
    W5                   IBUF (Prop_ibuf_I_O)         0.226     0.226 r  clk_IBUF_inst/O
                         net (fo=1, routed)           0.631     0.858    clk_IBUF
    BUFGCTRL_X0Y0        BUFG (Prop_bufg_I_O)         0.026     0.884 r  clk_IBUF_BUFG_inst/O
                         net (fo=30, routed)          0.589     1.472    clk_IBUF_BUFG
    SLICE_X1Y17          FDCE                                         r  cnt_reg[1]/C
  -------------------------------------------------------------------    -------------------
    SLICE_X1Y17          FDCE (Prop_fdce_C_Q)         0.128     1.600 r  cnt_reg[1]/Q
                         net (fo=3, routed)           0.805     2.405    cnt_OBUF[1]
    E19                  OBUF (Prop_obuf_I_O)         1.285     3.689 r  cnt_OBUF[1]_inst/O
                         net (fo=0)                   0.000     3.689    cnt[1]
    E19                                                               r  cnt[1] (OUT)
  -------------------------------------------------------------------    -------------------





--------------------------------------------------------------------------------------
Path Group:  (none)
From Clock:  
  To Clock:  sys_clk_pin

Max Delay            30 Endpoints
Min Delay            30 Endpoints
--------------------------------------------------------------------------------------


Max Delay Paths
--------------------------------------------------------------------------------------
Slack:                    inf
  Source:                 rstn
                            (input port)
  Destination:            cnt_reg[0]/CLR
                            (recovery check against rising-edge clock sys_clk_pin  {rise@0.000ns fall@5.000ns period=10.000ns})
  Path Group:             (none)
  Path Type:              Recovery (Max at Slow Process Corner)
  Data Path Delay:        3.097ns  (logic 1.441ns (46.540%)  route 1.656ns (53.460%))
  Logic Levels:           1  (IBUF=1)
  Clock Path Skew:        4.852ns (DCD - SCD + CPR)
    Destination Clock Delay (DCD):    4.852ns
    Source Clock Delay      (SCD):    0.000ns
    Clock Pessimism Removal (CPR):    0.000ns
  Clock Uncertainty:      0.025ns  ((TSJ^2 + TIJ^2)^1/2 + DJ) / 2 + PE
    Total System Jitter     (TSJ):    0.050ns
    Total Input Jitter      (TIJ):    0.000ns
    Discrete Jitter          (DJ):    0.000ns
    Phase Error              (PE):    0.000ns

    Location             Delay type                Incr(ns)  Path(ns)    Netlist Resource(s)
  -------------------------------------------------------------------    -------------------
    U18                                               0.000     0.000 f  rstn (IN)
                         net (fo=0)                   0.000     0.000    rstn
    U18                  IBUF (Prop_ibuf_I_O)         1.441     1.441 f  rstn_IBUF_inst/O
                         net (fo=30, routed)          1.656     3.097    rstn_IBUF
    SLICE_X1Y17          FDCE                                         f  cnt_reg[0]/CLR
  -------------------------------------------------------------------    -------------------

                         (clock sys_clk_pin rise edge)
                                                      0.000     0.000 r  
    W5                                                0.000     0.000 r  clk (IN)
                         net (fo=0)                   0.000     0.000    clk
    W5                   IBUF (Prop_ibuf_I_O)         1.388     1.388 r  clk_IBUF_inst/O
                         net (fo=1, routed)           1.862     3.250    clk_IBUF
    BUFGCTRL_X0Y0        BUFG (Prop_bufg_I_O)         0.091     3.341 r  clk_IBUF_BUFG_inst/O
                         net (fo=30, routed)          1.511     4.852    clk_IBUF_BUFG
    SLICE_X1Y17          FDCE                                         r  cnt_reg[0]/C

Slack:                    inf
  Source:                 rstn
                            (input port)
  Destination:            cnt_reg[1]/CLR
                            (recovery check against rising-edge clock sys_clk_pin  {rise@0.000ns fall@5.000ns period=10.000ns})
  Path Group:             (none)
  Path Type:              Recovery (Max at Slow Process Corner)
  Data Path Delay:        3.097ns  (logic 1.441ns (46.540%)  route 1.656ns (53.460%))
  Logic Levels:           1  (IBUF=1)
  Clock Path Skew:        4.852ns (DCD - SCD + CPR)
    Destination Clock Delay (DCD):    4.852ns
    Source Clock Delay      (SCD):    0.000ns
    Clock Pessimism Removal (CPR):    0.000ns
  Clock Uncertainty:      0.025ns  ((TSJ^2 + TIJ^2)^1/2 + DJ) / 2 + PE
    Total System Jitter     (TSJ):    0.050ns
    Total Input Jitter      (TIJ):    0.000ns
    Discrete Jitter          (DJ):    0.000ns
    Phase Error              (PE):    0.000ns

    Location             Delay type                Incr(ns)  Path(ns)    Netlist Resource(s)
  -------------------------------------------------------------------    -------------------
    U18                                               0.000     0.000 f  rstn (IN)
                         net (fo=0)                   0.000     0.000    rstn
    U18                  IBUF (Prop_ibuf_I_O)         1.441     1.441 f  rstn_IBUF_inst/O
                         net (fo=30, routed)          1.656     3.097    rstn_IBUF
    SLICE_X1Y17          FDCE                                         f  cnt_reg[1]/CLR
  -------------------------------------------------------------------    -------------------

                         (clock sys_clk_pin rise edge)
                                                      0.000     0.000 r  
    W5                                                0.000     0.000 r  clk (IN)
                         net (fo=0)                   0.000     0.000    clk
    W5                   IBUF (Prop_ibuf_I_O)         1.388     1.388 r  clk_IBUF_inst/O
                         net (fo=1, routed)           1.862     3.250    clk_IBUF
    BUFGCTRL_X0Y0        BUFG (Prop_bufg_I_O)         0.091     3.341 r  clk_IBUF_BUFG_inst/O
                         net (fo=30, routed)          1.511     4.852    clk_IBUF_BUFG
    SLICE_X1Y17          FDCE                                         r  cnt_reg[1]/C

Slack:                    inf
  Source:                 rstn
                            (input port)
  Destination:            div_cnt_reg[21]/CLR
                            (recovery check against rising-edge clock sys_clk_pin  {rise@0.000ns fall@5.000ns period=10.000ns})
  Path Group:             (none)
  Path Type:              Recovery (Max at Slow Process Corner)
  Data Path Delay:        2.949ns  (logic 1.441ns (48.880%)  route 1.507ns (51.120%))
  Logic Levels:           1  (IBUF=1)
  Clock Path Skew:        4.853ns (DCD - SCD + CPR)
    Destination Clock Delay (DCD):    4.853ns
    Source Clock Delay      (SCD):    0.000ns
    Clock Pessimism Removal (CPR):    0.000ns
  Clock Uncertainty:      0.025ns  ((TSJ^2 + TIJ^2)^1/2 + DJ) / 2 + PE
    Total System Jitter     (TSJ):    0.050ns
    Total Input Jitter      (TIJ):    0.000ns
    Discrete Jitter          (DJ):    0.000ns
    Phase Error              (PE):    0.000ns

    Location             Delay type                Incr(ns)  Path(ns)    Netlist Resource(s)
  -------------------------------------------------------------------    -------------------
    U18                                               0.000     0.000 f  rstn (IN)
                         net (fo=0)                   0.000     0.000    rstn
    U18                  IBUF (Prop_ibuf_I_O)         1.441     1.441 f  rstn_IBUF_inst/O
                         net (fo=30, routed)          1.507     2.949    rstn_IBUF
    SLICE_X1Y16          FDCE                                         f  div_cnt_reg[21]/CLR
  -------------------------------------------------------------------    -------------------

                         (clock sys_clk_pin rise edge)
                                                      0.000     0.000 r  
    W5                                                0.000     0.000 r  clk (IN)
                         net (fo=0)                   0.000     0.000    clk
    W5                   IBUF (Prop_ibuf_I_O)         1.388     1.388 r  clk_IBUF_inst/O
                         net (fo=1, routed)           1.862     3.250    clk_IBUF
    BUFGCTRL_X0Y0        BUFG (Prop_bufg_I_O)         0.091     3.341 r  clk_IBUF_BUFG_inst/O
                         net (fo=30, routed)          1.512     4.853    clk_IBUF_BUFG
    SLICE_X1Y16          FDCE                                         r  div_cnt_reg[21]/C

Slack:                    inf
  Source:                 rstn
                            (input port)
  Destination:            div_cnt_reg[22]/CLR
                            (recovery check against rising-edge clock sys_clk_pin  {rise@0.000ns fall@5.000ns period=10.000ns})
  Path Group:             (none)
  Path Type:              Recovery (Max at Slow Process Corner)
  Data Path Delay:        2.949ns  (logic 1.441ns (48.880%)  route 1.507ns (51.120%))
  Logic Levels:           1  (IBUF=1)
  Clock Path Skew:        4.853ns (DCD - SCD + CPR)
    Destination Clock Delay (DCD):    4.853ns
    Source Clock Delay      (SCD):    0.000ns
    Clock Pessimism Removal (CPR):    0.000ns
  Clock Uncertainty:      0.025ns  ((TSJ^2 + TIJ^2)^1/2 + DJ) / 2 + PE
    Total System Jitter     (TSJ):    0.050ns
    Total Input Jitter      (TIJ):    0.000ns
    Discrete Jitter          (DJ):    0.000ns
    Phase Error              (PE):    0.000ns

    Location             Delay type                Incr(ns)  Path(ns)    Netlist Resource(s)
  -------------------------------------------------------------------    -------------------
    U18                                               0.000     0.000 f  rstn (IN)
                         net (fo=0)                   0.000     0.000    rstn
    U18                  IBUF (Prop_ibuf_I_O)         1.441     1.441 f  rstn_IBUF_inst/O
                         net (fo=30, routed)          1.507     2.949    rstn_IBUF
    SLICE_X1Y16          FDCE                                         f  div_cnt_reg[22]/CLR
  -------------------------------------------------------------------    -------------------

                         (clock sys_clk_pin rise edge)
                                                      0.000     0.000 r  
    W5                                                0.000     0.000 r  clk (IN)
                         net (fo=0)                   0.000     0.000    clk
    W5                   IBUF (Prop_ibuf_I_O)         1.388     1.388 r  clk_IBUF_inst/O
                         net (fo=1, routed)           1.862     3.250    clk_IBUF
    BUFGCTRL_X0Y0        BUFG (Prop_bufg_I_O)         0.091     3.341 r  clk_IBUF_BUFG_inst/O
                         net (fo=30, routed)          1.512     4.853    clk_IBUF_BUFG
    SLICE_X1Y16          FDCE                                         r  div_cnt_reg[22]/C

Slack:                    inf
  Source:                 rstn
                            (input port)
  Destination:            div_cnt_reg[23]/CLR
                            (recovery check against rising-edge clock sys_clk_pin  {rise@0.000ns fall@5.000ns period=10.000ns})
  Path Group:             (none)
  Path Type:              Recovery (Max at Slow Process Corner)
  Data Path Delay:        2.949ns  (logic 1.441ns (48.880%)  route 1.507ns (51.120%))
  Logic Levels:           1  (IBUF=1)
  Clock Path Skew:        4.853ns (DCD - SCD + CPR)
    Destination Clock Delay (DCD):    4.853ns
    Source Clock Delay      (SCD):    0.000ns
    Clock Pessimism Removal (CPR):    0.000ns
  Clock Uncertainty:      0.025ns  ((TSJ^2 + TIJ^2)^1/2 + DJ) / 2 + PE
    Total System Jitter     (TSJ):    0.050ns
    Total Input Jitter      (TIJ):    0.000ns
    Discrete Jitter          (DJ):    0.000ns
    Phase Error              (PE):    0.000ns

    Location             Delay type                Incr(ns)  Path(ns)    Netlist Resource(s)
  -------------------------------------------------------------------    -------------------
    U18                                               0.000     0.000 f  rstn (IN)
                         net (fo=0)                   0.000     0.000    rstn
    U18                  IBUF (Prop_ibuf_I_O)         1.441     1.441 f  rstn_IBUF_inst/O
                         net (fo=30, routed)          1.507     2.949    rstn_IBUF
    SLICE_X1Y16          FDCE                                         f  div_cnt_reg[23]/CLR
  -------------------------------------------------------------------    -------------------

                         (clock sys_clk_pin rise edge)
                                                      0.000     0.000 r  
    W5                                                0.000     0.000 r  clk (IN)
                         net (fo=0)                   0.000     0.000    clk
    W5                   IBUF (Prop_ibuf_I_O)         1.388     1.388 r  clk_IBUF_inst/O
                         net (fo=1, routed)           1.862     3.250    clk_IBUF
    BUFGCTRL_X0Y0        BUFG (Prop_bufg_I_O)         0.091     3.341 r  clk_IBUF_BUFG_inst/O
                         net (fo=30, routed)          1.512     4.853    clk_IBUF_BUFG
    SLICE_X1Y16          FDCE                                         r  div_cnt_reg[23]/C

Slack:                    inf
  Source:                 rstn
                            (input port)
  Destination:            div_cnt_reg[24]/CLR
                            (recovery check against rising-edge clock sys_clk_pin  {rise@0.000ns fall@5.000ns period=10.000ns})
  Path Group:             (none)
  Path Type:              Recovery (Max at Slow Process Corner)
  Data Path Delay:        2.949ns  (logic 1.441ns (48.880%)  route 1.507ns (51.120%))
  Logic Levels:           1  (IBUF=1)
  Clock Path Skew:        4.853ns (DCD - SCD + CPR)
    Destination Clock Delay (DCD):    4.853ns
    Source Clock Delay      (SCD):    0.000ns
    Clock Pessimism Removal (CPR):    0.000ns
  Clock Uncertainty:      0.025ns  ((TSJ^2 + TIJ^2)^1/2 + DJ) / 2 + PE
    Total System Jitter     (TSJ):    0.050ns
    Total Input Jitter      (TIJ):    0.000ns
    Discrete Jitter          (DJ):    0.000ns
    Phase Error              (PE):    0.000ns

    Location             Delay type                Incr(ns)  Path(ns)    Netlist Resource(s)
  -------------------------------------------------------------------    -------------------
    U18                                               0.000     0.000 f  rstn (IN)
                         net (fo=0)                   0.000     0.000    rstn
    U18                  IBUF (Prop_ibuf_I_O)         1.441     1.441 f  rstn_IBUF_inst/O
                         net (fo=30, routed)          1.507     2.949    rstn_IBUF
    SLICE_X1Y16          FDCE                                         f  div_cnt_reg[24]/CLR
  -------------------------------------------------------------------    -------------------

                         (clock sys_clk_pin rise edge)
                                                      0.000     0.000 r  
    W5                                                0.000     0.000 r  clk (IN)
                         net (fo=0)                   0.000     0.000    clk
    W5                   IBUF (Prop_ibuf_I_O)         1.388     1.388 r  clk_IBUF_inst/O
                         net (fo=1, routed)           1.862     3.250    clk_IBUF
    BUFGCTRL_X0Y0        BUFG (Prop_bufg_I_O)         0.091     3.341 r  clk_IBUF_BUFG_inst/O
                         net (fo=30, routed)          1.512     4.853    clk_IBUF_BUFG
    SLICE_X1Y16          FDCE                                         r  div_cnt_reg[24]/C

Slack:                    inf
  Source:                 rstn
                            (input port)
  Destination:            div_cnt_reg[25]/CLR
                            (recovery check against rising-edge clock sys_clk_pin  {rise@0.000ns fall@5.000ns period=10.000ns})
  Path Group:             (none)
  Path Type:              Recovery (Max at Slow Process Corner)
  Data Path Delay:        2.949ns  (logic 1.441ns (48.880%)  route 1.507ns (51.120%))
  Logic Levels:           1  (IBUF=1)
  Clock Path Skew:        4.853ns (DCD - SCD + CPR)
    Destination Clock Delay (DCD):    4.853ns
    Source Clock Delay      (SCD):    0.000ns
    Clock Pessimism Removal (CPR):    0.000ns
  Clock Uncertainty:      0.025ns  ((TSJ^2 + TIJ^2)^1/2 + DJ) / 2 + PE
    Total System Jitter     (TSJ):    0.050ns
    Total Input Jitter      (TIJ):    0.000ns
    Discrete Jitter          (DJ):    0.000ns
    Phase Error              (PE):    0.000ns

    Location             Delay type                Incr(ns)  Path(ns)    Netlist Resource(s)
  -------------------------------------------------------------------    -------------------
    U18                                               0.000     0.000 f  rstn (IN)
                         net (fo=0)                   0.000     0.000    rstn
    U18                  IBUF (Prop_ibuf_I_O)         1.441     1.441 f  rstn_IBUF_inst/O
                         net (fo=30, routed)          1.507     2.949    rstn_IBUF
    SLICE_X1Y16          FDCE                                         f  div_cnt_reg[25]/CLR
  -------------------------------------------------------------------    -------------------

                         (clock sys_clk_pin rise edge)
                                                      0.000     0.000 r  
    W5                                                0.000     0.000 r  clk (IN)
                         net (fo=0)                   0.000     0.000    clk
    W5                   IBUF (Prop_ibuf_I_O)         1.388     1.388 r  clk_IBUF_inst/O
                         net (fo=1, routed)           1.862     3.250    clk_IBUF
    BUFGCTRL_X0Y0        BUFG (Prop_bufg_I_O)         0.091     3.341 r  clk_IBUF_BUFG_inst/O
                         net (fo=30, routed)          1.512     4.853    clk_IBUF_BUFG
    SLICE_X1Y16          FDCE                                         r  div_cnt_reg[25]/C

Slack:                    inf
  Source:                 rstn
                            (input port)
  Destination:            div_cnt_reg[26]/CLR
                            (recovery check against rising-edge clock sys_clk_pin  {rise@0.000ns fall@5.000ns period=10.000ns})
  Path Group:             (none)
  Path Type:              Recovery (Max at Slow Process Corner)
  Data Path Delay:        2.949ns  (logic 1.441ns (48.880%)  route 1.507ns (51.120%))
  Logic Levels:           1  (IBUF=1)
  Clock Path Skew:        4.853ns (DCD - SCD + CPR)
    Destination Clock Delay (DCD):    4.853ns
    Source Clock Delay      (SCD):    0.000ns
    Clock Pessimism Removal (CPR):    0.000ns
  Clock Uncertainty:      0.025ns  ((TSJ^2 + TIJ^2)^1/2 + DJ) / 2 + PE
    Total System Jitter     (TSJ):    0.050ns
    Total Input Jitter      (TIJ):    0.000ns
    Discrete Jitter          (DJ):    0.000ns
    Phase Error              (PE):    0.000ns

    Location             Delay type                Incr(ns)  Path(ns)    Netlist Resource(s)
  -------------------------------------------------------------------    -------------------
    U18                                               0.000     0.000 f  rstn (IN)
                         net (fo=0)                   0.000     0.000    rstn
    U18                  IBUF (Prop_ibuf_I_O)         1.441     1.441 f  rstn_IBUF_inst/O
                         net (fo=30, routed)          1.507     2.949    rstn_IBUF
    SLICE_X1Y16          FDCE                                         f  div_cnt_reg[26]/CLR
  -------------------------------------------------------------------    -------------------

                         (clock sys_clk_pin rise edge)
                                                      0.000     0.000 r  
    W5                                                0.000     0.000 r  clk (IN)
                         net (fo=0)                   0.000     0.000    clk
    W5                   IBUF (Prop_ibuf_I_O)         1.388     1.388 r  clk_IBUF_inst/O
                         net (fo=1, routed)           1.862     3.250    clk_IBUF
    BUFGCTRL_X0Y0        BUFG (Prop_bufg_I_O)         0.091     3.341 r  clk_IBUF_BUFG_inst/O
                         net (fo=30, routed)          1.512     4.853    clk_IBUF_BUFG
    SLICE_X1Y16          FDCE                                         r  div_cnt_reg[26]/C

Slack:                    inf
  Source:                 rstn
                            (input port)
  Destination:            tick_1sec_reg/CLR
                            (recovery check against rising-edge clock sys_clk_pin  {rise@0.000ns fall@5.000ns period=10.000ns})
  Path Group:             (none)
  Path Type:              Recovery (Max at Slow Process Corner)
  Data Path Delay:        2.827ns  (logic 1.441ns (50.990%)  route 1.385ns (49.010%))
  Logic Levels:           1  (IBUF=1)
  Clock Path Skew:        4.853ns (DCD - SCD + CPR)
    Destination Clock Delay (DCD):    4.853ns
    Source Clock Delay      (SCD):    0.000ns
    Clock Pessimism Removal (CPR):    0.000ns
  Clock Uncertainty:      0.025ns  ((TSJ^2 + TIJ^2)^1/2 + DJ) / 2 + PE
    Total System Jitter     (TSJ):    0.050ns
    Total Input Jitter      (TIJ):    0.000ns
    Discrete Jitter          (DJ):    0.000ns
    Phase Error              (PE):    0.000ns

    Location             Delay type                Incr(ns)  Path(ns)    Netlist Resource(s)
  -------------------------------------------------------------------    -------------------
    U18                                               0.000     0.000 f  rstn (IN)
                         net (fo=0)                   0.000     0.000    rstn
    U18                  IBUF (Prop_ibuf_I_O)         1.441     1.441 f  rstn_IBUF_inst/O
                         net (fo=30, routed)          1.385     2.827    rstn_IBUF
    SLICE_X2Y16          FDCE                                         f  tick_1sec_reg/CLR
  -------------------------------------------------------------------    -------------------

                         (clock sys_clk_pin rise edge)
                                                      0.000     0.000 r  
    W5                                                0.000     0.000 r  clk (IN)
                         net (fo=0)                   0.000     0.000    clk
    W5                   IBUF (Prop_ibuf_I_O)         1.388     1.388 r  clk_IBUF_inst/O
                         net (fo=1, routed)           1.862     3.250    clk_IBUF
    BUFGCTRL_X0Y0        BUFG (Prop_bufg_I_O)         0.091     3.341 r  clk_IBUF_BUFG_inst/O
                         net (fo=30, routed)          1.512     4.853    clk_IBUF_BUFG
    SLICE_X2Y16          FDCE                                         r  tick_1sec_reg/C

Slack:                    inf
  Source:                 rstn
                            (input port)
  Destination:            div_cnt_reg[0]/CLR
                            (recovery check against rising-edge clock sys_clk_pin  {rise@0.000ns fall@5.000ns period=10.000ns})
  Path Group:             (none)
  Path Type:              Recovery (Max at Slow Process Corner)
  Data Path Delay:        2.669ns  (logic 1.441ns (53.994%)  route 1.228ns (46.006%))
  Logic Levels:           1  (IBUF=1)
  Clock Path Skew:        4.854ns (DCD - SCD + CPR)
    Destination Clock Delay (DCD):    4.854ns
    Source Clock Delay      (SCD):    0.000ns
    Clock Pessimism Removal (CPR):    0.000ns
  Clock Uncertainty:      0.025ns  ((TSJ^2 + TIJ^2)^1/2 + DJ) / 2 + PE
    Total System Jitter     (TSJ):    0.050ns
    Total Input Jitter      (TIJ):    0.000ns
    Discrete Jitter          (DJ):    0.000ns
    Phase Error              (PE):    0.000ns

    Location             Delay type                Incr(ns)  Path(ns)    Netlist Resource(s)
  -------------------------------------------------------------------    -------------------
    U18                                               0.000     0.000 f  rstn (IN)
                         net (fo=0)                   0.000     0.000    rstn
    U18                  IBUF (Prop_ibuf_I_O)         1.441     1.441 f  rstn_IBUF_inst/O
                         net (fo=30, routed)          1.228     2.669    rstn_IBUF
    SLICE_X0Y15          FDCE                                         f  div_cnt_reg[0]/CLR
  -------------------------------------------------------------------    -------------------

                         (clock sys_clk_pin rise edge)
                                                      0.000     0.000 r  
    W5                                                0.000     0.000 r  clk (IN)
                         net (fo=0)                   0.000     0.000    clk
    W5                   IBUF (Prop_ibuf_I_O)         1.388     1.388 r  clk_IBUF_inst/O
                         net (fo=1, routed)           1.862     3.250    clk_IBUF
    BUFGCTRL_X0Y0        BUFG (Prop_bufg_I_O)         0.091     3.341 r  clk_IBUF_BUFG_inst/O
                         net (fo=30, routed)          1.513     4.854    clk_IBUF_BUFG
    SLICE_X0Y15          FDCE                                         r  div_cnt_reg[0]/C





Min Delay Paths
--------------------------------------------------------------------------------------
Slack:                    inf
  Source:                 rstn
                            (input port)
  Destination:            div_cnt_reg[10]/CLR
                            (removal check against rising-edge clock sys_clk_pin  {rise@0.000ns fall@5.000ns period=10.000ns})
  Path Group:             (none)
  Path Type:              Removal (Min at Fast Process Corner)
  Data Path Delay:        0.579ns  (logic 0.210ns (36.174%)  route 0.370ns (63.826%))
  Logic Levels:           1  (IBUF=1)
  Clock Path Skew:        1.988ns (DCD - SCD - CPR)
    Destination Clock Delay (DCD):    1.988ns
    Source Clock Delay      (SCD):    0.000ns
    Clock Pessimism Removal (CPR):    -0.000ns

    Location             Delay type                Incr(ns)  Path(ns)    Netlist Resource(s)
  -------------------------------------------------------------------    -------------------
    U18                                               0.000     0.000 f  rstn (IN)
                         net (fo=0)                   0.000     0.000    rstn
    U18                  IBUF (Prop_ibuf_I_O)         0.210     0.210 f  rstn_IBUF_inst/O
                         net (fo=30, routed)          0.370     0.579    rstn_IBUF
    SLICE_X1Y13          FDCE                                         f  div_cnt_reg[10]/CLR
  -------------------------------------------------------------------    -------------------

                         (clock sys_clk_pin rise edge)
                                                      0.000     0.000 r  
    W5                                                0.000     0.000 r  clk (IN)
                         net (fo=0)                   0.000     0.000    clk
    W5                   IBUF (Prop_ibuf_I_O)         0.414     0.414 r  clk_IBUF_inst/O
                         net (fo=1, routed)           0.685     1.099    clk_IBUF
    BUFGCTRL_X0Y0        BUFG (Prop_bufg_I_O)         0.029     1.128 r  clk_IBUF_BUFG_inst/O
                         net (fo=30, routed)          0.861     1.988    clk_IBUF_BUFG
    SLICE_X1Y13          FDCE                                         r  div_cnt_reg[10]/C

Slack:                    inf
  Source:                 rstn
                            (input port)
  Destination:            div_cnt_reg[11]/CLR
                            (removal check against rising-edge clock sys_clk_pin  {rise@0.000ns fall@5.000ns period=10.000ns})
  Path Group:             (none)
  Path Type:              Removal (Min at Fast Process Corner)
  Data Path Delay:        0.579ns  (logic 0.210ns (36.174%)  route 0.370ns (63.826%))
  Logic Levels:           1  (IBUF=1)
  Clock Path Skew:        1.988ns (DCD - SCD - CPR)
    Destination Clock Delay (DCD):    1.988ns
    Source Clock Delay      (SCD):    0.000ns
    Clock Pessimism Removal (CPR):    -0.000ns

    Location             Delay type                Incr(ns)  Path(ns)    Netlist Resource(s)
  -------------------------------------------------------------------    -------------------
    U18                                               0.000     0.000 f  rstn (IN)
                         net (fo=0)                   0.000     0.000    rstn
    U18                  IBUF (Prop_ibuf_I_O)         0.210     0.210 f  rstn_IBUF_inst/O
                         net (fo=30, routed)          0.370     0.579    rstn_IBUF
    SLICE_X1Y13          FDCE                                         f  div_cnt_reg[11]/CLR
  -------------------------------------------------------------------    -------------------

                         (clock sys_clk_pin rise edge)
                                                      0.000     0.000 r  
    W5                                                0.000     0.000 r  clk (IN)
                         net (fo=0)                   0.000     0.000    clk
    W5                   IBUF (Prop_ibuf_I_O)         0.414     0.414 r  clk_IBUF_inst/O
                         net (fo=1, routed)           0.685     1.099    clk_IBUF
    BUFGCTRL_X0Y0        BUFG (Prop_bufg_I_O)         0.029     1.128 r  clk_IBUF_BUFG_inst/O
                         net (fo=30, routed)          0.861     1.988    clk_IBUF_BUFG
    SLICE_X1Y13          FDCE                                         r  div_cnt_reg[11]/C

Slack:                    inf
  Source:                 rstn
                            (input port)
  Destination:            div_cnt_reg[12]/CLR
                            (removal check against rising-edge clock sys_clk_pin  {rise@0.000ns fall@5.000ns period=10.000ns})
  Path Group:             (none)
  Path Type:              Removal (Min at Fast Process Corner)
  Data Path Delay:        0.579ns  (logic 0.210ns (36.174%)  route 0.370ns (63.826%))
  Logic Levels:           1  (IBUF=1)
  Clock Path Skew:        1.988ns (DCD - SCD - CPR)
    Destination Clock Delay (DCD):    1.988ns
    Source Clock Delay      (SCD):    0.000ns
    Clock Pessimism Removal (CPR):    -0.000ns

    Location             Delay type                Incr(ns)  Path(ns)    Netlist Resource(s)
  -------------------------------------------------------------------    -------------------
    U18                                               0.000     0.000 f  rstn (IN)
                         net (fo=0)                   0.000     0.000    rstn
    U18                  IBUF (Prop_ibuf_I_O)         0.210     0.210 f  rstn_IBUF_inst/O
                         net (fo=30, routed)          0.370     0.579    rstn_IBUF
    SLICE_X1Y13          FDCE                                         f  div_cnt_reg[12]/CLR
  -------------------------------------------------------------------    -------------------

                         (clock sys_clk_pin rise edge)
                                                      0.000     0.000 r  
    W5                                                0.000     0.000 r  clk (IN)
                         net (fo=0)                   0.000     0.000    clk
    W5                   IBUF (Prop_ibuf_I_O)         0.414     0.414 r  clk_IBUF_inst/O
                         net (fo=1, routed)           0.685     1.099    clk_IBUF
    BUFGCTRL_X0Y0        BUFG (Prop_bufg_I_O)         0.029     1.128 r  clk_IBUF_BUFG_inst/O
                         net (fo=30, routed)          0.861     1.988    clk_IBUF_BUFG
    SLICE_X1Y13          FDCE                                         r  div_cnt_reg[12]/C

Slack:                    inf
  Source:                 rstn
                            (input port)
  Destination:            div_cnt_reg[9]/CLR
                            (removal check against rising-edge clock sys_clk_pin  {rise@0.000ns fall@5.000ns period=10.000ns})
  Path Group:             (none)
  Path Type:              Removal (Min at Fast Process Corner)
  Data Path Delay:        0.579ns  (logic 0.210ns (36.174%)  route 0.370ns (63.826%))
  Logic Levels:           1  (IBUF=1)
  Clock Path Skew:        1.988ns (DCD - SCD - CPR)
    Destination Clock Delay (DCD):    1.988ns
    Source Clock Delay      (SCD):    0.000ns
    Clock Pessimism Removal (CPR):    -0.000ns

    Location             Delay type                Incr(ns)  Path(ns)    Netlist Resource(s)
  -------------------------------------------------------------------    -------------------
    U18                                               0.000     0.000 f  rstn (IN)
                         net (fo=0)                   0.000     0.000    rstn
    U18                  IBUF (Prop_ibuf_I_O)         0.210     0.210 f  rstn_IBUF_inst/O
                         net (fo=30, routed)          0.370     0.579    rstn_IBUF
    SLICE_X1Y13          FDCE                                         f  div_cnt_reg[9]/CLR
  -------------------------------------------------------------------    -------------------

                         (clock sys_clk_pin rise edge)
                                                      0.000     0.000 r  
    W5                                                0.000     0.000 r  clk (IN)
                         net (fo=0)                   0.000     0.000    clk
    W5                   IBUF (Prop_ibuf_I_O)         0.414     0.414 r  clk_IBUF_inst/O
                         net (fo=1, routed)           0.685     1.099    clk_IBUF
    BUFGCTRL_X0Y0        BUFG (Prop_bufg_I_O)         0.029     1.128 r  clk_IBUF_BUFG_inst/O
                         net (fo=30, routed)          0.861     1.988    clk_IBUF_BUFG
    SLICE_X1Y13          FDCE                                         r  div_cnt_reg[9]/C

Slack:                    inf
  Source:                 rstn
                            (input port)
  Destination:            div_cnt_reg[5]/CLR
                            (removal check against rising-edge clock sys_clk_pin  {rise@0.000ns fall@5.000ns period=10.000ns})
  Path Group:             (none)
  Path Type:              Removal (Min at Fast Process Corner)
  Data Path Delay:        0.629ns  (logic 0.210ns (33.319%)  route 0.419ns (66.681%))
  Logic Levels:           1  (IBUF=1)
  Clock Path Skew:        1.989ns (DCD - SCD - CPR)
    Destination Clock Delay (DCD):    1.989ns
    Source Clock Delay      (SCD):    0.000ns
    Clock Pessimism Removal (CPR):    -0.000ns

    Location             Delay type                Incr(ns)  Path(ns)    Netlist Resource(s)
  -------------------------------------------------------------------    -------------------
    U18                                               0.000     0.000 f  rstn (IN)
                         net (fo=0)                   0.000     0.000    rstn
    U18                  IBUF (Prop_ibuf_I_O)         0.210     0.210 f  rstn_IBUF_inst/O
                         net (fo=30, routed)          0.419     0.629    rstn_IBUF
    SLICE_X1Y12          FDCE                                         f  div_cnt_reg[5]/CLR
  -------------------------------------------------------------------    -------------------

                         (clock sys_clk_pin rise edge)
                                                      0.000     0.000 r  
    W5                                                0.000     0.000 r  clk (IN)
                         net (fo=0)                   0.000     0.000    clk
    W5                   IBUF (Prop_ibuf_I_O)         0.414     0.414 r  clk_IBUF_inst/O
                         net (fo=1, routed)           0.685     1.099    clk_IBUF
    BUFGCTRL_X0Y0        BUFG (Prop_bufg_I_O)         0.029     1.128 r  clk_IBUF_BUFG_inst/O
                         net (fo=30, routed)          0.862     1.989    clk_IBUF_BUFG
    SLICE_X1Y12          FDCE                                         r  div_cnt_reg[5]/C

Slack:                    inf
  Source:                 rstn
                            (input port)
  Destination:            div_cnt_reg[6]/CLR
                            (removal check against rising-edge clock sys_clk_pin  {rise@0.000ns fall@5.000ns period=10.000ns})
  Path Group:             (none)
  Path Type:              Removal (Min at Fast Process Corner)
  Data Path Delay:        0.629ns  (logic 0.210ns (33.319%)  route 0.419ns (66.681%))
  Logic Levels:           1  (IBUF=1)
  Clock Path Skew:        1.989ns (DCD - SCD - CPR)
    Destination Clock Delay (DCD):    1.989ns
    Source Clock Delay      (SCD):    0.000ns
    Clock Pessimism Removal (CPR):    -0.000ns

    Location             Delay type                Incr(ns)  Path(ns)    Netlist Resource(s)
  -------------------------------------------------------------------    -------------------
    U18                                               0.000     0.000 f  rstn (IN)
                         net (fo=0)                   0.000     0.000    rstn
    U18                  IBUF (Prop_ibuf_I_O)         0.210     0.210 f  rstn_IBUF_inst/O
                         net (fo=30, routed)          0.419     0.629    rstn_IBUF
    SLICE_X1Y12          FDCE                                         f  div_cnt_reg[6]/CLR
  -------------------------------------------------------------------    -------------------

                         (clock sys_clk_pin rise edge)
                                                      0.000     0.000 r  
    W5                                                0.000     0.000 r  clk (IN)
                         net (fo=0)                   0.000     0.000    clk
    W5                   IBUF (Prop_ibuf_I_O)         0.414     0.414 r  clk_IBUF_inst/O
                         net (fo=1, routed)           0.685     1.099    clk_IBUF
    BUFGCTRL_X0Y0        BUFG (Prop_bufg_I_O)         0.029     1.128 r  clk_IBUF_BUFG_inst/O
                         net (fo=30, routed)          0.862     1.989    clk_IBUF_BUFG
    SLICE_X1Y12          FDCE                                         r  div_cnt_reg[6]/C

Slack:                    inf
  Source:                 rstn
                            (input port)
  Destination:            div_cnt_reg[7]/CLR
                            (removal check against rising-edge clock sys_clk_pin  {rise@0.000ns fall@5.000ns period=10.000ns})
  Path Group:             (none)
  Path Type:              Removal (Min at Fast Process Corner)
  Data Path Delay:        0.629ns  (logic 0.210ns (33.319%)  route 0.419ns (66.681%))
  Logic Levels:           1  (IBUF=1)
  Clock Path Skew:        1.989ns (DCD - SCD - CPR)
    Destination Clock Delay (DCD):    1.989ns
    Source Clock Delay      (SCD):    0.000ns
    Clock Pessimism Removal (CPR):    -0.000ns

    Location             Delay type                Incr(ns)  Path(ns)    Netlist Resource(s)
  -------------------------------------------------------------------    -------------------
    U18                                               0.000     0.000 f  rstn (IN)
                         net (fo=0)                   0.000     0.000    rstn
    U18                  IBUF (Prop_ibuf_I_O)         0.210     0.210 f  rstn_IBUF_inst/O
                         net (fo=30, routed)          0.419     0.629    rstn_IBUF
    SLICE_X1Y12          FDCE                                         f  div_cnt_reg[7]/CLR
  -------------------------------------------------------------------    -------------------

                         (clock sys_clk_pin rise edge)
                                                      0.000     0.000 r  
    W5                                                0.000     0.000 r  clk (IN)
                         net (fo=0)                   0.000     0.000    clk
    W5                   IBUF (Prop_ibuf_I_O)         0.414     0.414 r  clk_IBUF_inst/O
                         net (fo=1, routed)           0.685     1.099    clk_IBUF
    BUFGCTRL_X0Y0        BUFG (Prop_bufg_I_O)         0.029     1.128 r  clk_IBUF_BUFG_inst/O
                         net (fo=30, routed)          0.862     1.989    clk_IBUF_BUFG
    SLICE_X1Y12          FDCE                                         r  div_cnt_reg[7]/C

Slack:                    inf
  Source:                 rstn
                            (input port)
  Destination:            div_cnt_reg[8]/CLR
                            (removal check against rising-edge clock sys_clk_pin  {rise@0.000ns fall@5.000ns period=10.000ns})
  Path Group:             (none)
  Path Type:              Removal (Min at Fast Process Corner)
  Data Path Delay:        0.629ns  (logic 0.210ns (33.319%)  route 0.419ns (66.681%))
  Logic Levels:           1  (IBUF=1)
  Clock Path Skew:        1.989ns (DCD - SCD - CPR)
    Destination Clock Delay (DCD):    1.989ns
    Source Clock Delay      (SCD):    0.000ns
    Clock Pessimism Removal (CPR):    -0.000ns

    Location             Delay type                Incr(ns)  Path(ns)    Netlist Resource(s)
  -------------------------------------------------------------------    -------------------
    U18                                               0.000     0.000 f  rstn (IN)
                         net (fo=0)                   0.000     0.000    rstn
    U18                  IBUF (Prop_ibuf_I_O)         0.210     0.210 f  rstn_IBUF_inst/O
                         net (fo=30, routed)          0.419     0.629    rstn_IBUF
    SLICE_X1Y12          FDCE                                         f  div_cnt_reg[8]/CLR
  -------------------------------------------------------------------    -------------------

                         (clock sys_clk_pin rise edge)
                                                      0.000     0.000 r  
    W5                                                0.000     0.000 r  clk (IN)
                         net (fo=0)                   0.000     0.000    clk
    W5                   IBUF (Prop_ibuf_I_O)         0.414     0.414 r  clk_IBUF_inst/O
                         net (fo=1, routed)           0.685     1.099    clk_IBUF
    BUFGCTRL_X0Y0        BUFG (Prop_bufg_I_O)         0.029     1.128 r  clk_IBUF_BUFG_inst/O
                         net (fo=30, routed)          0.862     1.989    clk_IBUF_BUFG
    SLICE_X1Y12          FDCE                                         r  div_cnt_reg[8]/C

Slack:                    inf
  Source:                 rstn
                            (input port)
  Destination:            div_cnt_reg[13]/CLR
                            (removal check against rising-edge clock sys_clk_pin  {rise@0.000ns fall@5.000ns period=10.000ns})
  Path Group:             (none)
  Path Type:              Removal (Min at Fast Process Corner)
  Data Path Delay:        0.652ns  (logic 0.210ns (32.114%)  route 0.443ns (67.886%))
  Logic Levels:           1  (IBUF=1)
  Clock Path Skew:        1.988ns (DCD - SCD - CPR)
    Destination Clock Delay (DCD):    1.988ns
    Source Clock Delay      (SCD):    0.000ns
    Clock Pessimism Removal (CPR):    -0.000ns

    Location             Delay type                Incr(ns)  Path(ns)    Netlist Resource(s)
  -------------------------------------------------------------------    -------------------
    U18                                               0.000     0.000 f  rstn (IN)
                         net (fo=0)                   0.000     0.000    rstn
    U18                  IBUF (Prop_ibuf_I_O)         0.210     0.210 f  rstn_IBUF_inst/O
                         net (fo=30, routed)          0.443     0.652    rstn_IBUF
    SLICE_X1Y14          FDCE                                         f  div_cnt_reg[13]/CLR
  -------------------------------------------------------------------    -------------------

                         (clock sys_clk_pin rise edge)
                                                      0.000     0.000 r  
    W5                                                0.000     0.000 r  clk (IN)
                         net (fo=0)                   0.000     0.000    clk
    W5                   IBUF (Prop_ibuf_I_O)         0.414     0.414 r  clk_IBUF_inst/O
                         net (fo=1, routed)           0.685     1.099    clk_IBUF
    BUFGCTRL_X0Y0        BUFG (Prop_bufg_I_O)         0.029     1.128 r  clk_IBUF_BUFG_inst/O
                         net (fo=30, routed)          0.861     1.988    clk_IBUF_BUFG
    SLICE_X1Y14          FDCE                                         r  div_cnt_reg[13]/C

Slack:                    inf
  Source:                 rstn
                            (input port)
  Destination:            div_cnt_reg[14]/CLR
                            (removal check against rising-edge clock sys_clk_pin  {rise@0.000ns fall@5.000ns period=10.000ns})
  Path Group:             (none)
  Path Type:              Removal (Min at Fast Process Corner)
  Data Path Delay:        0.652ns  (logic 0.210ns (32.114%)  route 0.443ns (67.886%))
  Logic Levels:           1  (IBUF=1)
  Clock Path Skew:        1.988ns (DCD - SCD - CPR)
    Destination Clock Delay (DCD):    1.988ns
    Source Clock Delay      (SCD):    0.000ns
    Clock Pessimism Removal (CPR):    -0.000ns

    Location             Delay type                Incr(ns)  Path(ns)    Netlist Resource(s)
  -------------------------------------------------------------------    -------------------
    U18                                               0.000     0.000 f  rstn (IN)
                         net (fo=0)                   0.000     0.000    rstn
    U18                  IBUF (Prop_ibuf_I_O)         0.210     0.210 f  rstn_IBUF_inst/O
                         net (fo=30, routed)          0.443     0.652    rstn_IBUF
    SLICE_X1Y14          FDCE                                         f  div_cnt_reg[14]/CLR
  -------------------------------------------------------------------    -------------------

                         (clock sys_clk_pin rise edge)
                                                      0.000     0.000 r  
    W5                                                0.000     0.000 r  clk (IN)
                         net (fo=0)                   0.000     0.000    clk
    W5                   IBUF (Prop_ibuf_I_O)         0.414     0.414 r  clk_IBUF_inst/O
                         net (fo=1, routed)           0.685     1.099    clk_IBUF
    BUFGCTRL_X0Y0        BUFG (Prop_bufg_I_O)         0.029     1.128 r  clk_IBUF_BUFG_inst/O
                         net (fo=30, routed)          0.861     1.988    clk_IBUF_BUFG
    SLICE_X1Y14          FDCE                                         r  div_cnt_reg[14]/C





