Copyright 1986-2022 Xilinx, Inc. All Rights Reserved. Copyright 2022-2026 Advanced Micro Devices, Inc. All Rights Reserved.
------------------------------------------------------------------------------------------------------------------------------------------------------------------------------------------------------------------------------------------
| Tool Version : Vivado v.2025.2.1 (win64) Build 6403652 Thu Mar 19 19:48:24 GMT 2026
| Date         : Thu Apr  9 14:52:02 2026
| Host         : DESKTOP-Q1F9NDB running 64-bit major release  (build 9200)
| Command      : report_timing_summary -max_paths 10 -routable_nets -report_unconstrained -file LedControl_timing_summary_routed.rpt -pb LedControl_timing_summary_routed.pb -rpx LedControl_timing_summary_routed.rpx -warn_on_violation
| Design       : LedControl
| Device       : 7a35t-cpg236
| Speed File   : -1  PRODUCTION 1.23 2018-06-13
| Design State : Routed
------------------------------------------------------------------------------------------------------------------------------------------------------------------------------------------------------------------------------------------

Timing Summary Report

------------------------------------------------------------------------------------------------
| Timer Settings
| --------------
------------------------------------------------------------------------------------------------

  Enable Multi Corner Analysis               :  Yes
  Enable Pessimism Removal                   :  Yes
  Pessimism Removal Resolution               :  Nearest Common Node
  Enable Input Delay Default Clock           :  No
  Enable Preset / Clear Arcs                 :  No
  Disable Flight Delays                      :  No
  Ignore I/O Paths                           :  No
  Timing Early Launch at Borrowing Latches   :  No
  Borrow Time for Max Delay Exceptions       :  Yes
  Merge Timing Exceptions                    :  Yes
  Inter-SLR Compensation                     :  Conservative

  Corner  Analyze    Analyze    
  Name    Max Paths  Min Paths  
  ------  ---------  ---------  
  Slow    Yes        Yes        
  Fast    Yes        Yes        


------------------------------------------------------------------------------------------------
| Report Methodology
| ------------------
------------------------------------------------------------------------------------------------

Rule       Severity  Description                    Violations  
---------  --------  -----------------------------  ----------  
TIMING-18  Warning   Missing input or output delay  9           

Note: This report is based on the most recent report_methodology run and may not be up-to-date. Run report_methodology on the current design for the latest report.



check_timing report

Table of Contents
-----------------
1. checking no_clock (0)
2. checking constant_clock (0)
3. checking pulse_width_clock (0)
4. checking unconstrained_internal_endpoints (0)
5. checking no_input_delay (5)
6. checking no_output_delay (4)
7. checking multiple_clock (0)
8. checking generated_clocks (0)
9. checking loops (0)
10. checking partial_input_delay (0)
11. checking partial_output_delay (0)
12. checking latch_loops (0)

1. checking no_clock (0)
------------------------
 There are 0 register/latch pins with no clock.


2. checking constant_clock (0)
------------------------------
 There are 0 register/latch pins with constant_clock.


3. checking pulse_width_clock (0)
---------------------------------
 There are 0 register/latch pins which need pulse_width check


4. checking unconstrained_internal_endpoints (0)
------------------------------------------------
 There are 0 pins that are not constrained for maximum delay.

 There are 0 pins that are not constrained for maximum delay due to constant clock.


5. checking no_input_delay (5)
------------------------------
 There are 5 input ports with no input delay specified. (HIGH)

 There are 0 input ports with no input delay but user has a false path constraint.


6. checking no_output_delay (4)
-------------------------------
 There are 4 ports with no output delay specified. (HIGH)

 There are 0 ports with no output delay but user has a false path constraint

 There are 0 ports with no output delay but with a timing clock defined on it or propagating through it


7. checking multiple_clock (0)
------------------------------
 There are 0 register/latch pins with multiple clocks.


8. checking generated_clocks (0)
--------------------------------
 There are 0 generated clocks that are not connected to a clock source.


9. checking loops (0)
---------------------
 There are 0 combinational loops in the design.


10. checking partial_input_delay (0)
------------------------------------
 There are 0 input ports with partial input delay specified.


11. checking partial_output_delay (0)
-------------------------------------
 There are 0 ports with partial output delay specified.


12. checking latch_loops (0)
----------------------------
 There are 0 combinational latch loops in the design through latch input



------------------------------------------------------------------------------------------------
| Design Timing Summary
| ---------------------
------------------------------------------------------------------------------------------------

    WNS(ns)      TNS(ns)  TNS Failing Endpoints  TNS Total Endpoints      WHS(ns)      THS(ns)  THS Failing Endpoints  THS Total Endpoints     WPWS(ns)     TPWS(ns)  TPWS Failing Endpoints  TPWS Total Endpoints  
    -------      -------  ---------------------  -------------------      -------      -------  ---------------------  -------------------     --------     --------  ----------------------  --------------------  
      5.833        0.000                      0                   92        0.236        0.000                      0                   92        4.500        0.000                       0                    97  


All user specified timing constraints are met.


------------------------------------------------------------------------------------------------
| Clock Summary
| -------------
------------------------------------------------------------------------------------------------

Clock        Waveform(ns)       Period(ns)      Frequency(MHz)
-----        ------------       ----------      --------------
sys_clk_pin  {0.000 5.000}      10.000          100.000         


------------------------------------------------------------------------------------------------
| Intra Clock Table
| -----------------
------------------------------------------------------------------------------------------------

Clock             WNS(ns)      TNS(ns)  TNS Failing Endpoints  TNS Total Endpoints      WHS(ns)      THS(ns)  THS Failing Endpoints  THS Total Endpoints     WPWS(ns)     TPWS(ns)  TPWS Failing Endpoints  TPWS Total Endpoints  
-----             -------      -------  ---------------------  -------------------      -------      -------  ---------------------  -------------------     --------     --------  ----------------------  --------------------  
sys_clk_pin         5.833        0.000                      0                   92        0.236        0.000                      0                   92        4.500        0.000                       0                    97  


------------------------------------------------------------------------------------------------
| Inter Clock Table
| -----------------
------------------------------------------------------------------------------------------------

From Clock    To Clock          WNS(ns)      TNS(ns)  TNS Failing Endpoints  TNS Total Endpoints      WHS(ns)      THS(ns)  THS Failing Endpoints  THS Total Endpoints  
----------    --------          -------      -------  ---------------------  -------------------      -------      -------  ---------------------  -------------------  


------------------------------------------------------------------------------------------------
| Other Path Groups Table
| -----------------------
------------------------------------------------------------------------------------------------

Path Group    From Clock    To Clock          WNS(ns)      TNS(ns)  TNS Failing Endpoints  TNS Total Endpoints      WHS(ns)      THS(ns)  THS Failing Endpoints  THS Total Endpoints  
----------    ----------    --------          -------      -------  ---------------------  -------------------      -------      -------  ---------------------  -------------------  


------------------------------------------------------------------------------------------------
| User Ignored Path Table
| -----------------------
------------------------------------------------------------------------------------------------

Path Group    From Clock    To Clock    
----------    ----------    --------    


------------------------------------------------------------------------------------------------
| Unconstrained Path Table
| ------------------------
------------------------------------------------------------------------------------------------

Path Group    From Clock    To Clock    
----------    ----------    --------    
(none)        sys_clk_pin                 
(none)                      sys_clk_pin   


------------------------------------------------------------------------------------------------
| Timing Details
| --------------
------------------------------------------------------------------------------------------------


---------------------------------------------------------------------------------------------------
From Clock:  sys_clk_pin
  To Clock:  sys_clk_pin

Setup :            0  Failing Endpoints,  Worst Slack        5.833ns,  Total Violation        0.000ns
Hold  :            0  Failing Endpoints,  Worst Slack        0.236ns,  Total Violation        0.000ns
PW    :            0  Failing Endpoints,  Worst Slack        4.500ns,  Total Violation        0.000ns
---------------------------------------------------------------------------------------------------


Max Delay Paths
--------------------------------------------------------------------------------------
Slack (MET) :             5.833ns  (required time - arrival time)
  Source:                 debounce_btn0/r_count_reg[16]/C
                            (rising edge-triggered cell FDCE clocked by sys_clk_pin  {rise@0.000ns fall@5.000ns period=10.000ns})
  Destination:            debounce_btn0/r_count_reg[1]/D
                            (rising edge-triggered cell FDCE clocked by sys_clk_pin  {rise@0.000ns fall@5.000ns period=10.000ns})
  Path Group:             sys_clk_pin
  Path Type:              Setup (Max at Slow Process Corner)
  Requirement:            10.000ns  (sys_clk_pin rise@10.000ns - sys_clk_pin rise@0.000ns)
  Data Path Delay:        4.137ns  (logic 0.963ns (23.277%)  route 3.174ns (76.723%))
  Logic Levels:           3  (LUT2=1 LUT4=1 LUT6=1)
  Clock Path Skew:        -0.024ns (DCD - SCD + CPR)
    Destination Clock Delay (DCD):    4.861ns = ( 14.861 - 10.000 ) 
    Source Clock Delay      (SCD):    5.159ns
    Clock Pessimism Removal (CPR):    0.274ns
  Clock Uncertainty:      0.035ns  ((TSJ^2 + TIJ^2)^1/2 + DJ) / 2 + PE
    Total System Jitter     (TSJ):    0.071ns
    Total Input Jitter      (TIJ):    0.000ns
    Discrete Jitter          (DJ):    0.000ns
    Phase Error              (PE):    0.000ns

    Location             Delay type                Incr(ns)  Path(ns)    Netlist Resource(s)
  -------------------------------------------------------------------    -------------------
                         (clock sys_clk_pin rise edge)
                                                      0.000     0.000 r  
    W5                                                0.000     0.000 r  clk (IN)
                         net (fo=0)                   0.000     0.000    clk
    W5                   IBUF (Prop_ibuf_I_O)         1.458     1.458 r  clk_IBUF_inst/O
                         net (fo=1, routed)           1.967     3.425    clk_IBUF
    BUFGCTRL_X0Y0        BUFG (Prop_bufg_I_O)         0.096     3.521 r  clk_IBUF_BUFG_inst/O
                         net (fo=96, routed)          1.638     5.159    debounce_btn0/CLK
    SLICE_X3Y3           FDCE                                         r  debounce_btn0/r_count_reg[16]/C
  -------------------------------------------------------------------    -------------------
    SLICE_X3Y3           FDCE (Prop_fdce_C_Q)         0.419     5.578 f  debounce_btn0/r_count_reg[16]/Q
                         net (fo=2, routed)           1.059     6.638    debounce_btn0/r_count[16]
    SLICE_X3Y3           LUT4 (Prop_lut4_I0_O)        0.296     6.934 r  debounce_btn0/r_count[18]_i_4/O
                         net (fo=2, routed)           0.815     7.749    debounce_btn0/r_count[18]_i_4_n_0
    SLICE_X3Y4           LUT6 (Prop_lut6_I1_O)        0.124     7.873 r  debounce_btn0/r_count[18]_i_2/O
                         net (fo=19, routed)          1.299     9.172    debounce_btn0/r_count[18]_i_2_n_0
    SLICE_X3Y0           LUT2 (Prop_lut2_I0_O)        0.124     9.296 r  debounce_btn0/r_count[1]_i_1/O
                         net (fo=1, routed)           0.000     9.296    debounce_btn0/r_count[1]_i_1_n_0
    SLICE_X3Y0           FDCE                                         r  debounce_btn0/r_count_reg[1]/D
  -------------------------------------------------------------------    -------------------

                         (clock sys_clk_pin rise edge)
                                                     10.000    10.000 r  
    W5                                                0.000    10.000 r  clk (IN)
                         net (fo=0)                   0.000    10.000    clk
    W5                   IBUF (Prop_ibuf_I_O)         1.388    11.388 r  clk_IBUF_inst/O
                         net (fo=1, routed)           1.862    13.250    clk_IBUF
    BUFGCTRL_X0Y0        BUFG (Prop_bufg_I_O)         0.091    13.341 r  clk_IBUF_BUFG_inst/O
                         net (fo=96, routed)          1.520    14.861    debounce_btn0/CLK
    SLICE_X3Y0           FDCE                                         r  debounce_btn0/r_count_reg[1]/C
                         clock pessimism              0.274    15.135    
                         clock uncertainty           -0.035    15.100    
    SLICE_X3Y0           FDCE (Setup_fdce_C_D)        0.029    15.129    debounce_btn0/r_count_reg[1]
  -------------------------------------------------------------------
                         required time                         15.129    
                         arrival time                          -9.296    
  -------------------------------------------------------------------
                         slack                                  5.833    

Slack (MET) :             5.837ns  (required time - arrival time)
  Source:                 debounce_btn0/r_count_reg[16]/C
                            (rising edge-triggered cell FDCE clocked by sys_clk_pin  {rise@0.000ns fall@5.000ns period=10.000ns})
  Destination:            debounce_btn0/r_count_reg[2]/D
                            (rising edge-triggered cell FDCE clocked by sys_clk_pin  {rise@0.000ns fall@5.000ns period=10.000ns})
  Path Group:             sys_clk_pin
  Path Type:              Setup (Max at Slow Process Corner)
  Requirement:            10.000ns  (sys_clk_pin rise@10.000ns - sys_clk_pin rise@0.000ns)
  Data Path Delay:        4.135ns  (logic 0.963ns (23.288%)  route 3.172ns (76.712%))
  Logic Levels:           3  (LUT2=1 LUT4=1 LUT6=1)
  Clock Path Skew:        -0.024ns (DCD - SCD + CPR)
    Destination Clock Delay (DCD):    4.861ns = ( 14.861 - 10.000 ) 
    Source Clock Delay      (SCD):    5.159ns
    Clock Pessimism Removal (CPR):    0.274ns
  Clock Uncertainty:      0.035ns  ((TSJ^2 + TIJ^2)^1/2 + DJ) / 2 + PE
    Total System Jitter     (TSJ):    0.071ns
    Total Input Jitter      (TIJ):    0.000ns
    Discrete Jitter          (DJ):    0.000ns
    Phase Error              (PE):    0.000ns

    Location             Delay type                Incr(ns)  Path(ns)    Netlist Resource(s)
  -------------------------------------------------------------------    -------------------
                         (clock sys_clk_pin rise edge)
                                                      0.000     0.000 r  
    W5                                                0.000     0.000 r  clk (IN)
                         net (fo=0)                   0.000     0.000    clk
    W5                   IBUF (Prop_ibuf_I_O)         1.458     1.458 r  clk_IBUF_inst/O
                         net (fo=1, routed)           1.967     3.425    clk_IBUF
    BUFGCTRL_X0Y0        BUFG (Prop_bufg_I_O)         0.096     3.521 r  clk_IBUF_BUFG_inst/O
                         net (fo=96, routed)          1.638     5.159    debounce_btn0/CLK
    SLICE_X3Y3           FDCE                                         r  debounce_btn0/r_count_reg[16]/C
  -------------------------------------------------------------------    -------------------
    SLICE_X3Y3           FDCE (Prop_fdce_C_Q)         0.419     5.578 f  debounce_btn0/r_count_reg[16]/Q
                         net (fo=2, routed)           1.059     6.638    debounce_btn0/r_count[16]
    SLICE_X3Y3           LUT4 (Prop_lut4_I0_O)        0.296     6.934 r  debounce_btn0/r_count[18]_i_4/O
                         net (fo=2, routed)           0.815     7.749    debounce_btn0/r_count[18]_i_4_n_0
    SLICE_X3Y4           LUT6 (Prop_lut6_I1_O)        0.124     7.873 r  debounce_btn0/r_count[18]_i_2/O
                         net (fo=19, routed)          1.297     9.170    debounce_btn0/r_count[18]_i_2_n_0
    SLICE_X3Y0           LUT2 (Prop_lut2_I0_O)        0.124     9.294 r  debounce_btn0/r_count[2]_i_1/O
                         net (fo=1, routed)           0.000     9.294    debounce_btn0/r_count[2]_i_1_n_0
    SLICE_X3Y0           FDCE                                         r  debounce_btn0/r_count_reg[2]/D
  -------------------------------------------------------------------    -------------------

                         (clock sys_clk_pin rise edge)
                                                     10.000    10.000 r  
    W5                                                0.000    10.000 r  clk (IN)
                         net (fo=0)                   0.000    10.000    clk
    W5                   IBUF (Prop_ibuf_I_O)         1.388    11.388 r  clk_IBUF_inst/O
                         net (fo=1, routed)           1.862    13.250    clk_IBUF
    BUFGCTRL_X0Y0        BUFG (Prop_bufg_I_O)         0.091    13.341 r  clk_IBUF_BUFG_inst/O
                         net (fo=96, routed)          1.520    14.861    debounce_btn0/CLK
    SLICE_X3Y0           FDCE                                         r  debounce_btn0/r_count_reg[2]/C
                         clock pessimism              0.274    15.135    
                         clock uncertainty           -0.035    15.100    
    SLICE_X3Y0           FDCE (Setup_fdce_C_D)        0.031    15.131    debounce_btn0/r_count_reg[2]
  -------------------------------------------------------------------
                         required time                         15.131    
                         arrival time                          -9.294    
  -------------------------------------------------------------------
                         slack                                  5.837    

Slack (MET) :             5.853ns  (required time - arrival time)
  Source:                 debounce_btn0/r_count_reg[16]/C
                            (rising edge-triggered cell FDCE clocked by sys_clk_pin  {rise@0.000ns fall@5.000ns period=10.000ns})
  Destination:            debounce_btn0/r_count_reg[3]/D
                            (rising edge-triggered cell FDCE clocked by sys_clk_pin  {rise@0.000ns fall@5.000ns period=10.000ns})
  Path Group:             sys_clk_pin
  Path Type:              Setup (Max at Slow Process Corner)
  Requirement:            10.000ns  (sys_clk_pin rise@10.000ns - sys_clk_pin rise@0.000ns)
  Data Path Delay:        4.163ns  (logic 0.989ns (23.756%)  route 3.174ns (76.244%))
  Logic Levels:           3  (LUT2=1 LUT4=1 LUT6=1)
  Clock Path Skew:        -0.024ns (DCD - SCD + CPR)
    Destination Clock Delay (DCD):    4.861ns = ( 14.861 - 10.000 ) 
    Source Clock Delay      (SCD):    5.159ns
    Clock Pessimism Removal (CPR):    0.274ns
  Clock Uncertainty:      0.035ns  ((TSJ^2 + TIJ^2)^1/2 + DJ) / 2 + PE
    Total System Jitter     (TSJ):    0.071ns
    Total Input Jitter      (TIJ):    0.000ns
    Discrete Jitter          (DJ):    0.000ns
    Phase Error              (PE):    0.000ns

    Location             Delay type                Incr(ns)  Path(ns)    Netlist Resource(s)
  -------------------------------------------------------------------    -------------------
                         (clock sys_clk_pin rise edge)
                                                      0.000     0.000 r  
    W5                                                0.000     0.000 r  clk (IN)
                         net (fo=0)                   0.000     0.000    clk
    W5                   IBUF (Prop_ibuf_I_O)         1.458     1.458 r  clk_IBUF_inst/O
                         net (fo=1, routed)           1.967     3.425    clk_IBUF
    BUFGCTRL_X0Y0        BUFG (Prop_bufg_I_O)         0.096     3.521 r  clk_IBUF_BUFG_inst/O
                         net (fo=96, routed)          1.638     5.159    debounce_btn0/CLK
    SLICE_X3Y3           FDCE                                         r  debounce_btn0/r_count_reg[16]/C
  -------------------------------------------------------------------    -------------------
    SLICE_X3Y3           FDCE (Prop_fdce_C_Q)         0.419     5.578 f  debounce_btn0/r_count_reg[16]/Q
                         net (fo=2, routed)           1.059     6.638    debounce_btn0/r_count[16]
    SLICE_X3Y3           LUT4 (Prop_lut4_I0_O)        0.296     6.934 r  debounce_btn0/r_count[18]_i_4/O
                         net (fo=2, routed)           0.815     7.749    debounce_btn0/r_count[18]_i_4_n_0
    SLICE_X3Y4           LUT6 (Prop_lut6_I1_O)        0.124     7.873 r  debounce_btn0/r_count[18]_i_2/O
                         net (fo=19, routed)          1.299     9.172    debounce_btn0/r_count[18]_i_2_n_0
    SLICE_X3Y0           LUT2 (Prop_lut2_I0_O)        0.150     9.322 r  debounce_btn0/r_count[3]_i_1/O
                         net (fo=1, routed)           0.000     9.322    debounce_btn0/r_count[3]_i_1_n_0
    SLICE_X3Y0           FDCE                                         r  debounce_btn0/r_count_reg[3]/D
  -------------------------------------------------------------------    -------------------

                         (clock sys_clk_pin rise edge)
                                                     10.000    10.000 r  
    W5                                                0.000    10.000 r  clk (IN)
                         net (fo=0)                   0.000    10.000    clk
    W5                   IBUF (Prop_ibuf_I_O)         1.388    11.388 r  clk_IBUF_inst/O
                         net (fo=1, routed)           1.862    13.250    clk_IBUF
    BUFGCTRL_X0Y0        BUFG (Prop_bufg_I_O)         0.091    13.341 r  clk_IBUF_BUFG_inst/O
                         net (fo=96, routed)          1.520    14.861    debounce_btn0/CLK
    SLICE_X3Y0           FDCE                                         r  debounce_btn0/r_count_reg[3]/C
                         clock pessimism              0.274    15.135    
                         clock uncertainty           -0.035    15.100    
    SLICE_X3Y0           FDCE (Setup_fdce_C_D)        0.075    15.175    debounce_btn0/r_count_reg[3]
  -------------------------------------------------------------------
                         required time                         15.175    
                         arrival time                          -9.322    
  -------------------------------------------------------------------
                         slack                                  5.853    

Slack (MET) :             5.855ns  (required time - arrival time)
  Source:                 debounce_btn0/r_count_reg[16]/C
                            (rising edge-triggered cell FDCE clocked by sys_clk_pin  {rise@0.000ns fall@5.000ns period=10.000ns})
  Destination:            debounce_btn0/r_count_reg[4]/D
                            (rising edge-triggered cell FDCE clocked by sys_clk_pin  {rise@0.000ns fall@5.000ns period=10.000ns})
  Path Group:             sys_clk_pin
  Path Type:              Setup (Max at Slow Process Corner)
  Requirement:            10.000ns  (sys_clk_pin rise@10.000ns - sys_clk_pin rise@0.000ns)
  Data Path Delay:        4.161ns  (logic 0.989ns (23.768%)  route 3.172ns (76.232%))
  Logic Levels:           3  (LUT2=1 LUT4=1 LUT6=1)
  Clock Path Skew:        -0.024ns (DCD - SCD + CPR)
    Destination Clock Delay (DCD):    4.861ns = ( 14.861 - 10.000 ) 
    Source Clock Delay      (SCD):    5.159ns
    Clock Pessimism Removal (CPR):    0.274ns
  Clock Uncertainty:      0.035ns  ((TSJ^2 + TIJ^2)^1/2 + DJ) / 2 + PE
    Total System Jitter     (TSJ):    0.071ns
    Total Input Jitter      (TIJ):    0.000ns
    Discrete Jitter          (DJ):    0.000ns
    Phase Error              (PE):    0.000ns

    Location             Delay type                Incr(ns)  Path(ns)    Netlist Resource(s)
  -------------------------------------------------------------------    -------------------
                         (clock sys_clk_pin rise edge)
                                                      0.000     0.000 r  
    W5                                                0.000     0.000 r  clk (IN)
                         net (fo=0)                   0.000     0.000    clk
    W5                   IBUF (Prop_ibuf_I_O)         1.458     1.458 r  clk_IBUF_inst/O
                         net (fo=1, routed)           1.967     3.425    clk_IBUF
    BUFGCTRL_X0Y0        BUFG (Prop_bufg_I_O)         0.096     3.521 r  clk_IBUF_BUFG_inst/O
                         net (fo=96, routed)          1.638     5.159    debounce_btn0/CLK
    SLICE_X3Y3           FDCE                                         r  debounce_btn0/r_count_reg[16]/C
  -------------------------------------------------------------------    -------------------
    SLICE_X3Y3           FDCE (Prop_fdce_C_Q)         0.419     5.578 f  debounce_btn0/r_count_reg[16]/Q
                         net (fo=2, routed)           1.059     6.638    debounce_btn0/r_count[16]
    SLICE_X3Y3           LUT4 (Prop_lut4_I0_O)        0.296     6.934 r  debounce_btn0/r_count[18]_i_4/O
                         net (fo=2, routed)           0.815     7.749    debounce_btn0/r_count[18]_i_4_n_0
    SLICE_X3Y4           LUT6 (Prop_lut6_I1_O)        0.124     7.873 r  debounce_btn0/r_count[18]_i_2/O
                         net (fo=19, routed)          1.297     9.170    debounce_btn0/r_count[18]_i_2_n_0
    SLICE_X3Y0           LUT2 (Prop_lut2_I0_O)        0.150     9.320 r  debounce_btn0/r_count[4]_i_1/O
                         net (fo=1, routed)           0.000     9.320    debounce_btn0/r_count[4]_i_1_n_0
    SLICE_X3Y0           FDCE                                         r  debounce_btn0/r_count_reg[4]/D
  -------------------------------------------------------------------    -------------------

                         (clock sys_clk_pin rise edge)
                                                     10.000    10.000 r  
    W5                                                0.000    10.000 r  clk (IN)
                         net (fo=0)                   0.000    10.000    clk
    W5                   IBUF (Prop_ibuf_I_O)         1.388    11.388 r  clk_IBUF_inst/O
                         net (fo=1, routed)           1.862    13.250    clk_IBUF
    BUFGCTRL_X0Y0        BUFG (Prop_bufg_I_O)         0.091    13.341 r  clk_IBUF_BUFG_inst/O
                         net (fo=96, routed)          1.520    14.861    debounce_btn0/CLK
    SLICE_X3Y0           FDCE                                         r  debounce_btn0/r_count_reg[4]/C
                         clock pessimism              0.274    15.135    
                         clock uncertainty           -0.035    15.100    
    SLICE_X3Y0           FDCE (Setup_fdce_C_D)        0.075    15.175    debounce_btn0/r_count_reg[4]
  -------------------------------------------------------------------
                         required time                         15.175    
                         arrival time                          -9.320    
  -------------------------------------------------------------------
                         slack                                  5.855    

Slack (MET) :             5.930ns  (required time - arrival time)
  Source:                 debounce_btn0/r_count_reg[16]/C
                            (rising edge-triggered cell FDCE clocked by sys_clk_pin  {rise@0.000ns fall@5.000ns period=10.000ns})
  Destination:            debounce_btn0/r_count_reg[11]/D
                            (rising edge-triggered cell FDCE clocked by sys_clk_pin  {rise@0.000ns fall@5.000ns period=10.000ns})
  Path Group:             sys_clk_pin
  Path Type:              Setup (Max at Slow Process Corner)
  Requirement:            10.000ns  (sys_clk_pin rise@10.000ns - sys_clk_pin rise@0.000ns)
  Data Path Delay:        4.042ns  (logic 0.963ns (23.825%)  route 3.079ns (76.175%))
  Logic Levels:           3  (LUT2=1 LUT4=1 LUT6=1)
  Clock Path Skew:        -0.024ns (DCD - SCD + CPR)
    Destination Clock Delay (DCD):    4.861ns = ( 14.861 - 10.000 ) 
    Source Clock Delay      (SCD):    5.159ns
    Clock Pessimism Removal (CPR):    0.274ns
  Clock Uncertainty:      0.035ns  ((TSJ^2 + TIJ^2)^1/2 + DJ) / 2 + PE
    Total System Jitter     (TSJ):    0.071ns
    Total Input Jitter      (TIJ):    0.000ns
    Discrete Jitter          (DJ):    0.000ns
    Phase Error              (PE):    0.000ns

    Location             Delay type                Incr(ns)  Path(ns)    Netlist Resource(s)
  -------------------------------------------------------------------    -------------------
                         (clock sys_clk_pin rise edge)
                                                      0.000     0.000 r  
    W5                                                0.000     0.000 r  clk (IN)
                         net (fo=0)                   0.000     0.000    clk
    W5                   IBUF (Prop_ibuf_I_O)         1.458     1.458 r  clk_IBUF_inst/O
                         net (fo=1, routed)           1.967     3.425    clk_IBUF
    BUFGCTRL_X0Y0        BUFG (Prop_bufg_I_O)         0.096     3.521 r  clk_IBUF_BUFG_inst/O
                         net (fo=96, routed)          1.638     5.159    debounce_btn0/CLK
    SLICE_X3Y3           FDCE                                         r  debounce_btn0/r_count_reg[16]/C
  -------------------------------------------------------------------    -------------------
    SLICE_X3Y3           FDCE (Prop_fdce_C_Q)         0.419     5.578 f  debounce_btn0/r_count_reg[16]/Q
                         net (fo=2, routed)           1.059     6.638    debounce_btn0/r_count[16]
    SLICE_X3Y3           LUT4 (Prop_lut4_I0_O)        0.296     6.934 r  debounce_btn0/r_count[18]_i_4/O
                         net (fo=2, routed)           0.815     7.749    debounce_btn0/r_count[18]_i_4_n_0
    SLICE_X3Y4           LUT6 (Prop_lut6_I1_O)        0.124     7.873 r  debounce_btn0/r_count[18]_i_2/O
                         net (fo=19, routed)          1.204     9.077    debounce_btn0/r_count[18]_i_2_n_0
    SLICE_X3Y2           LUT2 (Prop_lut2_I0_O)        0.124     9.201 r  debounce_btn0/r_count[11]_i_1/O
                         net (fo=1, routed)           0.000     9.201    debounce_btn0/r_count[11]_i_1_n_0
    SLICE_X3Y2           FDCE                                         r  debounce_btn0/r_count_reg[11]/D
  -------------------------------------------------------------------    -------------------

                         (clock sys_clk_pin rise edge)
                                                     10.000    10.000 r  
    W5                                                0.000    10.000 r  clk (IN)
                         net (fo=0)                   0.000    10.000    clk
    W5                   IBUF (Prop_ibuf_I_O)         1.388    11.388 r  clk_IBUF_inst/O
                         net (fo=1, routed)           1.862    13.250    clk_IBUF
    BUFGCTRL_X0Y0        BUFG (Prop_bufg_I_O)         0.091    13.341 r  clk_IBUF_BUFG_inst/O
                         net (fo=96, routed)          1.520    14.861    debounce_btn0/CLK
    SLICE_X3Y2           FDCE                                         r  debounce_btn0/r_count_reg[11]/C
                         clock pessimism              0.274    15.135    
                         clock uncertainty           -0.035    15.100    
    SLICE_X3Y2           FDCE (Setup_fdce_C_D)        0.031    15.131    debounce_btn0/r_count_reg[11]
  -------------------------------------------------------------------
                         required time                         15.131    
                         arrival time                          -9.201    
  -------------------------------------------------------------------
                         slack                                  5.930    

Slack (MET) :             5.946ns  (required time - arrival time)
  Source:                 debounce_btn0/r_count_reg[16]/C
                            (rising edge-triggered cell FDCE clocked by sys_clk_pin  {rise@0.000ns fall@5.000ns period=10.000ns})
  Destination:            debounce_btn0/r_count_reg[9]/D
                            (rising edge-triggered cell FDCE clocked by sys_clk_pin  {rise@0.000ns fall@5.000ns period=10.000ns})
  Path Group:             sys_clk_pin
  Path Type:              Setup (Max at Slow Process Corner)
  Requirement:            10.000ns  (sys_clk_pin rise@10.000ns - sys_clk_pin rise@0.000ns)
  Data Path Delay:        4.070ns  (logic 0.991ns (24.349%)  route 3.079ns (75.651%))
  Logic Levels:           3  (LUT2=1 LUT4=1 LUT6=1)
  Clock Path Skew:        -0.024ns (DCD - SCD + CPR)
    Destination Clock Delay (DCD):    4.861ns = ( 14.861 - 10.000 ) 
    Source Clock Delay      (SCD):    5.159ns
    Clock Pessimism Removal (CPR):    0.274ns
  Clock Uncertainty:      0.035ns  ((TSJ^2 + TIJ^2)^1/2 + DJ) / 2 + PE
    Total System Jitter     (TSJ):    0.071ns
    Total Input Jitter      (TIJ):    0.000ns
    Discrete Jitter          (DJ):    0.000ns
    Phase Error              (PE):    0.000ns

    Location             Delay type                Incr(ns)  Path(ns)    Netlist Resource(s)
  -------------------------------------------------------------------    -------------------
                         (clock sys_clk_pin rise edge)
                                                      0.000     0.000 r  
    W5                                                0.000     0.000 r  clk (IN)
                         net (fo=0)                   0.000     0.000    clk
    W5                   IBUF (Prop_ibuf_I_O)         1.458     1.458 r  clk_IBUF_inst/O
                         net (fo=1, routed)           1.967     3.425    clk_IBUF
    BUFGCTRL_X0Y0        BUFG (Prop_bufg_I_O)         0.096     3.521 r  clk_IBUF_BUFG_inst/O
                         net (fo=96, routed)          1.638     5.159    debounce_btn0/CLK
    SLICE_X3Y3           FDCE                                         r  debounce_btn0/r_count_reg[16]/C
  -------------------------------------------------------------------    -------------------
    SLICE_X3Y3           FDCE (Prop_fdce_C_Q)         0.419     5.578 f  debounce_btn0/r_count_reg[16]/Q
                         net (fo=2, routed)           1.059     6.638    debounce_btn0/r_count[16]
    SLICE_X3Y3           LUT4 (Prop_lut4_I0_O)        0.296     6.934 r  debounce_btn0/r_count[18]_i_4/O
                         net (fo=2, routed)           0.815     7.749    debounce_btn0/r_count[18]_i_4_n_0
    SLICE_X3Y4           LUT6 (Prop_lut6_I1_O)        0.124     7.873 r  debounce_btn0/r_count[18]_i_2/O
                         net (fo=19, routed)          1.204     9.077    debounce_btn0/r_count[18]_i_2_n_0
    SLICE_X3Y2           LUT2 (Prop_lut2_I0_O)        0.152     9.229 r  debounce_btn0/r_count[9]_i_1/O
                         net (fo=1, routed)           0.000     9.229    debounce_btn0/r_count[9]_i_1_n_0
    SLICE_X3Y2           FDCE                                         r  debounce_btn0/r_count_reg[9]/D
  -------------------------------------------------------------------    -------------------

                         (clock sys_clk_pin rise edge)
                                                     10.000    10.000 r  
    W5                                                0.000    10.000 r  clk (IN)
                         net (fo=0)                   0.000    10.000    clk
    W5                   IBUF (Prop_ibuf_I_O)         1.388    11.388 r  clk_IBUF_inst/O
                         net (fo=1, routed)           1.862    13.250    clk_IBUF
    BUFGCTRL_X0Y0        BUFG (Prop_bufg_I_O)         0.091    13.341 r  clk_IBUF_BUFG_inst/O
                         net (fo=96, routed)          1.520    14.861    debounce_btn0/CLK
    SLICE_X3Y2           FDCE                                         r  debounce_btn0/r_count_reg[9]/C
                         clock pessimism              0.274    15.135    
                         clock uncertainty           -0.035    15.100    
    SLICE_X3Y2           FDCE (Setup_fdce_C_D)        0.075    15.175    debounce_btn0/r_count_reg[9]
  -------------------------------------------------------------------
                         required time                         15.175    
                         arrival time                          -9.229    
  -------------------------------------------------------------------
                         slack                                  5.946    

Slack (MET) :             5.991ns  (required time - arrival time)
  Source:                 debounce_btn0/r_count_reg[16]/C
                            (rising edge-triggered cell FDCE clocked by sys_clk_pin  {rise@0.000ns fall@5.000ns period=10.000ns})
  Destination:            debounce_btn0/r_count_reg[5]/D
                            (rising edge-triggered cell FDCE clocked by sys_clk_pin  {rise@0.000ns fall@5.000ns period=10.000ns})
  Path Group:             sys_clk_pin
  Path Type:              Setup (Max at Slow Process Corner)
  Requirement:            10.000ns  (sys_clk_pin rise@10.000ns - sys_clk_pin rise@0.000ns)
  Data Path Delay:        3.979ns  (logic 0.963ns (24.202%)  route 3.016ns (75.798%))
  Logic Levels:           3  (LUT2=1 LUT4=1 LUT6=1)
  Clock Path Skew:        -0.024ns (DCD - SCD + CPR)
    Destination Clock Delay (DCD):    4.861ns = ( 14.861 - 10.000 ) 
    Source Clock Delay      (SCD):    5.159ns
    Clock Pessimism Removal (CPR):    0.274ns
  Clock Uncertainty:      0.035ns  ((TSJ^2 + TIJ^2)^1/2 + DJ) / 2 + PE
    Total System Jitter     (TSJ):    0.071ns
    Total Input Jitter      (TIJ):    0.000ns
    Discrete Jitter          (DJ):    0.000ns
    Phase Error              (PE):    0.000ns

    Location             Delay type                Incr(ns)  Path(ns)    Netlist Resource(s)
  -------------------------------------------------------------------    -------------------
                         (clock sys_clk_pin rise edge)
                                                      0.000     0.000 r  
    W5                                                0.000     0.000 r  clk (IN)
                         net (fo=0)                   0.000     0.000    clk
    W5                   IBUF (Prop_ibuf_I_O)         1.458     1.458 r  clk_IBUF_inst/O
                         net (fo=1, routed)           1.967     3.425    clk_IBUF
    BUFGCTRL_X0Y0        BUFG (Prop_bufg_I_O)         0.096     3.521 r  clk_IBUF_BUFG_inst/O
                         net (fo=96, routed)          1.638     5.159    debounce_btn0/CLK
    SLICE_X3Y3           FDCE                                         r  debounce_btn0/r_count_reg[16]/C
  -------------------------------------------------------------------    -------------------
    SLICE_X3Y3           FDCE (Prop_fdce_C_Q)         0.419     5.578 f  debounce_btn0/r_count_reg[16]/Q
                         net (fo=2, routed)           1.059     6.638    debounce_btn0/r_count[16]
    SLICE_X3Y3           LUT4 (Prop_lut4_I0_O)        0.296     6.934 r  debounce_btn0/r_count[18]_i_4/O
                         net (fo=2, routed)           0.815     7.749    debounce_btn0/r_count[18]_i_4_n_0
    SLICE_X3Y4           LUT6 (Prop_lut6_I1_O)        0.124     7.873 r  debounce_btn0/r_count[18]_i_2/O
                         net (fo=19, routed)          1.141     9.014    debounce_btn0/r_count[18]_i_2_n_0
    SLICE_X3Y1           LUT2 (Prop_lut2_I0_O)        0.124     9.138 r  debounce_btn0/r_count[5]_i_1/O
                         net (fo=1, routed)           0.000     9.138    debounce_btn0/r_count[5]_i_1_n_0
    SLICE_X3Y1           FDCE                                         r  debounce_btn0/r_count_reg[5]/D
  -------------------------------------------------------------------    -------------------

                         (clock sys_clk_pin rise edge)
                                                     10.000    10.000 r  
    W5                                                0.000    10.000 r  clk (IN)
                         net (fo=0)                   0.000    10.000    clk
    W5                   IBUF (Prop_ibuf_I_O)         1.388    11.388 r  clk_IBUF_inst/O
                         net (fo=1, routed)           1.862    13.250    clk_IBUF
    BUFGCTRL_X0Y0        BUFG (Prop_bufg_I_O)         0.091    13.341 r  clk_IBUF_BUFG_inst/O
                         net (fo=96, routed)          1.520    14.861    debounce_btn0/CLK
    SLICE_X3Y1           FDCE                                         r  debounce_btn0/r_count_reg[5]/C
                         clock pessimism              0.274    15.135    
                         clock uncertainty           -0.035    15.100    
    SLICE_X3Y1           FDCE (Setup_fdce_C_D)        0.029    15.129    debounce_btn0/r_count_reg[5]
  -------------------------------------------------------------------
                         required time                         15.129    
                         arrival time                          -9.138    
  -------------------------------------------------------------------
                         slack                                  5.991    

Slack (MET) :             5.995ns  (required time - arrival time)
  Source:                 debounce_btn0/r_count_reg[16]/C
                            (rising edge-triggered cell FDCE clocked by sys_clk_pin  {rise@0.000ns fall@5.000ns period=10.000ns})
  Destination:            debounce_btn0/r_count_reg[6]/D
                            (rising edge-triggered cell FDCE clocked by sys_clk_pin  {rise@0.000ns fall@5.000ns period=10.000ns})
  Path Group:             sys_clk_pin
  Path Type:              Setup (Max at Slow Process Corner)
  Requirement:            10.000ns  (sys_clk_pin rise@10.000ns - sys_clk_pin rise@0.000ns)
  Data Path Delay:        3.977ns  (logic 0.963ns (24.214%)  route 3.014ns (75.786%))
  Logic Levels:           3  (LUT2=1 LUT4=1 LUT6=1)
  Clock Path Skew:        -0.024ns (DCD - SCD + CPR)
    Destination Clock Delay (DCD):    4.861ns = ( 14.861 - 10.000 ) 
    Source Clock Delay      (SCD):    5.159ns
    Clock Pessimism Removal (CPR):    0.274ns
  Clock Uncertainty:      0.035ns  ((TSJ^2 + TIJ^2)^1/2 + DJ) / 2 + PE
    Total System Jitter     (TSJ):    0.071ns
    Total Input Jitter      (TIJ):    0.000ns
    Discrete Jitter          (DJ):    0.000ns
    Phase Error              (PE):    0.000ns

    Location             Delay type                Incr(ns)  Path(ns)    Netlist Resource(s)
  -------------------------------------------------------------------    -------------------
                         (clock sys_clk_pin rise edge)
                                                      0.000     0.000 r  
    W5                                                0.000     0.000 r  clk (IN)
                         net (fo=0)                   0.000     0.000    clk
    W5                   IBUF (Prop_ibuf_I_O)         1.458     1.458 r  clk_IBUF_inst/O
                         net (fo=1, routed)           1.967     3.425    clk_IBUF
    BUFGCTRL_X0Y0        BUFG (Prop_bufg_I_O)         0.096     3.521 r  clk_IBUF_BUFG_inst/O
                         net (fo=96, routed)          1.638     5.159    debounce_btn0/CLK
    SLICE_X3Y3           FDCE                                         r  debounce_btn0/r_count_reg[16]/C
  -------------------------------------------------------------------    -------------------
    SLICE_X3Y3           FDCE (Prop_fdce_C_Q)         0.419     5.578 f  debounce_btn0/r_count_reg[16]/Q
                         net (fo=2, routed)           1.059     6.638    debounce_btn0/r_count[16]
    SLICE_X3Y3           LUT4 (Prop_lut4_I0_O)        0.296     6.934 r  debounce_btn0/r_count[18]_i_4/O
                         net (fo=2, routed)           0.815     7.749    debounce_btn0/r_count[18]_i_4_n_0
    SLICE_X3Y4           LUT6 (Prop_lut6_I1_O)        0.124     7.873 r  debounce_btn0/r_count[18]_i_2/O
                         net (fo=19, routed)          1.139     9.012    debounce_btn0/r_count[18]_i_2_n_0
    SLICE_X3Y1           LUT2 (Prop_lut2_I0_O)        0.124     9.136 r  debounce_btn0/r_count[6]_i_1/O
                         net (fo=1, routed)           0.000     9.136    debounce_btn0/r_count[6]_i_1_n_0
    SLICE_X3Y1           FDCE                                         r  debounce_btn0/r_count_reg[6]/D
  -------------------------------------------------------------------    -------------------

                         (clock sys_clk_pin rise edge)
                                                     10.000    10.000 r  
    W5                                                0.000    10.000 r  clk (IN)
                         net (fo=0)                   0.000    10.000    clk
    W5                   IBUF (Prop_ibuf_I_O)         1.388    11.388 r  clk_IBUF_inst/O
                         net (fo=1, routed)           1.862    13.250    clk_IBUF
    BUFGCTRL_X0Y0        BUFG (Prop_bufg_I_O)         0.091    13.341 r  clk_IBUF_BUFG_inst/O
                         net (fo=96, routed)          1.520    14.861    debounce_btn0/CLK
    SLICE_X3Y1           FDCE                                         r  debounce_btn0/r_count_reg[6]/C
                         clock pessimism              0.274    15.135    
                         clock uncertainty           -0.035    15.100    
    SLICE_X3Y1           FDCE (Setup_fdce_C_D)        0.031    15.131    debounce_btn0/r_count_reg[6]
  -------------------------------------------------------------------
                         required time                         15.131    
                         arrival time                          -9.136    
  -------------------------------------------------------------------
                         slack                                  5.995    

Slack (MET) :             6.011ns  (required time - arrival time)
  Source:                 debounce_btn0/r_count_reg[16]/C
                            (rising edge-triggered cell FDCE clocked by sys_clk_pin  {rise@0.000ns fall@5.000ns period=10.000ns})
  Destination:            debounce_btn0/r_count_reg[7]/D
                            (rising edge-triggered cell FDCE clocked by sys_clk_pin  {rise@0.000ns fall@5.000ns period=10.000ns})
  Path Group:             sys_clk_pin
  Path Type:              Setup (Max at Slow Process Corner)
  Requirement:            10.000ns  (sys_clk_pin rise@10.000ns - sys_clk_pin rise@0.000ns)
  Data Path Delay:        4.005ns  (logic 0.989ns (24.694%)  route 3.016ns (75.306%))
  Logic Levels:           3  (LUT2=1 LUT4=1 LUT6=1)
  Clock Path Skew:        -0.024ns (DCD - SCD + CPR)
    Destination Clock Delay (DCD):    4.861ns = ( 14.861 - 10.000 ) 
    Source Clock Delay      (SCD):    5.159ns
    Clock Pessimism Removal (CPR):    0.274ns
  Clock Uncertainty:      0.035ns  ((TSJ^2 + TIJ^2)^1/2 + DJ) / 2 + PE
    Total System Jitter     (TSJ):    0.071ns
    Total Input Jitter      (TIJ):    0.000ns
    Discrete Jitter          (DJ):    0.000ns
    Phase Error              (PE):    0.000ns

    Location             Delay type                Incr(ns)  Path(ns)    Netlist Resource(s)
  -------------------------------------------------------------------    -------------------
                         (clock sys_clk_pin rise edge)
                                                      0.000     0.000 r  
    W5                                                0.000     0.000 r  clk (IN)
                         net (fo=0)                   0.000     0.000    clk
    W5                   IBUF (Prop_ibuf_I_O)         1.458     1.458 r  clk_IBUF_inst/O
                         net (fo=1, routed)           1.967     3.425    clk_IBUF
    BUFGCTRL_X0Y0        BUFG (Prop_bufg_I_O)         0.096     3.521 r  clk_IBUF_BUFG_inst/O
                         net (fo=96, routed)          1.638     5.159    debounce_btn0/CLK
    SLICE_X3Y3           FDCE                                         r  debounce_btn0/r_count_reg[16]/C
  -------------------------------------------------------------------    -------------------
    SLICE_X3Y3           FDCE (Prop_fdce_C_Q)         0.419     5.578 f  debounce_btn0/r_count_reg[16]/Q
                         net (fo=2, routed)           1.059     6.638    debounce_btn0/r_count[16]
    SLICE_X3Y3           LUT4 (Prop_lut4_I0_O)        0.296     6.934 r  debounce_btn0/r_count[18]_i_4/O
                         net (fo=2, routed)           0.815     7.749    debounce_btn0/r_count[18]_i_4_n_0
    SLICE_X3Y4           LUT6 (Prop_lut6_I1_O)        0.124     7.873 r  debounce_btn0/r_count[18]_i_2/O
                         net (fo=19, routed)          1.141     9.014    debounce_btn0/r_count[18]_i_2_n_0
    SLICE_X3Y1           LUT2 (Prop_lut2_I0_O)        0.150     9.164 r  debounce_btn0/r_count[7]_i_1/O
                         net (fo=1, routed)           0.000     9.164    debounce_btn0/r_count[7]_i_1_n_0
    SLICE_X3Y1           FDCE                                         r  debounce_btn0/r_count_reg[7]/D
  -------------------------------------------------------------------    -------------------

                         (clock sys_clk_pin rise edge)
                                                     10.000    10.000 r  
    W5                                                0.000    10.000 r  clk (IN)
                         net (fo=0)                   0.000    10.000    clk
    W5                   IBUF (Prop_ibuf_I_O)         1.388    11.388 r  clk_IBUF_inst/O
                         net (fo=1, routed)           1.862    13.250    clk_IBUF
    BUFGCTRL_X0Y0        BUFG (Prop_bufg_I_O)         0.091    13.341 r  clk_IBUF_BUFG_inst/O
                         net (fo=96, routed)          1.520    14.861    debounce_btn0/CLK
    SLICE_X3Y1           FDCE                                         r  debounce_btn0/r_count_reg[7]/C
                         clock pessimism              0.274    15.135    
                         clock uncertainty           -0.035    15.100    
    SLICE_X3Y1           FDCE (Setup_fdce_C_D)        0.075    15.175    debounce_btn0/r_count_reg[7]
  -------------------------------------------------------------------
                         required time                         15.175    
                         arrival time                          -9.164    
  -------------------------------------------------------------------
                         slack                                  6.011    

Slack (MET) :             6.013ns  (required time - arrival time)
  Source:                 debounce_btn0/r_count_reg[16]/C
                            (rising edge-triggered cell FDCE clocked by sys_clk_pin  {rise@0.000ns fall@5.000ns period=10.000ns})
  Destination:            debounce_btn0/r_count_reg[8]/D
                            (rising edge-triggered cell FDCE clocked by sys_clk_pin  {rise@0.000ns fall@5.000ns period=10.000ns})
  Path Group:             sys_clk_pin
  Path Type:              Setup (Max at Slow Process Corner)
  Requirement:            10.000ns  (sys_clk_pin rise@10.000ns - sys_clk_pin rise@0.000ns)
  Data Path Delay:        4.003ns  (logic 0.989ns (24.706%)  route 3.014ns (75.294%))
  Logic Levels:           3  (LUT2=1 LUT4=1 LUT6=1)
  Clock Path Skew:        -0.024ns (DCD - SCD + CPR)
    Destination Clock Delay (DCD):    4.861ns = ( 14.861 - 10.000 ) 
    Source Clock Delay      (SCD):    5.159ns
    Clock Pessimism Removal (CPR):    0.274ns
  Clock Uncertainty:      0.035ns  ((TSJ^2 + TIJ^2)^1/2 + DJ) / 2 + PE
    Total System Jitter     (TSJ):    0.071ns
    Total Input Jitter      (TIJ):    0.000ns
    Discrete Jitter          (DJ):    0.000ns
    Phase Error              (PE):    0.000ns

    Location             Delay type                Incr(ns)  Path(ns)    Netlist Resource(s)
  -------------------------------------------------------------------    -------------------
                         (clock sys_clk_pin rise edge)
                                                      0.000     0.000 r  
    W5                                                0.000     0.000 r  clk (IN)
                         net (fo=0)                   0.000     0.000    clk
    W5                   IBUF (Prop_ibuf_I_O)         1.458     1.458 r  clk_IBUF_inst/O
                         net (fo=1, routed)           1.967     3.425    clk_IBUF
    BUFGCTRL_X0Y0        BUFG (Prop_bufg_I_O)         0.096     3.521 r  clk_IBUF_BUFG_inst/O
                         net (fo=96, routed)          1.638     5.159    debounce_btn0/CLK
    SLICE_X3Y3           FDCE                                         r  debounce_btn0/r_count_reg[16]/C
  -------------------------------------------------------------------    -------------------
    SLICE_X3Y3           FDCE (Prop_fdce_C_Q)         0.419     5.578 f  debounce_btn0/r_count_reg[16]/Q
                         net (fo=2, routed)           1.059     6.638    debounce_btn0/r_count[16]
    SLICE_X3Y3           LUT4 (Prop_lut4_I0_O)        0.296     6.934 r  debounce_btn0/r_count[18]_i_4/O
                         net (fo=2, routed)           0.815     7.749    debounce_btn0/r_count[18]_i_4_n_0
    SLICE_X3Y4           LUT6 (Prop_lut6_I1_O)        0.124     7.873 r  debounce_btn0/r_count[18]_i_2/O
                         net (fo=19, routed)          1.139     9.012    debounce_btn0/r_count[18]_i_2_n_0
    SLICE_X3Y1           LUT2 (Prop_lut2_I0_O)        0.150     9.162 r  debounce_btn0/r_count[8]_i_1/O
                         net (fo=1, routed)           0.000     9.162    debounce_btn0/r_count[8]_i_1_n_0
    SLICE_X3Y1           FDCE                                         r  debounce_btn0/r_count_reg[8]/D
  -------------------------------------------------------------------    -------------------

                         (clock sys_clk_pin rise edge)
                                                     10.000    10.000 r  
    W5                                                0.000    10.000 r  clk (IN)
                         net (fo=0)                   0.000    10.000    clk
    W5                   IBUF (Prop_ibuf_I_O)         1.388    11.388 r  clk_IBUF_inst/O
                         net (fo=1, routed)           1.862    13.250    clk_IBUF
    BUFGCTRL_X0Y0        BUFG (Prop_bufg_I_O)         0.091    13.341 r  clk_IBUF_BUFG_inst/O
                         net (fo=96, routed)          1.520    14.861    debounce_btn0/CLK
    SLICE_X3Y1           FDCE                                         r  debounce_btn0/r_count_reg[8]/C
                         clock pessimism              0.274    15.135    
                         clock uncertainty           -0.035    15.100    
    SLICE_X3Y1           FDCE (Setup_fdce_C_D)        0.075    15.175    debounce_btn0/r_count_reg[8]
  -------------------------------------------------------------------
                         required time                         15.175    
                         arrival time                          -9.162    
  -------------------------------------------------------------------
                         slack                                  6.013    





Min Delay Paths
--------------------------------------------------------------------------------------
Slack (MET) :             0.236ns  (arrival time - required time)
  Source:                 debounce_btn1/r_output_reg/C
                            (rising edge-triggered cell FDCE clocked by sys_clk_pin  {rise@0.000ns fall@5.000ns period=10.000ns})
  Destination:            r_led_state_reg[1]/D
                            (rising edge-triggered cell FDCE clocked by sys_clk_pin  {rise@0.000ns fall@5.000ns period=10.000ns})
  Path Group:             sys_clk_pin
  Path Type:              Hold (Min at Fast Process Corner)
  Requirement:            0.000ns  (sys_clk_pin rise@0.000ns - sys_clk_pin rise@0.000ns)
  Data Path Delay:        0.343ns  (logic 0.186ns (54.305%)  route 0.157ns (45.695%))
  Logic Levels:           1  (LUT2=1)
  Clock Path Skew:        0.016ns (DCD - SCD - CPR)
    Destination Clock Delay (DCD):    1.992ns
    Source Clock Delay      (SCD):    1.477ns
    Clock Pessimism Removal (CPR):    0.499ns

    Location             Delay type                Incr(ns)  Path(ns)    Netlist Resource(s)
  -------------------------------------------------------------------    -------------------
                         (clock sys_clk_pin rise edge)
                                                      0.000     0.000 r  
    W5                                                0.000     0.000 r  clk (IN)
                         net (fo=0)                   0.000     0.000    clk
    W5                   IBUF (Prop_ibuf_I_O)         0.226     0.226 r  clk_IBUF_inst/O
                         net (fo=1, routed)           0.631     0.858    clk_IBUF
    BUFGCTRL_X0Y0        BUFG (Prop_bufg_I_O)         0.026     0.884 r  clk_IBUF_BUFG_inst/O
                         net (fo=96, routed)          0.594     1.477    debounce_btn1/CLK
    SLICE_X0Y41          FDCE                                         r  debounce_btn1/r_output_reg/C
  -------------------------------------------------------------------    -------------------
    SLICE_X0Y41          FDCE (Prop_fdce_C_Q)         0.141     1.618 r  debounce_btn1/r_output_reg/Q
                         net (fo=1, routed)           0.157     1.775    debounce_btn1/r_output_reg_n_0
    SLICE_X0Y42          LUT2 (Prop_lut2_I0_O)        0.045     1.820 r  debounce_btn1/r_led_state[1]_i_1/O
                         net (fo=1, routed)           0.000     1.820    debounce_btn1_n_0
    SLICE_X0Y42          FDCE                                         r  r_led_state_reg[1]/D
  -------------------------------------------------------------------    -------------------

                         (clock sys_clk_pin rise edge)
                                                      0.000     0.000 r  
    W5                                                0.000     0.000 r  clk (IN)
                         net (fo=0)                   0.000     0.000    clk
    W5                   IBUF (Prop_ibuf_I_O)         0.414     0.414 r  clk_IBUF_inst/O
                         net (fo=1, routed)           0.685     1.099    clk_IBUF
    BUFGCTRL_X0Y0        BUFG (Prop_bufg_I_O)         0.029     1.128 r  clk_IBUF_BUFG_inst/O
                         net (fo=96, routed)          0.865     1.992    clk_IBUF_BUFG
    SLICE_X0Y42          FDCE                                         r  r_led_state_reg[1]/C
                         clock pessimism             -0.499     1.493    
    SLICE_X0Y42          FDCE (Hold_fdce_C_D)         0.091     1.584    r_led_state_reg[1]
  -------------------------------------------------------------------
                         required time                         -1.584    
                         arrival time                           1.820    
  -------------------------------------------------------------------
                         slack                                  0.236    

Slack (MET) :             0.243ns  (arrival time - required time)
  Source:                 debounce_btn2/r_output_reg/C
                            (rising edge-triggered cell FDCE clocked by sys_clk_pin  {rise@0.000ns fall@5.000ns period=10.000ns})
  Destination:            r_led_state_reg[2]/D
                            (rising edge-triggered cell FDCE clocked by sys_clk_pin  {rise@0.000ns fall@5.000ns period=10.000ns})
  Path Group:             sys_clk_pin
  Path Type:              Hold (Min at Fast Process Corner)
  Requirement:            0.000ns  (sys_clk_pin rise@0.000ns - sys_clk_pin rise@0.000ns)
  Data Path Delay:        0.351ns  (logic 0.186ns (52.949%)  route 0.165ns (47.051%))
  Logic Levels:           1  (LUT2=1)
  Clock Path Skew:        0.016ns (DCD - SCD - CPR)
    Destination Clock Delay (DCD):    1.983ns
    Source Clock Delay      (SCD):    1.468ns
    Clock Pessimism Removal (CPR):    0.499ns

    Location             Delay type                Incr(ns)  Path(ns)    Netlist Resource(s)
  -------------------------------------------------------------------    -------------------
                         (clock sys_clk_pin rise edge)
                                                      0.000     0.000 r  
    W5                                                0.000     0.000 r  clk (IN)
                         net (fo=0)                   0.000     0.000    clk
    W5                   IBUF (Prop_ibuf_I_O)         0.226     0.226 r  clk_IBUF_inst/O
                         net (fo=1, routed)           0.631     0.858    clk_IBUF
    BUFGCTRL_X0Y0        BUFG (Prop_bufg_I_O)         0.026     0.884 r  clk_IBUF_BUFG_inst/O
                         net (fo=96, routed)          0.585     1.468    debounce_btn2/CLK
    SLICE_X1Y22          FDCE                                         r  debounce_btn2/r_output_reg/C
  -------------------------------------------------------------------    -------------------
    SLICE_X1Y22          FDCE (Prop_fdce_C_Q)         0.141     1.609 r  debounce_btn2/r_output_reg/Q
                         net (fo=1, routed)           0.165     1.774    debounce_btn2/r_output_reg_n_0
    SLICE_X1Y19          LUT2 (Prop_lut2_I0_O)        0.045     1.819 r  debounce_btn2/r_led_state[2]_i_1/O
                         net (fo=1, routed)           0.000     1.819    debounce_btn2_n_0
    SLICE_X1Y19          FDCE                                         r  r_led_state_reg[2]/D
  -------------------------------------------------------------------    -------------------

                         (clock sys_clk_pin rise edge)
                                                      0.000     0.000 r  
    W5                                                0.000     0.000 r  clk (IN)
                         net (fo=0)                   0.000     0.000    clk
    W5                   IBUF (Prop_ibuf_I_O)         0.414     0.414 r  clk_IBUF_inst/O
                         net (fo=1, routed)           0.685     1.099    clk_IBUF
    BUFGCTRL_X0Y0        BUFG (Prop_bufg_I_O)         0.029     1.128 r  clk_IBUF_BUFG_inst/O
                         net (fo=96, routed)          0.856     1.983    clk_IBUF_BUFG
    SLICE_X1Y19          FDCE                                         r  r_led_state_reg[2]/C
                         clock pessimism             -0.499     1.484    
    SLICE_X1Y19          FDCE (Hold_fdce_C_D)         0.092     1.576    r_led_state_reg[2]
  -------------------------------------------------------------------
                         required time                         -1.576    
                         arrival time                           1.819    
  -------------------------------------------------------------------
                         slack                                  0.243    

Slack (MET) :             0.249ns  (arrival time - required time)
  Source:                 btn0_sync1_reg/C
                            (rising edge-triggered cell FDRE clocked by sys_clk_pin  {rise@0.000ns fall@5.000ns period=10.000ns})
  Destination:            btn0_sync2_reg/D
                            (rising edge-triggered cell FDRE clocked by sys_clk_pin  {rise@0.000ns fall@5.000ns period=10.000ns})
  Path Group:             sys_clk_pin
  Path Type:              Hold (Min at Fast Process Corner)
  Requirement:            0.000ns  (sys_clk_pin rise@0.000ns - sys_clk_pin rise@0.000ns)
  Data Path Delay:        0.315ns  (logic 0.141ns (44.783%)  route 0.174ns (55.217%))
  Logic Levels:           0  
  Clock Path Skew:        0.000ns (DCD - SCD - CPR)
    Destination Clock Delay (DCD):    1.993ns
    Source Clock Delay      (SCD):    1.478ns
    Clock Pessimism Removal (CPR):    0.515ns

    Location             Delay type                Incr(ns)  Path(ns)    Netlist Resource(s)
  -------------------------------------------------------------------    -------------------
                         (clock sys_clk_pin rise edge)
                                                      0.000     0.000 r  
    W5                                                0.000     0.000 r  clk (IN)
                         net (fo=0)                   0.000     0.000    clk
    W5                   IBUF (Prop_ibuf_I_O)         0.226     0.226 r  clk_IBUF_inst/O
                         net (fo=1, routed)           0.631     0.858    clk_IBUF
    BUFGCTRL_X0Y0        BUFG (Prop_bufg_I_O)         0.026     0.884 r  clk_IBUF_BUFG_inst/O
                         net (fo=96, routed)          0.595     1.478    clk_IBUF_BUFG
    SLICE_X0Y6           FDRE                                         r  btn0_sync1_reg/C
  -------------------------------------------------------------------    -------------------
    SLICE_X0Y6           FDRE (Prop_fdre_C_Q)         0.141     1.619 r  btn0_sync1_reg/Q
                         net (fo=1, routed)           0.174     1.793    btn0_sync1
    SLICE_X0Y6           FDRE                                         r  btn0_sync2_reg/D
  -------------------------------------------------------------------    -------------------

                         (clock sys_clk_pin rise edge)
                                                      0.000     0.000 r  
    W5                                                0.000     0.000 r  clk (IN)
                         net (fo=0)                   0.000     0.000    clk
    W5                   IBUF (Prop_ibuf_I_O)         0.414     0.414 r  clk_IBUF_inst/O
                         net (fo=1, routed)           0.685     1.099    clk_IBUF
    BUFGCTRL_X0Y0        BUFG (Prop_bufg_I_O)         0.029     1.128 r  clk_IBUF_BUFG_inst/O
                         net (fo=96, routed)          0.866     1.993    clk_IBUF_BUFG
    SLICE_X0Y6           FDRE                                         r  btn0_sync2_reg/C
                         clock pessimism             -0.515     1.478    
    SLICE_X0Y6           FDRE (Hold_fdre_C_D)         0.066     1.544    btn0_sync2_reg
  -------------------------------------------------------------------
                         required time                         -1.544    
                         arrival time                           1.793    
  -------------------------------------------------------------------
                         slack                                  0.249    

Slack (MET) :             0.249ns  (arrival time - required time)
  Source:                 btn1_sync1_reg/C
                            (rising edge-triggered cell FDRE clocked by sys_clk_pin  {rise@0.000ns fall@5.000ns period=10.000ns})
  Destination:            btn1_sync2_reg/D
                            (rising edge-triggered cell FDRE clocked by sys_clk_pin  {rise@0.000ns fall@5.000ns period=10.000ns})
  Path Group:             sys_clk_pin
  Path Type:              Hold (Min at Fast Process Corner)
  Requirement:            0.000ns  (sys_clk_pin rise@0.000ns - sys_clk_pin rise@0.000ns)
  Data Path Delay:        0.315ns  (logic 0.141ns (44.783%)  route 0.174ns (55.217%))
  Logic Levels:           0  
  Clock Path Skew:        0.000ns (DCD - SCD - CPR)
    Destination Clock Delay (DCD):    1.991ns
    Source Clock Delay      (SCD):    1.476ns
    Clock Pessimism Removal (CPR):    0.515ns

    Location             Delay type                Incr(ns)  Path(ns)    Netlist Resource(s)
  -------------------------------------------------------------------    -------------------
                         (clock sys_clk_pin rise edge)
                                                      0.000     0.000 r  
    W5                                                0.000     0.000 r  clk (IN)
                         net (fo=0)                   0.000     0.000    clk
    W5                   IBUF (Prop_ibuf_I_O)         0.226     0.226 r  clk_IBUF_inst/O
                         net (fo=1, routed)           0.631     0.858    clk_IBUF
    BUFGCTRL_X0Y0        BUFG (Prop_bufg_I_O)         0.026     0.884 r  clk_IBUF_BUFG_inst/O
                         net (fo=96, routed)          0.593     1.476    clk_IBUF_BUFG
    SLICE_X0Y39          FDRE                                         r  btn1_sync1_reg/C
  -------------------------------------------------------------------    -------------------
    SLICE_X0Y39          FDRE (Prop_fdre_C_Q)         0.141     1.617 r  btn1_sync1_reg/Q
                         net (fo=1, routed)           0.174     1.791    btn1_sync1
    SLICE_X0Y39          FDRE                                         r  btn1_sync2_reg/D
  -------------------------------------------------------------------    -------------------

                         (clock sys_clk_pin rise edge)
                                                      0.000     0.000 r  
    W5                                                0.000     0.000 r  clk (IN)
                         net (fo=0)                   0.000     0.000    clk
    W5                   IBUF (Prop_ibuf_I_O)         0.414     0.414 r  clk_IBUF_inst/O
                         net (fo=1, routed)           0.685     1.099    clk_IBUF
    BUFGCTRL_X0Y0        BUFG (Prop_bufg_I_O)         0.029     1.128 r  clk_IBUF_BUFG_inst/O
                         net (fo=96, routed)          0.864     1.991    clk_IBUF_BUFG
    SLICE_X0Y39          FDRE                                         r  btn1_sync2_reg/C
                         clock pessimism             -0.515     1.476    
    SLICE_X0Y39          FDRE (Hold_fdre_C_D)         0.066     1.542    btn1_sync2_reg
  -------------------------------------------------------------------
                         required time                         -1.542    
                         arrival time                           1.791    
  -------------------------------------------------------------------
                         slack                                  0.249    

Slack (MET) :             0.249ns  (arrival time - required time)
  Source:                 btn2_sync1_reg/C
                            (rising edge-triggered cell FDRE clocked by sys_clk_pin  {rise@0.000ns fall@5.000ns period=10.000ns})
  Destination:            btn2_sync2_reg/D
                            (rising edge-triggered cell FDRE clocked by sys_clk_pin  {rise@0.000ns fall@5.000ns period=10.000ns})
  Path Group:             sys_clk_pin
  Path Type:              Hold (Min at Fast Process Corner)
  Requirement:            0.000ns  (sys_clk_pin rise@0.000ns - sys_clk_pin rise@0.000ns)
  Data Path Delay:        0.315ns  (logic 0.141ns (44.783%)  route 0.174ns (55.217%))
  Logic Levels:           0  
  Clock Path Skew:        0.000ns (DCD - SCD - CPR)
    Destination Clock Delay (DCD):    1.980ns
    Source Clock Delay      (SCD):    1.468ns
    Clock Pessimism Removal (CPR):    0.512ns

    Location             Delay type                Incr(ns)  Path(ns)    Netlist Resource(s)
  -------------------------------------------------------------------    -------------------
                         (clock sys_clk_pin rise edge)
                                                      0.000     0.000 r  
    W5                                                0.000     0.000 r  clk (IN)
                         net (fo=0)                   0.000     0.000    clk
    W5                   IBUF (Prop_ibuf_I_O)         0.226     0.226 r  clk_IBUF_inst/O
                         net (fo=1, routed)           0.631     0.858    clk_IBUF
    BUFGCTRL_X0Y0        BUFG (Prop_bufg_I_O)         0.026     0.884 r  clk_IBUF_BUFG_inst/O
                         net (fo=96, routed)          0.585     1.468    clk_IBUF_BUFG
    SLICE_X0Y22          FDRE                                         r  btn2_sync1_reg/C
  -------------------------------------------------------------------    -------------------
    SLICE_X0Y22          FDRE (Prop_fdre_C_Q)         0.141     1.609 r  btn2_sync1_reg/Q
                         net (fo=1, routed)           0.174     1.783    btn2_sync1
    SLICE_X0Y22          FDRE                                         r  btn2_sync2_reg/D
  -------------------------------------------------------------------    -------------------

                         (clock sys_clk_pin rise edge)
                                                      0.000     0.000 r  
    W5                                                0.000     0.000 r  clk (IN)
                         net (fo=0)                   0.000     0.000    clk
    W5                   IBUF (Prop_ibuf_I_O)         0.414     0.414 r  clk_IBUF_inst/O
                         net (fo=1, routed)           0.685     1.099    clk_IBUF
    BUFGCTRL_X0Y0        BUFG (Prop_bufg_I_O)         0.029     1.128 r  clk_IBUF_BUFG_inst/O
                         net (fo=96, routed)          0.853     1.980    clk_IBUF_BUFG
    SLICE_X0Y22          FDRE                                         r  btn2_sync2_reg/C
                         clock pessimism             -0.512     1.468    
    SLICE_X0Y22          FDRE (Hold_fdre_C_D)         0.066     1.534    btn2_sync2_reg
  -------------------------------------------------------------------
                         required time                         -1.534    
                         arrival time                           1.783    
  -------------------------------------------------------------------
                         slack                                  0.249    

Slack (MET) :             0.262ns  (arrival time - required time)
  Source:                 debounce_btn1/r_count_reg[0]/C
                            (rising edge-triggered cell FDCE clocked by sys_clk_pin  {rise@0.000ns fall@5.000ns period=10.000ns})
  Destination:            debounce_btn1/r_count_reg[0]/D
                            (rising edge-triggered cell FDCE clocked by sys_clk_pin  {rise@0.000ns fall@5.000ns period=10.000ns})
  Path Group:             sys_clk_pin
  Path Type:              Hold (Min at Fast Process Corner)
  Requirement:            0.000ns  (sys_clk_pin rise@0.000ns - sys_clk_pin rise@0.000ns)
  Data Path Delay:        0.353ns  (logic 0.186ns (52.691%)  route 0.167ns (47.309%))
  Logic Levels:           1  (LUT2=1)
  Clock Path Skew:        0.000ns (DCD - SCD - CPR)
    Destination Clock Delay (DCD):    1.989ns
    Source Clock Delay      (SCD):    1.474ns
    Clock Pessimism Removal (CPR):    0.515ns

    Location             Delay type                Incr(ns)  Path(ns)    Netlist Resource(s)
  -------------------------------------------------------------------    -------------------
                         (clock sys_clk_pin rise edge)
                                                      0.000     0.000 r  
    W5                                                0.000     0.000 r  clk (IN)
                         net (fo=0)                   0.000     0.000    clk
    W5                   IBUF (Prop_ibuf_I_O)         0.226     0.226 r  clk_IBUF_inst/O
                         net (fo=1, routed)           0.631     0.858    clk_IBUF
    BUFGCTRL_X0Y0        BUFG (Prop_bufg_I_O)         0.026     0.884 r  clk_IBUF_BUFG_inst/O
                         net (fo=96, routed)          0.591     1.474    debounce_btn1/CLK
    SLICE_X5Y39          FDCE                                         r  debounce_btn1/r_count_reg[0]/C
  -------------------------------------------------------------------    -------------------
    SLICE_X5Y39          FDCE (Prop_fdce_C_Q)         0.141     1.615 f  debounce_btn1/r_count_reg[0]/Q
                         net (fo=2, routed)           0.167     1.782    debounce_btn1/r_count_reg_n_0_[0]
    SLICE_X5Y39          LUT2 (Prop_lut2_I1_O)        0.045     1.827 r  debounce_btn1/r_count[0]_i_1__0/O
                         net (fo=1, routed)           0.000     1.827    debounce_btn1/r_count[0]_i_1__0_n_0
    SLICE_X5Y39          FDCE                                         r  debounce_btn1/r_count_reg[0]/D
  -------------------------------------------------------------------    -------------------

                         (clock sys_clk_pin rise edge)
                                                      0.000     0.000 r  
    W5                                                0.000     0.000 r  clk (IN)
                         net (fo=0)                   0.000     0.000    clk
    W5                   IBUF (Prop_ibuf_I_O)         0.414     0.414 r  clk_IBUF_inst/O
                         net (fo=1, routed)           0.685     1.099    clk_IBUF
    BUFGCTRL_X0Y0        BUFG (Prop_bufg_I_O)         0.029     1.128 r  clk_IBUF_BUFG_inst/O
                         net (fo=96, routed)          0.862     1.989    debounce_btn1/CLK
    SLICE_X5Y39          FDCE                                         r  debounce_btn1/r_count_reg[0]/C
                         clock pessimism             -0.515     1.474    
    SLICE_X5Y39          FDCE (Hold_fdce_C_D)         0.091     1.565    debounce_btn1/r_count_reg[0]
  -------------------------------------------------------------------
                         required time                         -1.565    
                         arrival time                           1.827    
  -------------------------------------------------------------------
                         slack                                  0.262    

Slack (MET) :             0.262ns  (arrival time - required time)
  Source:                 debounce_btn2/r_count_reg[0]/C
                            (rising edge-triggered cell FDCE clocked by sys_clk_pin  {rise@0.000ns fall@5.000ns period=10.000ns})
  Destination:            debounce_btn2/r_count_reg[0]/D
                            (rising edge-triggered cell FDCE clocked by sys_clk_pin  {rise@0.000ns fall@5.000ns period=10.000ns})
  Path Group:             sys_clk_pin
  Path Type:              Hold (Min at Fast Process Corner)
  Requirement:            0.000ns  (sys_clk_pin rise@0.000ns - sys_clk_pin rise@0.000ns)
  Data Path Delay:        0.353ns  (logic 0.186ns (52.691%)  route 0.167ns (47.309%))
  Logic Levels:           1  (LUT2=1)
  Clock Path Skew:        0.000ns (DCD - SCD - CPR)
    Destination Clock Delay (DCD):    1.986ns
    Source Clock Delay      (SCD):    1.473ns
    Clock Pessimism Removal (CPR):    0.513ns

    Location             Delay type                Incr(ns)  Path(ns)    Netlist Resource(s)
  -------------------------------------------------------------------    -------------------
                         (clock sys_clk_pin rise edge)
                                                      0.000     0.000 r  
    W5                                                0.000     0.000 r  clk (IN)
                         net (fo=0)                   0.000     0.000    clk
    W5                   IBUF (Prop_ibuf_I_O)         0.226     0.226 r  clk_IBUF_inst/O
                         net (fo=1, routed)           0.631     0.858    clk_IBUF
    BUFGCTRL_X0Y0        BUFG (Prop_bufg_I_O)         0.026     0.884 r  clk_IBUF_BUFG_inst/O
                         net (fo=96, routed)          0.590     1.473    debounce_btn2/CLK
    SLICE_X1Y16          FDCE                                         r  debounce_btn2/r_count_reg[0]/C
  -------------------------------------------------------------------    -------------------
    SLICE_X1Y16          FDCE (Prop_fdce_C_Q)         0.141     1.614 f  debounce_btn2/r_count_reg[0]/Q
                         net (fo=2, routed)           0.167     1.781    debounce_btn2/r_count_reg_n_0_[0]
    SLICE_X1Y16          LUT2 (Prop_lut2_I1_O)        0.045     1.826 r  debounce_btn2/r_count[0]_i_1__1/O
                         net (fo=1, routed)           0.000     1.826    debounce_btn2/r_count[0]_i_1__1_n_0
    SLICE_X1Y16          FDCE                                         r  debounce_btn2/r_count_reg[0]/D
  -------------------------------------------------------------------    -------------------

                         (clock sys_clk_pin rise edge)
                                                      0.000     0.000 r  
    W5                                                0.000     0.000 r  clk (IN)
                         net (fo=0)                   0.000     0.000    clk
    W5                   IBUF (Prop_ibuf_I_O)         0.414     0.414 r  clk_IBUF_inst/O
                         net (fo=1, routed)           0.685     1.099    clk_IBUF
    BUFGCTRL_X0Y0        BUFG (Prop_bufg_I_O)         0.029     1.128 r  clk_IBUF_BUFG_inst/O
                         net (fo=96, routed)          0.859     1.986    debounce_btn2/CLK
    SLICE_X1Y16          FDCE                                         r  debounce_btn2/r_count_reg[0]/C
                         clock pessimism             -0.513     1.473    
    SLICE_X1Y16          FDCE (Hold_fdce_C_D)         0.091     1.564    debounce_btn2/r_count_reg[0]
  -------------------------------------------------------------------
                         required time                         -1.564    
                         arrival time                           1.826    
  -------------------------------------------------------------------
                         slack                                  0.262    

Slack (MET) :             0.263ns  (arrival time - required time)
  Source:                 debounce_btn3/r_count_reg[0]/C
                            (rising edge-triggered cell FDCE clocked by sys_clk_pin  {rise@0.000ns fall@5.000ns period=10.000ns})
  Destination:            debounce_btn3/r_count_reg[0]/D
                            (rising edge-triggered cell FDCE clocked by sys_clk_pin  {rise@0.000ns fall@5.000ns period=10.000ns})
  Path Group:             sys_clk_pin
  Path Type:              Hold (Min at Fast Process Corner)
  Requirement:            0.000ns  (sys_clk_pin rise@0.000ns - sys_clk_pin rise@0.000ns)
  Data Path Delay:        0.354ns  (logic 0.186ns (52.498%)  route 0.168ns (47.502%))
  Logic Levels:           1  (LUT6=1)
  Clock Path Skew:        0.000ns (DCD - SCD - CPR)
    Destination Clock Delay (DCD):    1.986ns
    Source Clock Delay      (SCD):    1.473ns
    Clock Pessimism Removal (CPR):    0.513ns

    Location             Delay type                Incr(ns)  Path(ns)    Netlist Resource(s)
  -------------------------------------------------------------------    -------------------
                         (clock sys_clk_pin rise edge)
                                                      0.000     0.000 r  
    W5                                                0.000     0.000 r  clk (IN)
                         net (fo=0)                   0.000     0.000    clk
    W5                   IBUF (Prop_ibuf_I_O)         0.226     0.226 r  clk_IBUF_inst/O
                         net (fo=1, routed)           0.631     0.858    clk_IBUF
    BUFGCTRL_X0Y0        BUFG (Prop_bufg_I_O)         0.026     0.884 r  clk_IBUF_BUFG_inst/O
                         net (fo=96, routed)          0.590     1.473    debounce_btn3/CLK
    SLICE_X3Y16          FDCE                                         r  debounce_btn3/r_count_reg[0]/C
  -------------------------------------------------------------------    -------------------
    SLICE_X3Y16          FDCE (Prop_fdce_C_Q)         0.141     1.614 f  debounce_btn3/r_count_reg[0]/Q
                         net (fo=2, routed)           0.168     1.782    debounce_btn3/r_count_reg_n_0_[0]
    SLICE_X3Y16          LUT6 (Prop_lut6_I5_O)        0.045     1.827 r  debounce_btn3/r_count[0]_i_1__2/O
                         net (fo=1, routed)           0.000     1.827    debounce_btn3/r_count[0]_i_1__2_n_0
    SLICE_X3Y16          FDCE                                         r  debounce_btn3/r_count_reg[0]/D
  -------------------------------------------------------------------    -------------------

                         (clock sys_clk_pin rise edge)
                                                      0.000     0.000 r  
    W5                                                0.000     0.000 r  clk (IN)
                         net (fo=0)                   0.000     0.000    clk
    W5                   IBUF (Prop_ibuf_I_O)         0.414     0.414 r  clk_IBUF_inst/O
                         net (fo=1, routed)           0.685     1.099    clk_IBUF
    BUFGCTRL_X0Y0        BUFG (Prop_bufg_I_O)         0.029     1.128 r  clk_IBUF_BUFG_inst/O
                         net (fo=96, routed)          0.859     1.986    debounce_btn3/CLK
    SLICE_X3Y16          FDCE                                         r  debounce_btn3/r_count_reg[0]/C
                         clock pessimism             -0.513     1.473    
    SLICE_X3Y16          FDCE (Hold_fdce_C_D)         0.091     1.564    debounce_btn3/r_count_reg[0]
  -------------------------------------------------------------------
                         required time                         -1.564    
                         arrival time                           1.827    
  -------------------------------------------------------------------
                         slack                                  0.263    

Slack (MET) :             0.268ns  (arrival time - required time)
  Source:                 debounce_btn0/r_output_reg/C
                            (rising edge-triggered cell FDCE clocked by sys_clk_pin  {rise@0.000ns fall@5.000ns period=10.000ns})
  Destination:            r_led_state_reg[0]/D
                            (rising edge-triggered cell FDCE clocked by sys_clk_pin  {rise@0.000ns fall@5.000ns period=10.000ns})
  Path Group:             sys_clk_pin
  Path Type:              Hold (Min at Fast Process Corner)
  Requirement:            0.000ns  (sys_clk_pin rise@0.000ns - sys_clk_pin rise@0.000ns)
  Data Path Delay:        0.375ns  (logic 0.186ns (49.536%)  route 0.189ns (50.464%))
  Logic Levels:           1  (LUT2=1)
  Clock Path Skew:        0.016ns (DCD - SCD - CPR)
    Destination Clock Delay (DCD):    1.993ns
    Source Clock Delay      (SCD):    1.478ns
    Clock Pessimism Removal (CPR):    0.499ns

    Location             Delay type                Incr(ns)  Path(ns)    Netlist Resource(s)
  -------------------------------------------------------------------    -------------------
                         (clock sys_clk_pin rise edge)
                                                      0.000     0.000 r  
    W5                                                0.000     0.000 r  clk (IN)
                         net (fo=0)                   0.000     0.000    clk
    W5                   IBUF (Prop_ibuf_I_O)         0.226     0.226 r  clk_IBUF_inst/O
                         net (fo=1, routed)           0.631     0.858    clk_IBUF
    BUFGCTRL_X0Y0        BUFG (Prop_bufg_I_O)         0.026     0.884 r  clk_IBUF_BUFG_inst/O
                         net (fo=96, routed)          0.595     1.478    debounce_btn0/CLK
    SLICE_X3Y4           FDCE                                         r  debounce_btn0/r_output_reg/C
  -------------------------------------------------------------------    -------------------
    SLICE_X3Y4           FDCE (Prop_fdce_C_Q)         0.141     1.619 r  debounce_btn0/r_output_reg/Q
                         net (fo=1, routed)           0.189     1.809    debounce_btn0/r_output
    SLICE_X0Y3           LUT2 (Prop_lut2_I0_O)        0.045     1.854 r  debounce_btn0/r_led_state[0]_i_1/O
                         net (fo=1, routed)           0.000     1.854    debounce_btn0_n_0
    SLICE_X0Y3           FDCE                                         r  r_led_state_reg[0]/D
  -------------------------------------------------------------------    -------------------

                         (clock sys_clk_pin rise edge)
                                                      0.000     0.000 r  
    W5                                                0.000     0.000 r  clk (IN)
                         net (fo=0)                   0.000     0.000    clk
    W5                   IBUF (Prop_ibuf_I_O)         0.414     0.414 r  clk_IBUF_inst/O
                         net (fo=1, routed)           0.685     1.099    clk_IBUF
    BUFGCTRL_X0Y0        BUFG (Prop_bufg_I_O)         0.029     1.128 r  clk_IBUF_BUFG_inst/O
                         net (fo=96, routed)          0.866     1.993    clk_IBUF_BUFG
    SLICE_X0Y3           FDCE                                         r  r_led_state_reg[0]/C
                         clock pessimism             -0.499     1.494    
    SLICE_X0Y3           FDCE (Hold_fdce_C_D)         0.091     1.585    r_led_state_reg[0]
  -------------------------------------------------------------------
                         required time                         -1.585    
                         arrival time                           1.854    
  -------------------------------------------------------------------
                         slack                                  0.268    

Slack (MET) :             0.281ns  (arrival time - required time)
  Source:                 btn1_sync2_reg/C
                            (rising edge-triggered cell FDRE clocked by sys_clk_pin  {rise@0.000ns fall@5.000ns period=10.000ns})
  Destination:            debounce_btn1/r_prevState_reg/D
                            (rising edge-triggered cell FDCE clocked by sys_clk_pin  {rise@0.000ns fall@5.000ns period=10.000ns})
  Path Group:             sys_clk_pin
  Path Type:              Hold (Min at Fast Process Corner)
  Requirement:            0.000ns  (sys_clk_pin rise@0.000ns - sys_clk_pin rise@0.000ns)
  Data Path Delay:        0.405ns  (logic 0.187ns (46.227%)  route 0.218ns (53.773%))
  Logic Levels:           1  (LUT3=1)
  Clock Path Skew:        0.017ns (DCD - SCD - CPR)
    Destination Clock Delay (DCD):    1.992ns
    Source Clock Delay      (SCD):    1.476ns
    Clock Pessimism Removal (CPR):    0.499ns

    Location             Delay type                Incr(ns)  Path(ns)    Netlist Resource(s)
  -------------------------------------------------------------------    -------------------
                         (clock sys_clk_pin rise edge)
                                                      0.000     0.000 r  
    W5                                                0.000     0.000 r  clk (IN)
                         net (fo=0)                   0.000     0.000    clk
    W5                   IBUF (Prop_ibuf_I_O)         0.226     0.226 r  clk_IBUF_inst/O
                         net (fo=1, routed)           0.631     0.858    clk_IBUF
    BUFGCTRL_X0Y0        BUFG (Prop_bufg_I_O)         0.026     0.884 r  clk_IBUF_BUFG_inst/O
                         net (fo=96, routed)          0.593     1.476    clk_IBUF_BUFG
    SLICE_X0Y39          FDRE                                         r  btn1_sync2_reg/C
  -------------------------------------------------------------------    -------------------
    SLICE_X0Y39          FDRE (Prop_fdre_C_Q)         0.141     1.617 r  btn1_sync2_reg/Q
                         net (fo=3, routed)           0.218     1.835    debounce_btn1/btn1_sync2
    SLICE_X0Y41          LUT3 (Prop_lut3_I0_O)        0.046     1.881 r  debounce_btn1/r_prevState_i_1__0/O
                         net (fo=1, routed)           0.000     1.881    debounce_btn1/r_prevState_i_1__0_n_0
    SLICE_X0Y41          FDCE                                         r  debounce_btn1/r_prevState_reg/D
  -------------------------------------------------------------------    -------------------

                         (clock sys_clk_pin rise edge)
                                                      0.000     0.000 r  
    W5                                                0.000     0.000 r  clk (IN)
                         net (fo=0)                   0.000     0.000    clk
    W5                   IBUF (Prop_ibuf_I_O)         0.414     0.414 r  clk_IBUF_inst/O
                         net (fo=1, routed)           0.685     1.099    clk_IBUF
    BUFGCTRL_X0Y0        BUFG (Prop_bufg_I_O)         0.029     1.128 r  clk_IBUF_BUFG_inst/O
                         net (fo=96, routed)          0.865     1.992    debounce_btn1/CLK
    SLICE_X0Y41          FDCE                                         r  debounce_btn1/r_prevState_reg/C
                         clock pessimism             -0.499     1.493    
    SLICE_X0Y41          FDCE (Hold_fdce_C_D)         0.107     1.600    debounce_btn1/r_prevState_reg
  -------------------------------------------------------------------
                         required time                         -1.600    
                         arrival time                           1.881    
  -------------------------------------------------------------------
                         slack                                  0.281    





Pulse Width Checks
--------------------------------------------------------------------------------------
Clock Name:         sys_clk_pin
Waveform(ns):       { 0.000 5.000 }
Period(ns):         10.000
Sources:            { clk }

Check Type        Corner  Lib Pin  Reference Pin  Required(ns)  Actual(ns)  Slack(ns)  Location       Pin
Min Period        n/a     BUFG/I   n/a            2.155         10.000      7.845      BUFGCTRL_X0Y0  clk_IBUF_BUFG_inst/I
Min Period        n/a     FDRE/C   n/a            1.000         10.000      9.000      SLICE_X0Y6     btn0_sync1_reg/C
Min Period        n/a     FDRE/C   n/a            1.000         10.000      9.000      SLICE_X0Y6     btn0_sync2_reg/C
Min Period        n/a     FDRE/C   n/a            1.000         10.000      9.000      SLICE_X0Y39    btn1_sync1_reg/C
Min Period        n/a     FDRE/C   n/a            1.000         10.000      9.000      SLICE_X0Y39    btn1_sync2_reg/C
Min Period        n/a     FDRE/C   n/a            1.000         10.000      9.000      SLICE_X0Y22    btn2_sync1_reg/C
Min Period        n/a     FDRE/C   n/a            1.000         10.000      9.000      SLICE_X0Y22    btn2_sync2_reg/C
Min Period        n/a     FDRE/C   n/a            1.000         10.000      9.000      SLICE_X0Y16    btn3_sync1_reg/C
Min Period        n/a     FDRE/C   n/a            1.000         10.000      9.000      SLICE_X0Y16    btn3_sync2_reg/C
Min Period        n/a     FDCE/C   n/a            1.000         10.000      9.000      SLICE_X0Y3     r_led_state_reg[0]/C
Low Pulse Width   Slow    FDRE/C   n/a            0.500         5.000       4.500      SLICE_X0Y6     btn0_sync1_reg/C
Low Pulse Width   Fast    FDRE/C   n/a            0.500         5.000       4.500      SLICE_X0Y6     btn0_sync1_reg/C
Low Pulse Width   Slow    FDRE/C   n/a            0.500         5.000       4.500      SLICE_X0Y6     btn0_sync2_reg/C
Low Pulse Width   Fast    FDRE/C   n/a            0.500         5.000       4.500      SLICE_X0Y6     btn0_sync2_reg/C
Low Pulse Width   Slow    FDRE/C   n/a            0.500         5.000       4.500      SLICE_X0Y39    btn1_sync1_reg/C
Low Pulse Width   Fast    FDRE/C   n/a            0.500         5.000       4.500      SLICE_X0Y39    btn1_sync1_reg/C
Low Pulse Width   Slow    FDRE/C   n/a            0.500         5.000       4.500      SLICE_X0Y39    btn1_sync2_reg/C
Low Pulse Width   Fast    FDRE/C   n/a            0.500         5.000       4.500      SLICE_X0Y39    btn1_sync2_reg/C
Low Pulse Width   Slow    FDRE/C   n/a            0.500         5.000       4.500      SLICE_X0Y22    btn2_sync1_reg/C
Low Pulse Width   Fast    FDRE/C   n/a            0.500         5.000       4.500      SLICE_X0Y22    btn2_sync1_reg/C
High Pulse Width  Slow    FDRE/C   n/a            0.500         5.000       4.500      SLICE_X0Y6     btn0_sync1_reg/C
High Pulse Width  Fast    FDRE/C   n/a            0.500         5.000       4.500      SLICE_X0Y6     btn0_sync1_reg/C
High Pulse Width  Slow    FDRE/C   n/a            0.500         5.000       4.500      SLICE_X0Y6     btn0_sync2_reg/C
High Pulse Width  Fast    FDRE/C   n/a            0.500         5.000       4.500      SLICE_X0Y6     btn0_sync2_reg/C
High Pulse Width  Slow    FDRE/C   n/a            0.500         5.000       4.500      SLICE_X0Y39    btn1_sync1_reg/C
High Pulse Width  Fast    FDRE/C   n/a            0.500         5.000       4.500      SLICE_X0Y39    btn1_sync1_reg/C
High Pulse Width  Slow    FDRE/C   n/a            0.500         5.000       4.500      SLICE_X0Y39    btn1_sync2_reg/C
High Pulse Width  Fast    FDRE/C   n/a            0.500         5.000       4.500      SLICE_X0Y39    btn1_sync2_reg/C
High Pulse Width  Slow    FDRE/C   n/a            0.500         5.000       4.500      SLICE_X0Y22    btn2_sync1_reg/C
High Pulse Width  Fast    FDRE/C   n/a            0.500         5.000       4.500      SLICE_X0Y22    btn2_sync1_reg/C



--------------------------------------------------------------------------------------
Path Group:  (none)
From Clock:  sys_clk_pin
  To Clock:  

Max Delay             4 Endpoints
Min Delay             4 Endpoints
--------------------------------------------------------------------------------------


Max Delay Paths
--------------------------------------------------------------------------------------
Slack:                    inf
  Source:                 r_led_state_reg[1]/C
                            (rising edge-triggered cell FDCE clocked by sys_clk_pin  {rise@0.000ns fall@5.000ns period=10.000ns})
  Destination:            led[1]
                            (output port)
  Path Group:             (none)
  Path Type:              Max at Slow Process Corner
  Data Path Delay:        5.669ns  (logic 3.986ns (70.310%)  route 1.683ns (29.690%))
  Logic Levels:           1  (OBUF=1)
  Clock Uncertainty:      0.025ns  ((TSJ^2 + TIJ^2)^1/2 + DJ) / 2 + PE
    Total System Jitter     (TSJ):    0.050ns
    Total Input Jitter      (TIJ):    0.000ns
    Discrete Jitter          (DJ):    0.000ns
    Phase Error              (PE):    0.000ns

    Location             Delay type                Incr(ns)  Path(ns)    Netlist Resource(s)
  -------------------------------------------------------------------    -------------------
                         (clock sys_clk_pin rise edge)
                                                      0.000     0.000 r  
    W5                                                0.000     0.000 r  clk (IN)
                         net (fo=0)                   0.000     0.000    clk
    W5                   IBUF (Prop_ibuf_I_O)         1.458     1.458 r  clk_IBUF_inst/O
                         net (fo=1, routed)           1.967     3.425    clk_IBUF
    BUFGCTRL_X0Y0        BUFG (Prop_bufg_I_O)         0.096     3.521 r  clk_IBUF_BUFG_inst/O
                         net (fo=96, routed)          1.637     5.158    clk_IBUF_BUFG
    SLICE_X0Y42          FDCE                                         r  r_led_state_reg[1]/C
  -------------------------------------------------------------------    -------------------
    SLICE_X0Y42          FDCE (Prop_fdce_C_Q)         0.456     5.614 r  r_led_state_reg[1]/Q
                         net (fo=2, routed)           1.683     7.297    led_OBUF[1]
    E19                  OBUF (Prop_obuf_I_O)         3.530    10.827 r  led_OBUF[1]_inst/O
                         net (fo=0)                   0.000    10.827    led[1]
    E19                                                               r  led[1] (OUT)
  -------------------------------------------------------------------    -------------------

Slack:                    inf
  Source:                 r_led_state_reg[3]/C
                            (rising edge-triggered cell FDCE clocked by sys_clk_pin  {rise@0.000ns fall@5.000ns period=10.000ns})
  Destination:            led[3]
                            (output port)
  Path Group:             (none)
  Path Type:              Max at Slow Process Corner
  Data Path Delay:        5.672ns  (logic 3.965ns (69.900%)  route 1.707ns (30.100%))
  Logic Levels:           1  (OBUF=1)
  Clock Uncertainty:      0.025ns  ((TSJ^2 + TIJ^2)^1/2 + DJ) / 2 + PE
    Total System Jitter     (TSJ):    0.050ns
    Total Input Jitter      (TIJ):    0.000ns
    Discrete Jitter          (DJ):    0.000ns
    Phase Error              (PE):    0.000ns

    Location             Delay type                Incr(ns)  Path(ns)    Netlist Resource(s)
  -------------------------------------------------------------------    -------------------
                         (clock sys_clk_pin rise edge)
                                                      0.000     0.000 r  
    W5                                                0.000     0.000 r  clk (IN)
                         net (fo=0)                   0.000     0.000    clk
    W5                   IBUF (Prop_ibuf_I_O)         1.458     1.458 r  clk_IBUF_inst/O
                         net (fo=1, routed)           1.967     3.425    clk_IBUF
    BUFGCTRL_X0Y0        BUFG (Prop_bufg_I_O)         0.096     3.521 r  clk_IBUF_BUFG_inst/O
                         net (fo=96, routed)          1.627     5.148    clk_IBUF_BUFG
    SLICE_X1Y18          FDCE                                         r  r_led_state_reg[3]/C
  -------------------------------------------------------------------    -------------------
    SLICE_X1Y18          FDCE (Prop_fdce_C_Q)         0.456     5.604 r  r_led_state_reg[3]/Q
                         net (fo=2, routed)           1.707     7.312    led_OBUF[3]
    V19                  OBUF (Prop_obuf_I_O)         3.509    10.821 r  led_OBUF[3]_inst/O
                         net (fo=0)                   0.000    10.821    led[3]
    V19                                                               r  led[3] (OUT)
  -------------------------------------------------------------------    -------------------

Slack:                    inf
  Source:                 r_led_state_reg[2]/C
                            (rising edge-triggered cell FDCE clocked by sys_clk_pin  {rise@0.000ns fall@5.000ns period=10.000ns})
  Destination:            led[2]
                            (output port)
  Path Group:             (none)
  Path Type:              Max at Slow Process Corner
  Data Path Delay:        5.664ns  (logic 3.957ns (69.857%)  route 1.707ns (30.143%))
  Logic Levels:           1  (OBUF=1)
  Clock Uncertainty:      0.025ns  ((TSJ^2 + TIJ^2)^1/2 + DJ) / 2 + PE
    Total System Jitter     (TSJ):    0.050ns
    Total Input Jitter      (TIJ):    0.000ns
    Discrete Jitter          (DJ):    0.000ns
    Phase Error              (PE):    0.000ns

    Location             Delay type                Incr(ns)  Path(ns)    Netlist Resource(s)
  -------------------------------------------------------------------    -------------------
                         (clock sys_clk_pin rise edge)
                                                      0.000     0.000 r  
    W5                                                0.000     0.000 r  clk (IN)
                         net (fo=0)                   0.000     0.000    clk
    W5                   IBUF (Prop_ibuf_I_O)         1.458     1.458 r  clk_IBUF_inst/O
                         net (fo=1, routed)           1.967     3.425    clk_IBUF
    BUFGCTRL_X0Y0        BUFG (Prop_bufg_I_O)         0.096     3.521 r  clk_IBUF_BUFG_inst/O
                         net (fo=96, routed)          1.626     5.147    clk_IBUF_BUFG
    SLICE_X1Y19          FDCE                                         r  r_led_state_reg[2]/C
  -------------------------------------------------------------------    -------------------
    SLICE_X1Y19          FDCE (Prop_fdce_C_Q)         0.456     5.603 r  r_led_state_reg[2]/Q
                         net (fo=2, routed)           1.707     7.311    led_OBUF[2]
    U19                  OBUF (Prop_obuf_I_O)         3.501    10.812 r  led_OBUF[2]_inst/O
                         net (fo=0)                   0.000    10.812    led[2]
    U19                                                               r  led[2] (OUT)
  -------------------------------------------------------------------    -------------------

Slack:                    inf
  Source:                 r_led_state_reg[0]/C
                            (rising edge-triggered cell FDCE clocked by sys_clk_pin  {rise@0.000ns fall@5.000ns period=10.000ns})
  Destination:            led[0]
                            (output port)
  Path Group:             (none)
  Path Type:              Max at Slow Process Corner
  Data Path Delay:        5.505ns  (logic 3.961ns (71.949%)  route 1.544ns (28.051%))
  Logic Levels:           1  (OBUF=1)
  Clock Uncertainty:      0.025ns  ((TSJ^2 + TIJ^2)^1/2 + DJ) / 2 + PE
    Total System Jitter     (TSJ):    0.050ns
    Total Input Jitter      (TIJ):    0.000ns
    Discrete Jitter          (DJ):    0.000ns
    Phase Error              (PE):    0.000ns

    Location             Delay type                Incr(ns)  Path(ns)    Netlist Resource(s)
  -------------------------------------------------------------------    -------------------
                         (clock sys_clk_pin rise edge)
                                                      0.000     0.000 r  
    W5                                                0.000     0.000 r  clk (IN)
                         net (fo=0)                   0.000     0.000    clk
    W5                   IBUF (Prop_ibuf_I_O)         1.458     1.458 r  clk_IBUF_inst/O
                         net (fo=1, routed)           1.967     3.425    clk_IBUF
    BUFGCTRL_X0Y0        BUFG (Prop_bufg_I_O)         0.096     3.521 r  clk_IBUF_BUFG_inst/O
                         net (fo=96, routed)          1.638     5.159    clk_IBUF_BUFG
    SLICE_X0Y3           FDCE                                         r  r_led_state_reg[0]/C
  -------------------------------------------------------------------    -------------------
    SLICE_X0Y3           FDCE (Prop_fdce_C_Q)         0.456     5.615 r  r_led_state_reg[0]/Q
                         net (fo=2, routed)           1.544     7.159    led_OBUF[0]
    U16                  OBUF (Prop_obuf_I_O)         3.505    10.664 r  led_OBUF[0]_inst/O
                         net (fo=0)                   0.000    10.664    led[0]
    U16                                                               r  led[0] (OUT)
  -------------------------------------------------------------------    -------------------





Min Delay Paths
--------------------------------------------------------------------------------------
Slack:                    inf
  Source:                 r_led_state_reg[0]/C
                            (rising edge-triggered cell FDCE clocked by sys_clk_pin  {rise@0.000ns fall@5.000ns period=10.000ns})
  Destination:            led[0]
                            (output port)
  Path Group:             (none)
  Path Type:              Min at Fast Process Corner
  Data Path Delay:        1.644ns  (logic 1.347ns (81.922%)  route 0.297ns (18.078%))
  Logic Levels:           1  (OBUF=1)
  Clock Uncertainty:      0.025ns  ((TSJ^2 + TIJ^2)^1/2 + DJ) / 2 + PE
    Total System Jitter     (TSJ):    0.050ns
    Total Input Jitter      (TIJ):    0.000ns
    Discrete Jitter          (DJ):    0.000ns
    Phase Error              (PE):    0.000ns

    Location             Delay type                Incr(ns)  Path(ns)    Netlist Resource(s)
  -------------------------------------------------------------------    -------------------
                         (clock sys_clk_pin rise edge)
                                                      0.000     0.000 r  
    W5                                                0.000     0.000 r  clk (IN)
                         net (fo=0)                   0.000     0.000    clk
    W5                   IBUF (Prop_ibuf_I_O)         0.226     0.226 r  clk_IBUF_inst/O
                         net (fo=1, routed)           0.631     0.858    clk_IBUF
    BUFGCTRL_X0Y0        BUFG (Prop_bufg_I_O)         0.026     0.884 r  clk_IBUF_BUFG_inst/O
                         net (fo=96, routed)          0.595     1.478    clk_IBUF_BUFG
    SLICE_X0Y3           FDCE                                         r  r_led_state_reg[0]/C
  -------------------------------------------------------------------    -------------------
    SLICE_X0Y3           FDCE (Prop_fdce_C_Q)         0.141     1.619 r  r_led_state_reg[0]/Q
                         net (fo=2, routed)           0.297     1.916    led_OBUF[0]
    U16                  OBUF (Prop_obuf_I_O)         1.206     3.122 r  led_OBUF[0]_inst/O
                         net (fo=0)                   0.000     3.122    led[0]
    U16                                                               r  led[0] (OUT)
  -------------------------------------------------------------------    -------------------

Slack:                    inf
  Source:                 r_led_state_reg[2]/C
                            (rising edge-triggered cell FDCE clocked by sys_clk_pin  {rise@0.000ns fall@5.000ns period=10.000ns})
  Destination:            led[2]
                            (output port)
  Path Group:             (none)
  Path Type:              Min at Fast Process Corner
  Data Path Delay:        1.699ns  (logic 1.343ns (79.076%)  route 0.355ns (20.924%))
  Logic Levels:           1  (OBUF=1)
  Clock Uncertainty:      0.025ns  ((TSJ^2 + TIJ^2)^1/2 + DJ) / 2 + PE
    Total System Jitter     (TSJ):    0.050ns
    Total Input Jitter      (TIJ):    0.000ns
    Discrete Jitter          (DJ):    0.000ns
    Phase Error              (PE):    0.000ns

    Location             Delay type                Incr(ns)  Path(ns)    Netlist Resource(s)
  -------------------------------------------------------------------    -------------------
                         (clock sys_clk_pin rise edge)
                                                      0.000     0.000 r  
    W5                                                0.000     0.000 r  clk (IN)
                         net (fo=0)                   0.000     0.000    clk
    W5                   IBUF (Prop_ibuf_I_O)         0.226     0.226 r  clk_IBUF_inst/O
                         net (fo=1, routed)           0.631     0.858    clk_IBUF
    BUFGCTRL_X0Y0        BUFG (Prop_bufg_I_O)         0.026     0.884 r  clk_IBUF_BUFG_inst/O
                         net (fo=96, routed)          0.587     1.470    clk_IBUF_BUFG
    SLICE_X1Y19          FDCE                                         r  r_led_state_reg[2]/C
  -------------------------------------------------------------------    -------------------
    SLICE_X1Y19          FDCE (Prop_fdce_C_Q)         0.141     1.611 r  r_led_state_reg[2]/Q
                         net (fo=2, routed)           0.355     1.967    led_OBUF[2]
    U19                  OBUF (Prop_obuf_I_O)         1.202     3.169 r  led_OBUF[2]_inst/O
                         net (fo=0)                   0.000     3.169    led[2]
    U19                                                               r  led[2] (OUT)
  -------------------------------------------------------------------    -------------------

Slack:                    inf
  Source:                 r_led_state_reg[3]/C
                            (rising edge-triggered cell FDCE clocked by sys_clk_pin  {rise@0.000ns fall@5.000ns period=10.000ns})
  Destination:            led[3]
                            (output port)
  Path Group:             (none)
  Path Type:              Min at Fast Process Corner
  Data Path Delay:        1.707ns  (logic 1.351ns (79.173%)  route 0.355ns (20.827%))
  Logic Levels:           1  (OBUF=1)
  Clock Uncertainty:      0.025ns  ((TSJ^2 + TIJ^2)^1/2 + DJ) / 2 + PE
    Total System Jitter     (TSJ):    0.050ns
    Total Input Jitter      (TIJ):    0.000ns
    Discrete Jitter          (DJ):    0.000ns
    Phase Error              (PE):    0.000ns

    Location             Delay type                Incr(ns)  Path(ns)    Netlist Resource(s)
  -------------------------------------------------------------------    -------------------
                         (clock sys_clk_pin rise edge)
                                                      0.000     0.000 r  
    W5                                                0.000     0.000 r  clk (IN)
                         net (fo=0)                   0.000     0.000    clk
    W5                   IBUF (Prop_ibuf_I_O)         0.226     0.226 r  clk_IBUF_inst/O
                         net (fo=1, routed)           0.631     0.858    clk_IBUF
    BUFGCTRL_X0Y0        BUFG (Prop_bufg_I_O)         0.026     0.884 r  clk_IBUF_BUFG_inst/O
                         net (fo=96, routed)          0.588     1.471    clk_IBUF_BUFG
    SLICE_X1Y18          FDCE                                         r  r_led_state_reg[3]/C
  -------------------------------------------------------------------    -------------------
    SLICE_X1Y18          FDCE (Prop_fdce_C_Q)         0.141     1.612 r  r_led_state_reg[3]/Q
                         net (fo=2, routed)           0.355     1.968    led_OBUF[3]
    V19                  OBUF (Prop_obuf_I_O)         1.210     3.178 r  led_OBUF[3]_inst/O
                         net (fo=0)                   0.000     3.178    led[3]
    V19                                                               r  led[3] (OUT)
  -------------------------------------------------------------------    -------------------

Slack:                    inf
  Source:                 r_led_state_reg[1]/C
                            (rising edge-triggered cell FDCE clocked by sys_clk_pin  {rise@0.000ns fall@5.000ns period=10.000ns})
  Destination:            led[1]
                            (output port)
  Path Group:             (none)
  Path Type:              Min at Fast Process Corner
  Data Path Delay:        1.706ns  (logic 1.372ns (80.413%)  route 0.334ns (19.587%))
  Logic Levels:           1  (OBUF=1)
  Clock Uncertainty:      0.025ns  ((TSJ^2 + TIJ^2)^1/2 + DJ) / 2 + PE
    Total System Jitter     (TSJ):    0.050ns
    Total Input Jitter      (TIJ):    0.000ns
    Discrete Jitter          (DJ):    0.000ns
    Phase Error              (PE):    0.000ns

    Location             Delay type                Incr(ns)  Path(ns)    Netlist Resource(s)
  -------------------------------------------------------------------    -------------------
                         (clock sys_clk_pin rise edge)
                                                      0.000     0.000 r  
    W5                                                0.000     0.000 r  clk (IN)
                         net (fo=0)                   0.000     0.000    clk
    W5                   IBUF (Prop_ibuf_I_O)         0.226     0.226 r  clk_IBUF_inst/O
                         net (fo=1, routed)           0.631     0.858    clk_IBUF
    BUFGCTRL_X0Y0        BUFG (Prop_bufg_I_O)         0.026     0.884 r  clk_IBUF_BUFG_inst/O
                         net (fo=96, routed)          0.594     1.477    clk_IBUF_BUFG
    SLICE_X0Y42          FDCE                                         r  r_led_state_reg[1]/C
  -------------------------------------------------------------------    -------------------
    SLICE_X0Y42          FDCE (Prop_fdce_C_Q)         0.141     1.618 r  r_led_state_reg[1]/Q
                         net (fo=2, routed)           0.334     1.952    led_OBUF[1]
    E19                  OBUF (Prop_obuf_I_O)         1.231     3.183 r  led_OBUF[1]_inst/O
                         net (fo=0)                   0.000     3.183    led[1]
    E19                                                               r  led[1] (OUT)
  -------------------------------------------------------------------    -------------------





--------------------------------------------------------------------------------------
Path Group:  (none)
From Clock:  
  To Clock:  sys_clk_pin

Max Delay            92 Endpoints
Min Delay            92 Endpoints
--------------------------------------------------------------------------------------


Max Delay Paths
--------------------------------------------------------------------------------------
Slack:                    inf
  Source:                 reset
                            (input port)
  Destination:            debounce_btn1/r_count_reg[13]/CLR
                            (recovery check against rising-edge clock sys_clk_pin  {rise@0.000ns fall@5.000ns period=10.000ns})
  Path Group:             (none)
  Path Type:              Recovery (Max at Slow Process Corner)
  Data Path Delay:        4.429ns  (logic 1.441ns (32.546%)  route 2.987ns (67.454%))
  Logic Levels:           1  (IBUF=1)
  Clock Path Skew:        4.857ns (DCD - SCD + CPR)
    Destination Clock Delay (DCD):    4.857ns
    Source Clock Delay      (SCD):    0.000ns
    Clock Pessimism Removal (CPR):    0.000ns
  Clock Uncertainty:      0.025ns  ((TSJ^2 + TIJ^2)^1/2 + DJ) / 2 + PE
    Total System Jitter     (TSJ):    0.050ns
    Total Input Jitter      (TIJ):    0.000ns
    Discrete Jitter          (DJ):    0.000ns
    Phase Error              (PE):    0.000ns

    Location             Delay type                Incr(ns)  Path(ns)    Netlist Resource(s)
  -------------------------------------------------------------------    -------------------
    U18                                               0.000     0.000 f  reset (IN)
                         net (fo=0)                   0.000     0.000    reset
    U18                  IBUF (Prop_ibuf_I_O)         1.441     1.441 f  reset_IBUF_inst/O
                         net (fo=88, routed)          2.987     4.429    debounce_btn1/reset_IBUF
    SLICE_X5Y42          FDCE                                         f  debounce_btn1/r_count_reg[13]/CLR
  -------------------------------------------------------------------    -------------------

                         (clock sys_clk_pin rise edge)
                                                      0.000     0.000 r  
    W5                                                0.000     0.000 r  clk (IN)
                         net (fo=0)                   0.000     0.000    clk
    W5                   IBUF (Prop_ibuf_I_O)         1.388     1.388 r  clk_IBUF_inst/O
                         net (fo=1, routed)           1.862     3.250    clk_IBUF
    BUFGCTRL_X0Y0        BUFG (Prop_bufg_I_O)         0.091     3.341 r  clk_IBUF_BUFG_inst/O
                         net (fo=96, routed)          1.516     4.857    debounce_btn1/CLK
    SLICE_X5Y42          FDCE                                         r  debounce_btn1/r_count_reg[13]/C

Slack:                    inf
  Source:                 reset
                            (input port)
  Destination:            debounce_btn1/r_count_reg[14]/CLR
                            (recovery check against rising-edge clock sys_clk_pin  {rise@0.000ns fall@5.000ns period=10.000ns})
  Path Group:             (none)
  Path Type:              Recovery (Max at Slow Process Corner)
  Data Path Delay:        4.429ns  (logic 1.441ns (32.546%)  route 2.987ns (67.454%))
  Logic Levels:           1  (IBUF=1)
  Clock Path Skew:        4.857ns (DCD - SCD + CPR)
    Destination Clock Delay (DCD):    4.857ns
    Source Clock Delay      (SCD):    0.000ns
    Clock Pessimism Removal (CPR):    0.000ns
  Clock Uncertainty:      0.025ns  ((TSJ^2 + TIJ^2)^1/2 + DJ) / 2 + PE
    Total System Jitter     (TSJ):    0.050ns
    Total Input Jitter      (TIJ):    0.000ns
    Discrete Jitter          (DJ):    0.000ns
    Phase Error              (PE):    0.000ns

    Location             Delay type                Incr(ns)  Path(ns)    Netlist Resource(s)
  -------------------------------------------------------------------    -------------------
    U18                                               0.000     0.000 f  reset (IN)
                         net (fo=0)                   0.000     0.000    reset
    U18                  IBUF (Prop_ibuf_I_O)         1.441     1.441 f  reset_IBUF_inst/O
                         net (fo=88, routed)          2.987     4.429    debounce_btn1/reset_IBUF
    SLICE_X5Y42          FDCE                                         f  debounce_btn1/r_count_reg[14]/CLR
  -------------------------------------------------------------------    -------------------

                         (clock sys_clk_pin rise edge)
                                                      0.000     0.000 r  
    W5                                                0.000     0.000 r  clk (IN)
                         net (fo=0)                   0.000     0.000    clk
    W5                   IBUF (Prop_ibuf_I_O)         1.388     1.388 r  clk_IBUF_inst/O
                         net (fo=1, routed)           1.862     3.250    clk_IBUF
    BUFGCTRL_X0Y0        BUFG (Prop_bufg_I_O)         0.091     3.341 r  clk_IBUF_BUFG_inst/O
                         net (fo=96, routed)          1.516     4.857    debounce_btn1/CLK
    SLICE_X5Y42          FDCE                                         r  debounce_btn1/r_count_reg[14]/C

Slack:                    inf
  Source:                 reset
                            (input port)
  Destination:            debounce_btn1/r_count_reg[15]/CLR
                            (recovery check against rising-edge clock sys_clk_pin  {rise@0.000ns fall@5.000ns period=10.000ns})
  Path Group:             (none)
  Path Type:              Recovery (Max at Slow Process Corner)
  Data Path Delay:        4.429ns  (logic 1.441ns (32.546%)  route 2.987ns (67.454%))
  Logic Levels:           1  (IBUF=1)
  Clock Path Skew:        4.857ns (DCD - SCD + CPR)
    Destination Clock Delay (DCD):    4.857ns
    Source Clock Delay      (SCD):    0.000ns
    Clock Pessimism Removal (CPR):    0.000ns
  Clock Uncertainty:      0.025ns  ((TSJ^2 + TIJ^2)^1/2 + DJ) / 2 + PE
    Total System Jitter     (TSJ):    0.050ns
    Total Input Jitter      (TIJ):    0.000ns
    Discrete Jitter          (DJ):    0.000ns
    Phase Error              (PE):    0.000ns

    Location             Delay type                Incr(ns)  Path(ns)    Netlist Resource(s)
  -------------------------------------------------------------------    -------------------
    U18                                               0.000     0.000 f  reset (IN)
                         net (fo=0)                   0.000     0.000    reset
    U18                  IBUF (Prop_ibuf_I_O)         1.441     1.441 f  reset_IBUF_inst/O
                         net (fo=88, routed)          2.987     4.429    debounce_btn1/reset_IBUF
    SLICE_X5Y42          FDCE                                         f  debounce_btn1/r_count_reg[15]/CLR
  -------------------------------------------------------------------    -------------------

                         (clock sys_clk_pin rise edge)
                                                      0.000     0.000 r  
    W5                                                0.000     0.000 r  clk (IN)
                         net (fo=0)                   0.000     0.000    clk
    W5                   IBUF (Prop_ibuf_I_O)         1.388     1.388 r  clk_IBUF_inst/O
                         net (fo=1, routed)           1.862     3.250    clk_IBUF
    BUFGCTRL_X0Y0        BUFG (Prop_bufg_I_O)         0.091     3.341 r  clk_IBUF_BUFG_inst/O
                         net (fo=96, routed)          1.516     4.857    debounce_btn1/CLK
    SLICE_X5Y42          FDCE                                         r  debounce_btn1/r_count_reg[15]/C

Slack:                    inf
  Source:                 reset
                            (input port)
  Destination:            debounce_btn1/r_count_reg[16]/CLR
                            (recovery check against rising-edge clock sys_clk_pin  {rise@0.000ns fall@5.000ns period=10.000ns})
  Path Group:             (none)
  Path Type:              Recovery (Max at Slow Process Corner)
  Data Path Delay:        4.429ns  (logic 1.441ns (32.546%)  route 2.987ns (67.454%))
  Logic Levels:           1  (IBUF=1)
  Clock Path Skew:        4.857ns (DCD - SCD + CPR)
    Destination Clock Delay (DCD):    4.857ns
    Source Clock Delay      (SCD):    0.000ns
    Clock Pessimism Removal (CPR):    0.000ns
  Clock Uncertainty:      0.025ns  ((TSJ^2 + TIJ^2)^1/2 + DJ) / 2 + PE
    Total System Jitter     (TSJ):    0.050ns
    Total Input Jitter      (TIJ):    0.000ns
    Discrete Jitter          (DJ):    0.000ns
    Phase Error              (PE):    0.000ns

    Location             Delay type                Incr(ns)  Path(ns)    Netlist Resource(s)
  -------------------------------------------------------------------    -------------------
    U18                                               0.000     0.000 f  reset (IN)
                         net (fo=0)                   0.000     0.000    reset
    U18                  IBUF (Prop_ibuf_I_O)         1.441     1.441 f  reset_IBUF_inst/O
                         net (fo=88, routed)          2.987     4.429    debounce_btn1/reset_IBUF
    SLICE_X5Y42          FDCE                                         f  debounce_btn1/r_count_reg[16]/CLR
  -------------------------------------------------------------------    -------------------

                         (clock sys_clk_pin rise edge)
                                                      0.000     0.000 r  
    W5                                                0.000     0.000 r  clk (IN)
                         net (fo=0)                   0.000     0.000    clk
    W5                   IBUF (Prop_ibuf_I_O)         1.388     1.388 r  clk_IBUF_inst/O
                         net (fo=1, routed)           1.862     3.250    clk_IBUF
    BUFGCTRL_X0Y0        BUFG (Prop_bufg_I_O)         0.091     3.341 r  clk_IBUF_BUFG_inst/O
                         net (fo=96, routed)          1.516     4.857    debounce_btn1/CLK
    SLICE_X5Y42          FDCE                                         r  debounce_btn1/r_count_reg[16]/C

Slack:                    inf
  Source:                 reset
                            (input port)
  Destination:            debounce_btn1/r_count_reg[17]/CLR
                            (recovery check against rising-edge clock sys_clk_pin  {rise@0.000ns fall@5.000ns period=10.000ns})
  Path Group:             (none)
  Path Type:              Recovery (Max at Slow Process Corner)
  Data Path Delay:        4.429ns  (logic 1.441ns (32.546%)  route 2.987ns (67.454%))
  Logic Levels:           1  (IBUF=1)
  Clock Path Skew:        4.857ns (DCD - SCD + CPR)
    Destination Clock Delay (DCD):    4.857ns
    Source Clock Delay      (SCD):    0.000ns
    Clock Pessimism Removal (CPR):    0.000ns
  Clock Uncertainty:      0.025ns  ((TSJ^2 + TIJ^2)^1/2 + DJ) / 2 + PE
    Total System Jitter     (TSJ):    0.050ns
    Total Input Jitter      (TIJ):    0.000ns
    Discrete Jitter          (DJ):    0.000ns
    Phase Error              (PE):    0.000ns

    Location             Delay type                Incr(ns)  Path(ns)    Netlist Resource(s)
  -------------------------------------------------------------------    -------------------
    U18                                               0.000     0.000 f  reset (IN)
                         net (fo=0)                   0.000     0.000    reset
    U18                  IBUF (Prop_ibuf_I_O)         1.441     1.441 f  reset_IBUF_inst/O
                         net (fo=88, routed)          2.987     4.429    debounce_btn1/reset_IBUF
    SLICE_X5Y42          FDCE                                         f  debounce_btn1/r_count_reg[17]/CLR
  -------------------------------------------------------------------    -------------------

                         (clock sys_clk_pin rise edge)
                                                      0.000     0.000 r  
    W5                                                0.000     0.000 r  clk (IN)
                         net (fo=0)                   0.000     0.000    clk
    W5                   IBUF (Prop_ibuf_I_O)         1.388     1.388 r  clk_IBUF_inst/O
                         net (fo=1, routed)           1.862     3.250    clk_IBUF
    BUFGCTRL_X0Y0        BUFG (Prop_bufg_I_O)         0.091     3.341 r  clk_IBUF_BUFG_inst/O
                         net (fo=96, routed)          1.516     4.857    debounce_btn1/CLK
    SLICE_X5Y42          FDCE                                         r  debounce_btn1/r_count_reg[17]/C

Slack:                    inf
  Source:                 reset
                            (input port)
  Destination:            debounce_btn1/r_count_reg[18]/CLR
                            (recovery check against rising-edge clock sys_clk_pin  {rise@0.000ns fall@5.000ns period=10.000ns})
  Path Group:             (none)
  Path Type:              Recovery (Max at Slow Process Corner)
  Data Path Delay:        4.429ns  (logic 1.441ns (32.546%)  route 2.987ns (67.454%))
  Logic Levels:           1  (IBUF=1)
  Clock Path Skew:        4.857ns (DCD - SCD + CPR)
    Destination Clock Delay (DCD):    4.857ns
    Source Clock Delay      (SCD):    0.000ns
    Clock Pessimism Removal (CPR):    0.000ns
  Clock Uncertainty:      0.025ns  ((TSJ^2 + TIJ^2)^1/2 + DJ) / 2 + PE
    Total System Jitter     (TSJ):    0.050ns
    Total Input Jitter      (TIJ):    0.000ns
    Discrete Jitter          (DJ):    0.000ns
    Phase Error              (PE):    0.000ns

    Location             Delay type                Incr(ns)  Path(ns)    Netlist Resource(s)
  -------------------------------------------------------------------    -------------------
    U18                                               0.000     0.000 f  reset (IN)
                         net (fo=0)                   0.000     0.000    reset
    U18                  IBUF (Prop_ibuf_I_O)         1.441     1.441 f  reset_IBUF_inst/O
                         net (fo=88, routed)          2.987     4.429    debounce_btn1/reset_IBUF
    SLICE_X5Y42          FDCE                                         f  debounce_btn1/r_count_reg[18]/CLR
  -------------------------------------------------------------------    -------------------

                         (clock sys_clk_pin rise edge)
                                                      0.000     0.000 r  
    W5                                                0.000     0.000 r  clk (IN)
                         net (fo=0)                   0.000     0.000    clk
    W5                   IBUF (Prop_ibuf_I_O)         1.388     1.388 r  clk_IBUF_inst/O
                         net (fo=1, routed)           1.862     3.250    clk_IBUF
    BUFGCTRL_X0Y0        BUFG (Prop_bufg_I_O)         0.091     3.341 r  clk_IBUF_BUFG_inst/O
                         net (fo=96, routed)          1.516     4.857    debounce_btn1/CLK
    SLICE_X5Y42          FDCE                                         r  debounce_btn1/r_count_reg[18]/C

Slack:                    inf
  Source:                 reset
                            (input port)
  Destination:            debounce_btn1/r_count_reg[10]/CLR
                            (recovery check against rising-edge clock sys_clk_pin  {rise@0.000ns fall@5.000ns period=10.000ns})
  Path Group:             (none)
  Path Type:              Recovery (Max at Slow Process Corner)
  Data Path Delay:        4.290ns  (logic 1.441ns (33.596%)  route 2.849ns (66.404%))
  Logic Levels:           1  (IBUF=1)
  Clock Path Skew:        4.857ns (DCD - SCD + CPR)
    Destination Clock Delay (DCD):    4.857ns
    Source Clock Delay      (SCD):    0.000ns
    Clock Pessimism Removal (CPR):    0.000ns
  Clock Uncertainty:      0.025ns  ((TSJ^2 + TIJ^2)^1/2 + DJ) / 2 + PE
    Total System Jitter     (TSJ):    0.050ns
    Total Input Jitter      (TIJ):    0.000ns
    Discrete Jitter          (DJ):    0.000ns
    Phase Error              (PE):    0.000ns

    Location             Delay type                Incr(ns)  Path(ns)    Netlist Resource(s)
  -------------------------------------------------------------------    -------------------
    U18                                               0.000     0.000 f  reset (IN)
                         net (fo=0)                   0.000     0.000    reset
    U18                  IBUF (Prop_ibuf_I_O)         1.441     1.441 f  reset_IBUF_inst/O
                         net (fo=88, routed)          2.849     4.290    debounce_btn1/reset_IBUF
    SLICE_X5Y41          FDCE                                         f  debounce_btn1/r_count_reg[10]/CLR
  -------------------------------------------------------------------    -------------------

                         (clock sys_clk_pin rise edge)
                                                      0.000     0.000 r  
    W5                                                0.000     0.000 r  clk (IN)
                         net (fo=0)                   0.000     0.000    clk
    W5                   IBUF (Prop_ibuf_I_O)         1.388     1.388 r  clk_IBUF_inst/O
                         net (fo=1, routed)           1.862     3.250    clk_IBUF
    BUFGCTRL_X0Y0        BUFG (Prop_bufg_I_O)         0.091     3.341 r  clk_IBUF_BUFG_inst/O
                         net (fo=96, routed)          1.516     4.857    debounce_btn1/CLK
    SLICE_X5Y41          FDCE                                         r  debounce_btn1/r_count_reg[10]/C

Slack:                    inf
  Source:                 reset
                            (input port)
  Destination:            debounce_btn1/r_count_reg[11]/CLR
                            (recovery check against rising-edge clock sys_clk_pin  {rise@0.000ns fall@5.000ns period=10.000ns})
  Path Group:             (none)
  Path Type:              Recovery (Max at Slow Process Corner)
  Data Path Delay:        4.290ns  (logic 1.441ns (33.596%)  route 2.849ns (66.404%))
  Logic Levels:           1  (IBUF=1)
  Clock Path Skew:        4.857ns (DCD - SCD + CPR)
    Destination Clock Delay (DCD):    4.857ns
    Source Clock Delay      (SCD):    0.000ns
    Clock Pessimism Removal (CPR):    0.000ns
  Clock Uncertainty:      0.025ns  ((TSJ^2 + TIJ^2)^1/2 + DJ) / 2 + PE
    Total System Jitter     (TSJ):    0.050ns
    Total Input Jitter      (TIJ):    0.000ns
    Discrete Jitter          (DJ):    0.000ns
    Phase Error              (PE):    0.000ns

    Location             Delay type                Incr(ns)  Path(ns)    Netlist Resource(s)
  -------------------------------------------------------------------    -------------------
    U18                                               0.000     0.000 f  reset (IN)
                         net (fo=0)                   0.000     0.000    reset
    U18                  IBUF (Prop_ibuf_I_O)         1.441     1.441 f  reset_IBUF_inst/O
                         net (fo=88, routed)          2.849     4.290    debounce_btn1/reset_IBUF
    SLICE_X5Y41          FDCE                                         f  debounce_btn1/r_count_reg[11]/CLR
  -------------------------------------------------------------------    -------------------

                         (clock sys_clk_pin rise edge)
                                                      0.000     0.000 r  
    W5                                                0.000     0.000 r  clk (IN)
                         net (fo=0)                   0.000     0.000    clk
    W5                   IBUF (Prop_ibuf_I_O)         1.388     1.388 r  clk_IBUF_inst/O
                         net (fo=1, routed)           1.862     3.250    clk_IBUF
    BUFGCTRL_X0Y0        BUFG (Prop_bufg_I_O)         0.091     3.341 r  clk_IBUF_BUFG_inst/O
                         net (fo=96, routed)          1.516     4.857    debounce_btn1/CLK
    SLICE_X5Y41          FDCE                                         r  debounce_btn1/r_count_reg[11]/C

Slack:                    inf
  Source:                 reset
                            (input port)
  Destination:            debounce_btn1/r_count_reg[12]/CLR
                            (recovery check against rising-edge clock sys_clk_pin  {rise@0.000ns fall@5.000ns period=10.000ns})
  Path Group:             (none)
  Path Type:              Recovery (Max at Slow Process Corner)
  Data Path Delay:        4.290ns  (logic 1.441ns (33.596%)  route 2.849ns (66.404%))
  Logic Levels:           1  (IBUF=1)
  Clock Path Skew:        4.857ns (DCD - SCD + CPR)
    Destination Clock Delay (DCD):    4.857ns
    Source Clock Delay      (SCD):    0.000ns
    Clock Pessimism Removal (CPR):    0.000ns
  Clock Uncertainty:      0.025ns  ((TSJ^2 + TIJ^2)^1/2 + DJ) / 2 + PE
    Total System Jitter     (TSJ):    0.050ns
    Total Input Jitter      (TIJ):    0.000ns
    Discrete Jitter          (DJ):    0.000ns
    Phase Error              (PE):    0.000ns

    Location             Delay type                Incr(ns)  Path(ns)    Netlist Resource(s)
  -------------------------------------------------------------------    -------------------
    U18                                               0.000     0.000 f  reset (IN)
                         net (fo=0)                   0.000     0.000    reset
    U18                  IBUF (Prop_ibuf_I_O)         1.441     1.441 f  reset_IBUF_inst/O
                         net (fo=88, routed)          2.849     4.290    debounce_btn1/reset_IBUF
    SLICE_X5Y41          FDCE                                         f  debounce_btn1/r_count_reg[12]/CLR
  -------------------------------------------------------------------    -------------------

                         (clock sys_clk_pin rise edge)
                                                      0.000     0.000 r  
    W5                                                0.000     0.000 r  clk (IN)
                         net (fo=0)                   0.000     0.000    clk
    W5                   IBUF (Prop_ibuf_I_O)         1.388     1.388 r  clk_IBUF_inst/O
                         net (fo=1, routed)           1.862     3.250    clk_IBUF
    BUFGCTRL_X0Y0        BUFG (Prop_bufg_I_O)         0.091     3.341 r  clk_IBUF_BUFG_inst/O
                         net (fo=96, routed)          1.516     4.857    debounce_btn1/CLK
    SLICE_X5Y41          FDCE                                         r  debounce_btn1/r_count_reg[12]/C

Slack:                    inf
  Source:                 reset
                            (input port)
  Destination:            debounce_btn1/r_count_reg[9]/CLR
                            (recovery check against rising-edge clock sys_clk_pin  {rise@0.000ns fall@5.000ns period=10.000ns})
  Path Group:             (none)
  Path Type:              Recovery (Max at Slow Process Corner)
  Data Path Delay:        4.290ns  (logic 1.441ns (33.596%)  route 2.849ns (66.404%))
  Logic Levels:           1  (IBUF=1)
  Clock Path Skew:        4.857ns (DCD - SCD + CPR)
    Destination Clock Delay (DCD):    4.857ns
    Source Clock Delay      (SCD):    0.000ns
    Clock Pessimism Removal (CPR):    0.000ns
  Clock Uncertainty:      0.025ns  ((TSJ^2 + TIJ^2)^1/2 + DJ) / 2 + PE
    Total System Jitter     (TSJ):    0.050ns
    Total Input Jitter      (TIJ):    0.000ns
    Discrete Jitter          (DJ):    0.000ns
    Phase Error              (PE):    0.000ns

    Location             Delay type                Incr(ns)  Path(ns)    Netlist Resource(s)
  -------------------------------------------------------------------    -------------------
    U18                                               0.000     0.000 f  reset (IN)
                         net (fo=0)                   0.000     0.000    reset
    U18                  IBUF (Prop_ibuf_I_O)         1.441     1.441 f  reset_IBUF_inst/O
                         net (fo=88, routed)          2.849     4.290    debounce_btn1/reset_IBUF
    SLICE_X5Y41          FDCE                                         f  debounce_btn1/r_count_reg[9]/CLR
  -------------------------------------------------------------------    -------------------

                         (clock sys_clk_pin rise edge)
                                                      0.000     0.000 r  
    W5                                                0.000     0.000 r  clk (IN)
                         net (fo=0)                   0.000     0.000    clk
    W5                   IBUF (Prop_ibuf_I_O)         1.388     1.388 r  clk_IBUF_inst/O
                         net (fo=1, routed)           1.862     3.250    clk_IBUF
    BUFGCTRL_X0Y0        BUFG (Prop_bufg_I_O)         0.091     3.341 r  clk_IBUF_BUFG_inst/O
                         net (fo=96, routed)          1.516     4.857    debounce_btn1/CLK
    SLICE_X5Y41          FDCE                                         r  debounce_btn1/r_count_reg[9]/C





Min Delay Paths
--------------------------------------------------------------------------------------
Slack:                    inf
  Source:                 btn2
                            (input port)
  Destination:            btn2_sync1_reg/D
                            (rising edge-triggered cell FDRE clocked by sys_clk_pin  {rise@0.000ns fall@5.000ns period=10.000ns})
  Path Group:             (none)
  Path Type:              Hold (Min at Fast Process Corner)
  Data Path Delay:        0.596ns  (logic 0.219ns (36.807%)  route 0.377ns (63.193%))
  Logic Levels:           1  (IBUF=1)
  Clock Path Skew:        1.980ns (DCD - SCD - CPR)
    Destination Clock Delay (DCD):    1.980ns
    Source Clock Delay      (SCD):    0.000ns
    Clock Pessimism Removal (CPR):    -0.000ns

    Location             Delay type                Incr(ns)  Path(ns)    Netlist Resource(s)
  -------------------------------------------------------------------    -------------------
    W19                                               0.000     0.000 r  btn2 (IN)
                         net (fo=0)                   0.000     0.000    btn2
    W19                  IBUF (Prop_ibuf_I_O)         0.219     0.219 r  btn2_IBUF_inst/O
                         net (fo=1, routed)           0.377     0.596    btn2_IBUF
    SLICE_X0Y22          FDRE                                         r  btn2_sync1_reg/D
  -------------------------------------------------------------------    -------------------

                         (clock sys_clk_pin rise edge)
                                                      0.000     0.000 r  
    W5                                                0.000     0.000 r  clk (IN)
                         net (fo=0)                   0.000     0.000    clk
    W5                   IBUF (Prop_ibuf_I_O)         0.414     0.414 r  clk_IBUF_inst/O
                         net (fo=1, routed)           0.685     1.099    clk_IBUF
    BUFGCTRL_X0Y0        BUFG (Prop_bufg_I_O)         0.029     1.128 r  clk_IBUF_BUFG_inst/O
                         net (fo=96, routed)          0.853     1.980    clk_IBUF_BUFG
    SLICE_X0Y22          FDRE                                         r  btn2_sync1_reg/C

Slack:                    inf
  Source:                 btn3
                            (input port)
  Destination:            btn3_sync1_reg/D
                            (rising edge-triggered cell FDRE clocked by sys_clk_pin  {rise@0.000ns fall@5.000ns period=10.000ns})
  Path Group:             (none)
  Path Type:              Hold (Min at Fast Process Corner)
  Data Path Delay:        0.615ns  (logic 0.219ns (35.640%)  route 0.396ns (64.360%))
  Logic Levels:           1  (IBUF=1)
  Clock Path Skew:        1.986ns (DCD - SCD - CPR)
    Destination Clock Delay (DCD):    1.986ns
    Source Clock Delay      (SCD):    0.000ns
    Clock Pessimism Removal (CPR):    -0.000ns

    Location             Delay type                Incr(ns)  Path(ns)    Netlist Resource(s)
  -------------------------------------------------------------------    -------------------
    T17                                               0.000     0.000 r  btn3 (IN)
                         net (fo=0)                   0.000     0.000    btn3
    T17                  IBUF (Prop_ibuf_I_O)         0.219     0.219 r  btn3_IBUF_inst/O
                         net (fo=1, routed)           0.396     0.615    btn3_IBUF
    SLICE_X0Y16          FDRE                                         r  btn3_sync1_reg/D
  -------------------------------------------------------------------    -------------------

                         (clock sys_clk_pin rise edge)
                                                      0.000     0.000 r  
    W5                                                0.000     0.000 r  clk (IN)
                         net (fo=0)                   0.000     0.000    clk
    W5                   IBUF (Prop_ibuf_I_O)         0.414     0.414 r  clk_IBUF_inst/O
                         net (fo=1, routed)           0.685     1.099    clk_IBUF
    BUFGCTRL_X0Y0        BUFG (Prop_bufg_I_O)         0.029     1.128 r  clk_IBUF_BUFG_inst/O
                         net (fo=96, routed)          0.859     1.986    clk_IBUF_BUFG
    SLICE_X0Y16          FDRE                                         r  btn3_sync1_reg/C

Slack:                    inf
  Source:                 btn0
                            (input port)
  Destination:            btn0_sync1_reg/D
                            (rising edge-triggered cell FDRE clocked by sys_clk_pin  {rise@0.000ns fall@5.000ns period=10.000ns})
  Path Group:             (none)
  Path Type:              Hold (Min at Fast Process Corner)
  Data Path Delay:        0.667ns  (logic 0.221ns (33.083%)  route 0.446ns (66.917%))
  Logic Levels:           1  (IBUF=1)
  Clock Path Skew:        1.993ns (DCD - SCD - CPR)
    Destination Clock Delay (DCD):    1.993ns
    Source Clock Delay      (SCD):    0.000ns
    Clock Pessimism Removal (CPR):    -0.000ns

    Location             Delay type                Incr(ns)  Path(ns)    Netlist Resource(s)
  -------------------------------------------------------------------    -------------------
    U17                                               0.000     0.000 r  btn0 (IN)
                         net (fo=0)                   0.000     0.000    btn0
    U17                  IBUF (Prop_ibuf_I_O)         0.221     0.221 r  btn0_IBUF_inst/O
                         net (fo=1, routed)           0.446     0.667    btn0_IBUF
    SLICE_X0Y6           FDRE                                         r  btn0_sync1_reg/D
  -------------------------------------------------------------------    -------------------

                         (clock sys_clk_pin rise edge)
                                                      0.000     0.000 r  
    W5                                                0.000     0.000 r  clk (IN)
                         net (fo=0)                   0.000     0.000    clk
    W5                   IBUF (Prop_ibuf_I_O)         0.414     0.414 r  clk_IBUF_inst/O
                         net (fo=1, routed)           0.685     1.099    clk_IBUF
    BUFGCTRL_X0Y0        BUFG (Prop_bufg_I_O)         0.029     1.128 r  clk_IBUF_BUFG_inst/O
                         net (fo=96, routed)          0.866     1.993    clk_IBUF_BUFG
    SLICE_X0Y6           FDRE                                         r  btn0_sync1_reg/C

Slack:                    inf
  Source:                 reset
                            (input port)
  Destination:            debounce_btn2/r_count_reg[0]/CLR
                            (removal check against rising-edge clock sys_clk_pin  {rise@0.000ns fall@5.000ns period=10.000ns})
  Path Group:             (none)
  Path Type:              Removal (Min at Fast Process Corner)
  Data Path Delay:        0.693ns  (logic 0.210ns (30.231%)  route 0.484ns (69.769%))
  Logic Levels:           1  (IBUF=1)
  Clock Path Skew:        1.986ns (DCD - SCD - CPR)
    Destination Clock Delay (DCD):    1.986ns
    Source Clock Delay      (SCD):    0.000ns
    Clock Pessimism Removal (CPR):    -0.000ns

    Location             Delay type                Incr(ns)  Path(ns)    Netlist Resource(s)
  -------------------------------------------------------------------    -------------------
    U18                                               0.000     0.000 f  reset (IN)
                         net (fo=0)                   0.000     0.000    reset
    U18                  IBUF (Prop_ibuf_I_O)         0.210     0.210 f  reset_IBUF_inst/O
                         net (fo=88, routed)          0.484     0.693    debounce_btn2/reset_IBUF
    SLICE_X1Y16          FDCE                                         f  debounce_btn2/r_count_reg[0]/CLR
  -------------------------------------------------------------------    -------------------

                         (clock sys_clk_pin rise edge)
                                                      0.000     0.000 r  
    W5                                                0.000     0.000 r  clk (IN)
                         net (fo=0)                   0.000     0.000    clk
    W5                   IBUF (Prop_ibuf_I_O)         0.414     0.414 r  clk_IBUF_inst/O
                         net (fo=1, routed)           0.685     1.099    clk_IBUF
    BUFGCTRL_X0Y0        BUFG (Prop_bufg_I_O)         0.029     1.128 r  clk_IBUF_BUFG_inst/O
                         net (fo=96, routed)          0.859     1.986    debounce_btn2/CLK
    SLICE_X1Y16          FDCE                                         r  debounce_btn2/r_count_reg[0]/C

Slack:                    inf
  Source:                 reset
                            (input port)
  Destination:            debounce_btn2/r_count_reg[1]/CLR
                            (removal check against rising-edge clock sys_clk_pin  {rise@0.000ns fall@5.000ns period=10.000ns})
  Path Group:             (none)
  Path Type:              Removal (Min at Fast Process Corner)
  Data Path Delay:        0.693ns  (logic 0.210ns (30.231%)  route 0.484ns (69.769%))
  Logic Levels:           1  (IBUF=1)
  Clock Path Skew:        1.986ns (DCD - SCD - CPR)
    Destination Clock Delay (DCD):    1.986ns
    Source Clock Delay      (SCD):    0.000ns
    Clock Pessimism Removal (CPR):    -0.000ns

    Location             Delay type                Incr(ns)  Path(ns)    Netlist Resource(s)
  -------------------------------------------------------------------    -------------------
    U18                                               0.000     0.000 f  reset (IN)
                         net (fo=0)                   0.000     0.000    reset
    U18                  IBUF (Prop_ibuf_I_O)         0.210     0.210 f  reset_IBUF_inst/O
                         net (fo=88, routed)          0.484     0.693    debounce_btn2/reset_IBUF
    SLICE_X1Y16          FDCE                                         f  debounce_btn2/r_count_reg[1]/CLR
  -------------------------------------------------------------------    -------------------

                         (clock sys_clk_pin rise edge)
                                                      0.000     0.000 r  
    W5                                                0.000     0.000 r  clk (IN)
                         net (fo=0)                   0.000     0.000    clk
    W5                   IBUF (Prop_ibuf_I_O)         0.414     0.414 r  clk_IBUF_inst/O
                         net (fo=1, routed)           0.685     1.099    clk_IBUF
    BUFGCTRL_X0Y0        BUFG (Prop_bufg_I_O)         0.029     1.128 r  clk_IBUF_BUFG_inst/O
                         net (fo=96, routed)          0.859     1.986    debounce_btn2/CLK
    SLICE_X1Y16          FDCE                                         r  debounce_btn2/r_count_reg[1]/C

Slack:                    inf
  Source:                 reset
                            (input port)
  Destination:            debounce_btn2/r_count_reg[2]/CLR
                            (removal check against rising-edge clock sys_clk_pin  {rise@0.000ns fall@5.000ns period=10.000ns})
  Path Group:             (none)
  Path Type:              Removal (Min at Fast Process Corner)
  Data Path Delay:        0.693ns  (logic 0.210ns (30.231%)  route 0.484ns (69.769%))
  Logic Levels:           1  (IBUF=1)
  Clock Path Skew:        1.986ns (DCD - SCD - CPR)
    Destination Clock Delay (DCD):    1.986ns
    Source Clock Delay      (SCD):    0.000ns
    Clock Pessimism Removal (CPR):    -0.000ns

    Location             Delay type                Incr(ns)  Path(ns)    Netlist Resource(s)
  -------------------------------------------------------------------    -------------------
    U18                                               0.000     0.000 f  reset (IN)
                         net (fo=0)                   0.000     0.000    reset
    U18                  IBUF (Prop_ibuf_I_O)         0.210     0.210 f  reset_IBUF_inst/O
                         net (fo=88, routed)          0.484     0.693    debounce_btn2/reset_IBUF
    SLICE_X1Y16          FDCE                                         f  debounce_btn2/r_count_reg[2]/CLR
  -------------------------------------------------------------------    -------------------

                         (clock sys_clk_pin rise edge)
                                                      0.000     0.000 r  
    W5                                                0.000     0.000 r  clk (IN)
                         net (fo=0)                   0.000     0.000    clk
    W5                   IBUF (Prop_ibuf_I_O)         0.414     0.414 r  clk_IBUF_inst/O
                         net (fo=1, routed)           0.685     1.099    clk_IBUF
    BUFGCTRL_X0Y0        BUFG (Prop_bufg_I_O)         0.029     1.128 r  clk_IBUF_BUFG_inst/O
                         net (fo=96, routed)          0.859     1.986    debounce_btn2/CLK
    SLICE_X1Y16          FDCE                                         r  debounce_btn2/r_count_reg[2]/C

Slack:                    inf
  Source:                 reset
                            (input port)
  Destination:            debounce_btn2/r_count_reg[3]/CLR
                            (removal check against rising-edge clock sys_clk_pin  {rise@0.000ns fall@5.000ns period=10.000ns})
  Path Group:             (none)
  Path Type:              Removal (Min at Fast Process Corner)
  Data Path Delay:        0.693ns  (logic 0.210ns (30.231%)  route 0.484ns (69.769%))
  Logic Levels:           1  (IBUF=1)
  Clock Path Skew:        1.986ns (DCD - SCD - CPR)
    Destination Clock Delay (DCD):    1.986ns
    Source Clock Delay      (SCD):    0.000ns
    Clock Pessimism Removal (CPR):    -0.000ns

    Location             Delay type                Incr(ns)  Path(ns)    Netlist Resource(s)
  -------------------------------------------------------------------    -------------------
    U18                                               0.000     0.000 f  reset (IN)
                         net (fo=0)                   0.000     0.000    reset
    U18                  IBUF (Prop_ibuf_I_O)         0.210     0.210 f  reset_IBUF_inst/O
                         net (fo=88, routed)          0.484     0.693    debounce_btn2/reset_IBUF
    SLICE_X1Y16          FDCE                                         f  debounce_btn2/r_count_reg[3]/CLR
  -------------------------------------------------------------------    -------------------

                         (clock sys_clk_pin rise edge)
                                                      0.000     0.000 r  
    W5                                                0.000     0.000 r  clk (IN)
                         net (fo=0)                   0.000     0.000    clk
    W5                   IBUF (Prop_ibuf_I_O)         0.414     0.414 r  clk_IBUF_inst/O
                         net (fo=1, routed)           0.685     1.099    clk_IBUF
    BUFGCTRL_X0Y0        BUFG (Prop_bufg_I_O)         0.029     1.128 r  clk_IBUF_BUFG_inst/O
                         net (fo=96, routed)          0.859     1.986    debounce_btn2/CLK
    SLICE_X1Y16          FDCE                                         r  debounce_btn2/r_count_reg[3]/C

Slack:                    inf
  Source:                 reset
                            (input port)
  Destination:            debounce_btn2/r_count_reg[4]/CLR
                            (removal check against rising-edge clock sys_clk_pin  {rise@0.000ns fall@5.000ns period=10.000ns})
  Path Group:             (none)
  Path Type:              Removal (Min at Fast Process Corner)
  Data Path Delay:        0.693ns  (logic 0.210ns (30.231%)  route 0.484ns (69.769%))
  Logic Levels:           1  (IBUF=1)
  Clock Path Skew:        1.986ns (DCD - SCD - CPR)
    Destination Clock Delay (DCD):    1.986ns
    Source Clock Delay      (SCD):    0.000ns
    Clock Pessimism Removal (CPR):    -0.000ns

    Location             Delay type                Incr(ns)  Path(ns)    Netlist Resource(s)
  -------------------------------------------------------------------    -------------------
    U18                                               0.000     0.000 f  reset (IN)
                         net (fo=0)                   0.000     0.000    reset
    U18                  IBUF (Prop_ibuf_I_O)         0.210     0.210 f  reset_IBUF_inst/O
                         net (fo=88, routed)          0.484     0.693    debounce_btn2/reset_IBUF
    SLICE_X1Y16          FDCE                                         f  debounce_btn2/r_count_reg[4]/CLR
  -------------------------------------------------------------------    -------------------

                         (clock sys_clk_pin rise edge)
                                                      0.000     0.000 r  
    W5                                                0.000     0.000 r  clk (IN)
                         net (fo=0)                   0.000     0.000    clk
    W5                   IBUF (Prop_ibuf_I_O)         0.414     0.414 r  clk_IBUF_inst/O
                         net (fo=1, routed)           0.685     1.099    clk_IBUF
    BUFGCTRL_X0Y0        BUFG (Prop_bufg_I_O)         0.029     1.128 r  clk_IBUF_BUFG_inst/O
                         net (fo=96, routed)          0.859     1.986    debounce_btn2/CLK
    SLICE_X1Y16          FDCE                                         r  debounce_btn2/r_count_reg[4]/C

Slack:                    inf
  Source:                 reset
                            (input port)
  Destination:            debounce_btn3/r_count_reg[8]/CLR
                            (removal check against rising-edge clock sys_clk_pin  {rise@0.000ns fall@5.000ns period=10.000ns})
  Path Group:             (none)
  Path Type:              Removal (Min at Fast Process Corner)
  Data Path Delay:        0.733ns  (logic 0.210ns (28.587%)  route 0.523ns (71.413%))
  Logic Levels:           1  (IBUF=1)
  Clock Path Skew:        1.985ns (DCD - SCD - CPR)
    Destination Clock Delay (DCD):    1.985ns
    Source Clock Delay      (SCD):    0.000ns
    Clock Pessimism Removal (CPR):    -0.000ns

    Location             Delay type                Incr(ns)  Path(ns)    Netlist Resource(s)
  -------------------------------------------------------------------    -------------------
    U18                                               0.000     0.000 f  reset (IN)
                         net (fo=0)                   0.000     0.000    reset
    U18                  IBUF (Prop_ibuf_I_O)         0.210     0.210 f  reset_IBUF_inst/O
                         net (fo=88, routed)          0.523     0.733    debounce_btn3/reset_IBUF
    SLICE_X3Y17          FDCE                                         f  debounce_btn3/r_count_reg[8]/CLR
  -------------------------------------------------------------------    -------------------

                         (clock sys_clk_pin rise edge)
                                                      0.000     0.000 r  
    W5                                                0.000     0.000 r  clk (IN)
                         net (fo=0)                   0.000     0.000    clk
    W5                   IBUF (Prop_ibuf_I_O)         0.414     0.414 r  clk_IBUF_inst/O
                         net (fo=1, routed)           0.685     1.099    clk_IBUF
    BUFGCTRL_X0Y0        BUFG (Prop_bufg_I_O)         0.029     1.128 r  clk_IBUF_BUFG_inst/O
                         net (fo=96, routed)          0.858     1.985    debounce_btn3/CLK
    SLICE_X3Y17          FDCE                                         r  debounce_btn3/r_count_reg[8]/C

Slack:                    inf
  Source:                 reset
                            (input port)
  Destination:            debounce_btn3/r_output_reg/CLR
                            (removal check against rising-edge clock sys_clk_pin  {rise@0.000ns fall@5.000ns period=10.000ns})
  Path Group:             (none)
  Path Type:              Removal (Min at Fast Process Corner)
  Data Path Delay:        0.733ns  (logic 0.210ns (28.587%)  route 0.523ns (71.413%))
  Logic Levels:           1  (IBUF=1)
  Clock Path Skew:        1.985ns (DCD - SCD - CPR)
    Destination Clock Delay (DCD):    1.985ns
    Source Clock Delay      (SCD):    0.000ns
    Clock Pessimism Removal (CPR):    -0.000ns

    Location             Delay type                Incr(ns)  Path(ns)    Netlist Resource(s)
  -------------------------------------------------------------------    -------------------
    U18                                               0.000     0.000 f  reset (IN)
                         net (fo=0)                   0.000     0.000    reset
    U18                  IBUF (Prop_ibuf_I_O)         0.210     0.210 f  reset_IBUF_inst/O
                         net (fo=88, routed)          0.523     0.733    debounce_btn3/reset_IBUF
    SLICE_X3Y17          FDCE                                         f  debounce_btn3/r_output_reg/CLR
  -------------------------------------------------------------------    -------------------

                         (clock sys_clk_pin rise edge)
                                                      0.000     0.000 r  
    W5                                                0.000     0.000 r  clk (IN)
                         net (fo=0)                   0.000     0.000    clk
    W5                   IBUF (Prop_ibuf_I_O)         0.414     0.414 r  clk_IBUF_inst/O
                         net (fo=1, routed)           0.685     1.099    clk_IBUF
    BUFGCTRL_X0Y0        BUFG (Prop_bufg_I_O)         0.029     1.128 r  clk_IBUF_BUFG_inst/O
                         net (fo=96, routed)          0.858     1.985    debounce_btn3/CLK
    SLICE_X3Y17          FDCE                                         r  debounce_btn3/r_output_reg/C





