Copyright 1986-2022 Xilinx, Inc. All Rights Reserved. Copyright 2022-2026 Advanced Micro Devices, Inc. All Rights Reserved.
---------------------------------------------------------------------------------------------------------------------------------------------------------------------------------------------------------------------------------------------
| Tool Version : Vivado v.2025.2.1 (win64) Build 6403652 Thu Mar 19 19:48:24 GMT 2026
| Date         : Fri Apr 10 16:02:14 2026
| Host         : DESKTOP-Q1F9NDB running 64-bit major release  (build 9200)
| Command      : report_timing_summary -max_paths 10 -routable_nets -report_unconstrained -file up_down_fnd_timing_summary_routed.rpt -pb up_down_fnd_timing_summary_routed.pb -rpx up_down_fnd_timing_summary_routed.rpx -warn_on_violation
| Design       : up_down_fnd
| Device       : 7a35t-cpg236
| Speed File   : -1  PRODUCTION 1.23 2018-06-13
| Design State : Routed
---------------------------------------------------------------------------------------------------------------------------------------------------------------------------------------------------------------------------------------------

Timing Summary Report

------------------------------------------------------------------------------------------------
| Timer Settings
| --------------
------------------------------------------------------------------------------------------------

  Enable Multi Corner Analysis               :  Yes
  Enable Pessimism Removal                   :  Yes
  Pessimism Removal Resolution               :  Nearest Common Node
  Enable Input Delay Default Clock           :  No
  Enable Preset / Clear Arcs                 :  No
  Disable Flight Delays                      :  No
  Ignore I/O Paths                           :  No
  Timing Early Launch at Borrowing Latches   :  No
  Borrow Time for Max Delay Exceptions       :  Yes
  Merge Timing Exceptions                    :  Yes
  Inter-SLR Compensation                     :  Conservative

  Corner  Analyze    Analyze    
  Name    Max Paths  Min Paths  
  ------  ---------  ---------  
  Slow    Yes        Yes        
  Fast    Yes        Yes        


------------------------------------------------------------------------------------------------
| Report Methodology
| ------------------
------------------------------------------------------------------------------------------------

Rule       Severity  Description                    Violations  
---------  --------  -----------------------------  ----------  
TIMING-18  Warning   Missing input or output delay  10          

Note: This report is based on the most recent report_methodology run and may not be up-to-date. Run report_methodology on the current design for the latest report.



check_timing report

Table of Contents
-----------------
1. checking no_clock (0)
2. checking constant_clock (0)
3. checking pulse_width_clock (0)
4. checking unconstrained_internal_endpoints (0)
5. checking no_input_delay (3)
6. checking no_output_delay (7)
7. checking multiple_clock (0)
8. checking generated_clocks (0)
9. checking loops (0)
10. checking partial_input_delay (0)
11. checking partial_output_delay (0)
12. checking latch_loops (0)

1. checking no_clock (0)
------------------------
 There are 0 register/latch pins with no clock.


2. checking constant_clock (0)
------------------------------
 There are 0 register/latch pins with constant_clock.


3. checking pulse_width_clock (0)
---------------------------------
 There are 0 register/latch pins which need pulse_width check


4. checking unconstrained_internal_endpoints (0)
------------------------------------------------
 There are 0 pins that are not constrained for maximum delay.

 There are 0 pins that are not constrained for maximum delay due to constant clock.


5. checking no_input_delay (3)
------------------------------
 There are 3 input ports with no input delay specified. (HIGH)

 There are 0 input ports with no input delay but user has a false path constraint.


6. checking no_output_delay (7)
-------------------------------
 There are 7 ports with no output delay specified. (HIGH)

 There are 0 ports with no output delay but user has a false path constraint

 There are 0 ports with no output delay but with a timing clock defined on it or propagating through it


7. checking multiple_clock (0)
------------------------------
 There are 0 register/latch pins with multiple clocks.


8. checking generated_clocks (0)
--------------------------------
 There are 0 generated clocks that are not connected to a clock source.


9. checking loops (0)
---------------------
 There are 0 combinational loops in the design.


10. checking partial_input_delay (0)
------------------------------------
 There are 0 input ports with partial input delay specified.


11. checking partial_output_delay (0)
-------------------------------------
 There are 0 ports with partial output delay specified.


12. checking latch_loops (0)
----------------------------
 There are 0 combinational latch loops in the design through latch input



------------------------------------------------------------------------------------------------
| Design Timing Summary
| ---------------------
------------------------------------------------------------------------------------------------

    WNS(ns)      TNS(ns)  TNS Failing Endpoints  TNS Total Endpoints      WHS(ns)      THS(ns)  THS Failing Endpoints  THS Total Endpoints     WPWS(ns)     TPWS(ns)  TPWS Failing Endpoints  TPWS Total Endpoints  
    -------      -------  ---------------------  -------------------      -------      -------  ---------------------  -------------------     --------     --------  ----------------------  --------------------  
      5.590        0.000                      0                   84        0.143        0.000                      0                   84        4.500        0.000                       0                    83  


All user specified timing constraints are met.


------------------------------------------------------------------------------------------------
| Clock Summary
| -------------
------------------------------------------------------------------------------------------------

Clock        Waveform(ns)       Period(ns)      Frequency(MHz)
-----        ------------       ----------      --------------
sys_clk_pin  {0.000 5.000}      10.000          100.000         


------------------------------------------------------------------------------------------------
| Intra Clock Table
| -----------------
------------------------------------------------------------------------------------------------

Clock             WNS(ns)      TNS(ns)  TNS Failing Endpoints  TNS Total Endpoints      WHS(ns)      THS(ns)  THS Failing Endpoints  THS Total Endpoints     WPWS(ns)     TPWS(ns)  TPWS Failing Endpoints  TPWS Total Endpoints  
-----             -------      -------  ---------------------  -------------------      -------      -------  ---------------------  -------------------     --------     --------  ----------------------  --------------------  
sys_clk_pin         5.590        0.000                      0                   84        0.143        0.000                      0                   84        4.500        0.000                       0                    83  


------------------------------------------------------------------------------------------------
| Inter Clock Table
| -----------------
------------------------------------------------------------------------------------------------

From Clock    To Clock          WNS(ns)      TNS(ns)  TNS Failing Endpoints  TNS Total Endpoints      WHS(ns)      THS(ns)  THS Failing Endpoints  THS Total Endpoints  
----------    --------          -------      -------  ---------------------  -------------------      -------      -------  ---------------------  -------------------  


------------------------------------------------------------------------------------------------
| Other Path Groups Table
| -----------------------
------------------------------------------------------------------------------------------------

Path Group    From Clock    To Clock          WNS(ns)      TNS(ns)  TNS Failing Endpoints  TNS Total Endpoints      WHS(ns)      THS(ns)  THS Failing Endpoints  THS Total Endpoints  
----------    ----------    --------          -------      -------  ---------------------  -------------------      -------      -------  ---------------------  -------------------  


------------------------------------------------------------------------------------------------
| User Ignored Path Table
| -----------------------
------------------------------------------------------------------------------------------------

Path Group    From Clock    To Clock    
----------    ----------    --------    


------------------------------------------------------------------------------------------------
| Unconstrained Path Table
| ------------------------
------------------------------------------------------------------------------------------------

Path Group    From Clock    To Clock    
----------    ----------    --------    
(none)        sys_clk_pin                 
(none)                      sys_clk_pin   


------------------------------------------------------------------------------------------------
| Timing Details
| --------------
------------------------------------------------------------------------------------------------


---------------------------------------------------------------------------------------------------
From Clock:  sys_clk_pin
  To Clock:  sys_clk_pin

Setup :            0  Failing Endpoints,  Worst Slack        5.590ns,  Total Violation        0.000ns
Hold  :            0  Failing Endpoints,  Worst Slack        0.143ns,  Total Violation        0.000ns
PW    :            0  Failing Endpoints,  Worst Slack        4.500ns,  Total Violation        0.000ns
---------------------------------------------------------------------------------------------------


Max Delay Paths
--------------------------------------------------------------------------------------
Slack (MET) :             5.590ns  (required time - arrival time)
  Source:                 cnt_reg[15]/C
                            (rising edge-triggered cell FDCE clocked by sys_clk_pin  {rise@0.000ns fall@5.000ns period=10.000ns})
  Destination:            cnt_reg[25]/D
                            (rising edge-triggered cell FDCE clocked by sys_clk_pin  {rise@0.000ns fall@5.000ns period=10.000ns})
  Path Group:             sys_clk_pin
  Path Type:              Setup (Max at Slow Process Corner)
  Requirement:            10.000ns  (sys_clk_pin rise@10.000ns - sys_clk_pin rise@0.000ns)
  Data Path Delay:        4.410ns  (logic 2.258ns (51.204%)  route 2.152ns (48.796%))
  Logic Levels:           10  (CARRY4=7 LUT4=1 LUT6=2)
  Clock Path Skew:        -0.027ns (DCD - SCD + CPR)
    Destination Clock Delay (DCD):    4.855ns = ( 14.855 - 10.000 ) 
    Source Clock Delay      (SCD):    5.156ns
    Clock Pessimism Removal (CPR):    0.274ns
  Clock Uncertainty:      0.035ns  ((TSJ^2 + TIJ^2)^1/2 + DJ) / 2 + PE
    Total System Jitter     (TSJ):    0.071ns
    Total Input Jitter      (TIJ):    0.000ns
    Discrete Jitter          (DJ):    0.000ns
    Phase Error              (PE):    0.000ns

    Location             Delay type                Incr(ns)  Path(ns)    Netlist Resource(s)
  -------------------------------------------------------------------    -------------------
                         (clock sys_clk_pin rise edge)
                                                      0.000     0.000 r  
    W5                                                0.000     0.000 r  clk (IN)
                         net (fo=0)                   0.000     0.000    clk
    W5                   IBUF (Prop_ibuf_I_O)         1.458     1.458 r  clk_IBUF_inst/O
                         net (fo=1, routed)           1.967     3.425    clk_IBUF
    BUFGCTRL_X0Y0        BUFG (Prop_bufg_I_O)         0.096     3.521 r  clk_IBUF_BUFG_inst/O
                         net (fo=82, routed)          1.635     5.156    clk_IBUF_BUFG
    SLICE_X62Y11         FDCE                                         r  cnt_reg[15]/C
  -------------------------------------------------------------------    -------------------
    SLICE_X62Y11         FDCE (Prop_fdce_C_Q)         0.456     5.612 f  cnt_reg[15]/Q
                         net (fo=2, routed)           0.679     6.291    cnt_reg[15]
    SLICE_X63Y11         LUT4 (Prop_lut4_I0_O)        0.124     6.415 r  tick_i_4/O
                         net (fo=1, routed)           0.797     7.213    tick_i_4_n_0
    SLICE_X63Y10         LUT6 (Prop_lut6_I2_O)        0.124     7.337 f  tick_i_3/O
                         net (fo=27, routed)          0.480     7.817    tick_i_3_n_0
    SLICE_X63Y8          LUT6 (Prop_lut6_I2_O)        0.124     7.941 r  cnt[0]_i_2/O
                         net (fo=1, routed)           0.195     8.136    cnt[0]_i_2_n_0
    SLICE_X62Y8          CARRY4 (Prop_carry4_DI[0]_CO[3])
                                                      0.526     8.662 r  cnt_reg[0]_i_1/CO[3]
                         net (fo=1, routed)           0.000     8.662    cnt_reg[0]_i_1_n_0
    SLICE_X62Y9          CARRY4 (Prop_carry4_CI_CO[3])
                                                      0.114     8.776 r  cnt_reg[4]_i_1/CO[3]
                         net (fo=1, routed)           0.000     8.776    cnt_reg[4]_i_1_n_0
    SLICE_X62Y10         CARRY4 (Prop_carry4_CI_CO[3])
                                                      0.114     8.890 r  cnt_reg[8]_i_1/CO[3]
                         net (fo=1, routed)           0.000     8.890    cnt_reg[8]_i_1_n_0
    SLICE_X62Y11         CARRY4 (Prop_carry4_CI_CO[3])
                                                      0.114     9.004 r  cnt_reg[12]_i_1/CO[3]
                         net (fo=1, routed)           0.000     9.004    cnt_reg[12]_i_1_n_0
    SLICE_X62Y12         CARRY4 (Prop_carry4_CI_CO[3])
                                                      0.114     9.118 r  cnt_reg[16]_i_1/CO[3]
                         net (fo=1, routed)           0.000     9.118    cnt_reg[16]_i_1_n_0
    SLICE_X62Y13         CARRY4 (Prop_carry4_CI_CO[3])
                                                      0.114     9.232 r  cnt_reg[20]_i_1/CO[3]
                         net (fo=1, routed)           0.000     9.232    cnt_reg[20]_i_1_n_0
    SLICE_X62Y14         CARRY4 (Prop_carry4_CI_O[1])
                                                      0.334     9.566 r  cnt_reg[24]_i_1/O[1]
                         net (fo=1, routed)           0.000     9.566    cnt_reg[24]_i_1_n_6
    SLICE_X62Y14         FDCE                                         r  cnt_reg[25]/D
  -------------------------------------------------------------------    -------------------

                         (clock sys_clk_pin rise edge)
                                                     10.000    10.000 r  
    W5                                                0.000    10.000 r  clk (IN)
                         net (fo=0)                   0.000    10.000    clk
    W5                   IBUF (Prop_ibuf_I_O)         1.388    11.388 r  clk_IBUF_inst/O
                         net (fo=1, routed)           1.862    13.250    clk_IBUF
    BUFGCTRL_X0Y0        BUFG (Prop_bufg_I_O)         0.091    13.341 r  clk_IBUF_BUFG_inst/O
                         net (fo=82, routed)          1.514    14.855    clk_IBUF_BUFG
    SLICE_X62Y14         FDCE                                         r  cnt_reg[25]/C
                         clock pessimism              0.274    15.129    
                         clock uncertainty           -0.035    15.094    
    SLICE_X62Y14         FDCE (Setup_fdce_C_D)        0.062    15.156    cnt_reg[25]
  -------------------------------------------------------------------
                         required time                         15.156    
                         arrival time                          -9.566    
  -------------------------------------------------------------------
                         slack                                  5.590    

Slack (MET) :             5.661ns  (required time - arrival time)
  Source:                 debU_reg/C
                            (rising edge-triggered cell FDCE clocked by sys_clk_pin  {rise@0.000ns fall@5.000ns period=10.000ns})
  Destination:            cntU_reg[2]/D
                            (rising edge-triggered cell FDCE clocked by sys_clk_pin  {rise@0.000ns fall@5.000ns period=10.000ns})
  Path Group:             sys_clk_pin
  Path Type:              Setup (Max at Slow Process Corner)
  Requirement:            10.000ns  (sys_clk_pin rise@10.000ns - sys_clk_pin rise@0.000ns)
  Data Path Delay:        4.312ns  (logic 0.828ns (19.202%)  route 3.484ns (80.798%))
  Logic Levels:           3  (LUT2=2 LUT6=1)
  Clock Path Skew:        -0.023ns (DCD - SCD + CPR)
    Destination Clock Delay (DCD):    4.857ns = ( 14.857 - 10.000 ) 
    Source Clock Delay      (SCD):    5.154ns
    Clock Pessimism Removal (CPR):    0.274ns
  Clock Uncertainty:      0.035ns  ((TSJ^2 + TIJ^2)^1/2 + DJ) / 2 + PE
    Total System Jitter     (TSJ):    0.071ns
    Total Input Jitter      (TIJ):    0.000ns
    Discrete Jitter          (DJ):    0.000ns
    Phase Error              (PE):    0.000ns

    Location             Delay type                Incr(ns)  Path(ns)    Netlist Resource(s)
  -------------------------------------------------------------------    -------------------
                         (clock sys_clk_pin rise edge)
                                                      0.000     0.000 r  
    W5                                                0.000     0.000 r  clk (IN)
                         net (fo=0)                   0.000     0.000    clk
    W5                   IBUF (Prop_ibuf_I_O)         1.458     1.458 r  clk_IBUF_inst/O
                         net (fo=1, routed)           1.967     3.425    clk_IBUF
    BUFGCTRL_X0Y0        BUFG (Prop_bufg_I_O)         0.096     3.521 r  clk_IBUF_BUFG_inst/O
                         net (fo=82, routed)          1.633     5.154    clk_IBUF_BUFG
    SLICE_X59Y12         FDCE                                         r  debU_reg/C
  -------------------------------------------------------------------    -------------------
    SLICE_X59Y12         FDCE (Prop_fdce_C_Q)         0.456     5.610 r  debU_reg/Q
                         net (fo=5, routed)           1.383     6.993    debU
    SLICE_X59Y12         LUT2 (Prop_lut2_I0_O)        0.124     7.117 r  cntU[19]_i_4/O
                         net (fo=1, routed)           0.932     8.050    cntU1
    SLICE_X59Y13         LUT6 (Prop_lut6_I0_O)        0.124     8.174 r  cntU[19]_i_2/O
                         net (fo=20, routed)          1.168     9.342    cntU[19]_i_2_n_0
    SLICE_X59Y9          LUT2 (Prop_lut2_I0_O)        0.124     9.466 r  cntU[2]_i_1/O
                         net (fo=1, routed)           0.000     9.466    cntU[2]_i_1_n_0
    SLICE_X59Y9          FDCE                                         r  cntU_reg[2]/D
  -------------------------------------------------------------------    -------------------

                         (clock sys_clk_pin rise edge)
                                                     10.000    10.000 r  
    W5                                                0.000    10.000 r  clk (IN)
                         net (fo=0)                   0.000    10.000    clk
    W5                   IBUF (Prop_ibuf_I_O)         1.388    11.388 r  clk_IBUF_inst/O
                         net (fo=1, routed)           1.862    13.250    clk_IBUF
    BUFGCTRL_X0Y0        BUFG (Prop_bufg_I_O)         0.091    13.341 r  clk_IBUF_BUFG_inst/O
                         net (fo=82, routed)          1.516    14.857    clk_IBUF_BUFG
    SLICE_X59Y9          FDCE                                         r  cntU_reg[2]/C
                         clock pessimism              0.274    15.131    
                         clock uncertainty           -0.035    15.096    
    SLICE_X59Y9          FDCE (Setup_fdce_C_D)        0.031    15.127    cntU_reg[2]
  -------------------------------------------------------------------
                         required time                         15.127    
                         arrival time                          -9.466    
  -------------------------------------------------------------------
                         slack                                  5.661    

Slack (MET) :             5.677ns  (required time - arrival time)
  Source:                 debU_reg/C
                            (rising edge-triggered cell FDCE clocked by sys_clk_pin  {rise@0.000ns fall@5.000ns period=10.000ns})
  Destination:            cntU_reg[3]/D
                            (rising edge-triggered cell FDCE clocked by sys_clk_pin  {rise@0.000ns fall@5.000ns period=10.000ns})
  Path Group:             sys_clk_pin
  Path Type:              Setup (Max at Slow Process Corner)
  Requirement:            10.000ns  (sys_clk_pin rise@10.000ns - sys_clk_pin rise@0.000ns)
  Data Path Delay:        4.340ns  (logic 0.856ns (19.723%)  route 3.484ns (80.277%))
  Logic Levels:           3  (LUT2=2 LUT6=1)
  Clock Path Skew:        -0.023ns (DCD - SCD + CPR)
    Destination Clock Delay (DCD):    4.857ns = ( 14.857 - 10.000 ) 
    Source Clock Delay      (SCD):    5.154ns
    Clock Pessimism Removal (CPR):    0.274ns
  Clock Uncertainty:      0.035ns  ((TSJ^2 + TIJ^2)^1/2 + DJ) / 2 + PE
    Total System Jitter     (TSJ):    0.071ns
    Total Input Jitter      (TIJ):    0.000ns
    Discrete Jitter          (DJ):    0.000ns
    Phase Error              (PE):    0.000ns

    Location             Delay type                Incr(ns)  Path(ns)    Netlist Resource(s)
  -------------------------------------------------------------------    -------------------
                         (clock sys_clk_pin rise edge)
                                                      0.000     0.000 r  
    W5                                                0.000     0.000 r  clk (IN)
                         net (fo=0)                   0.000     0.000    clk
    W5                   IBUF (Prop_ibuf_I_O)         1.458     1.458 r  clk_IBUF_inst/O
                         net (fo=1, routed)           1.967     3.425    clk_IBUF
    BUFGCTRL_X0Y0        BUFG (Prop_bufg_I_O)         0.096     3.521 r  clk_IBUF_BUFG_inst/O
                         net (fo=82, routed)          1.633     5.154    clk_IBUF_BUFG
    SLICE_X59Y12         FDCE                                         r  debU_reg/C
  -------------------------------------------------------------------    -------------------
    SLICE_X59Y12         FDCE (Prop_fdce_C_Q)         0.456     5.610 r  debU_reg/Q
                         net (fo=5, routed)           1.383     6.993    debU
    SLICE_X59Y12         LUT2 (Prop_lut2_I0_O)        0.124     7.117 r  cntU[19]_i_4/O
                         net (fo=1, routed)           0.932     8.050    cntU1
    SLICE_X59Y13         LUT6 (Prop_lut6_I0_O)        0.124     8.174 r  cntU[19]_i_2/O
                         net (fo=20, routed)          1.168     9.342    cntU[19]_i_2_n_0
    SLICE_X59Y9          LUT2 (Prop_lut2_I0_O)        0.152     9.494 r  cntU[3]_i_1/O
                         net (fo=1, routed)           0.000     9.494    cntU[3]_i_1_n_0
    SLICE_X59Y9          FDCE                                         r  cntU_reg[3]/D
  -------------------------------------------------------------------    -------------------

                         (clock sys_clk_pin rise edge)
                                                     10.000    10.000 r  
    W5                                                0.000    10.000 r  clk (IN)
                         net (fo=0)                   0.000    10.000    clk
    W5                   IBUF (Prop_ibuf_I_O)         1.388    11.388 r  clk_IBUF_inst/O
                         net (fo=1, routed)           1.862    13.250    clk_IBUF
    BUFGCTRL_X0Y0        BUFG (Prop_bufg_I_O)         0.091    13.341 r  clk_IBUF_BUFG_inst/O
                         net (fo=82, routed)          1.516    14.857    clk_IBUF_BUFG
    SLICE_X59Y9          FDCE                                         r  cntU_reg[3]/C
                         clock pessimism              0.274    15.131    
                         clock uncertainty           -0.035    15.096    
    SLICE_X59Y9          FDCE (Setup_fdce_C_D)        0.075    15.171    cntU_reg[3]
  -------------------------------------------------------------------
                         required time                         15.171    
                         arrival time                          -9.494    
  -------------------------------------------------------------------
                         slack                                  5.677    

Slack (MET) :             5.685ns  (required time - arrival time)
  Source:                 cnt_reg[15]/C
                            (rising edge-triggered cell FDCE clocked by sys_clk_pin  {rise@0.000ns fall@5.000ns period=10.000ns})
  Destination:            cnt_reg[26]/D
                            (rising edge-triggered cell FDCE clocked by sys_clk_pin  {rise@0.000ns fall@5.000ns period=10.000ns})
  Path Group:             sys_clk_pin
  Path Type:              Setup (Max at Slow Process Corner)
  Requirement:            10.000ns  (sys_clk_pin rise@10.000ns - sys_clk_pin rise@0.000ns)
  Data Path Delay:        4.315ns  (logic 2.163ns (50.130%)  route 2.152ns (49.870%))
  Logic Levels:           10  (CARRY4=7 LUT4=1 LUT6=2)
  Clock Path Skew:        -0.027ns (DCD - SCD + CPR)
    Destination Clock Delay (DCD):    4.855ns = ( 14.855 - 10.000 ) 
    Source Clock Delay      (SCD):    5.156ns
    Clock Pessimism Removal (CPR):    0.274ns
  Clock Uncertainty:      0.035ns  ((TSJ^2 + TIJ^2)^1/2 + DJ) / 2 + PE
    Total System Jitter     (TSJ):    0.071ns
    Total Input Jitter      (TIJ):    0.000ns
    Discrete Jitter          (DJ):    0.000ns
    Phase Error              (PE):    0.000ns

    Location             Delay type                Incr(ns)  Path(ns)    Netlist Resource(s)
  -------------------------------------------------------------------    -------------------
                         (clock sys_clk_pin rise edge)
                                                      0.000     0.000 r  
    W5                                                0.000     0.000 r  clk (IN)
                         net (fo=0)                   0.000     0.000    clk
    W5                   IBUF (Prop_ibuf_I_O)         1.458     1.458 r  clk_IBUF_inst/O
                         net (fo=1, routed)           1.967     3.425    clk_IBUF
    BUFGCTRL_X0Y0        BUFG (Prop_bufg_I_O)         0.096     3.521 r  clk_IBUF_BUFG_inst/O
                         net (fo=82, routed)          1.635     5.156    clk_IBUF_BUFG
    SLICE_X62Y11         FDCE                                         r  cnt_reg[15]/C
  -------------------------------------------------------------------    -------------------
    SLICE_X62Y11         FDCE (Prop_fdce_C_Q)         0.456     5.612 f  cnt_reg[15]/Q
                         net (fo=2, routed)           0.679     6.291    cnt_reg[15]
    SLICE_X63Y11         LUT4 (Prop_lut4_I0_O)        0.124     6.415 r  tick_i_4/O
                         net (fo=1, routed)           0.797     7.213    tick_i_4_n_0
    SLICE_X63Y10         LUT6 (Prop_lut6_I2_O)        0.124     7.337 f  tick_i_3/O
                         net (fo=27, routed)          0.480     7.817    tick_i_3_n_0
    SLICE_X63Y8          LUT6 (Prop_lut6_I2_O)        0.124     7.941 r  cnt[0]_i_2/O
                         net (fo=1, routed)           0.195     8.136    cnt[0]_i_2_n_0
    SLICE_X62Y8          CARRY4 (Prop_carry4_DI[0]_CO[3])
                                                      0.526     8.662 r  cnt_reg[0]_i_1/CO[3]
                         net (fo=1, routed)           0.000     8.662    cnt_reg[0]_i_1_n_0
    SLICE_X62Y9          CARRY4 (Prop_carry4_CI_CO[3])
                                                      0.114     8.776 r  cnt_reg[4]_i_1/CO[3]
                         net (fo=1, routed)           0.000     8.776    cnt_reg[4]_i_1_n_0
    SLICE_X62Y10         CARRY4 (Prop_carry4_CI_CO[3])
                                                      0.114     8.890 r  cnt_reg[8]_i_1/CO[3]
                         net (fo=1, routed)           0.000     8.890    cnt_reg[8]_i_1_n_0
    SLICE_X62Y11         CARRY4 (Prop_carry4_CI_CO[3])
                                                      0.114     9.004 r  cnt_reg[12]_i_1/CO[3]
                         net (fo=1, routed)           0.000     9.004    cnt_reg[12]_i_1_n_0
    SLICE_X62Y12         CARRY4 (Prop_carry4_CI_CO[3])
                                                      0.114     9.118 r  cnt_reg[16]_i_1/CO[3]
                         net (fo=1, routed)           0.000     9.118    cnt_reg[16]_i_1_n_0
    SLICE_X62Y13         CARRY4 (Prop_carry4_CI_CO[3])
                                                      0.114     9.232 r  cnt_reg[20]_i_1/CO[3]
                         net (fo=1, routed)           0.000     9.232    cnt_reg[20]_i_1_n_0
    SLICE_X62Y14         CARRY4 (Prop_carry4_CI_O[2])
                                                      0.239     9.471 r  cnt_reg[24]_i_1/O[2]
                         net (fo=1, routed)           0.000     9.471    cnt_reg[24]_i_1_n_5
    SLICE_X62Y14         FDCE                                         r  cnt_reg[26]/D
  -------------------------------------------------------------------    -------------------

                         (clock sys_clk_pin rise edge)
                                                     10.000    10.000 r  
    W5                                                0.000    10.000 r  clk (IN)
                         net (fo=0)                   0.000    10.000    clk
    W5                   IBUF (Prop_ibuf_I_O)         1.388    11.388 r  clk_IBUF_inst/O
                         net (fo=1, routed)           1.862    13.250    clk_IBUF
    BUFGCTRL_X0Y0        BUFG (Prop_bufg_I_O)         0.091    13.341 r  clk_IBUF_BUFG_inst/O
                         net (fo=82, routed)          1.514    14.855    clk_IBUF_BUFG
    SLICE_X62Y14         FDCE                                         r  cnt_reg[26]/C
                         clock pessimism              0.274    15.129    
                         clock uncertainty           -0.035    15.094    
    SLICE_X62Y14         FDCE (Setup_fdce_C_D)        0.062    15.156    cnt_reg[26]
  -------------------------------------------------------------------
                         required time                         15.156    
                         arrival time                          -9.471    
  -------------------------------------------------------------------
                         slack                                  5.685    

Slack (MET) :             5.699ns  (required time - arrival time)
  Source:                 cnt_reg[24]/C
                            (rising edge-triggered cell FDCE clocked by sys_clk_pin  {rise@0.000ns fall@5.000ns period=10.000ns})
  Destination:            cnt_reg[21]/D
                            (rising edge-triggered cell FDCE clocked by sys_clk_pin  {rise@0.000ns fall@5.000ns period=10.000ns})
  Path Group:             sys_clk_pin
  Path Type:              Setup (Max at Slow Process Corner)
  Requirement:            10.000ns  (sys_clk_pin rise@10.000ns - sys_clk_pin rise@0.000ns)
  Data Path Delay:        4.303ns  (logic 2.044ns (47.500%)  route 2.259ns (52.500%))
  Logic Levels:           8  (CARRY4=6 LUT5=1 LUT6=1)
  Clock Path Skew:        -0.025ns (DCD - SCD + CPR)
    Destination Clock Delay (DCD):    4.855ns = ( 14.855 - 10.000 ) 
    Source Clock Delay      (SCD):    5.154ns
    Clock Pessimism Removal (CPR):    0.274ns
  Clock Uncertainty:      0.035ns  ((TSJ^2 + TIJ^2)^1/2 + DJ) / 2 + PE
    Total System Jitter     (TSJ):    0.071ns
    Total Input Jitter      (TIJ):    0.000ns
    Discrete Jitter          (DJ):    0.000ns
    Phase Error              (PE):    0.000ns

    Location             Delay type                Incr(ns)  Path(ns)    Netlist Resource(s)
  -------------------------------------------------------------------    -------------------
                         (clock sys_clk_pin rise edge)
                                                      0.000     0.000 r  
    W5                                                0.000     0.000 r  clk (IN)
                         net (fo=0)                   0.000     0.000    clk
    W5                   IBUF (Prop_ibuf_I_O)         1.458     1.458 r  clk_IBUF_inst/O
                         net (fo=1, routed)           1.967     3.425    clk_IBUF
    BUFGCTRL_X0Y0        BUFG (Prop_bufg_I_O)         0.096     3.521 r  clk_IBUF_BUFG_inst/O
                         net (fo=82, routed)          1.633     5.154    clk_IBUF_BUFG
    SLICE_X62Y14         FDCE                                         r  cnt_reg[24]/C
  -------------------------------------------------------------------    -------------------
    SLICE_X62Y14         FDCE (Prop_fdce_C_Q)         0.456     5.610 f  cnt_reg[24]/Q
                         net (fo=2, routed)           0.813     6.423    cnt_reg[24]
    SLICE_X63Y13         LUT5 (Prop_lut5_I4_O)        0.124     6.547 r  tick_i_2/O
                         net (fo=28, routed)          1.446     7.993    tick_i_2_n_0
    SLICE_X62Y8          LUT6 (Prop_lut6_I3_O)        0.124     8.117 r  cnt[0]_i_5/O
                         net (fo=1, routed)           0.000     8.117    cnt[0]_i_5_n_0
    SLICE_X62Y8          CARRY4 (Prop_carry4_S[1]_CO[3])
                                                      0.550     8.667 r  cnt_reg[0]_i_1/CO[3]
                         net (fo=1, routed)           0.000     8.667    cnt_reg[0]_i_1_n_0
    SLICE_X62Y9          CARRY4 (Prop_carry4_CI_CO[3])
                                                      0.114     8.781 r  cnt_reg[4]_i_1/CO[3]
                         net (fo=1, routed)           0.000     8.781    cnt_reg[4]_i_1_n_0
    SLICE_X62Y10         CARRY4 (Prop_carry4_CI_CO[3])
                                                      0.114     8.895 r  cnt_reg[8]_i_1/CO[3]
                         net (fo=1, routed)           0.000     8.895    cnt_reg[8]_i_1_n_0
    SLICE_X62Y11         CARRY4 (Prop_carry4_CI_CO[3])
                                                      0.114     9.009 r  cnt_reg[12]_i_1/CO[3]
                         net (fo=1, routed)           0.000     9.009    cnt_reg[12]_i_1_n_0
    SLICE_X62Y12         CARRY4 (Prop_carry4_CI_CO[3])
                                                      0.114     9.123 r  cnt_reg[16]_i_1/CO[3]
                         net (fo=1, routed)           0.000     9.123    cnt_reg[16]_i_1_n_0
    SLICE_X62Y13         CARRY4 (Prop_carry4_CI_O[1])
                                                      0.334     9.457 r  cnt_reg[20]_i_1/O[1]
                         net (fo=1, routed)           0.000     9.457    cnt_reg[20]_i_1_n_6
    SLICE_X62Y13         FDCE                                         r  cnt_reg[21]/D
  -------------------------------------------------------------------    -------------------

                         (clock sys_clk_pin rise edge)
                                                     10.000    10.000 r  
    W5                                                0.000    10.000 r  clk (IN)
                         net (fo=0)                   0.000    10.000    clk
    W5                   IBUF (Prop_ibuf_I_O)         1.388    11.388 r  clk_IBUF_inst/O
                         net (fo=1, routed)           1.862    13.250    clk_IBUF
    BUFGCTRL_X0Y0        BUFG (Prop_bufg_I_O)         0.091    13.341 r  clk_IBUF_BUFG_inst/O
                         net (fo=82, routed)          1.514    14.855    clk_IBUF_BUFG
    SLICE_X62Y13         FDCE                                         r  cnt_reg[21]/C
                         clock pessimism              0.274    15.129    
                         clock uncertainty           -0.035    15.094    
    SLICE_X62Y13         FDCE (Setup_fdce_C_D)        0.062    15.156    cnt_reg[21]
  -------------------------------------------------------------------
                         required time                         15.156    
                         arrival time                          -9.457    
  -------------------------------------------------------------------
                         slack                                  5.699    

Slack (MET) :             5.701ns  (required time - arrival time)
  Source:                 cnt_reg[15]/C
                            (rising edge-triggered cell FDCE clocked by sys_clk_pin  {rise@0.000ns fall@5.000ns period=10.000ns})
  Destination:            cnt_reg[24]/D
                            (rising edge-triggered cell FDCE clocked by sys_clk_pin  {rise@0.000ns fall@5.000ns period=10.000ns})
  Path Group:             sys_clk_pin
  Path Type:              Setup (Max at Slow Process Corner)
  Requirement:            10.000ns  (sys_clk_pin rise@10.000ns - sys_clk_pin rise@0.000ns)
  Data Path Delay:        4.299ns  (logic 2.147ns (49.944%)  route 2.152ns (50.056%))
  Logic Levels:           10  (CARRY4=7 LUT4=1 LUT6=2)
  Clock Path Skew:        -0.027ns (DCD - SCD + CPR)
    Destination Clock Delay (DCD):    4.855ns = ( 14.855 - 10.000 ) 
    Source Clock Delay      (SCD):    5.156ns
    Clock Pessimism Removal (CPR):    0.274ns
  Clock Uncertainty:      0.035ns  ((TSJ^2 + TIJ^2)^1/2 + DJ) / 2 + PE
    Total System Jitter     (TSJ):    0.071ns
    Total Input Jitter      (TIJ):    0.000ns
    Discrete Jitter          (DJ):    0.000ns
    Phase Error              (PE):    0.000ns

    Location             Delay type                Incr(ns)  Path(ns)    Netlist Resource(s)
  -------------------------------------------------------------------    -------------------
                         (clock sys_clk_pin rise edge)
                                                      0.000     0.000 r  
    W5                                                0.000     0.000 r  clk (IN)
                         net (fo=0)                   0.000     0.000    clk
    W5                   IBUF (Prop_ibuf_I_O)         1.458     1.458 r  clk_IBUF_inst/O
                         net (fo=1, routed)           1.967     3.425    clk_IBUF
    BUFGCTRL_X0Y0        BUFG (Prop_bufg_I_O)         0.096     3.521 r  clk_IBUF_BUFG_inst/O
                         net (fo=82, routed)          1.635     5.156    clk_IBUF_BUFG
    SLICE_X62Y11         FDCE                                         r  cnt_reg[15]/C
  -------------------------------------------------------------------    -------------------
    SLICE_X62Y11         FDCE (Prop_fdce_C_Q)         0.456     5.612 f  cnt_reg[15]/Q
                         net (fo=2, routed)           0.679     6.291    cnt_reg[15]
    SLICE_X63Y11         LUT4 (Prop_lut4_I0_O)        0.124     6.415 r  tick_i_4/O
                         net (fo=1, routed)           0.797     7.213    tick_i_4_n_0
    SLICE_X63Y10         LUT6 (Prop_lut6_I2_O)        0.124     7.337 f  tick_i_3/O
                         net (fo=27, routed)          0.480     7.817    tick_i_3_n_0
    SLICE_X63Y8          LUT6 (Prop_lut6_I2_O)        0.124     7.941 r  cnt[0]_i_2/O
                         net (fo=1, routed)           0.195     8.136    cnt[0]_i_2_n_0
    SLICE_X62Y8          CARRY4 (Prop_carry4_DI[0]_CO[3])
                                                      0.526     8.662 r  cnt_reg[0]_i_1/CO[3]
                         net (fo=1, routed)           0.000     8.662    cnt_reg[0]_i_1_n_0
    SLICE_X62Y9          CARRY4 (Prop_carry4_CI_CO[3])
                                                      0.114     8.776 r  cnt_reg[4]_i_1/CO[3]
                         net (fo=1, routed)           0.000     8.776    cnt_reg[4]_i_1_n_0
    SLICE_X62Y10         CARRY4 (Prop_carry4_CI_CO[3])
                                                      0.114     8.890 r  cnt_reg[8]_i_1/CO[3]
                         net (fo=1, routed)           0.000     8.890    cnt_reg[8]_i_1_n_0
    SLICE_X62Y11         CARRY4 (Prop_carry4_CI_CO[3])
                                                      0.114     9.004 r  cnt_reg[12]_i_1/CO[3]
                         net (fo=1, routed)           0.000     9.004    cnt_reg[12]_i_1_n_0
    SLICE_X62Y12         CARRY4 (Prop_carry4_CI_CO[3])
                                                      0.114     9.118 r  cnt_reg[16]_i_1/CO[3]
                         net (fo=1, routed)           0.000     9.118    cnt_reg[16]_i_1_n_0
    SLICE_X62Y13         CARRY4 (Prop_carry4_CI_CO[3])
                                                      0.114     9.232 r  cnt_reg[20]_i_1/CO[3]
                         net (fo=1, routed)           0.000     9.232    cnt_reg[20]_i_1_n_0
    SLICE_X62Y14         CARRY4 (Prop_carry4_CI_O[0])
                                                      0.223     9.455 r  cnt_reg[24]_i_1/O[0]
                         net (fo=1, routed)           0.000     9.455    cnt_reg[24]_i_1_n_7
    SLICE_X62Y14         FDCE                                         r  cnt_reg[24]/D
  -------------------------------------------------------------------    -------------------

                         (clock sys_clk_pin rise edge)
                                                     10.000    10.000 r  
    W5                                                0.000    10.000 r  clk (IN)
                         net (fo=0)                   0.000    10.000    clk
    W5                   IBUF (Prop_ibuf_I_O)         1.388    11.388 r  clk_IBUF_inst/O
                         net (fo=1, routed)           1.862    13.250    clk_IBUF
    BUFGCTRL_X0Y0        BUFG (Prop_bufg_I_O)         0.091    13.341 r  clk_IBUF_BUFG_inst/O
                         net (fo=82, routed)          1.514    14.855    clk_IBUF_BUFG
    SLICE_X62Y14         FDCE                                         r  cnt_reg[24]/C
                         clock pessimism              0.274    15.129    
                         clock uncertainty           -0.035    15.094    
    SLICE_X62Y14         FDCE (Setup_fdce_C_D)        0.062    15.156    cnt_reg[24]
  -------------------------------------------------------------------
                         required time                         15.156    
                         arrival time                          -9.455    
  -------------------------------------------------------------------
                         slack                                  5.701    

Slack (MET) :             5.720ns  (required time - arrival time)
  Source:                 cnt_reg[24]/C
                            (rising edge-triggered cell FDCE clocked by sys_clk_pin  {rise@0.000ns fall@5.000ns period=10.000ns})
  Destination:            cnt_reg[23]/D
                            (rising edge-triggered cell FDCE clocked by sys_clk_pin  {rise@0.000ns fall@5.000ns period=10.000ns})
  Path Group:             sys_clk_pin
  Path Type:              Setup (Max at Slow Process Corner)
  Requirement:            10.000ns  (sys_clk_pin rise@10.000ns - sys_clk_pin rise@0.000ns)
  Data Path Delay:        4.282ns  (logic 2.023ns (47.243%)  route 2.259ns (52.757%))
  Logic Levels:           8  (CARRY4=6 LUT5=1 LUT6=1)
  Clock Path Skew:        -0.025ns (DCD - SCD + CPR)
    Destination Clock Delay (DCD):    4.855ns = ( 14.855 - 10.000 ) 
    Source Clock Delay      (SCD):    5.154ns
    Clock Pessimism Removal (CPR):    0.274ns
  Clock Uncertainty:      0.035ns  ((TSJ^2 + TIJ^2)^1/2 + DJ) / 2 + PE
    Total System Jitter     (TSJ):    0.071ns
    Total Input Jitter      (TIJ):    0.000ns
    Discrete Jitter          (DJ):    0.000ns
    Phase Error              (PE):    0.000ns

    Location             Delay type                Incr(ns)  Path(ns)    Netlist Resource(s)
  -------------------------------------------------------------------    -------------------
                         (clock sys_clk_pin rise edge)
                                                      0.000     0.000 r  
    W5                                                0.000     0.000 r  clk (IN)
                         net (fo=0)                   0.000     0.000    clk
    W5                   IBUF (Prop_ibuf_I_O)         1.458     1.458 r  clk_IBUF_inst/O
                         net (fo=1, routed)           1.967     3.425    clk_IBUF
    BUFGCTRL_X0Y0        BUFG (Prop_bufg_I_O)         0.096     3.521 r  clk_IBUF_BUFG_inst/O
                         net (fo=82, routed)          1.633     5.154    clk_IBUF_BUFG
    SLICE_X62Y14         FDCE                                         r  cnt_reg[24]/C
  -------------------------------------------------------------------    -------------------
    SLICE_X62Y14         FDCE (Prop_fdce_C_Q)         0.456     5.610 f  cnt_reg[24]/Q
                         net (fo=2, routed)           0.813     6.423    cnt_reg[24]
    SLICE_X63Y13         LUT5 (Prop_lut5_I4_O)        0.124     6.547 r  tick_i_2/O
                         net (fo=28, routed)          1.446     7.993    tick_i_2_n_0
    SLICE_X62Y8          LUT6 (Prop_lut6_I3_O)        0.124     8.117 r  cnt[0]_i_5/O
                         net (fo=1, routed)           0.000     8.117    cnt[0]_i_5_n_0
    SLICE_X62Y8          CARRY4 (Prop_carry4_S[1]_CO[3])
                                                      0.550     8.667 r  cnt_reg[0]_i_1/CO[3]
                         net (fo=1, routed)           0.000     8.667    cnt_reg[0]_i_1_n_0
    SLICE_X62Y9          CARRY4 (Prop_carry4_CI_CO[3])
                                                      0.114     8.781 r  cnt_reg[4]_i_1/CO[3]
                         net (fo=1, routed)           0.000     8.781    cnt_reg[4]_i_1_n_0
    SLICE_X62Y10         CARRY4 (Prop_carry4_CI_CO[3])
                                                      0.114     8.895 r  cnt_reg[8]_i_1/CO[3]
                         net (fo=1, routed)           0.000     8.895    cnt_reg[8]_i_1_n_0
    SLICE_X62Y11         CARRY4 (Prop_carry4_CI_CO[3])
                                                      0.114     9.009 r  cnt_reg[12]_i_1/CO[3]
                         net (fo=1, routed)           0.000     9.009    cnt_reg[12]_i_1_n_0
    SLICE_X62Y12         CARRY4 (Prop_carry4_CI_CO[3])
                                                      0.114     9.123 r  cnt_reg[16]_i_1/CO[3]
                         net (fo=1, routed)           0.000     9.123    cnt_reg[16]_i_1_n_0
    SLICE_X62Y13         CARRY4 (Prop_carry4_CI_O[3])
                                                      0.313     9.436 r  cnt_reg[20]_i_1/O[3]
                         net (fo=1, routed)           0.000     9.436    cnt_reg[20]_i_1_n_4
    SLICE_X62Y13         FDCE                                         r  cnt_reg[23]/D
  -------------------------------------------------------------------    -------------------

                         (clock sys_clk_pin rise edge)
                                                     10.000    10.000 r  
    W5                                                0.000    10.000 r  clk (IN)
                         net (fo=0)                   0.000    10.000    clk
    W5                   IBUF (Prop_ibuf_I_O)         1.388    11.388 r  clk_IBUF_inst/O
                         net (fo=1, routed)           1.862    13.250    clk_IBUF
    BUFGCTRL_X0Y0        BUFG (Prop_bufg_I_O)         0.091    13.341 r  clk_IBUF_BUFG_inst/O
                         net (fo=82, routed)          1.514    14.855    clk_IBUF_BUFG
    SLICE_X62Y13         FDCE                                         r  cnt_reg[23]/C
                         clock pessimism              0.274    15.129    
                         clock uncertainty           -0.035    15.094    
    SLICE_X62Y13         FDCE (Setup_fdce_C_D)        0.062    15.156    cnt_reg[23]
  -------------------------------------------------------------------
                         required time                         15.156    
                         arrival time                          -9.436    
  -------------------------------------------------------------------
                         slack                                  5.720    

Slack (MET) :             5.794ns  (required time - arrival time)
  Source:                 cnt_reg[24]/C
                            (rising edge-triggered cell FDCE clocked by sys_clk_pin  {rise@0.000ns fall@5.000ns period=10.000ns})
  Destination:            cnt_reg[22]/D
                            (rising edge-triggered cell FDCE clocked by sys_clk_pin  {rise@0.000ns fall@5.000ns period=10.000ns})
  Path Group:             sys_clk_pin
  Path Type:              Setup (Max at Slow Process Corner)
  Requirement:            10.000ns  (sys_clk_pin rise@10.000ns - sys_clk_pin rise@0.000ns)
  Data Path Delay:        4.208ns  (logic 1.949ns (46.315%)  route 2.259ns (53.685%))
  Logic Levels:           8  (CARRY4=6 LUT5=1 LUT6=1)
  Clock Path Skew:        -0.025ns (DCD - SCD + CPR)
    Destination Clock Delay (DCD):    4.855ns = ( 14.855 - 10.000 ) 
    Source Clock Delay      (SCD):    5.154ns
    Clock Pessimism Removal (CPR):    0.274ns
  Clock Uncertainty:      0.035ns  ((TSJ^2 + TIJ^2)^1/2 + DJ) / 2 + PE
    Total System Jitter     (TSJ):    0.071ns
    Total Input Jitter      (TIJ):    0.000ns
    Discrete Jitter          (DJ):    0.000ns
    Phase Error              (PE):    0.000ns

    Location             Delay type                Incr(ns)  Path(ns)    Netlist Resource(s)
  -------------------------------------------------------------------    -------------------
                         (clock sys_clk_pin rise edge)
                                                      0.000     0.000 r  
    W5                                                0.000     0.000 r  clk (IN)
                         net (fo=0)                   0.000     0.000    clk
    W5                   IBUF (Prop_ibuf_I_O)         1.458     1.458 r  clk_IBUF_inst/O
                         net (fo=1, routed)           1.967     3.425    clk_IBUF
    BUFGCTRL_X0Y0        BUFG (Prop_bufg_I_O)         0.096     3.521 r  clk_IBUF_BUFG_inst/O
                         net (fo=82, routed)          1.633     5.154    clk_IBUF_BUFG
    SLICE_X62Y14         FDCE                                         r  cnt_reg[24]/C
  -------------------------------------------------------------------    -------------------
    SLICE_X62Y14         FDCE (Prop_fdce_C_Q)         0.456     5.610 f  cnt_reg[24]/Q
                         net (fo=2, routed)           0.813     6.423    cnt_reg[24]
    SLICE_X63Y13         LUT5 (Prop_lut5_I4_O)        0.124     6.547 r  tick_i_2/O
                         net (fo=28, routed)          1.446     7.993    tick_i_2_n_0
    SLICE_X62Y8          LUT6 (Prop_lut6_I3_O)        0.124     8.117 r  cnt[0]_i_5/O
                         net (fo=1, routed)           0.000     8.117    cnt[0]_i_5_n_0
    SLICE_X62Y8          CARRY4 (Prop_carry4_S[1]_CO[3])
                                                      0.550     8.667 r  cnt_reg[0]_i_1/CO[3]
                         net (fo=1, routed)           0.000     8.667    cnt_reg[0]_i_1_n_0
    SLICE_X62Y9          CARRY4 (Prop_carry4_CI_CO[3])
                                                      0.114     8.781 r  cnt_reg[4]_i_1/CO[3]
                         net (fo=1, routed)           0.000     8.781    cnt_reg[4]_i_1_n_0
    SLICE_X62Y10         CARRY4 (Prop_carry4_CI_CO[3])
                                                      0.114     8.895 r  cnt_reg[8]_i_1/CO[3]
                         net (fo=1, routed)           0.000     8.895    cnt_reg[8]_i_1_n_0
    SLICE_X62Y11         CARRY4 (Prop_carry4_CI_CO[3])
                                                      0.114     9.009 r  cnt_reg[12]_i_1/CO[3]
                         net (fo=1, routed)           0.000     9.009    cnt_reg[12]_i_1_n_0
    SLICE_X62Y12         CARRY4 (Prop_carry4_CI_CO[3])
                                                      0.114     9.123 r  cnt_reg[16]_i_1/CO[3]
                         net (fo=1, routed)           0.000     9.123    cnt_reg[16]_i_1_n_0
    SLICE_X62Y13         CARRY4 (Prop_carry4_CI_O[2])
                                                      0.239     9.362 r  cnt_reg[20]_i_1/O[2]
                         net (fo=1, routed)           0.000     9.362    cnt_reg[20]_i_1_n_5
    SLICE_X62Y13         FDCE                                         r  cnt_reg[22]/D
  -------------------------------------------------------------------    -------------------

                         (clock sys_clk_pin rise edge)
                                                     10.000    10.000 r  
    W5                                                0.000    10.000 r  clk (IN)
                         net (fo=0)                   0.000    10.000    clk
    W5                   IBUF (Prop_ibuf_I_O)         1.388    11.388 r  clk_IBUF_inst/O
                         net (fo=1, routed)           1.862    13.250    clk_IBUF
    BUFGCTRL_X0Y0        BUFG (Prop_bufg_I_O)         0.091    13.341 r  clk_IBUF_BUFG_inst/O
                         net (fo=82, routed)          1.514    14.855    clk_IBUF_BUFG
    SLICE_X62Y13         FDCE                                         r  cnt_reg[22]/C
                         clock pessimism              0.274    15.129    
                         clock uncertainty           -0.035    15.094    
    SLICE_X62Y13         FDCE (Setup_fdce_C_D)        0.062    15.156    cnt_reg[22]
  -------------------------------------------------------------------
                         required time                         15.156    
                         arrival time                          -9.362    
  -------------------------------------------------------------------
                         slack                                  5.794    

Slack (MET) :             5.810ns  (required time - arrival time)
  Source:                 cnt_reg[24]/C
                            (rising edge-triggered cell FDCE clocked by sys_clk_pin  {rise@0.000ns fall@5.000ns period=10.000ns})
  Destination:            cnt_reg[20]/D
                            (rising edge-triggered cell FDCE clocked by sys_clk_pin  {rise@0.000ns fall@5.000ns period=10.000ns})
  Path Group:             sys_clk_pin
  Path Type:              Setup (Max at Slow Process Corner)
  Requirement:            10.000ns  (sys_clk_pin rise@10.000ns - sys_clk_pin rise@0.000ns)
  Data Path Delay:        4.192ns  (logic 1.933ns (46.110%)  route 2.259ns (53.890%))
  Logic Levels:           8  (CARRY4=6 LUT5=1 LUT6=1)
  Clock Path Skew:        -0.025ns (DCD - SCD + CPR)
    Destination Clock Delay (DCD):    4.855ns = ( 14.855 - 10.000 ) 
    Source Clock Delay      (SCD):    5.154ns
    Clock Pessimism Removal (CPR):    0.274ns
  Clock Uncertainty:      0.035ns  ((TSJ^2 + TIJ^2)^1/2 + DJ) / 2 + PE
    Total System Jitter     (TSJ):    0.071ns
    Total Input Jitter      (TIJ):    0.000ns
    Discrete Jitter          (DJ):    0.000ns
    Phase Error              (PE):    0.000ns

    Location             Delay type                Incr(ns)  Path(ns)    Netlist Resource(s)
  -------------------------------------------------------------------    -------------------
                         (clock sys_clk_pin rise edge)
                                                      0.000     0.000 r  
    W5                                                0.000     0.000 r  clk (IN)
                         net (fo=0)                   0.000     0.000    clk
    W5                   IBUF (Prop_ibuf_I_O)         1.458     1.458 r  clk_IBUF_inst/O
                         net (fo=1, routed)           1.967     3.425    clk_IBUF
    BUFGCTRL_X0Y0        BUFG (Prop_bufg_I_O)         0.096     3.521 r  clk_IBUF_BUFG_inst/O
                         net (fo=82, routed)          1.633     5.154    clk_IBUF_BUFG
    SLICE_X62Y14         FDCE                                         r  cnt_reg[24]/C
  -------------------------------------------------------------------    -------------------
    SLICE_X62Y14         FDCE (Prop_fdce_C_Q)         0.456     5.610 f  cnt_reg[24]/Q
                         net (fo=2, routed)           0.813     6.423    cnt_reg[24]
    SLICE_X63Y13         LUT5 (Prop_lut5_I4_O)        0.124     6.547 r  tick_i_2/O
                         net (fo=28, routed)          1.446     7.993    tick_i_2_n_0
    SLICE_X62Y8          LUT6 (Prop_lut6_I3_O)        0.124     8.117 r  cnt[0]_i_5/O
                         net (fo=1, routed)           0.000     8.117    cnt[0]_i_5_n_0
    SLICE_X62Y8          CARRY4 (Prop_carry4_S[1]_CO[3])
                                                      0.550     8.667 r  cnt_reg[0]_i_1/CO[3]
                         net (fo=1, routed)           0.000     8.667    cnt_reg[0]_i_1_n_0
    SLICE_X62Y9          CARRY4 (Prop_carry4_CI_CO[3])
                                                      0.114     8.781 r  cnt_reg[4]_i_1/CO[3]
                         net (fo=1, routed)           0.000     8.781    cnt_reg[4]_i_1_n_0
    SLICE_X62Y10         CARRY4 (Prop_carry4_CI_CO[3])
                                                      0.114     8.895 r  cnt_reg[8]_i_1/CO[3]
                         net (fo=1, routed)           0.000     8.895    cnt_reg[8]_i_1_n_0
    SLICE_X62Y11         CARRY4 (Prop_carry4_CI_CO[3])
                                                      0.114     9.009 r  cnt_reg[12]_i_1/CO[3]
                         net (fo=1, routed)           0.000     9.009    cnt_reg[12]_i_1_n_0
    SLICE_X62Y12         CARRY4 (Prop_carry4_CI_CO[3])
                                                      0.114     9.123 r  cnt_reg[16]_i_1/CO[3]
                         net (fo=1, routed)           0.000     9.123    cnt_reg[16]_i_1_n_0
    SLICE_X62Y13         CARRY4 (Prop_carry4_CI_O[0])
                                                      0.223     9.346 r  cnt_reg[20]_i_1/O[0]
                         net (fo=1, routed)           0.000     9.346    cnt_reg[20]_i_1_n_7
    SLICE_X62Y13         FDCE                                         r  cnt_reg[20]/D
  -------------------------------------------------------------------    -------------------

                         (clock sys_clk_pin rise edge)
                                                     10.000    10.000 r  
    W5                                                0.000    10.000 r  clk (IN)
                         net (fo=0)                   0.000    10.000    clk
    W5                   IBUF (Prop_ibuf_I_O)         1.388    11.388 r  clk_IBUF_inst/O
                         net (fo=1, routed)           1.862    13.250    clk_IBUF
    BUFGCTRL_X0Y0        BUFG (Prop_bufg_I_O)         0.091    13.341 r  clk_IBUF_BUFG_inst/O
                         net (fo=82, routed)          1.514    14.855    clk_IBUF_BUFG
    SLICE_X62Y13         FDCE                                         r  cnt_reg[20]/C
                         clock pessimism              0.274    15.129    
                         clock uncertainty           -0.035    15.094    
    SLICE_X62Y13         FDCE (Setup_fdce_C_D)        0.062    15.156    cnt_reg[20]
  -------------------------------------------------------------------
                         required time                         15.156    
                         arrival time                          -9.346    
  -------------------------------------------------------------------
                         slack                                  5.810    

Slack (MET) :             5.814ns  (required time - arrival time)
  Source:                 cnt_reg[24]/C
                            (rising edge-triggered cell FDCE clocked by sys_clk_pin  {rise@0.000ns fall@5.000ns period=10.000ns})
  Destination:            cnt_reg[17]/D
                            (rising edge-triggered cell FDCE clocked by sys_clk_pin  {rise@0.000ns fall@5.000ns period=10.000ns})
  Path Group:             sys_clk_pin
  Path Type:              Setup (Max at Slow Process Corner)
  Requirement:            10.000ns  (sys_clk_pin rise@10.000ns - sys_clk_pin rise@0.000ns)
  Data Path Delay:        4.189ns  (logic 1.930ns (46.072%)  route 2.259ns (53.928%))
  Logic Levels:           7  (CARRY4=5 LUT5=1 LUT6=1)
  Clock Path Skew:        -0.024ns (DCD - SCD + CPR)
    Destination Clock Delay (DCD):    4.856ns = ( 14.856 - 10.000 ) 
    Source Clock Delay      (SCD):    5.154ns
    Clock Pessimism Removal (CPR):    0.274ns
  Clock Uncertainty:      0.035ns  ((TSJ^2 + TIJ^2)^1/2 + DJ) / 2 + PE
    Total System Jitter     (TSJ):    0.071ns
    Total Input Jitter      (TIJ):    0.000ns
    Discrete Jitter          (DJ):    0.000ns
    Phase Error              (PE):    0.000ns

    Location             Delay type                Incr(ns)  Path(ns)    Netlist Resource(s)
  -------------------------------------------------------------------    -------------------
                         (clock sys_clk_pin rise edge)
                                                      0.000     0.000 r  
    W5                                                0.000     0.000 r  clk (IN)
                         net (fo=0)                   0.000     0.000    clk
    W5                   IBUF (Prop_ibuf_I_O)         1.458     1.458 r  clk_IBUF_inst/O
                         net (fo=1, routed)           1.967     3.425    clk_IBUF
    BUFGCTRL_X0Y0        BUFG (Prop_bufg_I_O)         0.096     3.521 r  clk_IBUF_BUFG_inst/O
                         net (fo=82, routed)          1.633     5.154    clk_IBUF_BUFG
    SLICE_X62Y14         FDCE                                         r  cnt_reg[24]/C
  -------------------------------------------------------------------    -------------------
    SLICE_X62Y14         FDCE (Prop_fdce_C_Q)         0.456     5.610 f  cnt_reg[24]/Q
                         net (fo=2, routed)           0.813     6.423    cnt_reg[24]
    SLICE_X63Y13         LUT5 (Prop_lut5_I4_O)        0.124     6.547 r  tick_i_2/O
                         net (fo=28, routed)          1.446     7.993    tick_i_2_n_0
    SLICE_X62Y8          LUT6 (Prop_lut6_I3_O)        0.124     8.117 r  cnt[0]_i_5/O
                         net (fo=1, routed)           0.000     8.117    cnt[0]_i_5_n_0
    SLICE_X62Y8          CARRY4 (Prop_carry4_S[1]_CO[3])
                                                      0.550     8.667 r  cnt_reg[0]_i_1/CO[3]
                         net (fo=1, routed)           0.000     8.667    cnt_reg[0]_i_1_n_0
    SLICE_X62Y9          CARRY4 (Prop_carry4_CI_CO[3])
                                                      0.114     8.781 r  cnt_reg[4]_i_1/CO[3]
                         net (fo=1, routed)           0.000     8.781    cnt_reg[4]_i_1_n_0
    SLICE_X62Y10         CARRY4 (Prop_carry4_CI_CO[3])
                                                      0.114     8.895 r  cnt_reg[8]_i_1/CO[3]
                         net (fo=1, routed)           0.000     8.895    cnt_reg[8]_i_1_n_0
    SLICE_X62Y11         CARRY4 (Prop_carry4_CI_CO[3])
                                                      0.114     9.009 r  cnt_reg[12]_i_1/CO[3]
                         net (fo=1, routed)           0.000     9.009    cnt_reg[12]_i_1_n_0
    SLICE_X62Y12         CARRY4 (Prop_carry4_CI_O[1])
                                                      0.334     9.343 r  cnt_reg[16]_i_1/O[1]
                         net (fo=1, routed)           0.000     9.343    cnt_reg[16]_i_1_n_6
    SLICE_X62Y12         FDCE                                         r  cnt_reg[17]/D
  -------------------------------------------------------------------    -------------------

                         (clock sys_clk_pin rise edge)
                                                     10.000    10.000 r  
    W5                                                0.000    10.000 r  clk (IN)
                         net (fo=0)                   0.000    10.000    clk
    W5                   IBUF (Prop_ibuf_I_O)         1.388    11.388 r  clk_IBUF_inst/O
                         net (fo=1, routed)           1.862    13.250    clk_IBUF
    BUFGCTRL_X0Y0        BUFG (Prop_bufg_I_O)         0.091    13.341 r  clk_IBUF_BUFG_inst/O
                         net (fo=82, routed)          1.515    14.856    clk_IBUF_BUFG
    SLICE_X62Y12         FDCE                                         r  cnt_reg[17]/C
                         clock pessimism              0.274    15.130    
                         clock uncertainty           -0.035    15.095    
    SLICE_X62Y12         FDCE (Setup_fdce_C_D)        0.062    15.157    cnt_reg[17]
  -------------------------------------------------------------------
                         required time                         15.157    
                         arrival time                          -9.343    
  -------------------------------------------------------------------
                         slack                                  5.814    





Min Delay Paths
--------------------------------------------------------------------------------------
Slack (MET) :             0.143ns  (arrival time - required time)
  Source:                 prevD_reg/C
                            (rising edge-triggered cell FDCE clocked by sys_clk_pin  {rise@0.000ns fall@5.000ns period=10.000ns})
  Destination:            mode_reg[1]/D
                            (rising edge-triggered cell FDCE clocked by sys_clk_pin  {rise@0.000ns fall@5.000ns period=10.000ns})
  Path Group:             sys_clk_pin
  Path Type:              Hold (Min at Fast Process Corner)
  Requirement:            0.000ns  (sys_clk_pin rise@0.000ns - sys_clk_pin rise@0.000ns)
  Data Path Delay:        0.248ns  (logic 0.186ns (74.990%)  route 0.062ns (25.010%))
  Logic Levels:           1  (LUT5=1)
  Clock Path Skew:        0.013ns (DCD - SCD - CPR)
    Destination Clock Delay (DCD):    1.987ns
    Source Clock Delay      (SCD):    1.474ns
    Clock Pessimism Removal (CPR):    0.500ns

    Location             Delay type                Incr(ns)  Path(ns)    Netlist Resource(s)
  -------------------------------------------------------------------    -------------------
                         (clock sys_clk_pin rise edge)
                                                      0.000     0.000 r  
    W5                                                0.000     0.000 r  clk (IN)
                         net (fo=0)                   0.000     0.000    clk
    W5                   IBUF (Prop_ibuf_I_O)         0.226     0.226 r  clk_IBUF_inst/O
                         net (fo=1, routed)           0.631     0.858    clk_IBUF
    BUFGCTRL_X0Y0        BUFG (Prop_bufg_I_O)         0.026     0.884 r  clk_IBUF_BUFG_inst/O
                         net (fo=82, routed)          0.591     1.474    clk_IBUF_BUFG
    SLICE_X58Y12         FDCE                                         r  prevD_reg/C
  -------------------------------------------------------------------    -------------------
    SLICE_X58Y12         FDCE (Prop_fdce_C_Q)         0.141     1.615 f  prevD_reg/Q
                         net (fo=2, routed)           0.062     1.677    prevD
    SLICE_X59Y12         LUT5 (Prop_lut5_I0_O)        0.045     1.722 r  mode[1]_i_1/O
                         net (fo=1, routed)           0.000     1.722    mode[1]_i_1_n_0
    SLICE_X59Y12         FDCE                                         r  mode_reg[1]/D
  -------------------------------------------------------------------    -------------------

                         (clock sys_clk_pin rise edge)
                                                      0.000     0.000 r  
    W5                                                0.000     0.000 r  clk (IN)
                         net (fo=0)                   0.000     0.000    clk
    W5                   IBUF (Prop_ibuf_I_O)         0.414     0.414 r  clk_IBUF_inst/O
                         net (fo=1, routed)           0.685     1.099    clk_IBUF
    BUFGCTRL_X0Y0        BUFG (Prop_bufg_I_O)         0.029     1.128 r  clk_IBUF_BUFG_inst/O
                         net (fo=82, routed)          0.860     1.987    clk_IBUF_BUFG
    SLICE_X59Y12         FDCE                                         r  mode_reg[1]/C
                         clock pessimism             -0.500     1.487    
    SLICE_X59Y12         FDCE (Hold_fdce_C_D)         0.092     1.579    mode_reg[1]
  -------------------------------------------------------------------
                         required time                         -1.579    
                         arrival time                           1.722    
  -------------------------------------------------------------------
                         slack                                  0.143    

Slack (MET) :             0.146ns  (arrival time - required time)
  Source:                 prevD_reg/C
                            (rising edge-triggered cell FDCE clocked by sys_clk_pin  {rise@0.000ns fall@5.000ns period=10.000ns})
  Destination:            mode_reg[0]/D
                            (rising edge-triggered cell FDCE clocked by sys_clk_pin  {rise@0.000ns fall@5.000ns period=10.000ns})
  Path Group:             sys_clk_pin
  Path Type:              Hold (Min at Fast Process Corner)
  Requirement:            0.000ns  (sys_clk_pin rise@0.000ns - sys_clk_pin rise@0.000ns)
  Data Path Delay:        0.251ns  (logic 0.186ns (74.094%)  route 0.065ns (25.906%))
  Logic Levels:           1  (LUT5=1)
  Clock Path Skew:        0.013ns (DCD - SCD - CPR)
    Destination Clock Delay (DCD):    1.987ns
    Source Clock Delay      (SCD):    1.474ns
    Clock Pessimism Removal (CPR):    0.500ns

    Location             Delay type                Incr(ns)  Path(ns)    Netlist Resource(s)
  -------------------------------------------------------------------    -------------------
                         (clock sys_clk_pin rise edge)
                                                      0.000     0.000 r  
    W5                                                0.000     0.000 r  clk (IN)
                         net (fo=0)                   0.000     0.000    clk
    W5                   IBUF (Prop_ibuf_I_O)         0.226     0.226 r  clk_IBUF_inst/O
                         net (fo=1, routed)           0.631     0.858    clk_IBUF
    BUFGCTRL_X0Y0        BUFG (Prop_bufg_I_O)         0.026     0.884 r  clk_IBUF_BUFG_inst/O
                         net (fo=82, routed)          0.591     1.474    clk_IBUF_BUFG
    SLICE_X58Y12         FDCE                                         r  prevD_reg/C
  -------------------------------------------------------------------    -------------------
    SLICE_X58Y12         FDCE (Prop_fdce_C_Q)         0.141     1.615 r  prevD_reg/Q
                         net (fo=2, routed)           0.065     1.680    prevD
    SLICE_X59Y12         LUT5 (Prop_lut5_I0_O)        0.045     1.725 r  mode[0]_i_1/O
                         net (fo=1, routed)           0.000     1.725    mode[0]_i_1_n_0
    SLICE_X59Y12         FDCE                                         r  mode_reg[0]/D
  -------------------------------------------------------------------    -------------------

                         (clock sys_clk_pin rise edge)
                                                      0.000     0.000 r  
    W5                                                0.000     0.000 r  clk (IN)
                         net (fo=0)                   0.000     0.000    clk
    W5                   IBUF (Prop_ibuf_I_O)         0.414     0.414 r  clk_IBUF_inst/O
                         net (fo=1, routed)           0.685     1.099    clk_IBUF
    BUFGCTRL_X0Y0        BUFG (Prop_bufg_I_O)         0.029     1.128 r  clk_IBUF_BUFG_inst/O
                         net (fo=82, routed)          0.860     1.987    clk_IBUF_BUFG
    SLICE_X59Y12         FDCE                                         r  mode_reg[0]/C
                         clock pessimism             -0.500     1.487    
    SLICE_X59Y12         FDCE (Hold_fdce_C_D)         0.092     1.579    mode_reg[0]
  -------------------------------------------------------------------
                         required time                         -1.579    
                         arrival time                           1.725    
  -------------------------------------------------------------------
                         slack                                  0.146    

Slack (MET) :             0.209ns  (arrival time - required time)
  Source:                 syncU_reg[1]/C
                            (rising edge-triggered cell FDCE clocked by sys_clk_pin  {rise@0.000ns fall@5.000ns period=10.000ns})
  Destination:            debU_reg/D
                            (rising edge-triggered cell FDCE clocked by sys_clk_pin  {rise@0.000ns fall@5.000ns period=10.000ns})
  Path Group:             sys_clk_pin
  Path Type:              Hold (Min at Fast Process Corner)
  Requirement:            0.000ns  (sys_clk_pin rise@0.000ns - sys_clk_pin rise@0.000ns)
  Data Path Delay:        0.314ns  (logic 0.229ns (72.882%)  route 0.085ns (27.118%))
  Logic Levels:           1  (LUT3=1)
  Clock Path Skew:        0.000ns (DCD - SCD - CPR)
    Destination Clock Delay (DCD):    1.987ns
    Source Clock Delay      (SCD):    1.474ns
    Clock Pessimism Removal (CPR):    0.513ns

    Location             Delay type                Incr(ns)  Path(ns)    Netlist Resource(s)
  -------------------------------------------------------------------    -------------------
                         (clock sys_clk_pin rise edge)
                                                      0.000     0.000 r  
    W5                                                0.000     0.000 r  clk (IN)
                         net (fo=0)                   0.000     0.000    clk
    W5                   IBUF (Prop_ibuf_I_O)         0.226     0.226 r  clk_IBUF_inst/O
                         net (fo=1, routed)           0.631     0.858    clk_IBUF
    BUFGCTRL_X0Y0        BUFG (Prop_bufg_I_O)         0.026     0.884 r  clk_IBUF_BUFG_inst/O
                         net (fo=82, routed)          0.591     1.474    clk_IBUF_BUFG
    SLICE_X59Y12         FDCE                                         r  syncU_reg[1]/C
  -------------------------------------------------------------------    -------------------
    SLICE_X59Y12         FDCE (Prop_fdce_C_Q)         0.128     1.602 r  syncU_reg[1]/Q
                         net (fo=2, routed)           0.085     1.687    p_0_in0_in
    SLICE_X59Y12         LUT3 (Prop_lut3_I0_O)        0.101     1.788 r  debU_i_1/O
                         net (fo=1, routed)           0.000     1.788    debU_i_1_n_0
    SLICE_X59Y12         FDCE                                         r  debU_reg/D
  -------------------------------------------------------------------    -------------------

                         (clock sys_clk_pin rise edge)
                                                      0.000     0.000 r  
    W5                                                0.000     0.000 r  clk (IN)
                         net (fo=0)                   0.000     0.000    clk
    W5                   IBUF (Prop_ibuf_I_O)         0.414     0.414 r  clk_IBUF_inst/O
                         net (fo=1, routed)           0.685     1.099    clk_IBUF
    BUFGCTRL_X0Y0        BUFG (Prop_bufg_I_O)         0.029     1.128 r  clk_IBUF_BUFG_inst/O
                         net (fo=82, routed)          0.860     1.987    clk_IBUF_BUFG
    SLICE_X59Y12         FDCE                                         r  debU_reg/C
                         clock pessimism             -0.513     1.474    
    SLICE_X59Y12         FDCE (Hold_fdce_C_D)         0.105     1.579    debU_reg
  -------------------------------------------------------------------
                         required time                         -1.579    
                         arrival time                           1.788    
  -------------------------------------------------------------------
                         slack                                  0.209    

Slack (MET) :             0.247ns  (arrival time - required time)
  Source:                 mode_reg[1]/C
                            (rising edge-triggered cell FDCE clocked by sys_clk_pin  {rise@0.000ns fall@5.000ns period=10.000ns})
  Destination:            value_reg[3]/D
                            (rising edge-triggered cell FDCE clocked by sys_clk_pin  {rise@0.000ns fall@5.000ns period=10.000ns})
  Path Group:             sys_clk_pin
  Path Type:              Hold (Min at Fast Process Corner)
  Requirement:            0.000ns  (sys_clk_pin rise@0.000ns - sys_clk_pin rise@0.000ns)
  Data Path Delay:        0.415ns  (logic 0.190ns (45.820%)  route 0.225ns (54.180%))
  Logic Levels:           1  (LUT5=1)
  Clock Path Skew:        0.037ns (DCD - SCD - CPR)
    Destination Clock Delay (DCD):    1.989ns
    Source Clock Delay      (SCD):    1.474ns
    Clock Pessimism Removal (CPR):    0.478ns

    Location             Delay type                Incr(ns)  Path(ns)    Netlist Resource(s)
  -------------------------------------------------------------------    -------------------
                         (clock sys_clk_pin rise edge)
                                                      0.000     0.000 r  
    W5                                                0.000     0.000 r  clk (IN)
                         net (fo=0)                   0.000     0.000    clk
    W5                   IBUF (Prop_ibuf_I_O)         0.226     0.226 r  clk_IBUF_inst/O
                         net (fo=1, routed)           0.631     0.858    clk_IBUF
    BUFGCTRL_X0Y0        BUFG (Prop_bufg_I_O)         0.026     0.884 r  clk_IBUF_BUFG_inst/O
                         net (fo=82, routed)          0.591     1.474    clk_IBUF_BUFG
    SLICE_X59Y12         FDCE                                         r  mode_reg[1]/C
  -------------------------------------------------------------------    -------------------
    SLICE_X59Y12         FDCE (Prop_fdce_C_Q)         0.141     1.615 r  mode_reg[1]/Q
                         net (fo=6, routed)           0.225     1.840    mode[1]
    SLICE_X64Y12         LUT5 (Prop_lut5_I0_O)        0.049     1.889 r  value[3]_i_2/O
                         net (fo=1, routed)           0.000     1.889    value[3]_i_2_n_0
    SLICE_X64Y12         FDCE                                         r  value_reg[3]/D
  -------------------------------------------------------------------    -------------------

                         (clock sys_clk_pin rise edge)
                                                      0.000     0.000 r  
    W5                                                0.000     0.000 r  clk (IN)
                         net (fo=0)                   0.000     0.000    clk
    W5                   IBUF (Prop_ibuf_I_O)         0.414     0.414 r  clk_IBUF_inst/O
                         net (fo=1, routed)           0.685     1.099    clk_IBUF
    BUFGCTRL_X0Y0        BUFG (Prop_bufg_I_O)         0.029     1.128 r  clk_IBUF_BUFG_inst/O
                         net (fo=82, routed)          0.862     1.989    clk_IBUF_BUFG
    SLICE_X64Y12         FDCE                                         r  value_reg[3]/C
                         clock pessimism             -0.478     1.511    
    SLICE_X64Y12         FDCE (Hold_fdce_C_D)         0.131     1.642    value_reg[3]
  -------------------------------------------------------------------
                         required time                         -1.642    
                         arrival time                           1.889    
  -------------------------------------------------------------------
                         slack                                  0.247    

Slack (MET) :             0.253ns  (arrival time - required time)
  Source:                 mode_reg[1]/C
                            (rising edge-triggered cell FDCE clocked by sys_clk_pin  {rise@0.000ns fall@5.000ns period=10.000ns})
  Destination:            value_reg[2]/D
                            (rising edge-triggered cell FDCE clocked by sys_clk_pin  {rise@0.000ns fall@5.000ns period=10.000ns})
  Path Group:             sys_clk_pin
  Path Type:              Hold (Min at Fast Process Corner)
  Requirement:            0.000ns  (sys_clk_pin rise@0.000ns - sys_clk_pin rise@0.000ns)
  Data Path Delay:        0.411ns  (logic 0.186ns (45.292%)  route 0.225ns (54.708%))
  Logic Levels:           1  (LUT5=1)
  Clock Path Skew:        0.037ns (DCD - SCD - CPR)
    Destination Clock Delay (DCD):    1.989ns
    Source Clock Delay      (SCD):    1.474ns
    Clock Pessimism Removal (CPR):    0.478ns

    Location             Delay type                Incr(ns)  Path(ns)    Netlist Resource(s)
  -------------------------------------------------------------------    -------------------
                         (clock sys_clk_pin rise edge)
                                                      0.000     0.000 r  
    W5                                                0.000     0.000 r  clk (IN)
                         net (fo=0)                   0.000     0.000    clk
    W5                   IBUF (Prop_ibuf_I_O)         0.226     0.226 r  clk_IBUF_inst/O
                         net (fo=1, routed)           0.631     0.858    clk_IBUF
    BUFGCTRL_X0Y0        BUFG (Prop_bufg_I_O)         0.026     0.884 r  clk_IBUF_BUFG_inst/O
                         net (fo=82, routed)          0.591     1.474    clk_IBUF_BUFG
    SLICE_X59Y12         FDCE                                         r  mode_reg[1]/C
  -------------------------------------------------------------------    -------------------
    SLICE_X59Y12         FDCE (Prop_fdce_C_Q)         0.141     1.615 r  mode_reg[1]/Q
                         net (fo=6, routed)           0.225     1.840    mode[1]
    SLICE_X64Y12         LUT5 (Prop_lut5_I0_O)        0.045     1.885 r  value[2]_i_1/O
                         net (fo=1, routed)           0.000     1.885    value[2]_i_1_n_0
    SLICE_X64Y12         FDCE                                         r  value_reg[2]/D
  -------------------------------------------------------------------    -------------------

                         (clock sys_clk_pin rise edge)
                                                      0.000     0.000 r  
    W5                                                0.000     0.000 r  clk (IN)
                         net (fo=0)                   0.000     0.000    clk
    W5                   IBUF (Prop_ibuf_I_O)         0.414     0.414 r  clk_IBUF_inst/O
                         net (fo=1, routed)           0.685     1.099    clk_IBUF
    BUFGCTRL_X0Y0        BUFG (Prop_bufg_I_O)         0.029     1.128 r  clk_IBUF_BUFG_inst/O
                         net (fo=82, routed)          0.862     1.989    clk_IBUF_BUFG
    SLICE_X64Y12         FDCE                                         r  value_reg[2]/C
                         clock pessimism             -0.478     1.511    
    SLICE_X64Y12         FDCE (Hold_fdce_C_D)         0.121     1.632    value_reg[2]
  -------------------------------------------------------------------
                         required time                         -1.632    
                         arrival time                           1.885    
  -------------------------------------------------------------------
                         slack                                  0.253    

Slack (MET) :             0.256ns  (arrival time - required time)
  Source:                 value_reg[3]/C
                            (rising edge-triggered cell FDCE clocked by sys_clk_pin  {rise@0.000ns fall@5.000ns period=10.000ns})
  Destination:            value_reg[1]/D
                            (rising edge-triggered cell FDCE clocked by sys_clk_pin  {rise@0.000ns fall@5.000ns period=10.000ns})
  Path Group:             sys_clk_pin
  Path Type:              Hold (Min at Fast Process Corner)
  Requirement:            0.000ns  (sys_clk_pin rise@0.000ns - sys_clk_pin rise@0.000ns)
  Data Path Delay:        0.387ns  (logic 0.249ns (64.283%)  route 0.138ns (35.717%))
  Logic Levels:           1  (LUT5=1)
  Clock Path Skew:        0.000ns (DCD - SCD - CPR)
    Destination Clock Delay (DCD):    1.989ns
    Source Clock Delay      (SCD):    1.475ns
    Clock Pessimism Removal (CPR):    0.514ns

    Location             Delay type                Incr(ns)  Path(ns)    Netlist Resource(s)
  -------------------------------------------------------------------    -------------------
                         (clock sys_clk_pin rise edge)
                                                      0.000     0.000 r  
    W5                                                0.000     0.000 r  clk (IN)
                         net (fo=0)                   0.000     0.000    clk
    W5                   IBUF (Prop_ibuf_I_O)         0.226     0.226 r  clk_IBUF_inst/O
                         net (fo=1, routed)           0.631     0.858    clk_IBUF
    BUFGCTRL_X0Y0        BUFG (Prop_bufg_I_O)         0.026     0.884 r  clk_IBUF_BUFG_inst/O
                         net (fo=82, routed)          0.592     1.475    clk_IBUF_BUFG
    SLICE_X64Y12         FDCE                                         r  value_reg[3]/C
  -------------------------------------------------------------------    -------------------
    SLICE_X64Y12         FDCE (Prop_fdce_C_Q)         0.148     1.623 r  value_reg[3]/Q
                         net (fo=11, routed)          0.138     1.761    value_reg_n_0_[3]
    SLICE_X64Y12         LUT5 (Prop_lut5_I1_O)        0.101     1.862 r  value[1]_i_1/O
                         net (fo=1, routed)           0.000     1.862    value[1]_i_1_n_0
    SLICE_X64Y12         FDCE                                         r  value_reg[1]/D
  -------------------------------------------------------------------    -------------------

                         (clock sys_clk_pin rise edge)
                                                      0.000     0.000 r  
    W5                                                0.000     0.000 r  clk (IN)
                         net (fo=0)                   0.000     0.000    clk
    W5                   IBUF (Prop_ibuf_I_O)         0.414     0.414 r  clk_IBUF_inst/O
                         net (fo=1, routed)           0.685     1.099    clk_IBUF
    BUFGCTRL_X0Y0        BUFG (Prop_bufg_I_O)         0.029     1.128 r  clk_IBUF_BUFG_inst/O
                         net (fo=82, routed)          0.862     1.989    clk_IBUF_BUFG
    SLICE_X64Y12         FDCE                                         r  value_reg[1]/C
                         clock pessimism             -0.514     1.475    
    SLICE_X64Y12         FDCE (Hold_fdce_C_D)         0.131     1.606    value_reg[1]
  -------------------------------------------------------------------
                         required time                         -1.606    
                         arrival time                           1.862    
  -------------------------------------------------------------------
                         slack                                  0.256    

Slack (MET) :             0.263ns  (arrival time - required time)
  Source:                 debU_reg/C
                            (rising edge-triggered cell FDCE clocked by sys_clk_pin  {rise@0.000ns fall@5.000ns period=10.000ns})
  Destination:            prevU_reg/D
                            (rising edge-triggered cell FDCE clocked by sys_clk_pin  {rise@0.000ns fall@5.000ns period=10.000ns})
  Path Group:             sys_clk_pin
  Path Type:              Hold (Min at Fast Process Corner)
  Requirement:            0.000ns  (sys_clk_pin rise@0.000ns - sys_clk_pin rise@0.000ns)
  Data Path Delay:        0.329ns  (logic 0.141ns (42.812%)  route 0.188ns (57.188%))
  Logic Levels:           0  
  Clock Path Skew:        0.000ns (DCD - SCD - CPR)
    Destination Clock Delay (DCD):    1.987ns
    Source Clock Delay      (SCD):    1.474ns
    Clock Pessimism Removal (CPR):    0.513ns

    Location             Delay type                Incr(ns)  Path(ns)    Netlist Resource(s)
  -------------------------------------------------------------------    -------------------
                         (clock sys_clk_pin rise edge)
                                                      0.000     0.000 r  
    W5                                                0.000     0.000 r  clk (IN)
                         net (fo=0)                   0.000     0.000    clk
    W5                   IBUF (Prop_ibuf_I_O)         0.226     0.226 r  clk_IBUF_inst/O
                         net (fo=1, routed)           0.631     0.858    clk_IBUF
    BUFGCTRL_X0Y0        BUFG (Prop_bufg_I_O)         0.026     0.884 r  clk_IBUF_BUFG_inst/O
                         net (fo=82, routed)          0.591     1.474    clk_IBUF_BUFG
    SLICE_X59Y12         FDCE                                         r  debU_reg/C
  -------------------------------------------------------------------    -------------------
    SLICE_X59Y12         FDCE (Prop_fdce_C_Q)         0.141     1.615 r  debU_reg/Q
                         net (fo=5, routed)           0.188     1.803    debU
    SLICE_X59Y12         FDCE                                         r  prevU_reg/D
  -------------------------------------------------------------------    -------------------

                         (clock sys_clk_pin rise edge)
                                                      0.000     0.000 r  
    W5                                                0.000     0.000 r  clk (IN)
                         net (fo=0)                   0.000     0.000    clk
    W5                   IBUF (Prop_ibuf_I_O)         0.414     0.414 r  clk_IBUF_inst/O
                         net (fo=1, routed)           0.685     1.099    clk_IBUF
    BUFGCTRL_X0Y0        BUFG (Prop_bufg_I_O)         0.029     1.128 r  clk_IBUF_BUFG_inst/O
                         net (fo=82, routed)          0.860     1.987    clk_IBUF_BUFG
    SLICE_X59Y12         FDCE                                         r  prevU_reg/C
                         clock pessimism             -0.513     1.474    
    SLICE_X59Y12         FDCE (Hold_fdce_C_D)         0.066     1.540    prevU_reg
  -------------------------------------------------------------------
                         required time                         -1.540    
                         arrival time                           1.803    
  -------------------------------------------------------------------
                         slack                                  0.263    

Slack (MET) :             0.263ns  (arrival time - required time)
  Source:                 value_reg[3]/C
                            (rising edge-triggered cell FDCE clocked by sys_clk_pin  {rise@0.000ns fall@5.000ns period=10.000ns})
  Destination:            value_reg[0]/D
                            (rising edge-triggered cell FDCE clocked by sys_clk_pin  {rise@0.000ns fall@5.000ns period=10.000ns})
  Path Group:             sys_clk_pin
  Path Type:              Hold (Min at Fast Process Corner)
  Requirement:            0.000ns  (sys_clk_pin rise@0.000ns - sys_clk_pin rise@0.000ns)
  Data Path Delay:        0.384ns  (logic 0.246ns (64.004%)  route 0.138ns (35.996%))
  Logic Levels:           1  (LUT5=1)
  Clock Path Skew:        0.000ns (DCD - SCD - CPR)
    Destination Clock Delay (DCD):    1.989ns
    Source Clock Delay      (SCD):    1.475ns
    Clock Pessimism Removal (CPR):    0.514ns

    Location             Delay type                Incr(ns)  Path(ns)    Netlist Resource(s)
  -------------------------------------------------------------------    -------------------
                         (clock sys_clk_pin rise edge)
                                                      0.000     0.000 r  
    W5                                                0.000     0.000 r  clk (IN)
                         net (fo=0)                   0.000     0.000    clk
    W5                   IBUF (Prop_ibuf_I_O)         0.226     0.226 r  clk_IBUF_inst/O
                         net (fo=1, routed)           0.631     0.858    clk_IBUF
    BUFGCTRL_X0Y0        BUFG (Prop_bufg_I_O)         0.026     0.884 r  clk_IBUF_BUFG_inst/O
                         net (fo=82, routed)          0.592     1.475    clk_IBUF_BUFG
    SLICE_X64Y12         FDCE                                         r  value_reg[3]/C
  -------------------------------------------------------------------    -------------------
    SLICE_X64Y12         FDCE (Prop_fdce_C_Q)         0.148     1.623 r  value_reg[3]/Q
                         net (fo=11, routed)          0.138     1.761    value_reg_n_0_[3]
    SLICE_X64Y12         LUT5 (Prop_lut5_I1_O)        0.098     1.859 r  value[0]_i_1/O
                         net (fo=1, routed)           0.000     1.859    value[0]_i_1_n_0
    SLICE_X64Y12         FDCE                                         r  value_reg[0]/D
  -------------------------------------------------------------------    -------------------

                         (clock sys_clk_pin rise edge)
                                                      0.000     0.000 r  
    W5                                                0.000     0.000 r  clk (IN)
                         net (fo=0)                   0.000     0.000    clk
    W5                   IBUF (Prop_ibuf_I_O)         0.414     0.414 r  clk_IBUF_inst/O
                         net (fo=1, routed)           0.685     1.099    clk_IBUF
    BUFGCTRL_X0Y0        BUFG (Prop_bufg_I_O)         0.029     1.128 r  clk_IBUF_BUFG_inst/O
                         net (fo=82, routed)          0.862     1.989    clk_IBUF_BUFG
    SLICE_X64Y12         FDCE                                         r  value_reg[0]/C
                         clock pessimism             -0.514     1.475    
    SLICE_X64Y12         FDCE (Hold_fdce_C_D)         0.121     1.596    value_reg[0]
  -------------------------------------------------------------------
                         required time                         -1.596    
                         arrival time                           1.859    
  -------------------------------------------------------------------
                         slack                                  0.263    

Slack (MET) :             0.303ns  (arrival time - required time)
  Source:                 syncD_reg[0]/C
                            (rising edge-triggered cell FDCE clocked by sys_clk_pin  {rise@0.000ns fall@5.000ns period=10.000ns})
  Destination:            syncD_reg[1]/D
                            (rising edge-triggered cell FDCE clocked by sys_clk_pin  {rise@0.000ns fall@5.000ns period=10.000ns})
  Path Group:             sys_clk_pin
  Path Type:              Hold (Min at Fast Process Corner)
  Requirement:            0.000ns  (sys_clk_pin rise@0.000ns - sys_clk_pin rise@0.000ns)
  Data Path Delay:        0.364ns  (logic 0.141ns (38.741%)  route 0.223ns (61.259%))
  Logic Levels:           0  
  Clock Path Skew:        0.000ns (DCD - SCD - CPR)
    Destination Clock Delay (DCD):    1.987ns
    Source Clock Delay      (SCD):    1.474ns
    Clock Pessimism Removal (CPR):    0.513ns

    Location             Delay type                Incr(ns)  Path(ns)    Netlist Resource(s)
  -------------------------------------------------------------------    -------------------
                         (clock sys_clk_pin rise edge)
                                                      0.000     0.000 r  
    W5                                                0.000     0.000 r  clk (IN)
                         net (fo=0)                   0.000     0.000    clk
    W5                   IBUF (Prop_ibuf_I_O)         0.226     0.226 r  clk_IBUF_inst/O
                         net (fo=1, routed)           0.631     0.858    clk_IBUF
    BUFGCTRL_X0Y0        BUFG (Prop_bufg_I_O)         0.026     0.884 r  clk_IBUF_BUFG_inst/O
                         net (fo=82, routed)          0.591     1.474    clk_IBUF_BUFG
    SLICE_X58Y12         FDCE                                         r  syncD_reg[0]/C
  -------------------------------------------------------------------    -------------------
    SLICE_X58Y12         FDCE (Prop_fdce_C_Q)         0.141     1.615 r  syncD_reg[0]/Q
                         net (fo=1, routed)           0.223     1.838    syncD_reg_n_0_[0]
    SLICE_X58Y12         FDCE                                         r  syncD_reg[1]/D
  -------------------------------------------------------------------    -------------------

                         (clock sys_clk_pin rise edge)
                                                      0.000     0.000 r  
    W5                                                0.000     0.000 r  clk (IN)
                         net (fo=0)                   0.000     0.000    clk
    W5                   IBUF (Prop_ibuf_I_O)         0.414     0.414 r  clk_IBUF_inst/O
                         net (fo=1, routed)           0.685     1.099    clk_IBUF
    BUFGCTRL_X0Y0        BUFG (Prop_bufg_I_O)         0.029     1.128 r  clk_IBUF_BUFG_inst/O
                         net (fo=82, routed)          0.860     1.987    clk_IBUF_BUFG
    SLICE_X58Y12         FDCE                                         r  syncD_reg[1]/C
                         clock pessimism             -0.513     1.474    
    SLICE_X58Y12         FDCE (Hold_fdce_C_D)         0.061     1.535    syncD_reg[1]
  -------------------------------------------------------------------
                         required time                         -1.535    
                         arrival time                           1.838    
  -------------------------------------------------------------------
                         slack                                  0.303    

Slack (MET) :             0.316ns  (arrival time - required time)
  Source:                 cnt_reg[11]/C
                            (rising edge-triggered cell FDCE clocked by sys_clk_pin  {rise@0.000ns fall@5.000ns period=10.000ns})
  Destination:            cnt_reg[11]/D
                            (rising edge-triggered cell FDCE clocked by sys_clk_pin  {rise@0.000ns fall@5.000ns period=10.000ns})
  Path Group:             sys_clk_pin
  Path Type:              Hold (Min at Fast Process Corner)
  Requirement:            0.000ns  (sys_clk_pin rise@0.000ns - sys_clk_pin rise@0.000ns)
  Data Path Delay:        0.421ns  (logic 0.249ns (59.140%)  route 0.172ns (40.860%))
  Logic Levels:           2  (CARRY4=1 LUT6=1)
  Clock Path Skew:        0.000ns (DCD - SCD - CPR)
    Destination Clock Delay (DCD):    1.991ns
    Source Clock Delay      (SCD):    1.476ns
    Clock Pessimism Removal (CPR):    0.515ns

    Location             Delay type                Incr(ns)  Path(ns)    Netlist Resource(s)
  -------------------------------------------------------------------    -------------------
                         (clock sys_clk_pin rise edge)
                                                      0.000     0.000 r  
    W5                                                0.000     0.000 r  clk (IN)
                         net (fo=0)                   0.000     0.000    clk
    W5                   IBUF (Prop_ibuf_I_O)         0.226     0.226 r  clk_IBUF_inst/O
                         net (fo=1, routed)           0.631     0.858    clk_IBUF
    BUFGCTRL_X0Y0        BUFG (Prop_bufg_I_O)         0.026     0.884 r  clk_IBUF_BUFG_inst/O
                         net (fo=82, routed)          0.593     1.476    clk_IBUF_BUFG
    SLICE_X62Y10         FDCE                                         r  cnt_reg[11]/C
  -------------------------------------------------------------------    -------------------
    SLICE_X62Y10         FDCE (Prop_fdce_C_Q)         0.141     1.617 r  cnt_reg[11]/Q
                         net (fo=2, routed)           0.172     1.789    cnt_reg[11]
    SLICE_X62Y10         LUT6 (Prop_lut6_I0_O)        0.045     1.834 r  cnt[8]_i_2/O
                         net (fo=1, routed)           0.000     1.834    cnt[8]_i_2_n_0
    SLICE_X62Y10         CARRY4 (Prop_carry4_S[3]_O[3])
                                                      0.063     1.897 r  cnt_reg[8]_i_1/O[3]
                         net (fo=1, routed)           0.000     1.897    cnt_reg[8]_i_1_n_4
    SLICE_X62Y10         FDCE                                         r  cnt_reg[11]/D
  -------------------------------------------------------------------    -------------------

                         (clock sys_clk_pin rise edge)
                                                      0.000     0.000 r  
    W5                                                0.000     0.000 r  clk (IN)
                         net (fo=0)                   0.000     0.000    clk
    W5                   IBUF (Prop_ibuf_I_O)         0.414     0.414 r  clk_IBUF_inst/O
                         net (fo=1, routed)           0.685     1.099    clk_IBUF
    BUFGCTRL_X0Y0        BUFG (Prop_bufg_I_O)         0.029     1.128 r  clk_IBUF_BUFG_inst/O
                         net (fo=82, routed)          0.864     1.991    clk_IBUF_BUFG
    SLICE_X62Y10         FDCE                                         r  cnt_reg[11]/C
                         clock pessimism             -0.515     1.476    
    SLICE_X62Y10         FDCE (Hold_fdce_C_D)         0.105     1.581    cnt_reg[11]
  -------------------------------------------------------------------
                         required time                         -1.581    
                         arrival time                           1.897    
  -------------------------------------------------------------------
                         slack                                  0.316    





Pulse Width Checks
--------------------------------------------------------------------------------------
Clock Name:         sys_clk_pin
Waveform(ns):       { 0.000 5.000 }
Period(ns):         10.000
Sources:            { clk }

Check Type        Corner  Lib Pin  Reference Pin  Required(ns)  Actual(ns)  Slack(ns)  Location       Pin
Min Period        n/a     BUFG/I   n/a            2.155         10.000      7.845      BUFGCTRL_X0Y0  clk_IBUF_BUFG_inst/I
Min Period        n/a     FDCE/C   n/a            1.000         10.000      9.000      SLICE_X61Y6    cntD_reg[0]/C
Min Period        n/a     FDCE/C   n/a            1.000         10.000      9.000      SLICE_X61Y8    cntD_reg[10]/C
Min Period        n/a     FDCE/C   n/a            1.000         10.000      9.000      SLICE_X61Y8    cntD_reg[11]/C
Min Period        n/a     FDCE/C   n/a            1.000         10.000      9.000      SLICE_X61Y8    cntD_reg[12]/C
Min Period        n/a     FDCE/C   n/a            1.000         10.000      9.000      SLICE_X61Y8    cntD_reg[13]/C
Min Period        n/a     FDCE/C   n/a            1.000         10.000      9.000      SLICE_X61Y9    cntD_reg[14]/C
Min Period        n/a     FDCE/C   n/a            1.000         10.000      9.000      SLICE_X61Y8    cntD_reg[15]/C
Min Period        n/a     FDCE/C   n/a            1.000         10.000      9.000      SLICE_X61Y8    cntD_reg[16]/C
Min Period        n/a     FDCE/C   n/a            1.000         10.000      9.000      SLICE_X61Y9    cntD_reg[17]/C
Low Pulse Width   Slow    FDCE/C   n/a            0.500         5.000       4.500      SLICE_X61Y6    cntD_reg[0]/C
Low Pulse Width   Fast    FDCE/C   n/a            0.500         5.000       4.500      SLICE_X61Y6    cntD_reg[0]/C
Low Pulse Width   Slow    FDCE/C   n/a            0.500         5.000       4.500      SLICE_X61Y8    cntD_reg[10]/C
Low Pulse Width   Fast    FDCE/C   n/a            0.500         5.000       4.500      SLICE_X61Y8    cntD_reg[10]/C
Low Pulse Width   Slow    FDCE/C   n/a            0.500         5.000       4.500      SLICE_X61Y8    cntD_reg[11]/C
Low Pulse Width   Fast    FDCE/C   n/a            0.500         5.000       4.500      SLICE_X61Y8    cntD_reg[11]/C
Low Pulse Width   Slow    FDCE/C   n/a            0.500         5.000       4.500      SLICE_X61Y8    cntD_reg[12]/C
Low Pulse Width   Fast    FDCE/C   n/a            0.500         5.000       4.500      SLICE_X61Y8    cntD_reg[12]/C
Low Pulse Width   Slow    FDCE/C   n/a            0.500         5.000       4.500      SLICE_X61Y8    cntD_reg[13]/C
Low Pulse Width   Fast    FDCE/C   n/a            0.500         5.000       4.500      SLICE_X61Y8    cntD_reg[13]/C
High Pulse Width  Slow    FDCE/C   n/a            0.500         5.000       4.500      SLICE_X61Y6    cntD_reg[0]/C
High Pulse Width  Fast    FDCE/C   n/a            0.500         5.000       4.500      SLICE_X61Y6    cntD_reg[0]/C
High Pulse Width  Slow    FDCE/C   n/a            0.500         5.000       4.500      SLICE_X61Y8    cntD_reg[10]/C
High Pulse Width  Fast    FDCE/C   n/a            0.500         5.000       4.500      SLICE_X61Y8    cntD_reg[10]/C
High Pulse Width  Slow    FDCE/C   n/a            0.500         5.000       4.500      SLICE_X61Y8    cntD_reg[11]/C
High Pulse Width  Fast    FDCE/C   n/a            0.500         5.000       4.500      SLICE_X61Y8    cntD_reg[11]/C
High Pulse Width  Slow    FDCE/C   n/a            0.500         5.000       4.500      SLICE_X61Y8    cntD_reg[12]/C
High Pulse Width  Fast    FDCE/C   n/a            0.500         5.000       4.500      SLICE_X61Y8    cntD_reg[12]/C
High Pulse Width  Slow    FDCE/C   n/a            0.500         5.000       4.500      SLICE_X61Y8    cntD_reg[13]/C
High Pulse Width  Fast    FDCE/C   n/a            0.500         5.000       4.500      SLICE_X61Y8    cntD_reg[13]/C



--------------------------------------------------------------------------------------
Path Group:  (none)
From Clock:  sys_clk_pin
  To Clock:  

Max Delay             7 Endpoints
Min Delay             7 Endpoints
--------------------------------------------------------------------------------------


Max Delay Paths
--------------------------------------------------------------------------------------
Slack:                    inf
  Source:                 value_reg[0]/C
                            (rising edge-triggered cell FDCE clocked by sys_clk_pin  {rise@0.000ns fall@5.000ns period=10.000ns})
  Destination:            fnd[3]
                            (output port)
  Path Group:             (none)
  Path Type:              Max at Slow Process Corner
  Data Path Delay:        7.282ns  (logic 4.430ns (60.826%)  route 2.853ns (39.174%))
  Logic Levels:           2  (LUT4=1 OBUF=1)
  Clock Uncertainty:      0.025ns  ((TSJ^2 + TIJ^2)^1/2 + DJ) / 2 + PE
    Total System Jitter     (TSJ):    0.050ns
    Total Input Jitter      (TIJ):    0.000ns
    Discrete Jitter          (DJ):    0.000ns
    Phase Error              (PE):    0.000ns

    Location             Delay type                Incr(ns)  Path(ns)    Netlist Resource(s)
  -------------------------------------------------------------------    -------------------
                         (clock sys_clk_pin rise edge)
                                                      0.000     0.000 r  
    W5                                                0.000     0.000 r  clk (IN)
                         net (fo=0)                   0.000     0.000    clk
    W5                   IBUF (Prop_ibuf_I_O)         1.458     1.458 r  clk_IBUF_inst/O
                         net (fo=1, routed)           1.967     3.425    clk_IBUF
    BUFGCTRL_X0Y0        BUFG (Prop_bufg_I_O)         0.096     3.521 r  clk_IBUF_BUFG_inst/O
                         net (fo=82, routed)          1.634     5.155    clk_IBUF_BUFG
    SLICE_X64Y12         FDCE                                         r  value_reg[0]/C
  -------------------------------------------------------------------    -------------------
    SLICE_X64Y12         FDCE (Prop_fdce_C_Q)         0.518     5.673 r  value_reg[0]/Q
                         net (fo=11, routed)          0.846     6.520    value_reg_n_0_[0]
    SLICE_X64Y13         LUT4 (Prop_lut4_I2_O)        0.152     6.672 r  fnd_OBUF[3]_inst_i_1/O
                         net (fo=1, routed)           2.006     8.678    fnd_OBUF[3]
    V8                   OBUF (Prop_obuf_I_O)         3.760    12.438 r  fnd_OBUF[3]_inst/O
                         net (fo=0)                   0.000    12.438    fnd[3]
    V8                                                                r  fnd[3] (OUT)
  -------------------------------------------------------------------    -------------------

Slack:                    inf
  Source:                 value_reg[0]/C
                            (rising edge-triggered cell FDCE clocked by sys_clk_pin  {rise@0.000ns fall@5.000ns period=10.000ns})
  Destination:            fnd[0]
                            (output port)
  Path Group:             (none)
  Path Type:              Max at Slow Process Corner
  Data Path Delay:        7.151ns  (logic 4.379ns (61.235%)  route 2.772ns (38.765%))
  Logic Levels:           2  (LUT4=1 OBUF=1)
  Clock Uncertainty:      0.025ns  ((TSJ^2 + TIJ^2)^1/2 + DJ) / 2 + PE
    Total System Jitter     (TSJ):    0.050ns
    Total Input Jitter      (TIJ):    0.000ns
    Discrete Jitter          (DJ):    0.000ns
    Phase Error              (PE):    0.000ns

    Location             Delay type                Incr(ns)  Path(ns)    Netlist Resource(s)
  -------------------------------------------------------------------    -------------------
                         (clock sys_clk_pin rise edge)
                                                      0.000     0.000 r  
    W5                                                0.000     0.000 r  clk (IN)
                         net (fo=0)                   0.000     0.000    clk
    W5                   IBUF (Prop_ibuf_I_O)         1.458     1.458 r  clk_IBUF_inst/O
                         net (fo=1, routed)           1.967     3.425    clk_IBUF
    BUFGCTRL_X0Y0        BUFG (Prop_bufg_I_O)         0.096     3.521 r  clk_IBUF_BUFG_inst/O
                         net (fo=82, routed)          1.634     5.155    clk_IBUF_BUFG
    SLICE_X64Y12         FDCE                                         r  value_reg[0]/C
  -------------------------------------------------------------------    -------------------
    SLICE_X64Y12         FDCE (Prop_fdce_C_Q)         0.518     5.673 r  value_reg[0]/Q
                         net (fo=11, routed)          0.854     6.528    value_reg_n_0_[0]
    SLICE_X64Y13         LUT4 (Prop_lut4_I2_O)        0.146     6.674 r  fnd_OBUF[0]_inst_i_1/O
                         net (fo=1, routed)           1.918     8.591    fnd_OBUF[0]
    W7                   OBUF (Prop_obuf_I_O)         3.715    12.306 r  fnd_OBUF[0]_inst/O
                         net (fo=0)                   0.000    12.306    fnd[0]
    W7                                                                r  fnd[0] (OUT)
  -------------------------------------------------------------------    -------------------

Slack:                    inf
  Source:                 value_reg[0]/C
                            (rising edge-triggered cell FDCE clocked by sys_clk_pin  {rise@0.000ns fall@5.000ns period=10.000ns})
  Destination:            fnd[1]
                            (output port)
  Path Group:             (none)
  Path Type:              Max at Slow Process Corner
  Data Path Delay:        7.083ns  (logic 4.171ns (58.890%)  route 2.912ns (41.110%))
  Logic Levels:           2  (LUT4=1 OBUF=1)
  Clock Uncertainty:      0.025ns  ((TSJ^2 + TIJ^2)^1/2 + DJ) / 2 + PE
    Total System Jitter     (TSJ):    0.050ns
    Total Input Jitter      (TIJ):    0.000ns
    Discrete Jitter          (DJ):    0.000ns
    Phase Error              (PE):    0.000ns

    Location             Delay type                Incr(ns)  Path(ns)    Netlist Resource(s)
  -------------------------------------------------------------------    -------------------
                         (clock sys_clk_pin rise edge)
                                                      0.000     0.000 r  
    W5                                                0.000     0.000 r  clk (IN)
                         net (fo=0)                   0.000     0.000    clk
    W5                   IBUF (Prop_ibuf_I_O)         1.458     1.458 r  clk_IBUF_inst/O
                         net (fo=1, routed)           1.967     3.425    clk_IBUF
    BUFGCTRL_X0Y0        BUFG (Prop_bufg_I_O)         0.096     3.521 r  clk_IBUF_BUFG_inst/O
                         net (fo=82, routed)          1.634     5.155    clk_IBUF_BUFG
    SLICE_X64Y12         FDCE                                         r  value_reg[0]/C
  -------------------------------------------------------------------    -------------------
    SLICE_X64Y12         FDCE (Prop_fdce_C_Q)         0.518     5.673 r  value_reg[0]/Q
                         net (fo=11, routed)          0.854     6.528    value_reg_n_0_[0]
    SLICE_X64Y13         LUT4 (Prop_lut4_I3_O)        0.124     6.652 r  fnd_OBUF[1]_inst_i_1/O
                         net (fo=1, routed)           2.057     8.709    fnd_OBUF[1]
    W6                   OBUF (Prop_obuf_I_O)         3.529    12.238 r  fnd_OBUF[1]_inst/O
                         net (fo=0)                   0.000    12.238    fnd[1]
    W6                                                                r  fnd[1] (OUT)
  -------------------------------------------------------------------    -------------------

Slack:                    inf
  Source:                 value_reg[2]/C
                            (rising edge-triggered cell FDCE clocked by sys_clk_pin  {rise@0.000ns fall@5.000ns period=10.000ns})
  Destination:            fnd[6]
                            (output port)
  Path Group:             (none)
  Path Type:              Max at Slow Process Corner
  Data Path Delay:        6.956ns  (logic 4.403ns (63.307%)  route 2.552ns (36.693%))
  Logic Levels:           2  (LUT4=1 OBUF=1)
  Clock Uncertainty:      0.025ns  ((TSJ^2 + TIJ^2)^1/2 + DJ) / 2 + PE
    Total System Jitter     (TSJ):    0.050ns
    Total Input Jitter      (TIJ):    0.000ns
    Discrete Jitter          (DJ):    0.000ns
    Phase Error              (PE):    0.000ns

    Location             Delay type                Incr(ns)  Path(ns)    Netlist Resource(s)
  -------------------------------------------------------------------    -------------------
                         (clock sys_clk_pin rise edge)
                                                      0.000     0.000 r  
    W5                                                0.000     0.000 r  clk (IN)
                         net (fo=0)                   0.000     0.000    clk
    W5                   IBUF (Prop_ibuf_I_O)         1.458     1.458 r  clk_IBUF_inst/O
                         net (fo=1, routed)           1.967     3.425    clk_IBUF
    BUFGCTRL_X0Y0        BUFG (Prop_bufg_I_O)         0.096     3.521 r  clk_IBUF_BUFG_inst/O
                         net (fo=82, routed)          1.634     5.155    clk_IBUF_BUFG
    SLICE_X64Y12         FDCE                                         r  value_reg[2]/C
  -------------------------------------------------------------------    -------------------
    SLICE_X64Y12         FDCE (Prop_fdce_C_Q)         0.518     5.673 r  value_reg[2]/Q
                         net (fo=11, routed)          0.888     6.562    value_reg_n_0_[2]
    SLICE_X64Y12         LUT4 (Prop_lut4_I2_O)        0.150     6.712 r  fnd_OBUF[6]_inst_i_1/O
                         net (fo=1, routed)           1.664     8.376    fnd_OBUF[6]
    U7                   OBUF (Prop_obuf_I_O)         3.735    12.111 r  fnd_OBUF[6]_inst/O
                         net (fo=0)                   0.000    12.111    fnd[6]
    U7                                                                r  fnd[6] (OUT)
  -------------------------------------------------------------------    -------------------

Slack:                    inf
  Source:                 value_reg[0]/C
                            (rising edge-triggered cell FDCE clocked by sys_clk_pin  {rise@0.000ns fall@5.000ns period=10.000ns})
  Destination:            fnd[2]
                            (output port)
  Path Group:             (none)
  Path Type:              Max at Slow Process Corner
  Data Path Delay:        6.939ns  (logic 4.177ns (60.197%)  route 2.762ns (39.803%))
  Logic Levels:           2  (LUT4=1 OBUF=1)
  Clock Uncertainty:      0.025ns  ((TSJ^2 + TIJ^2)^1/2 + DJ) / 2 + PE
    Total System Jitter     (TSJ):    0.050ns
    Total Input Jitter      (TIJ):    0.000ns
    Discrete Jitter          (DJ):    0.000ns
    Phase Error              (PE):    0.000ns

    Location             Delay type                Incr(ns)  Path(ns)    Netlist Resource(s)
  -------------------------------------------------------------------    -------------------
                         (clock sys_clk_pin rise edge)
                                                      0.000     0.000 r  
    W5                                                0.000     0.000 r  clk (IN)
                         net (fo=0)                   0.000     0.000    clk
    W5                   IBUF (Prop_ibuf_I_O)         1.458     1.458 r  clk_IBUF_inst/O
                         net (fo=1, routed)           1.967     3.425    clk_IBUF
    BUFGCTRL_X0Y0        BUFG (Prop_bufg_I_O)         0.096     3.521 r  clk_IBUF_BUFG_inst/O
                         net (fo=82, routed)          1.634     5.155    clk_IBUF_BUFG
    SLICE_X64Y12         FDCE                                         r  value_reg[0]/C
  -------------------------------------------------------------------    -------------------
    SLICE_X64Y12         FDCE (Prop_fdce_C_Q)         0.518     5.673 f  value_reg[0]/Q
                         net (fo=11, routed)          0.846     6.520    value_reg_n_0_[0]
    SLICE_X64Y13         LUT4 (Prop_lut4_I1_O)        0.124     6.644 r  fnd_OBUF[2]_inst_i_1/O
                         net (fo=1, routed)           1.916     8.559    fnd_OBUF[2]
    U8                   OBUF (Prop_obuf_I_O)         3.535    12.094 r  fnd_OBUF[2]_inst/O
                         net (fo=0)                   0.000    12.094    fnd[2]
    U8                                                                r  fnd[2] (OUT)
  -------------------------------------------------------------------    -------------------

Slack:                    inf
  Source:                 value_reg[2]/C
                            (rising edge-triggered cell FDCE clocked by sys_clk_pin  {rise@0.000ns fall@5.000ns period=10.000ns})
  Destination:            fnd[5]
                            (output port)
  Path Group:             (none)
  Path Type:              Max at Slow Process Corner
  Data Path Delay:        6.891ns  (logic 4.146ns (60.171%)  route 2.745ns (39.829%))
  Logic Levels:           2  (LUT4=1 OBUF=1)
  Clock Uncertainty:      0.025ns  ((TSJ^2 + TIJ^2)^1/2 + DJ) / 2 + PE
    Total System Jitter     (TSJ):    0.050ns
    Total Input Jitter      (TIJ):    0.000ns
    Discrete Jitter          (DJ):    0.000ns
    Phase Error              (PE):    0.000ns

    Location             Delay type                Incr(ns)  Path(ns)    Netlist Resource(s)
  -------------------------------------------------------------------    -------------------
                         (clock sys_clk_pin rise edge)
                                                      0.000     0.000 r  
    W5                                                0.000     0.000 r  clk (IN)
                         net (fo=0)                   0.000     0.000    clk
    W5                   IBUF (Prop_ibuf_I_O)         1.458     1.458 r  clk_IBUF_inst/O
                         net (fo=1, routed)           1.967     3.425    clk_IBUF
    BUFGCTRL_X0Y0        BUFG (Prop_bufg_I_O)         0.096     3.521 r  clk_IBUF_BUFG_inst/O
                         net (fo=82, routed)          1.634     5.155    clk_IBUF_BUFG
    SLICE_X64Y12         FDCE                                         r  value_reg[2]/C
  -------------------------------------------------------------------    -------------------
    SLICE_X64Y12         FDCE (Prop_fdce_C_Q)         0.518     5.673 r  value_reg[2]/Q
                         net (fo=11, routed)          0.888     6.562    value_reg_n_0_[2]
    SLICE_X64Y12         LUT4 (Prop_lut4_I1_O)        0.124     6.686 r  fnd_OBUF[5]_inst_i_1/O
                         net (fo=1, routed)           1.856     8.542    fnd_OBUF[5]
    V5                   OBUF (Prop_obuf_I_O)         3.504    12.046 r  fnd_OBUF[5]_inst/O
                         net (fo=0)                   0.000    12.046    fnd[5]
    V5                                                                r  fnd[5] (OUT)
  -------------------------------------------------------------------    -------------------

Slack:                    inf
  Source:                 value_reg[3]/C
                            (rising edge-triggered cell FDCE clocked by sys_clk_pin  {rise@0.000ns fall@5.000ns period=10.000ns})
  Destination:            fnd[4]
                            (output port)
  Path Group:             (none)
  Path Type:              Max at Slow Process Corner
  Data Path Delay:        6.883ns  (logic 4.294ns (62.387%)  route 2.589ns (37.613%))
  Logic Levels:           2  (LUT4=1 OBUF=1)
  Clock Uncertainty:      0.025ns  ((TSJ^2 + TIJ^2)^1/2 + DJ) / 2 + PE
    Total System Jitter     (TSJ):    0.050ns
    Total Input Jitter      (TIJ):    0.000ns
    Discrete Jitter          (DJ):    0.000ns
    Phase Error              (PE):    0.000ns

    Location             Delay type                Incr(ns)  Path(ns)    Netlist Resource(s)
  -------------------------------------------------------------------    -------------------
                         (clock sys_clk_pin rise edge)
                                                      0.000     0.000 r  
    W5                                                0.000     0.000 r  clk (IN)
                         net (fo=0)                   0.000     0.000    clk
    W5                   IBUF (Prop_ibuf_I_O)         1.458     1.458 r  clk_IBUF_inst/O
                         net (fo=1, routed)           1.967     3.425    clk_IBUF
    BUFGCTRL_X0Y0        BUFG (Prop_bufg_I_O)         0.096     3.521 r  clk_IBUF_BUFG_inst/O
                         net (fo=82, routed)          1.634     5.155    clk_IBUF_BUFG
    SLICE_X64Y12         FDCE                                         r  value_reg[3]/C
  -------------------------------------------------------------------    -------------------
    SLICE_X64Y12         FDCE (Prop_fdce_C_Q)         0.478     5.633 r  value_reg[3]/Q
                         net (fo=11, routed)          0.876     6.510    value_reg_n_0_[3]
    SLICE_X64Y13         LUT4 (Prop_lut4_I0_O)        0.296     6.806 r  fnd_OBUF[4]_inst_i_1/O
                         net (fo=1, routed)           1.712     8.518    fnd_OBUF[4]
    U5                   OBUF (Prop_obuf_I_O)         3.520    12.038 r  fnd_OBUF[4]_inst/O
                         net (fo=0)                   0.000    12.038    fnd[4]
    U5                                                                r  fnd[4] (OUT)
  -------------------------------------------------------------------    -------------------





Min Delay Paths
--------------------------------------------------------------------------------------
Slack:                    inf
  Source:                 value_reg[0]/C
                            (rising edge-triggered cell FDCE clocked by sys_clk_pin  {rise@0.000ns fall@5.000ns period=10.000ns})
  Destination:            fnd[4]
                            (output port)
  Path Group:             (none)
  Path Type:              Min at Fast Process Corner
  Data Path Delay:        1.949ns  (logic 1.430ns (73.380%)  route 0.519ns (26.620%))
  Logic Levels:           2  (LUT4=1 OBUF=1)
  Clock Uncertainty:      0.025ns  ((TSJ^2 + TIJ^2)^1/2 + DJ) / 2 + PE
    Total System Jitter     (TSJ):    0.050ns
    Total Input Jitter      (TIJ):    0.000ns
    Discrete Jitter          (DJ):    0.000ns
    Phase Error              (PE):    0.000ns

    Location             Delay type                Incr(ns)  Path(ns)    Netlist Resource(s)
  -------------------------------------------------------------------    -------------------
                         (clock sys_clk_pin rise edge)
                                                      0.000     0.000 r  
    W5                                                0.000     0.000 r  clk (IN)
                         net (fo=0)                   0.000     0.000    clk
    W5                   IBUF (Prop_ibuf_I_O)         0.226     0.226 r  clk_IBUF_inst/O
                         net (fo=1, routed)           0.631     0.858    clk_IBUF
    BUFGCTRL_X0Y0        BUFG (Prop_bufg_I_O)         0.026     0.884 r  clk_IBUF_BUFG_inst/O
                         net (fo=82, routed)          0.592     1.475    clk_IBUF_BUFG
    SLICE_X64Y12         FDCE                                         r  value_reg[0]/C
  -------------------------------------------------------------------    -------------------
    SLICE_X64Y12         FDCE (Prop_fdce_C_Q)         0.164     1.639 r  value_reg[0]/Q
                         net (fo=11, routed)          0.161     1.800    value_reg_n_0_[0]
    SLICE_X64Y13         LUT4 (Prop_lut4_I3_O)        0.045     1.845 r  fnd_OBUF[4]_inst_i_1/O
                         net (fo=1, routed)           0.357     2.203    fnd_OBUF[4]
    U5                   OBUF (Prop_obuf_I_O)         1.221     3.424 r  fnd_OBUF[4]_inst/O
                         net (fo=0)                   0.000     3.424    fnd[4]
    U5                                                                r  fnd[4] (OUT)
  -------------------------------------------------------------------    -------------------

Slack:                    inf
  Source:                 value_reg[3]/C
                            (rising edge-triggered cell FDCE clocked by sys_clk_pin  {rise@0.000ns fall@5.000ns period=10.000ns})
  Destination:            fnd[5]
                            (output port)
  Path Group:             (none)
  Path Type:              Min at Fast Process Corner
  Data Path Delay:        2.004ns  (logic 1.452ns (72.431%)  route 0.552ns (27.569%))
  Logic Levels:           2  (LUT4=1 OBUF=1)
  Clock Uncertainty:      0.025ns  ((TSJ^2 + TIJ^2)^1/2 + DJ) / 2 + PE
    Total System Jitter     (TSJ):    0.050ns
    Total Input Jitter      (TIJ):    0.000ns
    Discrete Jitter          (DJ):    0.000ns
    Phase Error              (PE):    0.000ns

    Location             Delay type                Incr(ns)  Path(ns)    Netlist Resource(s)
  -------------------------------------------------------------------    -------------------
                         (clock sys_clk_pin rise edge)
                                                      0.000     0.000 r  
    W5                                                0.000     0.000 r  clk (IN)
                         net (fo=0)                   0.000     0.000    clk
    W5                   IBUF (Prop_ibuf_I_O)         0.226     0.226 r  clk_IBUF_inst/O
                         net (fo=1, routed)           0.631     0.858    clk_IBUF
    BUFGCTRL_X0Y0        BUFG (Prop_bufg_I_O)         0.026     0.884 r  clk_IBUF_BUFG_inst/O
                         net (fo=82, routed)          0.592     1.475    clk_IBUF_BUFG
    SLICE_X64Y12         FDCE                                         r  value_reg[3]/C
  -------------------------------------------------------------------    -------------------
    SLICE_X64Y12         FDCE (Prop_fdce_C_Q)         0.148     1.623 r  value_reg[3]/Q
                         net (fo=11, routed)          0.134     1.757    value_reg_n_0_[3]
    SLICE_X64Y12         LUT4 (Prop_lut4_I0_O)        0.098     1.855 r  fnd_OBUF[5]_inst_i_1/O
                         net (fo=1, routed)           0.418     2.274    fnd_OBUF[5]
    V5                   OBUF (Prop_obuf_I_O)         1.206     3.479 r  fnd_OBUF[5]_inst/O
                         net (fo=0)                   0.000     3.479    fnd[5]
    V5                                                                r  fnd[5] (OUT)
  -------------------------------------------------------------------    -------------------

Slack:                    inf
  Source:                 value_reg[3]/C
                            (rising edge-triggered cell FDCE clocked by sys_clk_pin  {rise@0.000ns fall@5.000ns period=10.000ns})
  Destination:            fnd[6]
                            (output port)
  Path Group:             (none)
  Path Type:              Min at Fast Process Corner
  Data Path Delay:        2.016ns  (logic 1.547ns (76.736%)  route 0.469ns (23.264%))
  Logic Levels:           2  (LUT4=1 OBUF=1)
  Clock Uncertainty:      0.025ns  ((TSJ^2 + TIJ^2)^1/2 + DJ) / 2 + PE
    Total System Jitter     (TSJ):    0.050ns
    Total Input Jitter      (TIJ):    0.000ns
    Discrete Jitter          (DJ):    0.000ns
    Phase Error              (PE):    0.000ns

    Location             Delay type                Incr(ns)  Path(ns)    Netlist Resource(s)
  -------------------------------------------------------------------    -------------------
                         (clock sys_clk_pin rise edge)
                                                      0.000     0.000 r  
    W5                                                0.000     0.000 r  clk (IN)
                         net (fo=0)                   0.000     0.000    clk
    W5                   IBUF (Prop_ibuf_I_O)         0.226     0.226 r  clk_IBUF_inst/O
                         net (fo=1, routed)           0.631     0.858    clk_IBUF
    BUFGCTRL_X0Y0        BUFG (Prop_bufg_I_O)         0.026     0.884 r  clk_IBUF_BUFG_inst/O
                         net (fo=82, routed)          0.592     1.475    clk_IBUF_BUFG
    SLICE_X64Y12         FDCE                                         r  value_reg[3]/C
  -------------------------------------------------------------------    -------------------
    SLICE_X64Y12         FDCE (Prop_fdce_C_Q)         0.148     1.623 r  value_reg[3]/Q
                         net (fo=11, routed)          0.134     1.757    value_reg_n_0_[3]
    SLICE_X64Y12         LUT4 (Prop_lut4_I0_O)        0.101     1.858 r  fnd_OBUF[6]_inst_i_1/O
                         net (fo=1, routed)           0.335     2.193    fnd_OBUF[6]
    U7                   OBUF (Prop_obuf_I_O)         1.298     3.492 r  fnd_OBUF[6]_inst/O
                         net (fo=0)                   0.000     3.492    fnd[6]
    U7                                                                r  fnd[6] (OUT)
  -------------------------------------------------------------------    -------------------

Slack:                    inf
  Source:                 value_reg[3]/C
                            (rising edge-triggered cell FDCE clocked by sys_clk_pin  {rise@0.000ns fall@5.000ns period=10.000ns})
  Destination:            fnd[2]
                            (output port)
  Path Group:             (none)
  Path Type:              Min at Fast Process Corner
  Data Path Delay:        2.124ns  (logic 1.482ns (69.769%)  route 0.642ns (30.231%))
  Logic Levels:           2  (LUT4=1 OBUF=1)
  Clock Uncertainty:      0.025ns  ((TSJ^2 + TIJ^2)^1/2 + DJ) / 2 + PE
    Total System Jitter     (TSJ):    0.050ns
    Total Input Jitter      (TIJ):    0.000ns
    Discrete Jitter          (DJ):    0.000ns
    Phase Error              (PE):    0.000ns

    Location             Delay type                Incr(ns)  Path(ns)    Netlist Resource(s)
  -------------------------------------------------------------------    -------------------
                         (clock sys_clk_pin rise edge)
                                                      0.000     0.000 r  
    W5                                                0.000     0.000 r  clk (IN)
                         net (fo=0)                   0.000     0.000    clk
    W5                   IBUF (Prop_ibuf_I_O)         0.226     0.226 r  clk_IBUF_inst/O
                         net (fo=1, routed)           0.631     0.858    clk_IBUF
    BUFGCTRL_X0Y0        BUFG (Prop_bufg_I_O)         0.026     0.884 r  clk_IBUF_BUFG_inst/O
                         net (fo=82, routed)          0.592     1.475    clk_IBUF_BUFG
    SLICE_X64Y12         FDCE                                         r  value_reg[3]/C
  -------------------------------------------------------------------    -------------------
    SLICE_X64Y12         FDCE (Prop_fdce_C_Q)         0.148     1.623 r  value_reg[3]/Q
                         net (fo=11, routed)          0.211     1.835    value_reg_n_0_[3]
    SLICE_X64Y13         LUT4 (Prop_lut4_I0_O)        0.098     1.933 r  fnd_OBUF[2]_inst_i_1/O
                         net (fo=1, routed)           0.431     2.363    fnd_OBUF[2]
    U8                   OBUF (Prop_obuf_I_O)         1.236     3.599 r  fnd_OBUF[2]_inst/O
                         net (fo=0)                   0.000     3.599    fnd[2]
    U8                                                                r  fnd[2] (OUT)
  -------------------------------------------------------------------    -------------------

Slack:                    inf
  Source:                 value_reg[3]/C
                            (rising edge-triggered cell FDCE clocked by sys_clk_pin  {rise@0.000ns fall@5.000ns period=10.000ns})
  Destination:            fnd[0]
                            (output port)
  Path Group:             (none)
  Path Type:              Min at Fast Process Corner
  Data Path Delay:        2.181ns  (logic 1.527ns (70.007%)  route 0.654ns (29.993%))
  Logic Levels:           2  (LUT4=1 OBUF=1)
  Clock Uncertainty:      0.025ns  ((TSJ^2 + TIJ^2)^1/2 + DJ) / 2 + PE
    Total System Jitter     (TSJ):    0.050ns
    Total Input Jitter      (TIJ):    0.000ns
    Discrete Jitter          (DJ):    0.000ns
    Phase Error              (PE):    0.000ns

    Location             Delay type                Incr(ns)  Path(ns)    Netlist Resource(s)
  -------------------------------------------------------------------    -------------------
                         (clock sys_clk_pin rise edge)
                                                      0.000     0.000 r  
    W5                                                0.000     0.000 r  clk (IN)
                         net (fo=0)                   0.000     0.000    clk
    W5                   IBUF (Prop_ibuf_I_O)         0.226     0.226 r  clk_IBUF_inst/O
                         net (fo=1, routed)           0.631     0.858    clk_IBUF
    BUFGCTRL_X0Y0        BUFG (Prop_bufg_I_O)         0.026     0.884 r  clk_IBUF_BUFG_inst/O
                         net (fo=82, routed)          0.592     1.475    clk_IBUF_BUFG
    SLICE_X64Y12         FDCE                                         r  value_reg[3]/C
  -------------------------------------------------------------------    -------------------
    SLICE_X64Y12         FDCE (Prop_fdce_C_Q)         0.148     1.623 r  value_reg[3]/Q
                         net (fo=11, routed)          0.207     1.831    value_reg_n_0_[3]
    SLICE_X64Y13         LUT4 (Prop_lut4_I0_O)        0.101     1.932 r  fnd_OBUF[0]_inst_i_1/O
                         net (fo=1, routed)           0.447     2.378    fnd_OBUF[0]
    W7                   OBUF (Prop_obuf_I_O)         1.278     3.656 r  fnd_OBUF[0]_inst/O
                         net (fo=0)                   0.000     3.656    fnd[0]
    W7                                                                r  fnd[0] (OUT)
  -------------------------------------------------------------------    -------------------

Slack:                    inf
  Source:                 value_reg[3]/C
                            (rising edge-triggered cell FDCE clocked by sys_clk_pin  {rise@0.000ns fall@5.000ns period=10.000ns})
  Destination:            fnd[1]
                            (output port)
  Path Group:             (none)
  Path Type:              Min at Fast Process Corner
  Data Path Delay:        2.181ns  (logic 1.476ns (67.679%)  route 0.705ns (32.321%))
  Logic Levels:           2  (LUT4=1 OBUF=1)
  Clock Uncertainty:      0.025ns  ((TSJ^2 + TIJ^2)^1/2 + DJ) / 2 + PE
    Total System Jitter     (TSJ):    0.050ns
    Total Input Jitter      (TIJ):    0.000ns
    Discrete Jitter          (DJ):    0.000ns
    Phase Error              (PE):    0.000ns

    Location             Delay type                Incr(ns)  Path(ns)    Netlist Resource(s)
  -------------------------------------------------------------------    -------------------
                         (clock sys_clk_pin rise edge)
                                                      0.000     0.000 r  
    W5                                                0.000     0.000 r  clk (IN)
                         net (fo=0)                   0.000     0.000    clk
    W5                   IBUF (Prop_ibuf_I_O)         0.226     0.226 r  clk_IBUF_inst/O
                         net (fo=1, routed)           0.631     0.858    clk_IBUF
    BUFGCTRL_X0Y0        BUFG (Prop_bufg_I_O)         0.026     0.884 r  clk_IBUF_BUFG_inst/O
                         net (fo=82, routed)          0.592     1.475    clk_IBUF_BUFG
    SLICE_X64Y12         FDCE                                         r  value_reg[3]/C
  -------------------------------------------------------------------    -------------------
    SLICE_X64Y12         FDCE (Prop_fdce_C_Q)         0.148     1.623 r  value_reg[3]/Q
                         net (fo=11, routed)          0.207     1.831    value_reg_n_0_[3]
    SLICE_X64Y13         LUT4 (Prop_lut4_I0_O)        0.098     1.929 r  fnd_OBUF[1]_inst_i_1/O
                         net (fo=1, routed)           0.497     2.426    fnd_OBUF[1]
    W6                   OBUF (Prop_obuf_I_O)         1.230     3.656 r  fnd_OBUF[1]_inst/O
                         net (fo=0)                   0.000     3.656    fnd[1]
    W6                                                                r  fnd[1] (OUT)
  -------------------------------------------------------------------    -------------------

Slack:                    inf
  Source:                 value_reg[3]/C
                            (rising edge-triggered cell FDCE clocked by sys_clk_pin  {rise@0.000ns fall@5.000ns period=10.000ns})
  Destination:            fnd[3]
                            (output port)
  Path Group:             (none)
  Path Type:              Min at Fast Process Corner
  Data Path Delay:        2.244ns  (logic 1.558ns (69.438%)  route 0.686ns (30.562%))
  Logic Levels:           2  (LUT4=1 OBUF=1)
  Clock Uncertainty:      0.025ns  ((TSJ^2 + TIJ^2)^1/2 + DJ) / 2 + PE
    Total System Jitter     (TSJ):    0.050ns
    Total Input Jitter      (TIJ):    0.000ns
    Discrete Jitter          (DJ):    0.000ns
    Phase Error              (PE):    0.000ns

    Location             Delay type                Incr(ns)  Path(ns)    Netlist Resource(s)
  -------------------------------------------------------------------    -------------------
                         (clock sys_clk_pin rise edge)
                                                      0.000     0.000 r  
    W5                                                0.000     0.000 r  clk (IN)
                         net (fo=0)                   0.000     0.000    clk
    W5                   IBUF (Prop_ibuf_I_O)         0.226     0.226 r  clk_IBUF_inst/O
                         net (fo=1, routed)           0.631     0.858    clk_IBUF
    BUFGCTRL_X0Y0        BUFG (Prop_bufg_I_O)         0.026     0.884 r  clk_IBUF_BUFG_inst/O
                         net (fo=82, routed)          0.592     1.475    clk_IBUF_BUFG
    SLICE_X64Y12         FDCE                                         r  value_reg[3]/C
  -------------------------------------------------------------------    -------------------
    SLICE_X64Y12         FDCE (Prop_fdce_C_Q)         0.148     1.623 r  value_reg[3]/Q
                         net (fo=11, routed)          0.211     1.835    value_reg_n_0_[3]
    SLICE_X64Y13         LUT4 (Prop_lut4_I0_O)        0.101     1.936 r  fnd_OBUF[3]_inst_i_1/O
                         net (fo=1, routed)           0.474     2.410    fnd_OBUF[3]
    V8                   OBUF (Prop_obuf_I_O)         1.309     3.719 r  fnd_OBUF[3]_inst/O
                         net (fo=0)                   0.000     3.719    fnd[3]
    V8                                                                r  fnd[3] (OUT)
  -------------------------------------------------------------------    -------------------





--------------------------------------------------------------------------------------
Path Group:  (none)
From Clock:  
  To Clock:  sys_clk_pin

Max Delay            84 Endpoints
Min Delay            84 Endpoints
--------------------------------------------------------------------------------------


Max Delay Paths
--------------------------------------------------------------------------------------
Slack:                    inf
  Source:                 rst
                            (input port)
  Destination:            cnt_reg[0]/CLR
                            (recovery check against rising-edge clock sys_clk_pin  {rise@0.000ns fall@5.000ns period=10.000ns})
  Path Group:             (none)
  Path Type:              Recovery (Max at Slow Process Corner)
  Data Path Delay:        5.333ns  (logic 1.441ns (27.023%)  route 3.892ns (72.977%))
  Logic Levels:           1  (IBUF=1)
  Clock Path Skew:        4.859ns (DCD - SCD + CPR)
    Destination Clock Delay (DCD):    4.859ns
    Source Clock Delay      (SCD):    0.000ns
    Clock Pessimism Removal (CPR):    0.000ns
  Clock Uncertainty:      0.025ns  ((TSJ^2 + TIJ^2)^1/2 + DJ) / 2 + PE
    Total System Jitter     (TSJ):    0.050ns
    Total Input Jitter      (TIJ):    0.000ns
    Discrete Jitter          (DJ):    0.000ns
    Phase Error              (PE):    0.000ns

    Location             Delay type                Incr(ns)  Path(ns)    Netlist Resource(s)
  -------------------------------------------------------------------    -------------------
    U18                                               0.000     0.000 f  rst (IN)
                         net (fo=0)                   0.000     0.000    rst
    U18                  IBUF (Prop_ibuf_I_O)         1.441     1.441 f  rst_IBUF_inst/O
                         net (fo=82, routed)          3.892     5.333    rst_IBUF
    SLICE_X62Y8          FDCE                                         f  cnt_reg[0]/CLR
  -------------------------------------------------------------------    -------------------

                         (clock sys_clk_pin rise edge)
                                                      0.000     0.000 r  
    W5                                                0.000     0.000 r  clk (IN)
                         net (fo=0)                   0.000     0.000    clk
    W5                   IBUF (Prop_ibuf_I_O)         1.388     1.388 r  clk_IBUF_inst/O
                         net (fo=1, routed)           1.862     3.250    clk_IBUF
    BUFGCTRL_X0Y0        BUFG (Prop_bufg_I_O)         0.091     3.341 r  clk_IBUF_BUFG_inst/O
                         net (fo=82, routed)          1.518     4.859    clk_IBUF_BUFG
    SLICE_X62Y8          FDCE                                         r  cnt_reg[0]/C

Slack:                    inf
  Source:                 rst
                            (input port)
  Destination:            cnt_reg[1]/CLR
                            (recovery check against rising-edge clock sys_clk_pin  {rise@0.000ns fall@5.000ns period=10.000ns})
  Path Group:             (none)
  Path Type:              Recovery (Max at Slow Process Corner)
  Data Path Delay:        5.333ns  (logic 1.441ns (27.023%)  route 3.892ns (72.977%))
  Logic Levels:           1  (IBUF=1)
  Clock Path Skew:        4.859ns (DCD - SCD + CPR)
    Destination Clock Delay (DCD):    4.859ns
    Source Clock Delay      (SCD):    0.000ns
    Clock Pessimism Removal (CPR):    0.000ns
  Clock Uncertainty:      0.025ns  ((TSJ^2 + TIJ^2)^1/2 + DJ) / 2 + PE
    Total System Jitter     (TSJ):    0.050ns
    Total Input Jitter      (TIJ):    0.000ns
    Discrete Jitter          (DJ):    0.000ns
    Phase Error              (PE):    0.000ns

    Location             Delay type                Incr(ns)  Path(ns)    Netlist Resource(s)
  -------------------------------------------------------------------    -------------------
    U18                                               0.000     0.000 f  rst (IN)
                         net (fo=0)                   0.000     0.000    rst
    U18                  IBUF (Prop_ibuf_I_O)         1.441     1.441 f  rst_IBUF_inst/O
                         net (fo=82, routed)          3.892     5.333    rst_IBUF
    SLICE_X62Y8          FDCE                                         f  cnt_reg[1]/CLR
  -------------------------------------------------------------------    -------------------

                         (clock sys_clk_pin rise edge)
                                                      0.000     0.000 r  
    W5                                                0.000     0.000 r  clk (IN)
                         net (fo=0)                   0.000     0.000    clk
    W5                   IBUF (Prop_ibuf_I_O)         1.388     1.388 r  clk_IBUF_inst/O
                         net (fo=1, routed)           1.862     3.250    clk_IBUF
    BUFGCTRL_X0Y0        BUFG (Prop_bufg_I_O)         0.091     3.341 r  clk_IBUF_BUFG_inst/O
                         net (fo=82, routed)          1.518     4.859    clk_IBUF_BUFG
    SLICE_X62Y8          FDCE                                         r  cnt_reg[1]/C

Slack:                    inf
  Source:                 rst
                            (input port)
  Destination:            cnt_reg[2]/CLR
                            (recovery check against rising-edge clock sys_clk_pin  {rise@0.000ns fall@5.000ns period=10.000ns})
  Path Group:             (none)
  Path Type:              Recovery (Max at Slow Process Corner)
  Data Path Delay:        5.333ns  (logic 1.441ns (27.023%)  route 3.892ns (72.977%))
  Logic Levels:           1  (IBUF=1)
  Clock Path Skew:        4.859ns (DCD - SCD + CPR)
    Destination Clock Delay (DCD):    4.859ns
    Source Clock Delay      (SCD):    0.000ns
    Clock Pessimism Removal (CPR):    0.000ns
  Clock Uncertainty:      0.025ns  ((TSJ^2 + TIJ^2)^1/2 + DJ) / 2 + PE
    Total System Jitter     (TSJ):    0.050ns
    Total Input Jitter      (TIJ):    0.000ns
    Discrete Jitter          (DJ):    0.000ns
    Phase Error              (PE):    0.000ns

    Location             Delay type                Incr(ns)  Path(ns)    Netlist Resource(s)
  -------------------------------------------------------------------    -------------------
    U18                                               0.000     0.000 f  rst (IN)
                         net (fo=0)                   0.000     0.000    rst
    U18                  IBUF (Prop_ibuf_I_O)         1.441     1.441 f  rst_IBUF_inst/O
                         net (fo=82, routed)          3.892     5.333    rst_IBUF
    SLICE_X62Y8          FDCE                                         f  cnt_reg[2]/CLR
  -------------------------------------------------------------------    -------------------

                         (clock sys_clk_pin rise edge)
                                                      0.000     0.000 r  
    W5                                                0.000     0.000 r  clk (IN)
                         net (fo=0)                   0.000     0.000    clk
    W5                   IBUF (Prop_ibuf_I_O)         1.388     1.388 r  clk_IBUF_inst/O
                         net (fo=1, routed)           1.862     3.250    clk_IBUF
    BUFGCTRL_X0Y0        BUFG (Prop_bufg_I_O)         0.091     3.341 r  clk_IBUF_BUFG_inst/O
                         net (fo=82, routed)          1.518     4.859    clk_IBUF_BUFG
    SLICE_X62Y8          FDCE                                         r  cnt_reg[2]/C

Slack:                    inf
  Source:                 rst
                            (input port)
  Destination:            cnt_reg[3]/CLR
                            (recovery check against rising-edge clock sys_clk_pin  {rise@0.000ns fall@5.000ns period=10.000ns})
  Path Group:             (none)
  Path Type:              Recovery (Max at Slow Process Corner)
  Data Path Delay:        5.333ns  (logic 1.441ns (27.023%)  route 3.892ns (72.977%))
  Logic Levels:           1  (IBUF=1)
  Clock Path Skew:        4.859ns (DCD - SCD + CPR)
    Destination Clock Delay (DCD):    4.859ns
    Source Clock Delay      (SCD):    0.000ns
    Clock Pessimism Removal (CPR):    0.000ns
  Clock Uncertainty:      0.025ns  ((TSJ^2 + TIJ^2)^1/2 + DJ) / 2 + PE
    Total System Jitter     (TSJ):    0.050ns
    Total Input Jitter      (TIJ):    0.000ns
    Discrete Jitter          (DJ):    0.000ns
    Phase Error              (PE):    0.000ns

    Location             Delay type                Incr(ns)  Path(ns)    Netlist Resource(s)
  -------------------------------------------------------------------    -------------------
    U18                                               0.000     0.000 f  rst (IN)
                         net (fo=0)                   0.000     0.000    rst
    U18                  IBUF (Prop_ibuf_I_O)         1.441     1.441 f  rst_IBUF_inst/O
                         net (fo=82, routed)          3.892     5.333    rst_IBUF
    SLICE_X62Y8          FDCE                                         f  cnt_reg[3]/CLR
  -------------------------------------------------------------------    -------------------

                         (clock sys_clk_pin rise edge)
                                                      0.000     0.000 r  
    W5                                                0.000     0.000 r  clk (IN)
                         net (fo=0)                   0.000     0.000    clk
    W5                   IBUF (Prop_ibuf_I_O)         1.388     1.388 r  clk_IBUF_inst/O
                         net (fo=1, routed)           1.862     3.250    clk_IBUF
    BUFGCTRL_X0Y0        BUFG (Prop_bufg_I_O)         0.091     3.341 r  clk_IBUF_BUFG_inst/O
                         net (fo=82, routed)          1.518     4.859    clk_IBUF_BUFG
    SLICE_X62Y8          FDCE                                         r  cnt_reg[3]/C

Slack:                    inf
  Source:                 rst
                            (input port)
  Destination:            value_reg[0]/CLR
                            (recovery check against rising-edge clock sys_clk_pin  {rise@0.000ns fall@5.000ns period=10.000ns})
  Path Group:             (none)
  Path Type:              Recovery (Max at Slow Process Corner)
  Data Path Delay:        5.197ns  (logic 1.441ns (27.732%)  route 3.756ns (72.268%))
  Logic Levels:           1  (IBUF=1)
  Clock Path Skew:        4.856ns (DCD - SCD + CPR)
    Destination Clock Delay (DCD):    4.856ns
    Source Clock Delay      (SCD):    0.000ns
    Clock Pessimism Removal (CPR):    0.000ns
  Clock Uncertainty:      0.025ns  ((TSJ^2 + TIJ^2)^1/2 + DJ) / 2 + PE
    Total System Jitter     (TSJ):    0.050ns
    Total Input Jitter      (TIJ):    0.000ns
    Discrete Jitter          (DJ):    0.000ns
    Phase Error              (PE):    0.000ns

    Location             Delay type                Incr(ns)  Path(ns)    Netlist Resource(s)
  -------------------------------------------------------------------    -------------------
    U18                                               0.000     0.000 f  rst (IN)
                         net (fo=0)                   0.000     0.000    rst
    U18                  IBUF (Prop_ibuf_I_O)         1.441     1.441 f  rst_IBUF_inst/O
                         net (fo=82, routed)          3.756     5.197    rst_IBUF
    SLICE_X64Y12         FDCE                                         f  value_reg[0]/CLR
  -------------------------------------------------------------------    -------------------

                         (clock sys_clk_pin rise edge)
                                                      0.000     0.000 r  
    W5                                                0.000     0.000 r  clk (IN)
                         net (fo=0)                   0.000     0.000    clk
    W5                   IBUF (Prop_ibuf_I_O)         1.388     1.388 r  clk_IBUF_inst/O
                         net (fo=1, routed)           1.862     3.250    clk_IBUF
    BUFGCTRL_X0Y0        BUFG (Prop_bufg_I_O)         0.091     3.341 r  clk_IBUF_BUFG_inst/O
                         net (fo=82, routed)          1.515     4.856    clk_IBUF_BUFG
    SLICE_X64Y12         FDCE                                         r  value_reg[0]/C

Slack:                    inf
  Source:                 rst
                            (input port)
  Destination:            value_reg[1]/CLR
                            (recovery check against rising-edge clock sys_clk_pin  {rise@0.000ns fall@5.000ns period=10.000ns})
  Path Group:             (none)
  Path Type:              Recovery (Max at Slow Process Corner)
  Data Path Delay:        5.197ns  (logic 1.441ns (27.732%)  route 3.756ns (72.268%))
  Logic Levels:           1  (IBUF=1)
  Clock Path Skew:        4.856ns (DCD - SCD + CPR)
    Destination Clock Delay (DCD):    4.856ns
    Source Clock Delay      (SCD):    0.000ns
    Clock Pessimism Removal (CPR):    0.000ns
  Clock Uncertainty:      0.025ns  ((TSJ^2 + TIJ^2)^1/2 + DJ) / 2 + PE
    Total System Jitter     (TSJ):    0.050ns
    Total Input Jitter      (TIJ):    0.000ns
    Discrete Jitter          (DJ):    0.000ns
    Phase Error              (PE):    0.000ns

    Location             Delay type                Incr(ns)  Path(ns)    Netlist Resource(s)
  -------------------------------------------------------------------    -------------------
    U18                                               0.000     0.000 f  rst (IN)
                         net (fo=0)                   0.000     0.000    rst
    U18                  IBUF (Prop_ibuf_I_O)         1.441     1.441 f  rst_IBUF_inst/O
                         net (fo=82, routed)          3.756     5.197    rst_IBUF
    SLICE_X64Y12         FDCE                                         f  value_reg[1]/CLR
  -------------------------------------------------------------------    -------------------

                         (clock sys_clk_pin rise edge)
                                                      0.000     0.000 r  
    W5                                                0.000     0.000 r  clk (IN)
                         net (fo=0)                   0.000     0.000    clk
    W5                   IBUF (Prop_ibuf_I_O)         1.388     1.388 r  clk_IBUF_inst/O
                         net (fo=1, routed)           1.862     3.250    clk_IBUF
    BUFGCTRL_X0Y0        BUFG (Prop_bufg_I_O)         0.091     3.341 r  clk_IBUF_BUFG_inst/O
                         net (fo=82, routed)          1.515     4.856    clk_IBUF_BUFG
    SLICE_X64Y12         FDCE                                         r  value_reg[1]/C

Slack:                    inf
  Source:                 rst
                            (input port)
  Destination:            value_reg[2]/CLR
                            (recovery check against rising-edge clock sys_clk_pin  {rise@0.000ns fall@5.000ns period=10.000ns})
  Path Group:             (none)
  Path Type:              Recovery (Max at Slow Process Corner)
  Data Path Delay:        5.197ns  (logic 1.441ns (27.732%)  route 3.756ns (72.268%))
  Logic Levels:           1  (IBUF=1)
  Clock Path Skew:        4.856ns (DCD - SCD + CPR)
    Destination Clock Delay (DCD):    4.856ns
    Source Clock Delay      (SCD):    0.000ns
    Clock Pessimism Removal (CPR):    0.000ns
  Clock Uncertainty:      0.025ns  ((TSJ^2 + TIJ^2)^1/2 + DJ) / 2 + PE
    Total System Jitter     (TSJ):    0.050ns
    Total Input Jitter      (TIJ):    0.000ns
    Discrete Jitter          (DJ):    0.000ns
    Phase Error              (PE):    0.000ns

    Location             Delay type                Incr(ns)  Path(ns)    Netlist Resource(s)
  -------------------------------------------------------------------    -------------------
    U18                                               0.000     0.000 f  rst (IN)
                         net (fo=0)                   0.000     0.000    rst
    U18                  IBUF (Prop_ibuf_I_O)         1.441     1.441 f  rst_IBUF_inst/O
                         net (fo=82, routed)          3.756     5.197    rst_IBUF
    SLICE_X64Y12         FDCE                                         f  value_reg[2]/CLR
  -------------------------------------------------------------------    -------------------

                         (clock sys_clk_pin rise edge)
                                                      0.000     0.000 r  
    W5                                                0.000     0.000 r  clk (IN)
                         net (fo=0)                   0.000     0.000    clk
    W5                   IBUF (Prop_ibuf_I_O)         1.388     1.388 r  clk_IBUF_inst/O
                         net (fo=1, routed)           1.862     3.250    clk_IBUF
    BUFGCTRL_X0Y0        BUFG (Prop_bufg_I_O)         0.091     3.341 r  clk_IBUF_BUFG_inst/O
                         net (fo=82, routed)          1.515     4.856    clk_IBUF_BUFG
    SLICE_X64Y12         FDCE                                         r  value_reg[2]/C

Slack:                    inf
  Source:                 rst
                            (input port)
  Destination:            value_reg[3]/CLR
                            (recovery check against rising-edge clock sys_clk_pin  {rise@0.000ns fall@5.000ns period=10.000ns})
  Path Group:             (none)
  Path Type:              Recovery (Max at Slow Process Corner)
  Data Path Delay:        5.197ns  (logic 1.441ns (27.732%)  route 3.756ns (72.268%))
  Logic Levels:           1  (IBUF=1)
  Clock Path Skew:        4.856ns (DCD - SCD + CPR)
    Destination Clock Delay (DCD):    4.856ns
    Source Clock Delay      (SCD):    0.000ns
    Clock Pessimism Removal (CPR):    0.000ns
  Clock Uncertainty:      0.025ns  ((TSJ^2 + TIJ^2)^1/2 + DJ) / 2 + PE
    Total System Jitter     (TSJ):    0.050ns
    Total Input Jitter      (TIJ):    0.000ns
    Discrete Jitter          (DJ):    0.000ns
    Phase Error              (PE):    0.000ns

    Location             Delay type                Incr(ns)  Path(ns)    Netlist Resource(s)
  -------------------------------------------------------------------    -------------------
    U18                                               0.000     0.000 f  rst (IN)
                         net (fo=0)                   0.000     0.000    rst
    U18                  IBUF (Prop_ibuf_I_O)         1.441     1.441 f  rst_IBUF_inst/O
                         net (fo=82, routed)          3.756     5.197    rst_IBUF
    SLICE_X64Y12         FDCE                                         f  value_reg[3]/CLR
  -------------------------------------------------------------------    -------------------

                         (clock sys_clk_pin rise edge)
                                                      0.000     0.000 r  
    W5                                                0.000     0.000 r  clk (IN)
                         net (fo=0)                   0.000     0.000    clk
    W5                   IBUF (Prop_ibuf_I_O)         1.388     1.388 r  clk_IBUF_inst/O
                         net (fo=1, routed)           1.862     3.250    clk_IBUF
    BUFGCTRL_X0Y0        BUFG (Prop_bufg_I_O)         0.091     3.341 r  clk_IBUF_BUFG_inst/O
                         net (fo=82, routed)          1.515     4.856    clk_IBUF_BUFG
    SLICE_X64Y12         FDCE                                         r  value_reg[3]/C

Slack:                    inf
  Source:                 rst
                            (input port)
  Destination:            cnt_reg[4]/CLR
                            (recovery check against rising-edge clock sys_clk_pin  {rise@0.000ns fall@5.000ns period=10.000ns})
  Path Group:             (none)
  Path Type:              Recovery (Max at Slow Process Corner)
  Data Path Delay:        5.054ns  (logic 1.441ns (28.518%)  route 3.613ns (71.482%))
  Logic Levels:           1  (IBUF=1)
  Clock Path Skew:        4.858ns (DCD - SCD + CPR)
    Destination Clock Delay (DCD):    4.858ns
    Source Clock Delay      (SCD):    0.000ns
    Clock Pessimism Removal (CPR):    0.000ns
  Clock Uncertainty:      0.025ns  ((TSJ^2 + TIJ^2)^1/2 + DJ) / 2 + PE
    Total System Jitter     (TSJ):    0.050ns
    Total Input Jitter      (TIJ):    0.000ns
    Discrete Jitter          (DJ):    0.000ns
    Phase Error              (PE):    0.000ns

    Location             Delay type                Incr(ns)  Path(ns)    Netlist Resource(s)
  -------------------------------------------------------------------    -------------------
    U18                                               0.000     0.000 f  rst (IN)
                         net (fo=0)                   0.000     0.000    rst
    U18                  IBUF (Prop_ibuf_I_O)         1.441     1.441 f  rst_IBUF_inst/O
                         net (fo=82, routed)          3.613     5.054    rst_IBUF
    SLICE_X62Y9          FDCE                                         f  cnt_reg[4]/CLR
  -------------------------------------------------------------------    -------------------

                         (clock sys_clk_pin rise edge)
                                                      0.000     0.000 r  
    W5                                                0.000     0.000 r  clk (IN)
                         net (fo=0)                   0.000     0.000    clk
    W5                   IBUF (Prop_ibuf_I_O)         1.388     1.388 r  clk_IBUF_inst/O
                         net (fo=1, routed)           1.862     3.250    clk_IBUF
    BUFGCTRL_X0Y0        BUFG (Prop_bufg_I_O)         0.091     3.341 r  clk_IBUF_BUFG_inst/O
                         net (fo=82, routed)          1.517     4.858    clk_IBUF_BUFG
    SLICE_X62Y9          FDCE                                         r  cnt_reg[4]/C

Slack:                    inf
  Source:                 rst
                            (input port)
  Destination:            cnt_reg[5]/CLR
                            (recovery check against rising-edge clock sys_clk_pin  {rise@0.000ns fall@5.000ns period=10.000ns})
  Path Group:             (none)
  Path Type:              Recovery (Max at Slow Process Corner)
  Data Path Delay:        5.054ns  (logic 1.441ns (28.518%)  route 3.613ns (71.482%))
  Logic Levels:           1  (IBUF=1)
  Clock Path Skew:        4.858ns (DCD - SCD + CPR)
    Destination Clock Delay (DCD):    4.858ns
    Source Clock Delay      (SCD):    0.000ns
    Clock Pessimism Removal (CPR):    0.000ns
  Clock Uncertainty:      0.025ns  ((TSJ^2 + TIJ^2)^1/2 + DJ) / 2 + PE
    Total System Jitter     (TSJ):    0.050ns
    Total Input Jitter      (TIJ):    0.000ns
    Discrete Jitter          (DJ):    0.000ns
    Phase Error              (PE):    0.000ns

    Location             Delay type                Incr(ns)  Path(ns)    Netlist Resource(s)
  -------------------------------------------------------------------    -------------------
    U18                                               0.000     0.000 f  rst (IN)
                         net (fo=0)                   0.000     0.000    rst
    U18                  IBUF (Prop_ibuf_I_O)         1.441     1.441 f  rst_IBUF_inst/O
                         net (fo=82, routed)          3.613     5.054    rst_IBUF
    SLICE_X62Y9          FDCE                                         f  cnt_reg[5]/CLR
  -------------------------------------------------------------------    -------------------

                         (clock sys_clk_pin rise edge)
                                                      0.000     0.000 r  
    W5                                                0.000     0.000 r  clk (IN)
                         net (fo=0)                   0.000     0.000    clk
    W5                   IBUF (Prop_ibuf_I_O)         1.388     1.388 r  clk_IBUF_inst/O
                         net (fo=1, routed)           1.862     3.250    clk_IBUF
    BUFGCTRL_X0Y0        BUFG (Prop_bufg_I_O)         0.091     3.341 r  clk_IBUF_BUFG_inst/O
                         net (fo=82, routed)          1.517     4.858    clk_IBUF_BUFG
    SLICE_X62Y9          FDCE                                         r  cnt_reg[5]/C





Min Delay Paths
--------------------------------------------------------------------------------------
Slack:                    inf
  Source:                 rst
                            (input port)
  Destination:            cntU_reg[14]/CLR
                            (removal check against rising-edge clock sys_clk_pin  {rise@0.000ns fall@5.000ns period=10.000ns})
  Path Group:             (none)
  Path Type:              Removal (Min at Fast Process Corner)
  Data Path Delay:        1.503ns  (logic 0.210ns (13.937%)  route 1.294ns (86.063%))
  Logic Levels:           1  (IBUF=1)
  Clock Path Skew:        1.986ns (DCD - SCD - CPR)
    Destination Clock Delay (DCD):    1.986ns
    Source Clock Delay      (SCD):    0.000ns
    Clock Pessimism Removal (CPR):    -0.000ns

    Location             Delay type                Incr(ns)  Path(ns)    Netlist Resource(s)
  -------------------------------------------------------------------    -------------------
    U18                                               0.000     0.000 f  rst (IN)
                         net (fo=0)                   0.000     0.000    rst
    U18                  IBUF (Prop_ibuf_I_O)         0.210     0.210 f  rst_IBUF_inst/O
                         net (fo=82, routed)          1.294     1.503    rst_IBUF
    SLICE_X59Y13         FDCE                                         f  cntU_reg[14]/CLR
  -------------------------------------------------------------------    -------------------

                         (clock sys_clk_pin rise edge)
                                                      0.000     0.000 r  
    W5                                                0.000     0.000 r  clk (IN)
                         net (fo=0)                   0.000     0.000    clk
    W5                   IBUF (Prop_ibuf_I_O)         0.414     0.414 r  clk_IBUF_inst/O
                         net (fo=1, routed)           0.685     1.099    clk_IBUF
    BUFGCTRL_X0Y0        BUFG (Prop_bufg_I_O)         0.029     1.128 r  clk_IBUF_BUFG_inst/O
                         net (fo=82, routed)          0.859     1.986    clk_IBUF_BUFG
    SLICE_X59Y13         FDCE                                         r  cntU_reg[14]/C

Slack:                    inf
  Source:                 rst
                            (input port)
  Destination:            cntU_reg[17]/CLR
                            (removal check against rising-edge clock sys_clk_pin  {rise@0.000ns fall@5.000ns period=10.000ns})
  Path Group:             (none)
  Path Type:              Removal (Min at Fast Process Corner)
  Data Path Delay:        1.503ns  (logic 0.210ns (13.937%)  route 1.294ns (86.063%))
  Logic Levels:           1  (IBUF=1)
  Clock Path Skew:        1.986ns (DCD - SCD - CPR)
    Destination Clock Delay (DCD):    1.986ns
    Source Clock Delay      (SCD):    0.000ns
    Clock Pessimism Removal (CPR):    -0.000ns

    Location             Delay type                Incr(ns)  Path(ns)    Netlist Resource(s)
  -------------------------------------------------------------------    -------------------
    U18                                               0.000     0.000 f  rst (IN)
                         net (fo=0)                   0.000     0.000    rst
    U18                  IBUF (Prop_ibuf_I_O)         0.210     0.210 f  rst_IBUF_inst/O
                         net (fo=82, routed)          1.294     1.503    rst_IBUF
    SLICE_X59Y13         FDCE                                         f  cntU_reg[17]/CLR
  -------------------------------------------------------------------    -------------------

                         (clock sys_clk_pin rise edge)
                                                      0.000     0.000 r  
    W5                                                0.000     0.000 r  clk (IN)
                         net (fo=0)                   0.000     0.000    clk
    W5                   IBUF (Prop_ibuf_I_O)         0.414     0.414 r  clk_IBUF_inst/O
                         net (fo=1, routed)           0.685     1.099    clk_IBUF
    BUFGCTRL_X0Y0        BUFG (Prop_bufg_I_O)         0.029     1.128 r  clk_IBUF_BUFG_inst/O
                         net (fo=82, routed)          0.859     1.986    clk_IBUF_BUFG
    SLICE_X59Y13         FDCE                                         r  cntU_reg[17]/C

Slack:                    inf
  Source:                 rst
                            (input port)
  Destination:            syncU_reg[0]/CLR
                            (removal check against rising-edge clock sys_clk_pin  {rise@0.000ns fall@5.000ns period=10.000ns})
  Path Group:             (none)
  Path Type:              Removal (Min at Fast Process Corner)
  Data Path Delay:        1.503ns  (logic 0.210ns (13.937%)  route 1.294ns (86.063%))
  Logic Levels:           1  (IBUF=1)
  Clock Path Skew:        1.986ns (DCD - SCD - CPR)
    Destination Clock Delay (DCD):    1.986ns
    Source Clock Delay      (SCD):    0.000ns
    Clock Pessimism Removal (CPR):    -0.000ns

    Location             Delay type                Incr(ns)  Path(ns)    Netlist Resource(s)
  -------------------------------------------------------------------    -------------------
    U18                                               0.000     0.000 f  rst (IN)
                         net (fo=0)                   0.000     0.000    rst
    U18                  IBUF (Prop_ibuf_I_O)         0.210     0.210 f  rst_IBUF_inst/O
                         net (fo=82, routed)          1.294     1.503    rst_IBUF
    SLICE_X59Y13         FDCE                                         f  syncU_reg[0]/CLR
  -------------------------------------------------------------------    -------------------

                         (clock sys_clk_pin rise edge)
                                                      0.000     0.000 r  
    W5                                                0.000     0.000 r  clk (IN)
                         net (fo=0)                   0.000     0.000    clk
    W5                   IBUF (Prop_ibuf_I_O)         0.414     0.414 r  clk_IBUF_inst/O
                         net (fo=1, routed)           0.685     1.099    clk_IBUF
    BUFGCTRL_X0Y0        BUFG (Prop_bufg_I_O)         0.029     1.128 r  clk_IBUF_BUFG_inst/O
                         net (fo=82, routed)          0.859     1.986    clk_IBUF_BUFG
    SLICE_X59Y13         FDCE                                         r  syncU_reg[0]/C

Slack:                    inf
  Source:                 btnU
                            (input port)
  Destination:            syncU_reg[0]/D
                            (rising edge-triggered cell FDCE clocked by sys_clk_pin  {rise@0.000ns fall@5.000ns period=10.000ns})
  Path Group:             (none)
  Path Type:              Hold (Min at Fast Process Corner)
  Data Path Delay:        1.529ns  (logic 0.222ns (14.508%)  route 1.307ns (85.492%))
  Logic Levels:           1  (IBUF=1)
  Clock Path Skew:        1.986ns (DCD - SCD - CPR)
    Destination Clock Delay (DCD):    1.986ns
    Source Clock Delay      (SCD):    0.000ns
    Clock Pessimism Removal (CPR):    -0.000ns

    Location             Delay type                Incr(ns)  Path(ns)    Netlist Resource(s)
  -------------------------------------------------------------------    -------------------
    T18                                               0.000     0.000 r  btnU (IN)
                         net (fo=0)                   0.000     0.000    btnU
    T18                  IBUF (Prop_ibuf_I_O)         0.222     0.222 r  btnU_IBUF_inst/O
                         net (fo=1, routed)           1.307     1.529    btnU_IBUF
    SLICE_X59Y13         FDCE                                         r  syncU_reg[0]/D
  -------------------------------------------------------------------    -------------------

                         (clock sys_clk_pin rise edge)
                                                      0.000     0.000 r  
    W5                                                0.000     0.000 r  clk (IN)
                         net (fo=0)                   0.000     0.000    clk
    W5                   IBUF (Prop_ibuf_I_O)         0.414     0.414 r  clk_IBUF_inst/O
                         net (fo=1, routed)           0.685     1.099    clk_IBUF
    BUFGCTRL_X0Y0        BUFG (Prop_bufg_I_O)         0.029     1.128 r  clk_IBUF_BUFG_inst/O
                         net (fo=82, routed)          0.859     1.986    clk_IBUF_BUFG
    SLICE_X59Y13         FDCE                                         r  syncU_reg[0]/C

Slack:                    inf
  Source:                 rst
                            (input port)
  Destination:            debU_reg/CLR
                            (removal check against rising-edge clock sys_clk_pin  {rise@0.000ns fall@5.000ns period=10.000ns})
  Path Group:             (none)
  Path Type:              Removal (Min at Fast Process Corner)
  Data Path Delay:        1.552ns  (logic 0.210ns (13.499%)  route 1.343ns (86.501%))
  Logic Levels:           1  (IBUF=1)
  Clock Path Skew:        1.987ns (DCD - SCD - CPR)
    Destination Clock Delay (DCD):    1.987ns
    Source Clock Delay      (SCD):    0.000ns
    Clock Pessimism Removal (CPR):    -0.000ns

    Location             Delay type                Incr(ns)  Path(ns)    Netlist Resource(s)
  -------------------------------------------------------------------    -------------------
    U18                                               0.000     0.000 f  rst (IN)
                         net (fo=0)                   0.000     0.000    rst
    U18                  IBUF (Prop_ibuf_I_O)         0.210     0.210 f  rst_IBUF_inst/O
                         net (fo=82, routed)          1.343     1.552    rst_IBUF
    SLICE_X59Y12         FDCE                                         f  debU_reg/CLR
  -------------------------------------------------------------------    -------------------

                         (clock sys_clk_pin rise edge)
                                                      0.000     0.000 r  
    W5                                                0.000     0.000 r  clk (IN)
                         net (fo=0)                   0.000     0.000    clk
    W5                   IBUF (Prop_ibuf_I_O)         0.414     0.414 r  clk_IBUF_inst/O
                         net (fo=1, routed)           0.685     1.099    clk_IBUF
    BUFGCTRL_X0Y0        BUFG (Prop_bufg_I_O)         0.029     1.128 r  clk_IBUF_BUFG_inst/O
                         net (fo=82, routed)          0.860     1.987    clk_IBUF_BUFG
    SLICE_X59Y12         FDCE                                         r  debU_reg/C

Slack:                    inf
  Source:                 rst
                            (input port)
  Destination:            mode_reg[0]/CLR
                            (removal check against rising-edge clock sys_clk_pin  {rise@0.000ns fall@5.000ns period=10.000ns})
  Path Group:             (none)
  Path Type:              Removal (Min at Fast Process Corner)
  Data Path Delay:        1.552ns  (logic 0.210ns (13.499%)  route 1.343ns (86.501%))
  Logic Levels:           1  (IBUF=1)
  Clock Path Skew:        1.987ns (DCD - SCD - CPR)
    Destination Clock Delay (DCD):    1.987ns
    Source Clock Delay      (SCD):    0.000ns
    Clock Pessimism Removal (CPR):    -0.000ns

    Location             Delay type                Incr(ns)  Path(ns)    Netlist Resource(s)
  -------------------------------------------------------------------    -------------------
    U18                                               0.000     0.000 f  rst (IN)
                         net (fo=0)                   0.000     0.000    rst
    U18                  IBUF (Prop_ibuf_I_O)         0.210     0.210 f  rst_IBUF_inst/O
                         net (fo=82, routed)          1.343     1.552    rst_IBUF
    SLICE_X59Y12         FDCE                                         f  mode_reg[0]/CLR
  -------------------------------------------------------------------    -------------------

                         (clock sys_clk_pin rise edge)
                                                      0.000     0.000 r  
    W5                                                0.000     0.000 r  clk (IN)
                         net (fo=0)                   0.000     0.000    clk
    W5                   IBUF (Prop_ibuf_I_O)         0.414     0.414 r  clk_IBUF_inst/O
                         net (fo=1, routed)           0.685     1.099    clk_IBUF
    BUFGCTRL_X0Y0        BUFG (Prop_bufg_I_O)         0.029     1.128 r  clk_IBUF_BUFG_inst/O
                         net (fo=82, routed)          0.860     1.987    clk_IBUF_BUFG
    SLICE_X59Y12         FDCE                                         r  mode_reg[0]/C

Slack:                    inf
  Source:                 rst
                            (input port)
  Destination:            mode_reg[1]/CLR
                            (removal check against rising-edge clock sys_clk_pin  {rise@0.000ns fall@5.000ns period=10.000ns})
  Path Group:             (none)
  Path Type:              Removal (Min at Fast Process Corner)
  Data Path Delay:        1.552ns  (logic 0.210ns (13.499%)  route 1.343ns (86.501%))
  Logic Levels:           1  (IBUF=1)
  Clock Path Skew:        1.987ns (DCD - SCD - CPR)
    Destination Clock Delay (DCD):    1.987ns
    Source Clock Delay      (SCD):    0.000ns
    Clock Pessimism Removal (CPR):    -0.000ns

    Location             Delay type                Incr(ns)  Path(ns)    Netlist Resource(s)
  -------------------------------------------------------------------    -------------------
    U18                                               0.000     0.000 f  rst (IN)
                         net (fo=0)                   0.000     0.000    rst
    U18                  IBUF (Prop_ibuf_I_O)         0.210     0.210 f  rst_IBUF_inst/O
                         net (fo=82, routed)          1.343     1.552    rst_IBUF
    SLICE_X59Y12         FDCE                                         f  mode_reg[1]/CLR
  -------------------------------------------------------------------    -------------------

                         (clock sys_clk_pin rise edge)
                                                      0.000     0.000 r  
    W5                                                0.000     0.000 r  clk (IN)
                         net (fo=0)                   0.000     0.000    clk
    W5                   IBUF (Prop_ibuf_I_O)         0.414     0.414 r  clk_IBUF_inst/O
                         net (fo=1, routed)           0.685     1.099    clk_IBUF
    BUFGCTRL_X0Y0        BUFG (Prop_bufg_I_O)         0.029     1.128 r  clk_IBUF_BUFG_inst/O
                         net (fo=82, routed)          0.860     1.987    clk_IBUF_BUFG
    SLICE_X59Y12         FDCE                                         r  mode_reg[1]/C

Slack:                    inf
  Source:                 rst
                            (input port)
  Destination:            prevU_reg/CLR
                            (removal check against rising-edge clock sys_clk_pin  {rise@0.000ns fall@5.000ns period=10.000ns})
  Path Group:             (none)
  Path Type:              Removal (Min at Fast Process Corner)
  Data Path Delay:        1.552ns  (logic 0.210ns (13.499%)  route 1.343ns (86.501%))
  Logic Levels:           1  (IBUF=1)
  Clock Path Skew:        1.987ns (DCD - SCD - CPR)
    Destination Clock Delay (DCD):    1.987ns
    Source Clock Delay      (SCD):    0.000ns
    Clock Pessimism Removal (CPR):    -0.000ns

    Location             Delay type                Incr(ns)  Path(ns)    Netlist Resource(s)
  -------------------------------------------------------------------    -------------------
    U18                                               0.000     0.000 f  rst (IN)
                         net (fo=0)                   0.000     0.000    rst
    U18                  IBUF (Prop_ibuf_I_O)         0.210     0.210 f  rst_IBUF_inst/O
                         net (fo=82, routed)          1.343     1.552    rst_IBUF
    SLICE_X59Y12         FDCE                                         f  prevU_reg/CLR
  -------------------------------------------------------------------    -------------------

                         (clock sys_clk_pin rise edge)
                                                      0.000     0.000 r  
    W5                                                0.000     0.000 r  clk (IN)
                         net (fo=0)                   0.000     0.000    clk
    W5                   IBUF (Prop_ibuf_I_O)         0.414     0.414 r  clk_IBUF_inst/O
                         net (fo=1, routed)           0.685     1.099    clk_IBUF
    BUFGCTRL_X0Y0        BUFG (Prop_bufg_I_O)         0.029     1.128 r  clk_IBUF_BUFG_inst/O
                         net (fo=82, routed)          0.860     1.987    clk_IBUF_BUFG
    SLICE_X59Y12         FDCE                                         r  prevU_reg/C

Slack:                    inf
  Source:                 rst
                            (input port)
  Destination:            syncU_reg[1]/CLR
                            (removal check against rising-edge clock sys_clk_pin  {rise@0.000ns fall@5.000ns period=10.000ns})
  Path Group:             (none)
  Path Type:              Removal (Min at Fast Process Corner)
  Data Path Delay:        1.552ns  (logic 0.210ns (13.499%)  route 1.343ns (86.501%))
  Logic Levels:           1  (IBUF=1)
  Clock Path Skew:        1.987ns (DCD - SCD - CPR)
    Destination Clock Delay (DCD):    1.987ns
    Source Clock Delay      (SCD):    0.000ns
    Clock Pessimism Removal (CPR):    -0.000ns

    Location             Delay type                Incr(ns)  Path(ns)    Netlist Resource(s)
  -------------------------------------------------------------------    -------------------
    U18                                               0.000     0.000 f  rst (IN)
                         net (fo=0)                   0.000     0.000    rst
    U18                  IBUF (Prop_ibuf_I_O)         0.210     0.210 f  rst_IBUF_inst/O
                         net (fo=82, routed)          1.343     1.552    rst_IBUF
    SLICE_X59Y12         FDCE                                         f  syncU_reg[1]/CLR
  -------------------------------------------------------------------    -------------------

                         (clock sys_clk_pin rise edge)
                                                      0.000     0.000 r  
    W5                                                0.000     0.000 r  clk (IN)
                         net (fo=0)                   0.000     0.000    clk
    W5                   IBUF (Prop_ibuf_I_O)         0.414     0.414 r  clk_IBUF_inst/O
                         net (fo=1, routed)           0.685     1.099    clk_IBUF
    BUFGCTRL_X0Y0        BUFG (Prop_bufg_I_O)         0.029     1.128 r  clk_IBUF_BUFG_inst/O
                         net (fo=82, routed)          0.860     1.987    clk_IBUF_BUFG
    SLICE_X59Y12         FDCE                                         r  syncU_reg[1]/C

Slack:                    inf
  Source:                 rst
                            (input port)
  Destination:            debD_reg/CLR
                            (removal check against rising-edge clock sys_clk_pin  {rise@0.000ns fall@5.000ns period=10.000ns})
  Path Group:             (none)
  Path Type:              Removal (Min at Fast Process Corner)
  Data Path Delay:        1.557ns  (logic 0.210ns (13.461%)  route 1.347ns (86.539%))
  Logic Levels:           1  (IBUF=1)
  Clock Path Skew:        1.987ns (DCD - SCD - CPR)
    Destination Clock Delay (DCD):    1.987ns
    Source Clock Delay      (SCD):    0.000ns
    Clock Pessimism Removal (CPR):    -0.000ns

    Location             Delay type                Incr(ns)  Path(ns)    Netlist Resource(s)
  -------------------------------------------------------------------    -------------------
    U18                                               0.000     0.000 f  rst (IN)
                         net (fo=0)                   0.000     0.000    rst
    U18                  IBUF (Prop_ibuf_I_O)         0.210     0.210 f  rst_IBUF_inst/O
                         net (fo=82, routed)          1.347     1.557    rst_IBUF
    SLICE_X58Y12         FDCE                                         f  debD_reg/CLR
  -------------------------------------------------------------------    -------------------

                         (clock sys_clk_pin rise edge)
                                                      0.000     0.000 r  
    W5                                                0.000     0.000 r  clk (IN)
                         net (fo=0)                   0.000     0.000    clk
    W5                   IBUF (Prop_ibuf_I_O)         0.414     0.414 r  clk_IBUF_inst/O
                         net (fo=1, routed)           0.685     1.099    clk_IBUF
    BUFGCTRL_X0Y0        BUFG (Prop_bufg_I_O)         0.029     1.128 r  clk_IBUF_BUFG_inst/O
                         net (fo=82, routed)          0.860     1.987    clk_IBUF_BUFG
    SLICE_X58Y12         FDCE                                         r  debD_reg/C





