Copyright 1986-2022 Xilinx, Inc. All Rights Reserved. Copyright 2022-2026 Advanced Micro Devices, Inc. All Rights Reserved.
------------------------------------------------------------------------------------------------------------------------------------------------------------------------------------------------------------------------------------------
| Tool Version : Vivado v.2025.2.1 (win64) Build 6403652 Thu Mar 19 19:48:24 GMT 2026
| Date         : Wed Apr 22 10:10:44 2026
| Host         : DESKTOP-Q1F9NDB running 64-bit major release  (build 9200)
| Command      : report_timing_summary -max_paths 10 -routable_nets -report_unconstrained -file onecounter_timing_summary_routed.rpt -pb onecounter_timing_summary_routed.pb -rpx onecounter_timing_summary_routed.rpx -warn_on_violation
| Design       : onecounter
| Device       : 7a35t-cpg236
| Speed File   : -1  PRODUCTION 1.23 2018-06-13
| Design State : Routed
------------------------------------------------------------------------------------------------------------------------------------------------------------------------------------------------------------------------------------------

Timing Summary Report

------------------------------------------------------------------------------------------------
| Timer Settings
| --------------
------------------------------------------------------------------------------------------------

  Enable Multi Corner Analysis               :  Yes
  Enable Pessimism Removal                   :  Yes
  Pessimism Removal Resolution               :  Nearest Common Node
  Enable Input Delay Default Clock           :  No
  Enable Preset / Clear Arcs                 :  No
  Disable Flight Delays                      :  No
  Ignore I/O Paths                           :  No
  Timing Early Launch at Borrowing Latches   :  No
  Borrow Time for Max Delay Exceptions       :  Yes
  Merge Timing Exceptions                    :  Yes
  Inter-SLR Compensation                     :  Conservative

  Corner  Analyze    Analyze    
  Name    Max Paths  Min Paths  
  ------  ---------  ---------  
  Slow    Yes        Yes        
  Fast    Yes        Yes        


------------------------------------------------------------------------------------------------
| Report Methodology
| ------------------
------------------------------------------------------------------------------------------------

Rule       Severity  Description                    Violations  
---------  --------  -----------------------------  ----------  
TIMING-18  Warning   Missing input or output delay  4           

Note: This report is based on the most recent report_methodology run and may not be up-to-date. Run report_methodology on the current design for the latest report.



check_timing report

Table of Contents
-----------------
1. checking no_clock (0)
2. checking constant_clock (0)
3. checking pulse_width_clock (0)
4. checking unconstrained_internal_endpoints (0)
5. checking no_input_delay (0)
6. checking no_output_delay (4)
7. checking multiple_clock (0)
8. checking generated_clocks (0)
9. checking loops (0)
10. checking partial_input_delay (0)
11. checking partial_output_delay (0)
12. checking latch_loops (0)

1. checking no_clock (0)
------------------------
 There are 0 register/latch pins with no clock.


2. checking constant_clock (0)
------------------------------
 There are 0 register/latch pins with constant_clock.


3. checking pulse_width_clock (0)
---------------------------------
 There are 0 register/latch pins which need pulse_width check


4. checking unconstrained_internal_endpoints (0)
------------------------------------------------
 There are 0 pins that are not constrained for maximum delay.

 There are 0 pins that are not constrained for maximum delay due to constant clock.


5. checking no_input_delay (0)
------------------------------
 There are 0 input ports with no input delay specified.

 There are 0 input ports with no input delay but user has a false path constraint.


6. checking no_output_delay (4)
-------------------------------
 There are 4 ports with no output delay specified. (HIGH)

 There are 0 ports with no output delay but user has a false path constraint

 There are 0 ports with no output delay but with a timing clock defined on it or propagating through it


7. checking multiple_clock (0)
------------------------------
 There are 0 register/latch pins with multiple clocks.


8. checking generated_clocks (0)
--------------------------------
 There are 0 generated clocks that are not connected to a clock source.


9. checking loops (0)
---------------------
 There are 0 combinational loops in the design.


10. checking partial_input_delay (0)
------------------------------------
 There are 0 input ports with partial input delay specified.


11. checking partial_output_delay (0)
-------------------------------------
 There are 0 ports with partial output delay specified.


12. checking latch_loops (0)
----------------------------
 There are 0 combinational latch loops in the design through latch input



------------------------------------------------------------------------------------------------
| Design Timing Summary
| ---------------------
------------------------------------------------------------------------------------------------

    WNS(ns)      TNS(ns)  TNS Failing Endpoints  TNS Total Endpoints      WHS(ns)      THS(ns)  THS Failing Endpoints  THS Total Endpoints     WPWS(ns)     TPWS(ns)  TPWS Failing Endpoints  TPWS Total Endpoints  
    -------      -------  ---------------------  -------------------      -------      -------  ---------------------  -------------------     --------     --------  ----------------------  --------------------  
      5.776        0.000                      0                   56        0.265        0.000                      0                   56        4.500        0.000                       0                    32  


All user specified timing constraints are met.


------------------------------------------------------------------------------------------------
| Clock Summary
| -------------
------------------------------------------------------------------------------------------------

Clock    Waveform(ns)       Period(ns)      Frequency(MHz)
-----    ------------       ----------      --------------
sys_clk  {0.000 5.000}      10.000          100.000         


------------------------------------------------------------------------------------------------
| Intra Clock Table
| -----------------
------------------------------------------------------------------------------------------------

Clock             WNS(ns)      TNS(ns)  TNS Failing Endpoints  TNS Total Endpoints      WHS(ns)      THS(ns)  THS Failing Endpoints  THS Total Endpoints     WPWS(ns)     TPWS(ns)  TPWS Failing Endpoints  TPWS Total Endpoints  
-----             -------      -------  ---------------------  -------------------      -------      -------  ---------------------  -------------------     --------     --------  ----------------------  --------------------  
sys_clk             5.776        0.000                      0                   56        0.265        0.000                      0                   56        4.500        0.000                       0                    32  


------------------------------------------------------------------------------------------------
| Inter Clock Table
| -----------------
------------------------------------------------------------------------------------------------

From Clock    To Clock          WNS(ns)      TNS(ns)  TNS Failing Endpoints  TNS Total Endpoints      WHS(ns)      THS(ns)  THS Failing Endpoints  THS Total Endpoints  
----------    --------          -------      -------  ---------------------  -------------------      -------      -------  ---------------------  -------------------  


------------------------------------------------------------------------------------------------
| Other Path Groups Table
| -----------------------
------------------------------------------------------------------------------------------------

Path Group    From Clock    To Clock          WNS(ns)      TNS(ns)  TNS Failing Endpoints  TNS Total Endpoints      WHS(ns)      THS(ns)  THS Failing Endpoints  THS Total Endpoints  
----------    ----------    --------          -------      -------  ---------------------  -------------------      -------      -------  ---------------------  -------------------  


------------------------------------------------------------------------------------------------
| User Ignored Path Table
| -----------------------
------------------------------------------------------------------------------------------------

Path Group    From Clock    To Clock    
----------    ----------    --------    


------------------------------------------------------------------------------------------------
| Unconstrained Path Table
| ------------------------
------------------------------------------------------------------------------------------------

Path Group    From Clock    To Clock    
----------    ----------    --------    
(none)                                    
(none)        sys_clk                     


------------------------------------------------------------------------------------------------
| Timing Details
| --------------
------------------------------------------------------------------------------------------------


---------------------------------------------------------------------------------------------------
From Clock:  sys_clk
  To Clock:  sys_clk

Setup :            0  Failing Endpoints,  Worst Slack        5.776ns,  Total Violation        0.000ns
Hold  :            0  Failing Endpoints,  Worst Slack        0.265ns,  Total Violation        0.000ns
PW    :            0  Failing Endpoints,  Worst Slack        4.500ns,  Total Violation        0.000ns
---------------------------------------------------------------------------------------------------


Max Delay Paths
--------------------------------------------------------------------------------------
Slack (MET) :             5.776ns  (required time - arrival time)
  Source:                 clk_divider_reg_reg[14]/C
                            (rising edge-triggered cell FDRE clocked by sys_clk  {rise@0.000ns fall@5.000ns period=10.000ns})
  Destination:            clk_divider_reg_reg[21]/R
                            (rising edge-triggered cell FDRE clocked by sys_clk  {rise@0.000ns fall@5.000ns period=10.000ns})
  Path Group:             sys_clk
  Path Type:              Setup (Max at Slow Process Corner)
  Requirement:            10.000ns  (sys_clk rise@10.000ns - sys_clk rise@0.000ns)
  Data Path Delay:        3.646ns  (logic 0.766ns (21.009%)  route 2.880ns (78.991%))
  Logic Levels:           2  (LUT5=1 LUT6=1)
  Clock Path Skew:        -0.019ns (DCD - SCD + CPR)
    Destination Clock Delay (DCD):    4.849ns = ( 14.849 - 10.000 ) 
    Source Clock Delay      (SCD):    5.142ns
    Clock Pessimism Removal (CPR):    0.274ns
  Clock Uncertainty:      0.035ns  ((TSJ^2 + TIJ^2)^1/2 + DJ) / 2 + PE
    Total System Jitter     (TSJ):    0.071ns
    Total Input Jitter      (TIJ):    0.000ns
    Discrete Jitter          (DJ):    0.000ns
    Phase Error              (PE):    0.000ns

    Location             Delay type                Incr(ns)  Path(ns)    Netlist Resource(s)
  -------------------------------------------------------------------    -------------------
                         (clock sys_clk rise edge)    0.000     0.000 r  
    W5                                                0.000     0.000 r  clk (IN)
                         net (fo=0)                   0.000     0.000    clk
    W5                   IBUF (Prop_ibuf_I_O)         1.458     1.458 r  clk_IBUF_inst/O
                         net (fo=1, routed)           1.967     3.425    clk_IBUF
    BUFGCTRL_X0Y0        BUFG (Prop_bufg_I_O)         0.096     3.521 r  clk_IBUF_BUFG_inst/O
                         net (fo=31, routed)          1.621     5.142    clk_IBUF_BUFG
    SLICE_X64Y27         FDRE                                         r  clk_divider_reg_reg[14]/C
  -------------------------------------------------------------------    -------------------
    SLICE_X64Y27         FDRE (Prop_fdre_C_Q)         0.518     5.660 r  clk_divider_reg_reg[14]/Q
                         net (fo=2, routed)           1.082     6.742    clk_divider_reg[14]
    SLICE_X65Y27         LUT6 (Prop_lut6_I3_O)        0.124     6.866 r  clk_divider_reg[24]_i_5/O
                         net (fo=1, routed)           0.808     7.674    clk_divider_reg[24]_i_5_n_0
    SLICE_X65Y26         LUT5 (Prop_lut5_I2_O)        0.124     7.798 r  clk_divider_reg[24]_i_1/O
                         net (fo=27, routed)          0.990     8.788    display_select[0]
    SLICE_X64Y29         FDRE                                         r  clk_divider_reg_reg[21]/R
  -------------------------------------------------------------------    -------------------

                         (clock sys_clk rise edge)   10.000    10.000 r  
    W5                                                0.000    10.000 r  clk (IN)
                         net (fo=0)                   0.000    10.000    clk
    W5                   IBUF (Prop_ibuf_I_O)         1.388    11.388 r  clk_IBUF_inst/O
                         net (fo=1, routed)           1.862    13.250    clk_IBUF
    BUFGCTRL_X0Y0        BUFG (Prop_bufg_I_O)         0.091    13.341 r  clk_IBUF_BUFG_inst/O
                         net (fo=31, routed)          1.508    14.849    clk_IBUF_BUFG
    SLICE_X64Y29         FDRE                                         r  clk_divider_reg_reg[21]/C
                         clock pessimism              0.274    15.123    
                         clock uncertainty           -0.035    15.088    
    SLICE_X64Y29         FDRE (Setup_fdre_C_R)       -0.524    14.564    clk_divider_reg_reg[21]
  -------------------------------------------------------------------
                         required time                         14.564    
                         arrival time                          -8.788    
  -------------------------------------------------------------------
                         slack                                  5.776    

Slack (MET) :             5.776ns  (required time - arrival time)
  Source:                 clk_divider_reg_reg[14]/C
                            (rising edge-triggered cell FDRE clocked by sys_clk  {rise@0.000ns fall@5.000ns period=10.000ns})
  Destination:            clk_divider_reg_reg[22]/R
                            (rising edge-triggered cell FDRE clocked by sys_clk  {rise@0.000ns fall@5.000ns period=10.000ns})
  Path Group:             sys_clk
  Path Type:              Setup (Max at Slow Process Corner)
  Requirement:            10.000ns  (sys_clk rise@10.000ns - sys_clk rise@0.000ns)
  Data Path Delay:        3.646ns  (logic 0.766ns (21.009%)  route 2.880ns (78.991%))
  Logic Levels:           2  (LUT5=1 LUT6=1)
  Clock Path Skew:        -0.019ns (DCD - SCD + CPR)
    Destination Clock Delay (DCD):    4.849ns = ( 14.849 - 10.000 ) 
    Source Clock Delay      (SCD):    5.142ns
    Clock Pessimism Removal (CPR):    0.274ns
  Clock Uncertainty:      0.035ns  ((TSJ^2 + TIJ^2)^1/2 + DJ) / 2 + PE
    Total System Jitter     (TSJ):    0.071ns
    Total Input Jitter      (TIJ):    0.000ns
    Discrete Jitter          (DJ):    0.000ns
    Phase Error              (PE):    0.000ns

    Location             Delay type                Incr(ns)  Path(ns)    Netlist Resource(s)
  -------------------------------------------------------------------    -------------------
                         (clock sys_clk rise edge)    0.000     0.000 r  
    W5                                                0.000     0.000 r  clk (IN)
                         net (fo=0)                   0.000     0.000    clk
    W5                   IBUF (Prop_ibuf_I_O)         1.458     1.458 r  clk_IBUF_inst/O
                         net (fo=1, routed)           1.967     3.425    clk_IBUF
    BUFGCTRL_X0Y0        BUFG (Prop_bufg_I_O)         0.096     3.521 r  clk_IBUF_BUFG_inst/O
                         net (fo=31, routed)          1.621     5.142    clk_IBUF_BUFG
    SLICE_X64Y27         FDRE                                         r  clk_divider_reg_reg[14]/C
  -------------------------------------------------------------------    -------------------
    SLICE_X64Y27         FDRE (Prop_fdre_C_Q)         0.518     5.660 r  clk_divider_reg_reg[14]/Q
                         net (fo=2, routed)           1.082     6.742    clk_divider_reg[14]
    SLICE_X65Y27         LUT6 (Prop_lut6_I3_O)        0.124     6.866 r  clk_divider_reg[24]_i_5/O
                         net (fo=1, routed)           0.808     7.674    clk_divider_reg[24]_i_5_n_0
    SLICE_X65Y26         LUT5 (Prop_lut5_I2_O)        0.124     7.798 r  clk_divider_reg[24]_i_1/O
                         net (fo=27, routed)          0.990     8.788    display_select[0]
    SLICE_X64Y29         FDRE                                         r  clk_divider_reg_reg[22]/R
  -------------------------------------------------------------------    -------------------

                         (clock sys_clk rise edge)   10.000    10.000 r  
    W5                                                0.000    10.000 r  clk (IN)
                         net (fo=0)                   0.000    10.000    clk
    W5                   IBUF (Prop_ibuf_I_O)         1.388    11.388 r  clk_IBUF_inst/O
                         net (fo=1, routed)           1.862    13.250    clk_IBUF
    BUFGCTRL_X0Y0        BUFG (Prop_bufg_I_O)         0.091    13.341 r  clk_IBUF_BUFG_inst/O
                         net (fo=31, routed)          1.508    14.849    clk_IBUF_BUFG
    SLICE_X64Y29         FDRE                                         r  clk_divider_reg_reg[22]/C
                         clock pessimism              0.274    15.123    
                         clock uncertainty           -0.035    15.088    
    SLICE_X64Y29         FDRE (Setup_fdre_C_R)       -0.524    14.564    clk_divider_reg_reg[22]
  -------------------------------------------------------------------
                         required time                         14.564    
                         arrival time                          -8.788    
  -------------------------------------------------------------------
                         slack                                  5.776    

Slack (MET) :             5.776ns  (required time - arrival time)
  Source:                 clk_divider_reg_reg[14]/C
                            (rising edge-triggered cell FDRE clocked by sys_clk  {rise@0.000ns fall@5.000ns period=10.000ns})
  Destination:            clk_divider_reg_reg[23]/R
                            (rising edge-triggered cell FDRE clocked by sys_clk  {rise@0.000ns fall@5.000ns period=10.000ns})
  Path Group:             sys_clk
  Path Type:              Setup (Max at Slow Process Corner)
  Requirement:            10.000ns  (sys_clk rise@10.000ns - sys_clk rise@0.000ns)
  Data Path Delay:        3.646ns  (logic 0.766ns (21.009%)  route 2.880ns (78.991%))
  Logic Levels:           2  (LUT5=1 LUT6=1)
  Clock Path Skew:        -0.019ns (DCD - SCD + CPR)
    Destination Clock Delay (DCD):    4.849ns = ( 14.849 - 10.000 ) 
    Source Clock Delay      (SCD):    5.142ns
    Clock Pessimism Removal (CPR):    0.274ns
  Clock Uncertainty:      0.035ns  ((TSJ^2 + TIJ^2)^1/2 + DJ) / 2 + PE
    Total System Jitter     (TSJ):    0.071ns
    Total Input Jitter      (TIJ):    0.000ns
    Discrete Jitter          (DJ):    0.000ns
    Phase Error              (PE):    0.000ns

    Location             Delay type                Incr(ns)  Path(ns)    Netlist Resource(s)
  -------------------------------------------------------------------    -------------------
                         (clock sys_clk rise edge)    0.000     0.000 r  
    W5                                                0.000     0.000 r  clk (IN)
                         net (fo=0)                   0.000     0.000    clk
    W5                   IBUF (Prop_ibuf_I_O)         1.458     1.458 r  clk_IBUF_inst/O
                         net (fo=1, routed)           1.967     3.425    clk_IBUF
    BUFGCTRL_X0Y0        BUFG (Prop_bufg_I_O)         0.096     3.521 r  clk_IBUF_BUFG_inst/O
                         net (fo=31, routed)          1.621     5.142    clk_IBUF_BUFG
    SLICE_X64Y27         FDRE                                         r  clk_divider_reg_reg[14]/C
  -------------------------------------------------------------------    -------------------
    SLICE_X64Y27         FDRE (Prop_fdre_C_Q)         0.518     5.660 r  clk_divider_reg_reg[14]/Q
                         net (fo=2, routed)           1.082     6.742    clk_divider_reg[14]
    SLICE_X65Y27         LUT6 (Prop_lut6_I3_O)        0.124     6.866 r  clk_divider_reg[24]_i_5/O
                         net (fo=1, routed)           0.808     7.674    clk_divider_reg[24]_i_5_n_0
    SLICE_X65Y26         LUT5 (Prop_lut5_I2_O)        0.124     7.798 r  clk_divider_reg[24]_i_1/O
                         net (fo=27, routed)          0.990     8.788    display_select[0]
    SLICE_X64Y29         FDRE                                         r  clk_divider_reg_reg[23]/R
  -------------------------------------------------------------------    -------------------

                         (clock sys_clk rise edge)   10.000    10.000 r  
    W5                                                0.000    10.000 r  clk (IN)
                         net (fo=0)                   0.000    10.000    clk
    W5                   IBUF (Prop_ibuf_I_O)         1.388    11.388 r  clk_IBUF_inst/O
                         net (fo=1, routed)           1.862    13.250    clk_IBUF
    BUFGCTRL_X0Y0        BUFG (Prop_bufg_I_O)         0.091    13.341 r  clk_IBUF_BUFG_inst/O
                         net (fo=31, routed)          1.508    14.849    clk_IBUF_BUFG
    SLICE_X64Y29         FDRE                                         r  clk_divider_reg_reg[23]/C
                         clock pessimism              0.274    15.123    
                         clock uncertainty           -0.035    15.088    
    SLICE_X64Y29         FDRE (Setup_fdre_C_R)       -0.524    14.564    clk_divider_reg_reg[23]
  -------------------------------------------------------------------
                         required time                         14.564    
                         arrival time                          -8.788    
  -------------------------------------------------------------------
                         slack                                  5.776    

Slack (MET) :             5.776ns  (required time - arrival time)
  Source:                 clk_divider_reg_reg[14]/C
                            (rising edge-triggered cell FDRE clocked by sys_clk  {rise@0.000ns fall@5.000ns period=10.000ns})
  Destination:            clk_divider_reg_reg[24]/R
                            (rising edge-triggered cell FDRE clocked by sys_clk  {rise@0.000ns fall@5.000ns period=10.000ns})
  Path Group:             sys_clk
  Path Type:              Setup (Max at Slow Process Corner)
  Requirement:            10.000ns  (sys_clk rise@10.000ns - sys_clk rise@0.000ns)
  Data Path Delay:        3.646ns  (logic 0.766ns (21.009%)  route 2.880ns (78.991%))
  Logic Levels:           2  (LUT5=1 LUT6=1)
  Clock Path Skew:        -0.019ns (DCD - SCD + CPR)
    Destination Clock Delay (DCD):    4.849ns = ( 14.849 - 10.000 ) 
    Source Clock Delay      (SCD):    5.142ns
    Clock Pessimism Removal (CPR):    0.274ns
  Clock Uncertainty:      0.035ns  ((TSJ^2 + TIJ^2)^1/2 + DJ) / 2 + PE
    Total System Jitter     (TSJ):    0.071ns
    Total Input Jitter      (TIJ):    0.000ns
    Discrete Jitter          (DJ):    0.000ns
    Phase Error              (PE):    0.000ns

    Location             Delay type                Incr(ns)  Path(ns)    Netlist Resource(s)
  -------------------------------------------------------------------    -------------------
                         (clock sys_clk rise edge)    0.000     0.000 r  
    W5                                                0.000     0.000 r  clk (IN)
                         net (fo=0)                   0.000     0.000    clk
    W5                   IBUF (Prop_ibuf_I_O)         1.458     1.458 r  clk_IBUF_inst/O
                         net (fo=1, routed)           1.967     3.425    clk_IBUF
    BUFGCTRL_X0Y0        BUFG (Prop_bufg_I_O)         0.096     3.521 r  clk_IBUF_BUFG_inst/O
                         net (fo=31, routed)          1.621     5.142    clk_IBUF_BUFG
    SLICE_X64Y27         FDRE                                         r  clk_divider_reg_reg[14]/C
  -------------------------------------------------------------------    -------------------
    SLICE_X64Y27         FDRE (Prop_fdre_C_Q)         0.518     5.660 r  clk_divider_reg_reg[14]/Q
                         net (fo=2, routed)           1.082     6.742    clk_divider_reg[14]
    SLICE_X65Y27         LUT6 (Prop_lut6_I3_O)        0.124     6.866 r  clk_divider_reg[24]_i_5/O
                         net (fo=1, routed)           0.808     7.674    clk_divider_reg[24]_i_5_n_0
    SLICE_X65Y26         LUT5 (Prop_lut5_I2_O)        0.124     7.798 r  clk_divider_reg[24]_i_1/O
                         net (fo=27, routed)          0.990     8.788    display_select[0]
    SLICE_X64Y29         FDRE                                         r  clk_divider_reg_reg[24]/R
  -------------------------------------------------------------------    -------------------

                         (clock sys_clk rise edge)   10.000    10.000 r  
    W5                                                0.000    10.000 r  clk (IN)
                         net (fo=0)                   0.000    10.000    clk
    W5                   IBUF (Prop_ibuf_I_O)         1.388    11.388 r  clk_IBUF_inst/O
                         net (fo=1, routed)           1.862    13.250    clk_IBUF
    BUFGCTRL_X0Y0        BUFG (Prop_bufg_I_O)         0.091    13.341 r  clk_IBUF_BUFG_inst/O
                         net (fo=31, routed)          1.508    14.849    clk_IBUF_BUFG
    SLICE_X64Y29         FDRE                                         r  clk_divider_reg_reg[24]/C
                         clock pessimism              0.274    15.123    
                         clock uncertainty           -0.035    15.088    
    SLICE_X64Y29         FDRE (Setup_fdre_C_R)       -0.524    14.564    clk_divider_reg_reg[24]
  -------------------------------------------------------------------
                         required time                         14.564    
                         arrival time                          -8.788    
  -------------------------------------------------------------------
                         slack                                  5.776    

Slack (MET) :             5.916ns  (required time - arrival time)
  Source:                 clk_divider_reg_reg[14]/C
                            (rising edge-triggered cell FDRE clocked by sys_clk  {rise@0.000ns fall@5.000ns period=10.000ns})
  Destination:            clk_divider_reg_reg[17]/R
                            (rising edge-triggered cell FDRE clocked by sys_clk  {rise@0.000ns fall@5.000ns period=10.000ns})
  Path Group:             sys_clk
  Path Type:              Setup (Max at Slow Process Corner)
  Requirement:            10.000ns  (sys_clk rise@10.000ns - sys_clk rise@0.000ns)
  Data Path Delay:        3.504ns  (logic 0.766ns (21.860%)  route 2.738ns (78.140%))
  Logic Levels:           2  (LUT5=1 LUT6=1)
  Clock Path Skew:        -0.020ns (DCD - SCD + CPR)
    Destination Clock Delay (DCD):    4.848ns = ( 14.848 - 10.000 ) 
    Source Clock Delay      (SCD):    5.142ns
    Clock Pessimism Removal (CPR):    0.274ns
  Clock Uncertainty:      0.035ns  ((TSJ^2 + TIJ^2)^1/2 + DJ) / 2 + PE
    Total System Jitter     (TSJ):    0.071ns
    Total Input Jitter      (TIJ):    0.000ns
    Discrete Jitter          (DJ):    0.000ns
    Phase Error              (PE):    0.000ns

    Location             Delay type                Incr(ns)  Path(ns)    Netlist Resource(s)
  -------------------------------------------------------------------    -------------------
                         (clock sys_clk rise edge)    0.000     0.000 r  
    W5                                                0.000     0.000 r  clk (IN)
                         net (fo=0)                   0.000     0.000    clk
    W5                   IBUF (Prop_ibuf_I_O)         1.458     1.458 r  clk_IBUF_inst/O
                         net (fo=1, routed)           1.967     3.425    clk_IBUF
    BUFGCTRL_X0Y0        BUFG (Prop_bufg_I_O)         0.096     3.521 r  clk_IBUF_BUFG_inst/O
                         net (fo=31, routed)          1.621     5.142    clk_IBUF_BUFG
    SLICE_X64Y27         FDRE                                         r  clk_divider_reg_reg[14]/C
  -------------------------------------------------------------------    -------------------
    SLICE_X64Y27         FDRE (Prop_fdre_C_Q)         0.518     5.660 r  clk_divider_reg_reg[14]/Q
                         net (fo=2, routed)           1.082     6.742    clk_divider_reg[14]
    SLICE_X65Y27         LUT6 (Prop_lut6_I3_O)        0.124     6.866 r  clk_divider_reg[24]_i_5/O
                         net (fo=1, routed)           0.808     7.674    clk_divider_reg[24]_i_5_n_0
    SLICE_X65Y26         LUT5 (Prop_lut5_I2_O)        0.124     7.798 r  clk_divider_reg[24]_i_1/O
                         net (fo=27, routed)          0.848     8.646    display_select[0]
    SLICE_X64Y28         FDRE                                         r  clk_divider_reg_reg[17]/R
  -------------------------------------------------------------------    -------------------

                         (clock sys_clk rise edge)   10.000    10.000 r  
    W5                                                0.000    10.000 r  clk (IN)
                         net (fo=0)                   0.000    10.000    clk
    W5                   IBUF (Prop_ibuf_I_O)         1.388    11.388 r  clk_IBUF_inst/O
                         net (fo=1, routed)           1.862    13.250    clk_IBUF
    BUFGCTRL_X0Y0        BUFG (Prop_bufg_I_O)         0.091    13.341 r  clk_IBUF_BUFG_inst/O
                         net (fo=31, routed)          1.507    14.848    clk_IBUF_BUFG
    SLICE_X64Y28         FDRE                                         r  clk_divider_reg_reg[17]/C
                         clock pessimism              0.274    15.122    
                         clock uncertainty           -0.035    15.087    
    SLICE_X64Y28         FDRE (Setup_fdre_C_R)       -0.524    14.563    clk_divider_reg_reg[17]
  -------------------------------------------------------------------
                         required time                         14.563    
                         arrival time                          -8.646    
  -------------------------------------------------------------------
                         slack                                  5.916    

Slack (MET) :             5.916ns  (required time - arrival time)
  Source:                 clk_divider_reg_reg[14]/C
                            (rising edge-triggered cell FDRE clocked by sys_clk  {rise@0.000ns fall@5.000ns period=10.000ns})
  Destination:            clk_divider_reg_reg[18]/R
                            (rising edge-triggered cell FDRE clocked by sys_clk  {rise@0.000ns fall@5.000ns period=10.000ns})
  Path Group:             sys_clk
  Path Type:              Setup (Max at Slow Process Corner)
  Requirement:            10.000ns  (sys_clk rise@10.000ns - sys_clk rise@0.000ns)
  Data Path Delay:        3.504ns  (logic 0.766ns (21.860%)  route 2.738ns (78.140%))
  Logic Levels:           2  (LUT5=1 LUT6=1)
  Clock Path Skew:        -0.020ns (DCD - SCD + CPR)
    Destination Clock Delay (DCD):    4.848ns = ( 14.848 - 10.000 ) 
    Source Clock Delay      (SCD):    5.142ns
    Clock Pessimism Removal (CPR):    0.274ns
  Clock Uncertainty:      0.035ns  ((TSJ^2 + TIJ^2)^1/2 + DJ) / 2 + PE
    Total System Jitter     (TSJ):    0.071ns
    Total Input Jitter      (TIJ):    0.000ns
    Discrete Jitter          (DJ):    0.000ns
    Phase Error              (PE):    0.000ns

    Location             Delay type                Incr(ns)  Path(ns)    Netlist Resource(s)
  -------------------------------------------------------------------    -------------------
                         (clock sys_clk rise edge)    0.000     0.000 r  
    W5                                                0.000     0.000 r  clk (IN)
                         net (fo=0)                   0.000     0.000    clk
    W5                   IBUF (Prop_ibuf_I_O)         1.458     1.458 r  clk_IBUF_inst/O
                         net (fo=1, routed)           1.967     3.425    clk_IBUF
    BUFGCTRL_X0Y0        BUFG (Prop_bufg_I_O)         0.096     3.521 r  clk_IBUF_BUFG_inst/O
                         net (fo=31, routed)          1.621     5.142    clk_IBUF_BUFG
    SLICE_X64Y27         FDRE                                         r  clk_divider_reg_reg[14]/C
  -------------------------------------------------------------------    -------------------
    SLICE_X64Y27         FDRE (Prop_fdre_C_Q)         0.518     5.660 r  clk_divider_reg_reg[14]/Q
                         net (fo=2, routed)           1.082     6.742    clk_divider_reg[14]
    SLICE_X65Y27         LUT6 (Prop_lut6_I3_O)        0.124     6.866 r  clk_divider_reg[24]_i_5/O
                         net (fo=1, routed)           0.808     7.674    clk_divider_reg[24]_i_5_n_0
    SLICE_X65Y26         LUT5 (Prop_lut5_I2_O)        0.124     7.798 r  clk_divider_reg[24]_i_1/O
                         net (fo=27, routed)          0.848     8.646    display_select[0]
    SLICE_X64Y28         FDRE                                         r  clk_divider_reg_reg[18]/R
  -------------------------------------------------------------------    -------------------

                         (clock sys_clk rise edge)   10.000    10.000 r  
    W5                                                0.000    10.000 r  clk (IN)
                         net (fo=0)                   0.000    10.000    clk
    W5                   IBUF (Prop_ibuf_I_O)         1.388    11.388 r  clk_IBUF_inst/O
                         net (fo=1, routed)           1.862    13.250    clk_IBUF
    BUFGCTRL_X0Y0        BUFG (Prop_bufg_I_O)         0.091    13.341 r  clk_IBUF_BUFG_inst/O
                         net (fo=31, routed)          1.507    14.848    clk_IBUF_BUFG
    SLICE_X64Y28         FDRE                                         r  clk_divider_reg_reg[18]/C
                         clock pessimism              0.274    15.122    
                         clock uncertainty           -0.035    15.087    
    SLICE_X64Y28         FDRE (Setup_fdre_C_R)       -0.524    14.563    clk_divider_reg_reg[18]
  -------------------------------------------------------------------
                         required time                         14.563    
                         arrival time                          -8.646    
  -------------------------------------------------------------------
                         slack                                  5.916    

Slack (MET) :             5.916ns  (required time - arrival time)
  Source:                 clk_divider_reg_reg[14]/C
                            (rising edge-triggered cell FDRE clocked by sys_clk  {rise@0.000ns fall@5.000ns period=10.000ns})
  Destination:            clk_divider_reg_reg[19]/R
                            (rising edge-triggered cell FDRE clocked by sys_clk  {rise@0.000ns fall@5.000ns period=10.000ns})
  Path Group:             sys_clk
  Path Type:              Setup (Max at Slow Process Corner)
  Requirement:            10.000ns  (sys_clk rise@10.000ns - sys_clk rise@0.000ns)
  Data Path Delay:        3.504ns  (logic 0.766ns (21.860%)  route 2.738ns (78.140%))
  Logic Levels:           2  (LUT5=1 LUT6=1)
  Clock Path Skew:        -0.020ns (DCD - SCD + CPR)
    Destination Clock Delay (DCD):    4.848ns = ( 14.848 - 10.000 ) 
    Source Clock Delay      (SCD):    5.142ns
    Clock Pessimism Removal (CPR):    0.274ns
  Clock Uncertainty:      0.035ns  ((TSJ^2 + TIJ^2)^1/2 + DJ) / 2 + PE
    Total System Jitter     (TSJ):    0.071ns
    Total Input Jitter      (TIJ):    0.000ns
    Discrete Jitter          (DJ):    0.000ns
    Phase Error              (PE):    0.000ns

    Location             Delay type                Incr(ns)  Path(ns)    Netlist Resource(s)
  -------------------------------------------------------------------    -------------------
                         (clock sys_clk rise edge)    0.000     0.000 r  
    W5                                                0.000     0.000 r  clk (IN)
                         net (fo=0)                   0.000     0.000    clk
    W5                   IBUF (Prop_ibuf_I_O)         1.458     1.458 r  clk_IBUF_inst/O
                         net (fo=1, routed)           1.967     3.425    clk_IBUF
    BUFGCTRL_X0Y0        BUFG (Prop_bufg_I_O)         0.096     3.521 r  clk_IBUF_BUFG_inst/O
                         net (fo=31, routed)          1.621     5.142    clk_IBUF_BUFG
    SLICE_X64Y27         FDRE                                         r  clk_divider_reg_reg[14]/C
  -------------------------------------------------------------------    -------------------
    SLICE_X64Y27         FDRE (Prop_fdre_C_Q)         0.518     5.660 r  clk_divider_reg_reg[14]/Q
                         net (fo=2, routed)           1.082     6.742    clk_divider_reg[14]
    SLICE_X65Y27         LUT6 (Prop_lut6_I3_O)        0.124     6.866 r  clk_divider_reg[24]_i_5/O
                         net (fo=1, routed)           0.808     7.674    clk_divider_reg[24]_i_5_n_0
    SLICE_X65Y26         LUT5 (Prop_lut5_I2_O)        0.124     7.798 r  clk_divider_reg[24]_i_1/O
                         net (fo=27, routed)          0.848     8.646    display_select[0]
    SLICE_X64Y28         FDRE                                         r  clk_divider_reg_reg[19]/R
  -------------------------------------------------------------------    -------------------

                         (clock sys_clk rise edge)   10.000    10.000 r  
    W5                                                0.000    10.000 r  clk (IN)
                         net (fo=0)                   0.000    10.000    clk
    W5                   IBUF (Prop_ibuf_I_O)         1.388    11.388 r  clk_IBUF_inst/O
                         net (fo=1, routed)           1.862    13.250    clk_IBUF
    BUFGCTRL_X0Y0        BUFG (Prop_bufg_I_O)         0.091    13.341 r  clk_IBUF_BUFG_inst/O
                         net (fo=31, routed)          1.507    14.848    clk_IBUF_BUFG
    SLICE_X64Y28         FDRE                                         r  clk_divider_reg_reg[19]/C
                         clock pessimism              0.274    15.122    
                         clock uncertainty           -0.035    15.087    
    SLICE_X64Y28         FDRE (Setup_fdre_C_R)       -0.524    14.563    clk_divider_reg_reg[19]
  -------------------------------------------------------------------
                         required time                         14.563    
                         arrival time                          -8.646    
  -------------------------------------------------------------------
                         slack                                  5.916    

Slack (MET) :             5.916ns  (required time - arrival time)
  Source:                 clk_divider_reg_reg[14]/C
                            (rising edge-triggered cell FDRE clocked by sys_clk  {rise@0.000ns fall@5.000ns period=10.000ns})
  Destination:            clk_divider_reg_reg[20]/R
                            (rising edge-triggered cell FDRE clocked by sys_clk  {rise@0.000ns fall@5.000ns period=10.000ns})
  Path Group:             sys_clk
  Path Type:              Setup (Max at Slow Process Corner)
  Requirement:            10.000ns  (sys_clk rise@10.000ns - sys_clk rise@0.000ns)
  Data Path Delay:        3.504ns  (logic 0.766ns (21.860%)  route 2.738ns (78.140%))
  Logic Levels:           2  (LUT5=1 LUT6=1)
  Clock Path Skew:        -0.020ns (DCD - SCD + CPR)
    Destination Clock Delay (DCD):    4.848ns = ( 14.848 - 10.000 ) 
    Source Clock Delay      (SCD):    5.142ns
    Clock Pessimism Removal (CPR):    0.274ns
  Clock Uncertainty:      0.035ns  ((TSJ^2 + TIJ^2)^1/2 + DJ) / 2 + PE
    Total System Jitter     (TSJ):    0.071ns
    Total Input Jitter      (TIJ):    0.000ns
    Discrete Jitter          (DJ):    0.000ns
    Phase Error              (PE):    0.000ns

    Location             Delay type                Incr(ns)  Path(ns)    Netlist Resource(s)
  -------------------------------------------------------------------    -------------------
                         (clock sys_clk rise edge)    0.000     0.000 r  
    W5                                                0.000     0.000 r  clk (IN)
                         net (fo=0)                   0.000     0.000    clk
    W5                   IBUF (Prop_ibuf_I_O)         1.458     1.458 r  clk_IBUF_inst/O
                         net (fo=1, routed)           1.967     3.425    clk_IBUF
    BUFGCTRL_X0Y0        BUFG (Prop_bufg_I_O)         0.096     3.521 r  clk_IBUF_BUFG_inst/O
                         net (fo=31, routed)          1.621     5.142    clk_IBUF_BUFG
    SLICE_X64Y27         FDRE                                         r  clk_divider_reg_reg[14]/C
  -------------------------------------------------------------------    -------------------
    SLICE_X64Y27         FDRE (Prop_fdre_C_Q)         0.518     5.660 r  clk_divider_reg_reg[14]/Q
                         net (fo=2, routed)           1.082     6.742    clk_divider_reg[14]
    SLICE_X65Y27         LUT6 (Prop_lut6_I3_O)        0.124     6.866 r  clk_divider_reg[24]_i_5/O
                         net (fo=1, routed)           0.808     7.674    clk_divider_reg[24]_i_5_n_0
    SLICE_X65Y26         LUT5 (Prop_lut5_I2_O)        0.124     7.798 r  clk_divider_reg[24]_i_1/O
                         net (fo=27, routed)          0.848     8.646    display_select[0]
    SLICE_X64Y28         FDRE                                         r  clk_divider_reg_reg[20]/R
  -------------------------------------------------------------------    -------------------

                         (clock sys_clk rise edge)   10.000    10.000 r  
    W5                                                0.000    10.000 r  clk (IN)
                         net (fo=0)                   0.000    10.000    clk
    W5                   IBUF (Prop_ibuf_I_O)         1.388    11.388 r  clk_IBUF_inst/O
                         net (fo=1, routed)           1.862    13.250    clk_IBUF
    BUFGCTRL_X0Y0        BUFG (Prop_bufg_I_O)         0.091    13.341 r  clk_IBUF_BUFG_inst/O
                         net (fo=31, routed)          1.507    14.848    clk_IBUF_BUFG
    SLICE_X64Y28         FDRE                                         r  clk_divider_reg_reg[20]/C
                         clock pessimism              0.274    15.122    
                         clock uncertainty           -0.035    15.087    
    SLICE_X64Y28         FDRE (Setup_fdre_C_R)       -0.524    14.563    clk_divider_reg_reg[20]
  -------------------------------------------------------------------
                         required time                         14.563    
                         arrival time                          -8.646    
  -------------------------------------------------------------------
                         slack                                  5.916    

Slack (MET) :             6.047ns  (required time - arrival time)
  Source:                 clk_divider_reg_reg[14]/C
                            (rising edge-triggered cell FDRE clocked by sys_clk  {rise@0.000ns fall@5.000ns period=10.000ns})
  Destination:            clk_divider_reg_reg[10]/R
                            (rising edge-triggered cell FDRE clocked by sys_clk  {rise@0.000ns fall@5.000ns period=10.000ns})
  Path Group:             sys_clk
  Path Type:              Setup (Max at Slow Process Corner)
  Requirement:            10.000ns  (sys_clk rise@10.000ns - sys_clk rise@0.000ns)
  Data Path Delay:        3.371ns  (logic 0.766ns (22.724%)  route 2.605ns (77.276%))
  Logic Levels:           2  (LUT5=1 LUT6=1)
  Clock Path Skew:        -0.023ns (DCD - SCD + CPR)
    Destination Clock Delay (DCD):    4.845ns = ( 14.845 - 10.000 ) 
    Source Clock Delay      (SCD):    5.142ns
    Clock Pessimism Removal (CPR):    0.274ns
  Clock Uncertainty:      0.035ns  ((TSJ^2 + TIJ^2)^1/2 + DJ) / 2 + PE
    Total System Jitter     (TSJ):    0.071ns
    Total Input Jitter      (TIJ):    0.000ns
    Discrete Jitter          (DJ):    0.000ns
    Phase Error              (PE):    0.000ns

    Location             Delay type                Incr(ns)  Path(ns)    Netlist Resource(s)
  -------------------------------------------------------------------    -------------------
                         (clock sys_clk rise edge)    0.000     0.000 r  
    W5                                                0.000     0.000 r  clk (IN)
                         net (fo=0)                   0.000     0.000    clk
    W5                   IBUF (Prop_ibuf_I_O)         1.458     1.458 r  clk_IBUF_inst/O
                         net (fo=1, routed)           1.967     3.425    clk_IBUF
    BUFGCTRL_X0Y0        BUFG (Prop_bufg_I_O)         0.096     3.521 r  clk_IBUF_BUFG_inst/O
                         net (fo=31, routed)          1.621     5.142    clk_IBUF_BUFG
    SLICE_X64Y27         FDRE                                         r  clk_divider_reg_reg[14]/C
  -------------------------------------------------------------------    -------------------
    SLICE_X64Y27         FDRE (Prop_fdre_C_Q)         0.518     5.660 r  clk_divider_reg_reg[14]/Q
                         net (fo=2, routed)           1.082     6.742    clk_divider_reg[14]
    SLICE_X65Y27         LUT6 (Prop_lut6_I3_O)        0.124     6.866 r  clk_divider_reg[24]_i_5/O
                         net (fo=1, routed)           0.808     7.674    clk_divider_reg[24]_i_5_n_0
    SLICE_X65Y26         LUT5 (Prop_lut5_I2_O)        0.124     7.798 r  clk_divider_reg[24]_i_1/O
                         net (fo=27, routed)          0.715     8.513    display_select[0]
    SLICE_X64Y26         FDRE                                         r  clk_divider_reg_reg[10]/R
  -------------------------------------------------------------------    -------------------

                         (clock sys_clk rise edge)   10.000    10.000 r  
    W5                                                0.000    10.000 r  clk (IN)
                         net (fo=0)                   0.000    10.000    clk
    W5                   IBUF (Prop_ibuf_I_O)         1.388    11.388 r  clk_IBUF_inst/O
                         net (fo=1, routed)           1.862    13.250    clk_IBUF
    BUFGCTRL_X0Y0        BUFG (Prop_bufg_I_O)         0.091    13.341 r  clk_IBUF_BUFG_inst/O
                         net (fo=31, routed)          1.504    14.845    clk_IBUF_BUFG
    SLICE_X64Y26         FDRE                                         r  clk_divider_reg_reg[10]/C
                         clock pessimism              0.274    15.119    
                         clock uncertainty           -0.035    15.084    
    SLICE_X64Y26         FDRE (Setup_fdre_C_R)       -0.524    14.560    clk_divider_reg_reg[10]
  -------------------------------------------------------------------
                         required time                         14.560    
                         arrival time                          -8.513    
  -------------------------------------------------------------------
                         slack                                  6.047    

Slack (MET) :             6.047ns  (required time - arrival time)
  Source:                 clk_divider_reg_reg[14]/C
                            (rising edge-triggered cell FDRE clocked by sys_clk  {rise@0.000ns fall@5.000ns period=10.000ns})
  Destination:            clk_divider_reg_reg[11]/R
                            (rising edge-triggered cell FDRE clocked by sys_clk  {rise@0.000ns fall@5.000ns period=10.000ns})
  Path Group:             sys_clk
  Path Type:              Setup (Max at Slow Process Corner)
  Requirement:            10.000ns  (sys_clk rise@10.000ns - sys_clk rise@0.000ns)
  Data Path Delay:        3.371ns  (logic 0.766ns (22.724%)  route 2.605ns (77.276%))
  Logic Levels:           2  (LUT5=1 LUT6=1)
  Clock Path Skew:        -0.023ns (DCD - SCD + CPR)
    Destination Clock Delay (DCD):    4.845ns = ( 14.845 - 10.000 ) 
    Source Clock Delay      (SCD):    5.142ns
    Clock Pessimism Removal (CPR):    0.274ns
  Clock Uncertainty:      0.035ns  ((TSJ^2 + TIJ^2)^1/2 + DJ) / 2 + PE
    Total System Jitter     (TSJ):    0.071ns
    Total Input Jitter      (TIJ):    0.000ns
    Discrete Jitter          (DJ):    0.000ns
    Phase Error              (PE):    0.000ns

    Location             Delay type                Incr(ns)  Path(ns)    Netlist Resource(s)
  -------------------------------------------------------------------    -------------------
                         (clock sys_clk rise edge)    0.000     0.000 r  
    W5                                                0.000     0.000 r  clk (IN)
                         net (fo=0)                   0.000     0.000    clk
    W5                   IBUF (Prop_ibuf_I_O)         1.458     1.458 r  clk_IBUF_inst/O
                         net (fo=1, routed)           1.967     3.425    clk_IBUF
    BUFGCTRL_X0Y0        BUFG (Prop_bufg_I_O)         0.096     3.521 r  clk_IBUF_BUFG_inst/O
                         net (fo=31, routed)          1.621     5.142    clk_IBUF_BUFG
    SLICE_X64Y27         FDRE                                         r  clk_divider_reg_reg[14]/C
  -------------------------------------------------------------------    -------------------
    SLICE_X64Y27         FDRE (Prop_fdre_C_Q)         0.518     5.660 r  clk_divider_reg_reg[14]/Q
                         net (fo=2, routed)           1.082     6.742    clk_divider_reg[14]
    SLICE_X65Y27         LUT6 (Prop_lut6_I3_O)        0.124     6.866 r  clk_divider_reg[24]_i_5/O
                         net (fo=1, routed)           0.808     7.674    clk_divider_reg[24]_i_5_n_0
    SLICE_X65Y26         LUT5 (Prop_lut5_I2_O)        0.124     7.798 r  clk_divider_reg[24]_i_1/O
                         net (fo=27, routed)          0.715     8.513    display_select[0]
    SLICE_X64Y26         FDRE                                         r  clk_divider_reg_reg[11]/R
  -------------------------------------------------------------------    -------------------

                         (clock sys_clk rise edge)   10.000    10.000 r  
    W5                                                0.000    10.000 r  clk (IN)
                         net (fo=0)                   0.000    10.000    clk
    W5                   IBUF (Prop_ibuf_I_O)         1.388    11.388 r  clk_IBUF_inst/O
                         net (fo=1, routed)           1.862    13.250    clk_IBUF
    BUFGCTRL_X0Y0        BUFG (Prop_bufg_I_O)         0.091    13.341 r  clk_IBUF_BUFG_inst/O
                         net (fo=31, routed)          1.504    14.845    clk_IBUF_BUFG
    SLICE_X64Y26         FDRE                                         r  clk_divider_reg_reg[11]/C
                         clock pessimism              0.274    15.119    
                         clock uncertainty           -0.035    15.084    
    SLICE_X64Y26         FDRE (Setup_fdre_C_R)       -0.524    14.560    clk_divider_reg_reg[11]
  -------------------------------------------------------------------
                         required time                         14.560    
                         arrival time                          -8.513    
  -------------------------------------------------------------------
                         slack                                  6.047    





Min Delay Paths
--------------------------------------------------------------------------------------
Slack (MET) :             0.265ns  (arrival time - required time)
  Source:                 clk_divider_reg_reg[11]/C
                            (rising edge-triggered cell FDRE clocked by sys_clk  {rise@0.000ns fall@5.000ns period=10.000ns})
  Destination:            clk_divider_reg_reg[11]/D
                            (rising edge-triggered cell FDRE clocked by sys_clk  {rise@0.000ns fall@5.000ns period=10.000ns})
  Path Group:             sys_clk
  Path Type:              Hold (Min at Fast Process Corner)
  Requirement:            0.000ns  (sys_clk rise@0.000ns - sys_clk rise@0.000ns)
  Data Path Delay:        0.399ns  (logic 0.274ns (68.589%)  route 0.125ns (31.411%))
  Logic Levels:           1  (CARRY4=1)
  Clock Path Skew:        0.000ns (DCD - SCD - CPR)
    Destination Clock Delay (DCD):    1.978ns
    Source Clock Delay      (SCD):    1.466ns
    Clock Pessimism Removal (CPR):    0.512ns

    Location             Delay type                Incr(ns)  Path(ns)    Netlist Resource(s)
  -------------------------------------------------------------------    -------------------
                         (clock sys_clk rise edge)    0.000     0.000 r  
    W5                                                0.000     0.000 r  clk (IN)
                         net (fo=0)                   0.000     0.000    clk
    W5                   IBUF (Prop_ibuf_I_O)         0.226     0.226 r  clk_IBUF_inst/O
                         net (fo=1, routed)           0.631     0.858    clk_IBUF
    BUFGCTRL_X0Y0        BUFG (Prop_bufg_I_O)         0.026     0.884 r  clk_IBUF_BUFG_inst/O
                         net (fo=31, routed)          0.583     1.466    clk_IBUF_BUFG
    SLICE_X64Y26         FDRE                                         r  clk_divider_reg_reg[11]/C
  -------------------------------------------------------------------    -------------------
    SLICE_X64Y26         FDRE (Prop_fdre_C_Q)         0.164     1.630 r  clk_divider_reg_reg[11]/Q
                         net (fo=2, routed)           0.125     1.756    clk_divider_reg[11]
    SLICE_X64Y26         CARRY4 (Prop_carry4_S[2]_O[2])
                                                      0.110     1.866 r  clk_divider_reg_reg[12]_i_1/O[2]
                         net (fo=1, routed)           0.000     1.866    p_1_in[11]
    SLICE_X64Y26         FDRE                                         r  clk_divider_reg_reg[11]/D
  -------------------------------------------------------------------    -------------------

                         (clock sys_clk rise edge)    0.000     0.000 r  
    W5                                                0.000     0.000 r  clk (IN)
                         net (fo=0)                   0.000     0.000    clk
    W5                   IBUF (Prop_ibuf_I_O)         0.414     0.414 r  clk_IBUF_inst/O
                         net (fo=1, routed)           0.685     1.099    clk_IBUF
    BUFGCTRL_X0Y0        BUFG (Prop_bufg_I_O)         0.029     1.128 r  clk_IBUF_BUFG_inst/O
                         net (fo=31, routed)          0.851     1.978    clk_IBUF_BUFG
    SLICE_X64Y26         FDRE                                         r  clk_divider_reg_reg[11]/C
                         clock pessimism             -0.512     1.466    
    SLICE_X64Y26         FDRE (Hold_fdre_C_D)         0.134     1.600    clk_divider_reg_reg[11]
  -------------------------------------------------------------------
                         required time                         -1.600    
                         arrival time                           1.866    
  -------------------------------------------------------------------
                         slack                                  0.265    

Slack (MET) :             0.265ns  (arrival time - required time)
  Source:                 clk_divider_reg_reg[15]/C
                            (rising edge-triggered cell FDRE clocked by sys_clk  {rise@0.000ns fall@5.000ns period=10.000ns})
  Destination:            clk_divider_reg_reg[15]/D
                            (rising edge-triggered cell FDRE clocked by sys_clk  {rise@0.000ns fall@5.000ns period=10.000ns})
  Path Group:             sys_clk
  Path Type:              Hold (Min at Fast Process Corner)
  Requirement:            0.000ns  (sys_clk rise@0.000ns - sys_clk rise@0.000ns)
  Data Path Delay:        0.399ns  (logic 0.274ns (68.589%)  route 0.125ns (31.411%))
  Logic Levels:           1  (CARRY4=1)
  Clock Path Skew:        0.000ns (DCD - SCD - CPR)
    Destination Clock Delay (DCD):    1.980ns
    Source Clock Delay      (SCD):    1.468ns
    Clock Pessimism Removal (CPR):    0.512ns

    Location             Delay type                Incr(ns)  Path(ns)    Netlist Resource(s)
  -------------------------------------------------------------------    -------------------
                         (clock sys_clk rise edge)    0.000     0.000 r  
    W5                                                0.000     0.000 r  clk (IN)
                         net (fo=0)                   0.000     0.000    clk
    W5                   IBUF (Prop_ibuf_I_O)         0.226     0.226 r  clk_IBUF_inst/O
                         net (fo=1, routed)           0.631     0.858    clk_IBUF
    BUFGCTRL_X0Y0        BUFG (Prop_bufg_I_O)         0.026     0.884 r  clk_IBUF_BUFG_inst/O
                         net (fo=31, routed)          0.585     1.468    clk_IBUF_BUFG
    SLICE_X64Y27         FDRE                                         r  clk_divider_reg_reg[15]/C
  -------------------------------------------------------------------    -------------------
    SLICE_X64Y27         FDRE (Prop_fdre_C_Q)         0.164     1.632 r  clk_divider_reg_reg[15]/Q
                         net (fo=2, routed)           0.125     1.758    clk_divider_reg[15]
    SLICE_X64Y27         CARRY4 (Prop_carry4_S[2]_O[2])
                                                      0.110     1.868 r  clk_divider_reg_reg[16]_i_1/O[2]
                         net (fo=1, routed)           0.000     1.868    p_1_in[15]
    SLICE_X64Y27         FDRE                                         r  clk_divider_reg_reg[15]/D
  -------------------------------------------------------------------    -------------------

                         (clock sys_clk rise edge)    0.000     0.000 r  
    W5                                                0.000     0.000 r  clk (IN)
                         net (fo=0)                   0.000     0.000    clk
    W5                   IBUF (Prop_ibuf_I_O)         0.414     0.414 r  clk_IBUF_inst/O
                         net (fo=1, routed)           0.685     1.099    clk_IBUF
    BUFGCTRL_X0Y0        BUFG (Prop_bufg_I_O)         0.029     1.128 r  clk_IBUF_BUFG_inst/O
                         net (fo=31, routed)          0.853     1.980    clk_IBUF_BUFG
    SLICE_X64Y27         FDRE                                         r  clk_divider_reg_reg[15]/C
                         clock pessimism             -0.512     1.468    
    SLICE_X64Y27         FDRE (Hold_fdre_C_D)         0.134     1.602    clk_divider_reg_reg[15]
  -------------------------------------------------------------------
                         required time                         -1.602    
                         arrival time                           1.868    
  -------------------------------------------------------------------
                         slack                                  0.265    

Slack (MET) :             0.265ns  (arrival time - required time)
  Source:                 clk_divider_reg_reg[3]/C
                            (rising edge-triggered cell FDRE clocked by sys_clk  {rise@0.000ns fall@5.000ns period=10.000ns})
  Destination:            clk_divider_reg_reg[3]/D
                            (rising edge-triggered cell FDRE clocked by sys_clk  {rise@0.000ns fall@5.000ns period=10.000ns})
  Path Group:             sys_clk
  Path Type:              Hold (Min at Fast Process Corner)
  Requirement:            0.000ns  (sys_clk rise@0.000ns - sys_clk rise@0.000ns)
  Data Path Delay:        0.399ns  (logic 0.274ns (68.589%)  route 0.125ns (31.411%))
  Logic Levels:           1  (CARRY4=1)
  Clock Path Skew:        0.000ns (DCD - SCD - CPR)
    Destination Clock Delay (DCD):    1.977ns
    Source Clock Delay      (SCD):    1.465ns
    Clock Pessimism Removal (CPR):    0.512ns

    Location             Delay type                Incr(ns)  Path(ns)    Netlist Resource(s)
  -------------------------------------------------------------------    -------------------
                         (clock sys_clk rise edge)    0.000     0.000 r  
    W5                                                0.000     0.000 r  clk (IN)
                         net (fo=0)                   0.000     0.000    clk
    W5                   IBUF (Prop_ibuf_I_O)         0.226     0.226 r  clk_IBUF_inst/O
                         net (fo=1, routed)           0.631     0.858    clk_IBUF
    BUFGCTRL_X0Y0        BUFG (Prop_bufg_I_O)         0.026     0.884 r  clk_IBUF_BUFG_inst/O
                         net (fo=31, routed)          0.582     1.465    clk_IBUF_BUFG
    SLICE_X64Y24         FDRE                                         r  clk_divider_reg_reg[3]/C
  -------------------------------------------------------------------    -------------------
    SLICE_X64Y24         FDRE (Prop_fdre_C_Q)         0.164     1.629 r  clk_divider_reg_reg[3]/Q
                         net (fo=2, routed)           0.125     1.755    clk_divider_reg[3]
    SLICE_X64Y24         CARRY4 (Prop_carry4_S[2]_O[2])
                                                      0.110     1.865 r  clk_divider_reg_reg[4]_i_1/O[2]
                         net (fo=1, routed)           0.000     1.865    p_1_in[3]
    SLICE_X64Y24         FDRE                                         r  clk_divider_reg_reg[3]/D
  -------------------------------------------------------------------    -------------------

                         (clock sys_clk rise edge)    0.000     0.000 r  
    W5                                                0.000     0.000 r  clk (IN)
                         net (fo=0)                   0.000     0.000    clk
    W5                   IBUF (Prop_ibuf_I_O)         0.414     0.414 r  clk_IBUF_inst/O
                         net (fo=1, routed)           0.685     1.099    clk_IBUF
    BUFGCTRL_X0Y0        BUFG (Prop_bufg_I_O)         0.029     1.128 r  clk_IBUF_BUFG_inst/O
                         net (fo=31, routed)          0.850     1.977    clk_IBUF_BUFG
    SLICE_X64Y24         FDRE                                         r  clk_divider_reg_reg[3]/C
                         clock pessimism             -0.512     1.465    
    SLICE_X64Y24         FDRE (Hold_fdre_C_D)         0.134     1.599    clk_divider_reg_reg[3]
  -------------------------------------------------------------------
                         required time                         -1.599    
                         arrival time                           1.865    
  -------------------------------------------------------------------
                         slack                                  0.265    

Slack (MET) :             0.265ns  (arrival time - required time)
  Source:                 clk_divider_reg_reg[23]/C
                            (rising edge-triggered cell FDRE clocked by sys_clk  {rise@0.000ns fall@5.000ns period=10.000ns})
  Destination:            clk_divider_reg_reg[23]/D
                            (rising edge-triggered cell FDRE clocked by sys_clk  {rise@0.000ns fall@5.000ns period=10.000ns})
  Path Group:             sys_clk
  Path Type:              Hold (Min at Fast Process Corner)
  Requirement:            0.000ns  (sys_clk rise@0.000ns - sys_clk rise@0.000ns)
  Data Path Delay:        0.399ns  (logic 0.274ns (68.589%)  route 0.125ns (31.411%))
  Logic Levels:           1  (CARRY4=1)
  Clock Path Skew:        0.000ns (DCD - SCD - CPR)
    Destination Clock Delay (DCD):    1.982ns
    Source Clock Delay      (SCD):    1.469ns
    Clock Pessimism Removal (CPR):    0.513ns

    Location             Delay type                Incr(ns)  Path(ns)    Netlist Resource(s)
  -------------------------------------------------------------------    -------------------
                         (clock sys_clk rise edge)    0.000     0.000 r  
    W5                                                0.000     0.000 r  clk (IN)
                         net (fo=0)                   0.000     0.000    clk
    W5                   IBUF (Prop_ibuf_I_O)         0.226     0.226 r  clk_IBUF_inst/O
                         net (fo=1, routed)           0.631     0.858    clk_IBUF
    BUFGCTRL_X0Y0        BUFG (Prop_bufg_I_O)         0.026     0.884 r  clk_IBUF_BUFG_inst/O
                         net (fo=31, routed)          0.586     1.469    clk_IBUF_BUFG
    SLICE_X64Y29         FDRE                                         r  clk_divider_reg_reg[23]/C
  -------------------------------------------------------------------    -------------------
    SLICE_X64Y29         FDRE (Prop_fdre_C_Q)         0.164     1.633 r  clk_divider_reg_reg[23]/Q
                         net (fo=2, routed)           0.125     1.759    clk_divider_reg[23]
    SLICE_X64Y29         CARRY4 (Prop_carry4_S[2]_O[2])
                                                      0.110     1.869 r  clk_divider_reg_reg[24]_i_2/O[2]
                         net (fo=1, routed)           0.000     1.869    p_1_in[23]
    SLICE_X64Y29         FDRE                                         r  clk_divider_reg_reg[23]/D
  -------------------------------------------------------------------    -------------------

                         (clock sys_clk rise edge)    0.000     0.000 r  
    W5                                                0.000     0.000 r  clk (IN)
                         net (fo=0)                   0.000     0.000    clk
    W5                   IBUF (Prop_ibuf_I_O)         0.414     0.414 r  clk_IBUF_inst/O
                         net (fo=1, routed)           0.685     1.099    clk_IBUF
    BUFGCTRL_X0Y0        BUFG (Prop_bufg_I_O)         0.029     1.128 r  clk_IBUF_BUFG_inst/O
                         net (fo=31, routed)          0.855     1.982    clk_IBUF_BUFG
    SLICE_X64Y29         FDRE                                         r  clk_divider_reg_reg[23]/C
                         clock pessimism             -0.513     1.469    
    SLICE_X64Y29         FDRE (Hold_fdre_C_D)         0.134     1.603    clk_divider_reg_reg[23]
  -------------------------------------------------------------------
                         required time                         -1.603    
                         arrival time                           1.869    
  -------------------------------------------------------------------
                         slack                                  0.265    

Slack (MET) :             0.267ns  (arrival time - required time)
  Source:                 clk_divider_reg_reg[19]/C
                            (rising edge-triggered cell FDRE clocked by sys_clk  {rise@0.000ns fall@5.000ns period=10.000ns})
  Destination:            clk_divider_reg_reg[19]/D
                            (rising edge-triggered cell FDRE clocked by sys_clk  {rise@0.000ns fall@5.000ns period=10.000ns})
  Path Group:             sys_clk
  Path Type:              Hold (Min at Fast Process Corner)
  Requirement:            0.000ns  (sys_clk rise@0.000ns - sys_clk rise@0.000ns)
  Data Path Delay:        0.401ns  (logic 0.274ns (68.412%)  route 0.127ns (31.588%))
  Logic Levels:           1  (CARRY4=1)
  Clock Path Skew:        0.000ns (DCD - SCD - CPR)
    Destination Clock Delay (DCD):    1.981ns
    Source Clock Delay      (SCD):    1.468ns
    Clock Pessimism Removal (CPR):    0.513ns

    Location             Delay type                Incr(ns)  Path(ns)    Netlist Resource(s)
  -------------------------------------------------------------------    -------------------
                         (clock sys_clk rise edge)    0.000     0.000 r  
    W5                                                0.000     0.000 r  clk (IN)
                         net (fo=0)                   0.000     0.000    clk
    W5                   IBUF (Prop_ibuf_I_O)         0.226     0.226 r  clk_IBUF_inst/O
                         net (fo=1, routed)           0.631     0.858    clk_IBUF
    BUFGCTRL_X0Y0        BUFG (Prop_bufg_I_O)         0.026     0.884 r  clk_IBUF_BUFG_inst/O
                         net (fo=31, routed)          0.585     1.468    clk_IBUF_BUFG
    SLICE_X64Y28         FDRE                                         r  clk_divider_reg_reg[19]/C
  -------------------------------------------------------------------    -------------------
    SLICE_X64Y28         FDRE (Prop_fdre_C_Q)         0.164     1.632 r  clk_divider_reg_reg[19]/Q
                         net (fo=2, routed)           0.127     1.759    clk_divider_reg[19]
    SLICE_X64Y28         CARRY4 (Prop_carry4_S[2]_O[2])
                                                      0.110     1.869 r  clk_divider_reg_reg[20]_i_1/O[2]
                         net (fo=1, routed)           0.000     1.869    p_1_in[19]
    SLICE_X64Y28         FDRE                                         r  clk_divider_reg_reg[19]/D
  -------------------------------------------------------------------    -------------------

                         (clock sys_clk rise edge)    0.000     0.000 r  
    W5                                                0.000     0.000 r  clk (IN)
                         net (fo=0)                   0.000     0.000    clk
    W5                   IBUF (Prop_ibuf_I_O)         0.414     0.414 r  clk_IBUF_inst/O
                         net (fo=1, routed)           0.685     1.099    clk_IBUF
    BUFGCTRL_X0Y0        BUFG (Prop_bufg_I_O)         0.029     1.128 r  clk_IBUF_BUFG_inst/O
                         net (fo=31, routed)          0.854     1.981    clk_IBUF_BUFG
    SLICE_X64Y28         FDRE                                         r  clk_divider_reg_reg[19]/C
                         clock pessimism             -0.513     1.468    
    SLICE_X64Y28         FDRE (Hold_fdre_C_D)         0.134     1.602    clk_divider_reg_reg[19]
  -------------------------------------------------------------------
                         required time                         -1.602    
                         arrival time                           1.869    
  -------------------------------------------------------------------
                         slack                                  0.267    

Slack (MET) :             0.267ns  (arrival time - required time)
  Source:                 clk_divider_reg_reg[7]/C
                            (rising edge-triggered cell FDRE clocked by sys_clk  {rise@0.000ns fall@5.000ns period=10.000ns})
  Destination:            clk_divider_reg_reg[7]/D
                            (rising edge-triggered cell FDRE clocked by sys_clk  {rise@0.000ns fall@5.000ns period=10.000ns})
  Path Group:             sys_clk
  Path Type:              Hold (Min at Fast Process Corner)
  Requirement:            0.000ns  (sys_clk rise@0.000ns - sys_clk rise@0.000ns)
  Data Path Delay:        0.401ns  (logic 0.274ns (68.412%)  route 0.127ns (31.588%))
  Logic Levels:           1  (CARRY4=1)
  Clock Path Skew:        0.000ns (DCD - SCD - CPR)
    Destination Clock Delay (DCD):    1.977ns
    Source Clock Delay      (SCD):    1.465ns
    Clock Pessimism Removal (CPR):    0.512ns

    Location             Delay type                Incr(ns)  Path(ns)    Netlist Resource(s)
  -------------------------------------------------------------------    -------------------
                         (clock sys_clk rise edge)    0.000     0.000 r  
    W5                                                0.000     0.000 r  clk (IN)
                         net (fo=0)                   0.000     0.000    clk
    W5                   IBUF (Prop_ibuf_I_O)         0.226     0.226 r  clk_IBUF_inst/O
                         net (fo=1, routed)           0.631     0.858    clk_IBUF
    BUFGCTRL_X0Y0        BUFG (Prop_bufg_I_O)         0.026     0.884 r  clk_IBUF_BUFG_inst/O
                         net (fo=31, routed)          0.582     1.465    clk_IBUF_BUFG
    SLICE_X64Y25         FDRE                                         r  clk_divider_reg_reg[7]/C
  -------------------------------------------------------------------    -------------------
    SLICE_X64Y25         FDRE (Prop_fdre_C_Q)         0.164     1.629 r  clk_divider_reg_reg[7]/Q
                         net (fo=2, routed)           0.127     1.756    clk_divider_reg[7]
    SLICE_X64Y25         CARRY4 (Prop_carry4_S[2]_O[2])
                                                      0.110     1.866 r  clk_divider_reg_reg[8]_i_1/O[2]
                         net (fo=1, routed)           0.000     1.866    p_1_in[7]
    SLICE_X64Y25         FDRE                                         r  clk_divider_reg_reg[7]/D
  -------------------------------------------------------------------    -------------------

                         (clock sys_clk rise edge)    0.000     0.000 r  
    W5                                                0.000     0.000 r  clk (IN)
                         net (fo=0)                   0.000     0.000    clk
    W5                   IBUF (Prop_ibuf_I_O)         0.414     0.414 r  clk_IBUF_inst/O
                         net (fo=1, routed)           0.685     1.099    clk_IBUF
    BUFGCTRL_X0Y0        BUFG (Prop_bufg_I_O)         0.029     1.128 r  clk_IBUF_BUFG_inst/O
                         net (fo=31, routed)          0.850     1.977    clk_IBUF_BUFG
    SLICE_X64Y25         FDRE                                         r  clk_divider_reg_reg[7]/C
                         clock pessimism             -0.512     1.465    
    SLICE_X64Y25         FDRE (Hold_fdre_C_D)         0.134     1.599    clk_divider_reg_reg[7]
  -------------------------------------------------------------------
                         required time                         -1.599    
                         arrival time                           1.866    
  -------------------------------------------------------------------
                         slack                                  0.267    

Slack (MET) :             0.275ns  (arrival time - required time)
  Source:                 clk_divider_reg_reg[0]/C
                            (rising edge-triggered cell FDRE clocked by sys_clk  {rise@0.000ns fall@5.000ns period=10.000ns})
  Destination:            clk_divider_reg_reg[0]/D
                            (rising edge-triggered cell FDRE clocked by sys_clk  {rise@0.000ns fall@5.000ns period=10.000ns})
  Path Group:             sys_clk
  Path Type:              Hold (Min at Fast Process Corner)
  Requirement:            0.000ns  (sys_clk rise@0.000ns - sys_clk rise@0.000ns)
  Data Path Delay:        0.366ns  (logic 0.186ns (50.759%)  route 0.180ns (49.241%))
  Logic Levels:           1  (LUT1=1)
  Clock Path Skew:        0.000ns (DCD - SCD - CPR)
    Destination Clock Delay (DCD):    1.977ns
    Source Clock Delay      (SCD):    1.465ns
    Clock Pessimism Removal (CPR):    0.512ns

    Location             Delay type                Incr(ns)  Path(ns)    Netlist Resource(s)
  -------------------------------------------------------------------    -------------------
                         (clock sys_clk rise edge)    0.000     0.000 r  
    W5                                                0.000     0.000 r  clk (IN)
                         net (fo=0)                   0.000     0.000    clk
    W5                   IBUF (Prop_ibuf_I_O)         0.226     0.226 r  clk_IBUF_inst/O
                         net (fo=1, routed)           0.631     0.858    clk_IBUF
    BUFGCTRL_X0Y0        BUFG (Prop_bufg_I_O)         0.026     0.884 r  clk_IBUF_BUFG_inst/O
                         net (fo=31, routed)          0.582     1.465    clk_IBUF_BUFG
    SLICE_X65Y25         FDRE                                         r  clk_divider_reg_reg[0]/C
  -------------------------------------------------------------------    -------------------
    SLICE_X65Y25         FDRE (Prop_fdre_C_Q)         0.141     1.606 f  clk_divider_reg_reg[0]/Q
                         net (fo=3, routed)           0.180     1.787    clk_divider_reg[0]
    SLICE_X65Y25         LUT1 (Prop_lut1_I0_O)        0.045     1.832 r  clk_divider_reg[0]_i_1/O
                         net (fo=1, routed)           0.000     1.832    p_1_in[0]
    SLICE_X65Y25         FDRE                                         r  clk_divider_reg_reg[0]/D
  -------------------------------------------------------------------    -------------------

                         (clock sys_clk rise edge)    0.000     0.000 r  
    W5                                                0.000     0.000 r  clk (IN)
                         net (fo=0)                   0.000     0.000    clk
    W5                   IBUF (Prop_ibuf_I_O)         0.414     0.414 r  clk_IBUF_inst/O
                         net (fo=1, routed)           0.685     1.099    clk_IBUF
    BUFGCTRL_X0Y0        BUFG (Prop_bufg_I_O)         0.029     1.128 r  clk_IBUF_BUFG_inst/O
                         net (fo=31, routed)          0.850     1.977    clk_IBUF_BUFG
    SLICE_X65Y25         FDRE                                         r  clk_divider_reg_reg[0]/C
                         clock pessimism             -0.512     1.465    
    SLICE_X65Y25         FDRE (Hold_fdre_C_D)         0.091     1.556    clk_divider_reg_reg[0]
  -------------------------------------------------------------------
                         required time                         -1.556    
                         arrival time                           1.832    
  -------------------------------------------------------------------
                         slack                                  0.275    

Slack (MET) :             0.297ns  (arrival time - required time)
  Source:                 display_select_reg[0]/C
                            (rising edge-triggered cell FDRE clocked by sys_clk  {rise@0.000ns fall@5.000ns period=10.000ns})
  Destination:            fndsel2_reg/D
                            (rising edge-triggered cell FDRE clocked by sys_clk  {rise@0.000ns fall@5.000ns period=10.000ns})
  Path Group:             sys_clk
  Path Type:              Hold (Min at Fast Process Corner)
  Requirement:            0.000ns  (sys_clk rise@0.000ns - sys_clk rise@0.000ns)
  Data Path Delay:        0.404ns  (logic 0.186ns (46.001%)  route 0.218ns (53.999%))
  Logic Levels:           1  (LUT2=1)
  Clock Path Skew:        0.000ns (DCD - SCD - CPR)
    Destination Clock Delay (DCD):    1.980ns
    Source Clock Delay      (SCD):    1.468ns
    Clock Pessimism Removal (CPR):    0.512ns

    Location             Delay type                Incr(ns)  Path(ns)    Netlist Resource(s)
  -------------------------------------------------------------------    -------------------
                         (clock sys_clk rise edge)    0.000     0.000 r  
    W5                                                0.000     0.000 r  clk (IN)
                         net (fo=0)                   0.000     0.000    clk
    W5                   IBUF (Prop_ibuf_I_O)         0.226     0.226 r  clk_IBUF_inst/O
                         net (fo=1, routed)           0.631     0.858    clk_IBUF
    BUFGCTRL_X0Y0        BUFG (Prop_bufg_I_O)         0.026     0.884 r  clk_IBUF_BUFG_inst/O
                         net (fo=31, routed)          0.585     1.468    clk_IBUF_BUFG
    SLICE_X65Y27         FDRE                                         r  display_select_reg[0]/C
  -------------------------------------------------------------------    -------------------
    SLICE_X65Y27         FDRE (Prop_fdre_C_Q)         0.141     1.609 f  display_select_reg[0]/Q
                         net (fo=6, routed)           0.218     1.827    display_select_reg_n_0_[0]
    SLICE_X65Y27         LUT2 (Prop_lut2_I1_O)        0.045     1.872 r  fndsel2_i_1/O
                         net (fo=1, routed)           0.000     1.872    fndsel2_i_1_n_0
    SLICE_X65Y27         FDRE                                         r  fndsel2_reg/D
  -------------------------------------------------------------------    -------------------

                         (clock sys_clk rise edge)    0.000     0.000 r  
    W5                                                0.000     0.000 r  clk (IN)
                         net (fo=0)                   0.000     0.000    clk
    W5                   IBUF (Prop_ibuf_I_O)         0.414     0.414 r  clk_IBUF_inst/O
                         net (fo=1, routed)           0.685     1.099    clk_IBUF
    BUFGCTRL_X0Y0        BUFG (Prop_bufg_I_O)         0.029     1.128 r  clk_IBUF_BUFG_inst/O
                         net (fo=31, routed)          0.853     1.980    clk_IBUF_BUFG
    SLICE_X65Y27         FDRE                                         r  fndsel2_reg/C
                         clock pessimism             -0.512     1.468    
    SLICE_X65Y27         FDRE (Hold_fdre_C_D)         0.107     1.575    fndsel2_reg
  -------------------------------------------------------------------
                         required time                         -1.575    
                         arrival time                           1.872    
  -------------------------------------------------------------------
                         slack                                  0.297    

Slack (MET) :             0.298ns  (arrival time - required time)
  Source:                 display_select_reg[0]/C
                            (rising edge-triggered cell FDRE clocked by sys_clk  {rise@0.000ns fall@5.000ns period=10.000ns})
  Destination:            display_select_reg[1]/D
                            (rising edge-triggered cell FDRE clocked by sys_clk  {rise@0.000ns fall@5.000ns period=10.000ns})
  Path Group:             sys_clk
  Path Type:              Hold (Min at Fast Process Corner)
  Requirement:            0.000ns  (sys_clk rise@0.000ns - sys_clk rise@0.000ns)
  Data Path Delay:        0.405ns  (logic 0.187ns (46.134%)  route 0.218ns (53.866%))
  Logic Levels:           1  (LUT3=1)
  Clock Path Skew:        0.000ns (DCD - SCD - CPR)
    Destination Clock Delay (DCD):    1.980ns
    Source Clock Delay      (SCD):    1.468ns
    Clock Pessimism Removal (CPR):    0.512ns

    Location             Delay type                Incr(ns)  Path(ns)    Netlist Resource(s)
  -------------------------------------------------------------------    -------------------
                         (clock sys_clk rise edge)    0.000     0.000 r  
    W5                                                0.000     0.000 r  clk (IN)
                         net (fo=0)                   0.000     0.000    clk
    W5                   IBUF (Prop_ibuf_I_O)         0.226     0.226 r  clk_IBUF_inst/O
                         net (fo=1, routed)           0.631     0.858    clk_IBUF
    BUFGCTRL_X0Y0        BUFG (Prop_bufg_I_O)         0.026     0.884 r  clk_IBUF_BUFG_inst/O
                         net (fo=31, routed)          0.585     1.468    clk_IBUF_BUFG
    SLICE_X65Y27         FDRE                                         r  display_select_reg[0]/C
  -------------------------------------------------------------------    -------------------
    SLICE_X65Y27         FDRE (Prop_fdre_C_Q)         0.141     1.609 r  display_select_reg[0]/Q
                         net (fo=6, routed)           0.218     1.827    display_select_reg_n_0_[0]
    SLICE_X65Y27         LUT3 (Prop_lut3_I0_O)        0.046     1.873 r  display_select[1]_i_1/O
                         net (fo=1, routed)           0.000     1.873    display_select[1]_i_1_n_0
    SLICE_X65Y27         FDRE                                         r  display_select_reg[1]/D
  -------------------------------------------------------------------    -------------------

                         (clock sys_clk rise edge)    0.000     0.000 r  
    W5                                                0.000     0.000 r  clk (IN)
                         net (fo=0)                   0.000     0.000    clk
    W5                   IBUF (Prop_ibuf_I_O)         0.414     0.414 r  clk_IBUF_inst/O
                         net (fo=1, routed)           0.685     1.099    clk_IBUF
    BUFGCTRL_X0Y0        BUFG (Prop_bufg_I_O)         0.029     1.128 r  clk_IBUF_BUFG_inst/O
                         net (fo=31, routed)          0.853     1.980    clk_IBUF_BUFG
    SLICE_X65Y27         FDRE                                         r  display_select_reg[1]/C
                         clock pessimism             -0.512     1.468    
    SLICE_X65Y27         FDRE (Hold_fdre_C_D)         0.107     1.575    display_select_reg[1]
  -------------------------------------------------------------------
                         required time                         -1.575    
                         arrival time                           1.873    
  -------------------------------------------------------------------
                         slack                                  0.298    

Slack (MET) :             0.301ns  (arrival time - required time)
  Source:                 clk_divider_reg_reg[11]/C
                            (rising edge-triggered cell FDRE clocked by sys_clk  {rise@0.000ns fall@5.000ns period=10.000ns})
  Destination:            clk_divider_reg_reg[12]/D
                            (rising edge-triggered cell FDRE clocked by sys_clk  {rise@0.000ns fall@5.000ns period=10.000ns})
  Path Group:             sys_clk
  Path Type:              Hold (Min at Fast Process Corner)
  Requirement:            0.000ns  (sys_clk rise@0.000ns - sys_clk rise@0.000ns)
  Data Path Delay:        0.435ns  (logic 0.310ns (71.185%)  route 0.125ns (28.815%))
  Logic Levels:           1  (CARRY4=1)
  Clock Path Skew:        0.000ns (DCD - SCD - CPR)
    Destination Clock Delay (DCD):    1.978ns
    Source Clock Delay      (SCD):    1.466ns
    Clock Pessimism Removal (CPR):    0.512ns

    Location             Delay type                Incr(ns)  Path(ns)    Netlist Resource(s)
  -------------------------------------------------------------------    -------------------
                         (clock sys_clk rise edge)    0.000     0.000 r  
    W5                                                0.000     0.000 r  clk (IN)
                         net (fo=0)                   0.000     0.000    clk
    W5                   IBUF (Prop_ibuf_I_O)         0.226     0.226 r  clk_IBUF_inst/O
                         net (fo=1, routed)           0.631     0.858    clk_IBUF
    BUFGCTRL_X0Y0        BUFG (Prop_bufg_I_O)         0.026     0.884 r  clk_IBUF_BUFG_inst/O
                         net (fo=31, routed)          0.583     1.466    clk_IBUF_BUFG
    SLICE_X64Y26         FDRE                                         r  clk_divider_reg_reg[11]/C
  -------------------------------------------------------------------    -------------------
    SLICE_X64Y26         FDRE (Prop_fdre_C_Q)         0.164     1.630 r  clk_divider_reg_reg[11]/Q
                         net (fo=2, routed)           0.125     1.756    clk_divider_reg[11]
    SLICE_X64Y26         CARRY4 (Prop_carry4_S[2]_O[3])
                                                      0.146     1.902 r  clk_divider_reg_reg[12]_i_1/O[3]
                         net (fo=1, routed)           0.000     1.902    p_1_in[12]
    SLICE_X64Y26         FDRE                                         r  clk_divider_reg_reg[12]/D
  -------------------------------------------------------------------    -------------------

                         (clock sys_clk rise edge)    0.000     0.000 r  
    W5                                                0.000     0.000 r  clk (IN)
                         net (fo=0)                   0.000     0.000    clk
    W5                   IBUF (Prop_ibuf_I_O)         0.414     0.414 r  clk_IBUF_inst/O
                         net (fo=1, routed)           0.685     1.099    clk_IBUF
    BUFGCTRL_X0Y0        BUFG (Prop_bufg_I_O)         0.029     1.128 r  clk_IBUF_BUFG_inst/O
                         net (fo=31, routed)          0.851     1.978    clk_IBUF_BUFG
    SLICE_X64Y26         FDRE                                         r  clk_divider_reg_reg[12]/C
                         clock pessimism             -0.512     1.466    
    SLICE_X64Y26         FDRE (Hold_fdre_C_D)         0.134     1.600    clk_divider_reg_reg[12]
  -------------------------------------------------------------------
                         required time                         -1.600    
                         arrival time                           1.902    
  -------------------------------------------------------------------
                         slack                                  0.301    





Pulse Width Checks
--------------------------------------------------------------------------------------
Clock Name:         sys_clk
Waveform(ns):       { 0.000 5.000 }
Period(ns):         10.000
Sources:            { clk }

Check Type        Corner  Lib Pin  Reference Pin  Required(ns)  Actual(ns)  Slack(ns)  Location       Pin
Min Period        n/a     BUFG/I   n/a            2.155         10.000      7.845      BUFGCTRL_X0Y0  clk_IBUF_BUFG_inst/I
Min Period        n/a     FDRE/C   n/a            1.000         10.000      9.000      SLICE_X65Y25   clk_divider_reg_reg[0]/C
Min Period        n/a     FDRE/C   n/a            1.000         10.000      9.000      SLICE_X64Y26   clk_divider_reg_reg[10]/C
Min Period        n/a     FDRE/C   n/a            1.000         10.000      9.000      SLICE_X64Y26   clk_divider_reg_reg[11]/C
Min Period        n/a     FDRE/C   n/a            1.000         10.000      9.000      SLICE_X64Y26   clk_divider_reg_reg[12]/C
Min Period        n/a     FDRE/C   n/a            1.000         10.000      9.000      SLICE_X64Y27   clk_divider_reg_reg[13]/C
Min Period        n/a     FDRE/C   n/a            1.000         10.000      9.000      SLICE_X64Y27   clk_divider_reg_reg[14]/C
Min Period        n/a     FDRE/C   n/a            1.000         10.000      9.000      SLICE_X64Y27   clk_divider_reg_reg[15]/C
Min Period        n/a     FDRE/C   n/a            1.000         10.000      9.000      SLICE_X64Y27   clk_divider_reg_reg[16]/C
Min Period        n/a     FDRE/C   n/a            1.000         10.000      9.000      SLICE_X64Y28   clk_divider_reg_reg[17]/C
Low Pulse Width   Slow    FDRE/C   n/a            0.500         5.000       4.500      SLICE_X65Y25   clk_divider_reg_reg[0]/C
Low Pulse Width   Fast    FDRE/C   n/a            0.500         5.000       4.500      SLICE_X65Y25   clk_divider_reg_reg[0]/C
Low Pulse Width   Slow    FDRE/C   n/a            0.500         5.000       4.500      SLICE_X64Y26   clk_divider_reg_reg[10]/C
Low Pulse Width   Fast    FDRE/C   n/a            0.500         5.000       4.500      SLICE_X64Y26   clk_divider_reg_reg[10]/C
Low Pulse Width   Slow    FDRE/C   n/a            0.500         5.000       4.500      SLICE_X64Y26   clk_divider_reg_reg[11]/C
Low Pulse Width   Fast    FDRE/C   n/a            0.500         5.000       4.500      SLICE_X64Y26   clk_divider_reg_reg[11]/C
Low Pulse Width   Slow    FDRE/C   n/a            0.500         5.000       4.500      SLICE_X64Y26   clk_divider_reg_reg[12]/C
Low Pulse Width   Fast    FDRE/C   n/a            0.500         5.000       4.500      SLICE_X64Y26   clk_divider_reg_reg[12]/C
Low Pulse Width   Slow    FDRE/C   n/a            0.500         5.000       4.500      SLICE_X64Y27   clk_divider_reg_reg[13]/C
Low Pulse Width   Fast    FDRE/C   n/a            0.500         5.000       4.500      SLICE_X64Y27   clk_divider_reg_reg[13]/C
High Pulse Width  Slow    FDRE/C   n/a            0.500         5.000       4.500      SLICE_X65Y25   clk_divider_reg_reg[0]/C
High Pulse Width  Fast    FDRE/C   n/a            0.500         5.000       4.500      SLICE_X65Y25   clk_divider_reg_reg[0]/C
High Pulse Width  Slow    FDRE/C   n/a            0.500         5.000       4.500      SLICE_X64Y26   clk_divider_reg_reg[10]/C
High Pulse Width  Fast    FDRE/C   n/a            0.500         5.000       4.500      SLICE_X64Y26   clk_divider_reg_reg[10]/C
High Pulse Width  Slow    FDRE/C   n/a            0.500         5.000       4.500      SLICE_X64Y26   clk_divider_reg_reg[11]/C
High Pulse Width  Fast    FDRE/C   n/a            0.500         5.000       4.500      SLICE_X64Y26   clk_divider_reg_reg[11]/C
High Pulse Width  Slow    FDRE/C   n/a            0.500         5.000       4.500      SLICE_X64Y26   clk_divider_reg_reg[12]/C
High Pulse Width  Fast    FDRE/C   n/a            0.500         5.000       4.500      SLICE_X64Y26   clk_divider_reg_reg[12]/C
High Pulse Width  Slow    FDRE/C   n/a            0.500         5.000       4.500      SLICE_X64Y27   clk_divider_reg_reg[13]/C
High Pulse Width  Fast    FDRE/C   n/a            0.500         5.000       4.500      SLICE_X64Y27   clk_divider_reg_reg[13]/C



--------------------------------------------------------------------------------------
Path Group:  (none)
From Clock:  
  To Clock:  

Max Delay             7 Endpoints
Min Delay             7 Endpoints
--------------------------------------------------------------------------------------


Max Delay Paths
--------------------------------------------------------------------------------------
Slack:                    inf
  Source:                 d[4]
                            (input port)
  Destination:            fnd[0]
                            (output port)
  Path Group:             (none)
  Path Type:              Max at Slow Process Corner
  Data Path Delay:        11.638ns  (logic 5.439ns (46.737%)  route 6.199ns (53.263%))
  Logic Levels:           4  (IBUF=1 LUT5=1 LUT6=1 OBUF=1)

    Location             Delay type                Incr(ns)  Path(ns)    Netlist Resource(s)
  -------------------------------------------------------------------    -------------------
    W15                                               0.000     0.000 r  d[4] (IN)
                         net (fo=0)                   0.000     0.000    d[4]
    W15                  IBUF (Prop_ibuf_I_O)         1.451     1.451 r  d_IBUF[4]_inst/O
                         net (fo=3, routed)           1.586     3.036    d_IBUF[4]
    SLICE_X0Y11          LUT5 (Prop_lut5_I3_O)        0.152     3.188 r  fnd_OBUF[6]_inst_i_3/O
                         net (fo=7, routed)           0.887     4.076    fnd_OBUF[6]_inst_i_3_n_0
    SLICE_X9Y11          LUT6 (Prop_lut6_I4_O)        0.326     4.402 r  fnd_OBUF[0]_inst_i_1/O
                         net (fo=1, routed)           3.726     8.128    fnd_OBUF[0]
    W7                   OBUF (Prop_obuf_I_O)         3.511    11.638 r  fnd_OBUF[0]_inst/O
                         net (fo=0)                   0.000    11.638    fnd[0]
    W7                                                                r  fnd[0] (OUT)
  -------------------------------------------------------------------    -------------------

Slack:                    inf
  Source:                 d[4]
                            (input port)
  Destination:            fnd[3]
                            (output port)
  Path Group:             (none)
  Path Type:              Max at Slow Process Corner
  Data Path Delay:        11.580ns  (logic 5.464ns (47.188%)  route 6.116ns (52.812%))
  Logic Levels:           4  (IBUF=1 LUT5=1 LUT6=1 OBUF=1)

    Location             Delay type                Incr(ns)  Path(ns)    Netlist Resource(s)
  -------------------------------------------------------------------    -------------------
    W15                                               0.000     0.000 r  d[4] (IN)
                         net (fo=0)                   0.000     0.000    d[4]
    W15                  IBUF (Prop_ibuf_I_O)         1.451     1.451 r  d_IBUF[4]_inst/O
                         net (fo=3, routed)           1.586     3.036    d_IBUF[4]
    SLICE_X0Y11          LUT5 (Prop_lut5_I3_O)        0.152     3.188 r  fnd_OBUF[6]_inst_i_3/O
                         net (fo=7, routed)           1.107     4.296    fnd_OBUF[6]_inst_i_3_n_0
    SLICE_X8Y11          LUT6 (Prop_lut6_I4_O)        0.326     4.622 r  fnd_OBUF[3]_inst_i_1/O
                         net (fo=1, routed)           3.423     8.044    fnd_OBUF[3]
    V8                   OBUF (Prop_obuf_I_O)         3.536    11.580 r  fnd_OBUF[3]_inst/O
                         net (fo=0)                   0.000    11.580    fnd[3]
    V8                                                                r  fnd[3] (OUT)
  -------------------------------------------------------------------    -------------------

Slack:                    inf
  Source:                 d[4]
                            (input port)
  Destination:            fnd[2]
                            (output port)
  Path Group:             (none)
  Path Type:              Max at Slow Process Corner
  Data Path Delay:        11.572ns  (logic 5.464ns (47.216%)  route 6.108ns (52.784%))
  Logic Levels:           4  (IBUF=1 LUT5=1 LUT6=1 OBUF=1)

    Location             Delay type                Incr(ns)  Path(ns)    Netlist Resource(s)
  -------------------------------------------------------------------    -------------------
    W15                                               0.000     0.000 r  d[4] (IN)
                         net (fo=0)                   0.000     0.000    d[4]
    W15                  IBUF (Prop_ibuf_I_O)         1.451     1.451 r  d_IBUF[4]_inst/O
                         net (fo=3, routed)           1.586     3.036    d_IBUF[4]
    SLICE_X0Y11          LUT5 (Prop_lut5_I3_O)        0.152     3.188 r  fnd_OBUF[6]_inst_i_3/O
                         net (fo=7, routed)           0.906     4.095    fnd_OBUF[6]_inst_i_3_n_0
    SLICE_X8Y11          LUT6 (Prop_lut6_I4_O)        0.326     4.421 r  fnd_OBUF[2]_inst_i_1/O
                         net (fo=1, routed)           3.616     8.037    fnd_OBUF[2]
    U8                   OBUF (Prop_obuf_I_O)         3.535    11.572 r  fnd_OBUF[2]_inst/O
                         net (fo=0)                   0.000    11.572    fnd[2]
    U8                                                                r  fnd[2] (OUT)
  -------------------------------------------------------------------    -------------------

Slack:                    inf
  Source:                 d[4]
                            (input port)
  Destination:            fnd[4]
                            (output port)
  Path Group:             (none)
  Path Type:              Max at Slow Process Corner
  Data Path Delay:        11.558ns  (logic 5.449ns (47.141%)  route 6.110ns (52.859%))
  Logic Levels:           4  (IBUF=1 LUT5=1 LUT6=1 OBUF=1)

    Location             Delay type                Incr(ns)  Path(ns)    Netlist Resource(s)
  -------------------------------------------------------------------    -------------------
    W15                                               0.000     0.000 r  d[4] (IN)
                         net (fo=0)                   0.000     0.000    d[4]
    W15                  IBUF (Prop_ibuf_I_O)         1.451     1.451 r  d_IBUF[4]_inst/O
                         net (fo=3, routed)           1.586     3.036    d_IBUF[4]
    SLICE_X0Y11          LUT5 (Prop_lut5_I3_O)        0.152     3.188 r  fnd_OBUF[6]_inst_i_3/O
                         net (fo=7, routed)           1.120     4.309    fnd_OBUF[6]_inst_i_3_n_0
    SLICE_X9Y11          LUT6 (Prop_lut6_I4_O)        0.326     4.635 r  fnd_OBUF[4]_inst_i_1/O
                         net (fo=1, routed)           3.404     8.038    fnd_OBUF[4]
    U5                   OBUF (Prop_obuf_I_O)         3.520    11.558 r  fnd_OBUF[4]_inst/O
                         net (fo=0)                   0.000    11.558    fnd[4]
    U5                                                                r  fnd[4] (OUT)
  -------------------------------------------------------------------    -------------------

Slack:                    inf
  Source:                 d[4]
                            (input port)
  Destination:            fnd[1]
                            (output port)
  Path Group:             (none)
  Path Type:              Max at Slow Process Corner
  Data Path Delay:        11.350ns  (logic 5.228ns (46.059%)  route 6.122ns (53.941%))
  Logic Levels:           4  (IBUF=1 LUT5=1 LUT6=1 OBUF=1)

    Location             Delay type                Incr(ns)  Path(ns)    Netlist Resource(s)
  -------------------------------------------------------------------    -------------------
    W15                                               0.000     0.000 r  d[4] (IN)
                         net (fo=0)                   0.000     0.000    d[4]
    W15                  IBUF (Prop_ibuf_I_O)         1.451     1.451 r  d_IBUF[4]_inst/O
                         net (fo=3, routed)           1.586     3.036    d_IBUF[4]
    SLICE_X0Y11          LUT5 (Prop_lut5_I1_O)        0.124     3.160 r  fnd_OBUF[6]_inst_i_4/O
                         net (fo=7, routed)           1.099     4.260    fnd_OBUF[6]_inst_i_4_n_0
    SLICE_X9Y11          LUT6 (Prop_lut6_I5_O)        0.124     4.384 r  fnd_OBUF[1]_inst_i_1/O
                         net (fo=1, routed)           3.438     7.821    fnd_OBUF[1]
    W6                   OBUF (Prop_obuf_I_O)         3.529    11.350 r  fnd_OBUF[1]_inst/O
                         net (fo=0)                   0.000    11.350    fnd[1]
    W6                                                                r  fnd[1] (OUT)
  -------------------------------------------------------------------    -------------------

Slack:                    inf
  Source:                 d[4]
                            (input port)
  Destination:            fnd[6]
                            (output port)
  Path Group:             (none)
  Path Type:              Max at Slow Process Corner
  Data Path Delay:        11.303ns  (logic 5.460ns (48.308%)  route 5.843ns (51.692%))
  Logic Levels:           4  (IBUF=1 LUT5=1 LUT6=1 OBUF=1)

    Location             Delay type                Incr(ns)  Path(ns)    Netlist Resource(s)
  -------------------------------------------------------------------    -------------------
    W15                                               0.000     0.000 r  d[4] (IN)
                         net (fo=0)                   0.000     0.000    d[4]
    W15                  IBUF (Prop_ibuf_I_O)         1.451     1.451 r  d_IBUF[4]_inst/O
                         net (fo=3, routed)           1.586     3.036    d_IBUF[4]
    SLICE_X0Y11          LUT5 (Prop_lut5_I3_O)        0.152     3.188 r  fnd_OBUF[6]_inst_i_3/O
                         net (fo=7, routed)           0.689     3.878    fnd_OBUF[6]_inst_i_3_n_0
    SLICE_X8Y11          LUT6 (Prop_lut6_I4_O)        0.326     4.204 r  fnd_OBUF[6]_inst_i_1/O
                         net (fo=1, routed)           3.568     7.772    fnd_OBUF[6]
    U7                   OBUF (Prop_obuf_I_O)         3.531    11.303 r  fnd_OBUF[6]_inst/O
                         net (fo=0)                   0.000    11.303    fnd[6]
    U7                                                                r  fnd[6] (OUT)
  -------------------------------------------------------------------    -------------------

Slack:                    inf
  Source:                 d[4]
                            (input port)
  Destination:            fnd[5]
                            (output port)
  Path Group:             (none)
  Path Type:              Max at Slow Process Corner
  Data Path Delay:        10.931ns  (logic 5.433ns (49.705%)  route 5.498ns (50.295%))
  Logic Levels:           4  (IBUF=1 LUT5=1 LUT6=1 OBUF=1)

    Location             Delay type                Incr(ns)  Path(ns)    Netlist Resource(s)
  -------------------------------------------------------------------    -------------------
    W15                                               0.000     0.000 r  d[4] (IN)
                         net (fo=0)                   0.000     0.000    d[4]
    W15                  IBUF (Prop_ibuf_I_O)         1.451     1.451 r  d_IBUF[4]_inst/O
                         net (fo=3, routed)           1.586     3.036    d_IBUF[4]
    SLICE_X0Y11          LUT5 (Prop_lut5_I3_O)        0.152     3.188 r  fnd_OBUF[6]_inst_i_3/O
                         net (fo=7, routed)           1.125     4.314    fnd_OBUF[6]_inst_i_3_n_0
    SLICE_X9Y11          LUT6 (Prop_lut6_I4_O)        0.326     4.640 r  fnd_OBUF[5]_inst_i_1/O
                         net (fo=1, routed)           2.787     7.426    fnd_OBUF[5]
    V5                   OBUF (Prop_obuf_I_O)         3.504    10.931 r  fnd_OBUF[5]_inst/O
                         net (fo=0)                   0.000    10.931    fnd[5]
    V5                                                                r  fnd[5] (OUT)
  -------------------------------------------------------------------    -------------------





Min Delay Paths
--------------------------------------------------------------------------------------
Slack:                    inf
  Source:                 d[1]
                            (input port)
  Destination:            fnd[5]
                            (output port)
  Path Group:             (none)
  Path Type:              Min at Fast Process Corner
  Data Path Delay:        2.947ns  (logic 1.480ns (50.218%)  route 1.467ns (49.782%))
  Logic Levels:           3  (IBUF=1 LUT6=1 OBUF=1)

    Location             Delay type                Incr(ns)  Path(ns)    Netlist Resource(s)
  -------------------------------------------------------------------    -------------------
    V16                                               0.000     0.000 r  d[1] (IN)
                         net (fo=0)                   0.000     0.000    d[1]
    V16                  IBUF (Prop_ibuf_I_O)         0.229     0.229 r  d_IBUF[1]_inst/O
                         net (fo=7, routed)           0.623     0.853    d_IBUF[1]
    SLICE_X9Y11          LUT6 (Prop_lut6_I1_O)        0.045     0.898 r  fnd_OBUF[5]_inst_i_1/O
                         net (fo=1, routed)           0.844     1.741    fnd_OBUF[5]
    V5                   OBUF (Prop_obuf_I_O)         1.206     2.947 r  fnd_OBUF[5]_inst/O
                         net (fo=0)                   0.000     2.947    fnd[5]
    V5                                                                r  fnd[5] (OUT)
  -------------------------------------------------------------------    -------------------

Slack:                    inf
  Source:                 d[2]
                            (input port)
  Destination:            fnd[1]
                            (output port)
  Path Group:             (none)
  Path Type:              Min at Fast Process Corner
  Data Path Delay:        3.317ns  (logic 1.507ns (45.422%)  route 1.811ns (54.578%))
  Logic Levels:           3  (IBUF=1 LUT6=1 OBUF=1)

    Location             Delay type                Incr(ns)  Path(ns)    Netlist Resource(s)
  -------------------------------------------------------------------    -------------------
    W16                                               0.000     0.000 r  d[2] (IN)
                         net (fo=0)                   0.000     0.000    d[2]
    W16                  IBUF (Prop_ibuf_I_O)         0.232     0.232 r  d_IBUF[2]_inst/O
                         net (fo=7, routed)           0.589     0.821    d_IBUF[2]
    SLICE_X9Y11          LUT6 (Prop_lut6_I2_O)        0.045     0.866 r  fnd_OBUF[1]_inst_i_1/O
                         net (fo=1, routed)           1.222     2.087    fnd_OBUF[1]
    W6                   OBUF (Prop_obuf_I_O)         1.230     3.317 r  fnd_OBUF[1]_inst/O
                         net (fo=0)                   0.000     3.317    fnd[1]
    W6                                                                r  fnd[1] (OUT)
  -------------------------------------------------------------------    -------------------

Slack:                    inf
  Source:                 d[2]
                            (input port)
  Destination:            fnd[4]
                            (output port)
  Path Group:             (none)
  Path Type:              Min at Fast Process Corner
  Data Path Delay:        3.324ns  (logic 1.498ns (45.053%)  route 1.827ns (54.947%))
  Logic Levels:           3  (IBUF=1 LUT6=1 OBUF=1)

    Location             Delay type                Incr(ns)  Path(ns)    Netlist Resource(s)
  -------------------------------------------------------------------    -------------------
    W16                                               0.000     0.000 r  d[2] (IN)
                         net (fo=0)                   0.000     0.000    d[2]
    W16                  IBUF (Prop_ibuf_I_O)         0.232     0.232 r  d_IBUF[2]_inst/O
                         net (fo=7, routed)           0.621     0.853    d_IBUF[2]
    SLICE_X9Y11          LUT6 (Prop_lut6_I2_O)        0.045     0.898 r  fnd_OBUF[4]_inst_i_1/O
                         net (fo=1, routed)           1.206     2.103    fnd_OBUF[4]
    U5                   OBUF (Prop_obuf_I_O)         1.221     3.324 r  fnd_OBUF[4]_inst/O
                         net (fo=0)                   0.000     3.324    fnd[4]
    U5                                                                r  fnd[4] (OUT)
  -------------------------------------------------------------------    -------------------

Slack:                    inf
  Source:                 d[3]
                            (input port)
  Destination:            fnd[3]
                            (output port)
  Path Group:             (none)
  Path Type:              Min at Fast Process Corner
  Data Path Delay:        3.347ns  (logic 1.498ns (44.756%)  route 1.849ns (55.244%))
  Logic Levels:           3  (IBUF=1 LUT6=1 OBUF=1)

    Location             Delay type                Incr(ns)  Path(ns)    Netlist Resource(s)
  -------------------------------------------------------------------    -------------------
    W17                                               0.000     0.000 r  d[3] (IN)
                         net (fo=0)                   0.000     0.000    d[3]
    W17                  IBUF (Prop_ibuf_I_O)         0.217     0.217 r  d_IBUF[3]_inst/O
                         net (fo=7, routed)           0.636     0.852    d_IBUF[3]
    SLICE_X8Y11          LUT6 (Prop_lut6_I3_O)        0.045     0.897 r  fnd_OBUF[3]_inst_i_1/O
                         net (fo=1, routed)           1.214     2.111    fnd_OBUF[3]
    V8                   OBUF (Prop_obuf_I_O)         1.236     3.347 r  fnd_OBUF[3]_inst/O
                         net (fo=0)                   0.000     3.347    fnd[3]
    V8                                                                r  fnd[3] (OUT)
  -------------------------------------------------------------------    -------------------

Slack:                    inf
  Source:                 d[3]
                            (input port)
  Destination:            fnd[0]
                            (output port)
  Path Group:             (none)
  Path Type:              Min at Fast Process Corner
  Data Path Delay:        3.371ns  (logic 1.473ns (43.715%)  route 1.897ns (56.285%))
  Logic Levels:           3  (IBUF=1 LUT6=1 OBUF=1)

    Location             Delay type                Incr(ns)  Path(ns)    Netlist Resource(s)
  -------------------------------------------------------------------    -------------------
    W17                                               0.000     0.000 r  d[3] (IN)
                         net (fo=0)                   0.000     0.000    d[3]
    W17                  IBUF (Prop_ibuf_I_O)         0.217     0.217 r  d_IBUF[3]_inst/O
                         net (fo=7, routed)           0.557     0.774    d_IBUF[3]
    SLICE_X9Y11          LUT6 (Prop_lut6_I3_O)        0.045     0.819 r  fnd_OBUF[0]_inst_i_1/O
                         net (fo=1, routed)           1.340     2.159    fnd_OBUF[0]
    W7                   OBUF (Prop_obuf_I_O)         1.212     3.371 r  fnd_OBUF[0]_inst/O
                         net (fo=0)                   0.000     3.371    fnd[0]
    W7                                                                r  fnd[0] (OUT)
  -------------------------------------------------------------------    -------------------

Slack:                    inf
  Source:                 d[2]
                            (input port)
  Destination:            fnd[2]
                            (output port)
  Path Group:             (none)
  Path Type:              Min at Fast Process Corner
  Data Path Delay:        3.430ns  (logic 1.513ns (44.105%)  route 1.917ns (55.895%))
  Logic Levels:           3  (IBUF=1 LUT6=1 OBUF=1)

    Location             Delay type                Incr(ns)  Path(ns)    Netlist Resource(s)
  -------------------------------------------------------------------    -------------------
    W16                                               0.000     0.000 r  d[2] (IN)
                         net (fo=0)                   0.000     0.000    d[2]
    W16                  IBUF (Prop_ibuf_I_O)         0.232     0.232 r  d_IBUF[2]_inst/O
                         net (fo=7, routed)           0.622     0.854    d_IBUF[2]
    SLICE_X8Y11          LUT6 (Prop_lut6_I2_O)        0.045     0.899 r  fnd_OBUF[2]_inst_i_1/O
                         net (fo=1, routed)           1.295     2.194    fnd_OBUF[2]
    U8                   OBUF (Prop_obuf_I_O)         1.236     3.430 r  fnd_OBUF[2]_inst/O
                         net (fo=0)                   0.000     3.430    fnd[2]
    U8                                                                r  fnd[2] (OUT)
  -------------------------------------------------------------------    -------------------

Slack:                    inf
  Source:                 d[1]
                            (input port)
  Destination:            fnd[6]
                            (output port)
  Path Group:             (none)
  Path Type:              Min at Fast Process Corner
  Data Path Delay:        3.433ns  (logic 1.507ns (43.888%)  route 1.926ns (56.112%))
  Logic Levels:           3  (IBUF=1 LUT6=1 OBUF=1)

    Location             Delay type                Incr(ns)  Path(ns)    Netlist Resource(s)
  -------------------------------------------------------------------    -------------------
    V16                                               0.000     0.000 r  d[1] (IN)
                         net (fo=0)                   0.000     0.000    d[1]
    V16                  IBUF (Prop_ibuf_I_O)         0.229     0.229 r  d_IBUF[1]_inst/O
                         net (fo=7, routed)           0.648     0.878    d_IBUF[1]
    SLICE_X8Y11          LUT6 (Prop_lut6_I1_O)        0.045     0.923 r  fnd_OBUF[6]_inst_i_1/O
                         net (fo=1, routed)           1.278     2.201    fnd_OBUF[6]
    U7                   OBUF (Prop_obuf_I_O)         1.232     3.433 r  fnd_OBUF[6]_inst/O
                         net (fo=0)                   0.000     3.433    fnd[6]
    U7                                                                r  fnd[6] (OUT)
  -------------------------------------------------------------------    -------------------





--------------------------------------------------------------------------------------
Path Group:  (none)
From Clock:  sys_clk
  To Clock:  

Max Delay             4 Endpoints
Min Delay             4 Endpoints
--------------------------------------------------------------------------------------


Max Delay Paths
--------------------------------------------------------------------------------------
Slack:                    inf
  Source:                 fndsel4_reg/C
                            (rising edge-triggered cell FDRE clocked by sys_clk  {rise@0.000ns fall@5.000ns period=10.000ns})
  Destination:            fndsel4
                            (output port)
  Path Group:             (none)
  Path Type:              Max at Slow Process Corner
  Data Path Delay:        5.915ns  (logic 4.102ns (69.353%)  route 1.813ns (30.647%))
  Logic Levels:           1  (OBUF=1)
  Clock Uncertainty:      0.025ns  ((TSJ^2 + TIJ^2)^1/2 + DJ) / 2 + PE
    Total System Jitter     (TSJ):    0.050ns
    Total Input Jitter      (TIJ):    0.000ns
    Discrete Jitter          (DJ):    0.000ns
    Phase Error              (PE):    0.000ns

    Location             Delay type                Incr(ns)  Path(ns)    Netlist Resource(s)
  -------------------------------------------------------------------    -------------------
                         (clock sys_clk rise edge)    0.000     0.000 r  
    W5                                                0.000     0.000 r  clk (IN)
                         net (fo=0)                   0.000     0.000    clk
    W5                   IBUF (Prop_ibuf_I_O)         1.458     1.458 r  clk_IBUF_inst/O
                         net (fo=1, routed)           1.967     3.425    clk_IBUF
    BUFGCTRL_X0Y0        BUFG (Prop_bufg_I_O)         0.096     3.521 r  clk_IBUF_BUFG_inst/O
                         net (fo=31, routed)          1.621     5.142    clk_IBUF_BUFG
    SLICE_X65Y27         FDRE                                         r  fndsel4_reg/C
  -------------------------------------------------------------------    -------------------
    SLICE_X65Y27         FDRE (Prop_fdre_C_Q)         0.419     5.561 r  fndsel4_reg/Q
                         net (fo=1, routed)           1.813     7.374    fndsel4_OBUF
    W4                   OBUF (Prop_obuf_I_O)         3.683    11.057 r  fndsel4_OBUF_inst/O
                         net (fo=0)                   0.000    11.057    fndsel4
    W4                                                                r  fndsel4 (OUT)
  -------------------------------------------------------------------    -------------------

Slack:                    inf
  Source:                 fndsel1_reg/C
                            (rising edge-triggered cell FDRE clocked by sys_clk  {rise@0.000ns fall@5.000ns period=10.000ns})
  Destination:            fndsel1
                            (output port)
  Path Group:             (none)
  Path Type:              Max at Slow Process Corner
  Data Path Delay:        5.824ns  (logic 3.959ns (67.971%)  route 1.865ns (32.029%))
  Logic Levels:           1  (OBUF=1)
  Clock Uncertainty:      0.025ns  ((TSJ^2 + TIJ^2)^1/2 + DJ) / 2 + PE
    Total System Jitter     (TSJ):    0.050ns
    Total Input Jitter      (TIJ):    0.000ns
    Discrete Jitter          (DJ):    0.000ns
    Phase Error              (PE):    0.000ns

    Location             Delay type                Incr(ns)  Path(ns)    Netlist Resource(s)
  -------------------------------------------------------------------    -------------------
                         (clock sys_clk rise edge)    0.000     0.000 r  
    W5                                                0.000     0.000 r  clk (IN)
                         net (fo=0)                   0.000     0.000    clk
    W5                   IBUF (Prop_ibuf_I_O)         1.458     1.458 r  clk_IBUF_inst/O
                         net (fo=1, routed)           1.967     3.425    clk_IBUF
    BUFGCTRL_X0Y0        BUFG (Prop_bufg_I_O)         0.096     3.521 r  clk_IBUF_BUFG_inst/O
                         net (fo=31, routed)          1.621     5.142    clk_IBUF_BUFG
    SLICE_X65Y27         FDRE                                         r  fndsel1_reg/C
  -------------------------------------------------------------------    -------------------
    SLICE_X65Y27         FDRE (Prop_fdre_C_Q)         0.456     5.598 r  fndsel1_reg/Q
                         net (fo=1, routed)           1.865     7.464    fndsel1_OBUF
    U2                   OBUF (Prop_obuf_I_O)         3.503    10.967 r  fndsel1_OBUF_inst/O
                         net (fo=0)                   0.000    10.967    fndsel1
    U2                                                                r  fndsel1 (OUT)
  -------------------------------------------------------------------    -------------------

Slack:                    inf
  Source:                 fndsel2_reg/C
                            (rising edge-triggered cell FDRE clocked by sys_clk  {rise@0.000ns fall@5.000ns period=10.000ns})
  Destination:            fndsel2
                            (output port)
  Path Group:             (none)
  Path Type:              Max at Slow Process Corner
  Data Path Delay:        5.757ns  (logic 4.090ns (71.050%)  route 1.667ns (28.950%))
  Logic Levels:           1  (OBUF=1)
  Clock Uncertainty:      0.025ns  ((TSJ^2 + TIJ^2)^1/2 + DJ) / 2 + PE
    Total System Jitter     (TSJ):    0.050ns
    Total Input Jitter      (TIJ):    0.000ns
    Discrete Jitter          (DJ):    0.000ns
    Phase Error              (PE):    0.000ns

    Location             Delay type                Incr(ns)  Path(ns)    Netlist Resource(s)
  -------------------------------------------------------------------    -------------------
                         (clock sys_clk rise edge)    0.000     0.000 r  
    W5                                                0.000     0.000 r  clk (IN)
                         net (fo=0)                   0.000     0.000    clk
    W5                   IBUF (Prop_ibuf_I_O)         1.458     1.458 r  clk_IBUF_inst/O
                         net (fo=1, routed)           1.967     3.425    clk_IBUF
    BUFGCTRL_X0Y0        BUFG (Prop_bufg_I_O)         0.096     3.521 r  clk_IBUF_BUFG_inst/O
                         net (fo=31, routed)          1.621     5.142    clk_IBUF_BUFG
    SLICE_X65Y27         FDRE                                         r  fndsel2_reg/C
  -------------------------------------------------------------------    -------------------
    SLICE_X65Y27         FDRE (Prop_fdre_C_Q)         0.419     5.561 r  fndsel2_reg/Q
                         net (fo=1, routed)           1.667     7.228    fndsel2_OBUF
    U4                   OBUF (Prop_obuf_I_O)         3.671    10.899 r  fndsel2_OBUF_inst/O
                         net (fo=0)                   0.000    10.899    fndsel2
    U4                                                                r  fndsel2 (OUT)
  -------------------------------------------------------------------    -------------------

Slack:                    inf
  Source:                 fndsel3_reg/C
                            (rising edge-triggered cell FDRE clocked by sys_clk  {rise@0.000ns fall@5.000ns period=10.000ns})
  Destination:            fndsel3
                            (output port)
  Path Group:             (none)
  Path Type:              Max at Slow Process Corner
  Data Path Delay:        5.639ns  (logic 3.979ns (70.558%)  route 1.660ns (29.442%))
  Logic Levels:           1  (OBUF=1)
  Clock Uncertainty:      0.025ns  ((TSJ^2 + TIJ^2)^1/2 + DJ) / 2 + PE
    Total System Jitter     (TSJ):    0.050ns
    Total Input Jitter      (TIJ):    0.000ns
    Discrete Jitter          (DJ):    0.000ns
    Phase Error              (PE):    0.000ns

    Location             Delay type                Incr(ns)  Path(ns)    Netlist Resource(s)
  -------------------------------------------------------------------    -------------------
                         (clock sys_clk rise edge)    0.000     0.000 r  
    W5                                                0.000     0.000 r  clk (IN)
                         net (fo=0)                   0.000     0.000    clk
    W5                   IBUF (Prop_ibuf_I_O)         1.458     1.458 r  clk_IBUF_inst/O
                         net (fo=1, routed)           1.967     3.425    clk_IBUF
    BUFGCTRL_X0Y0        BUFG (Prop_bufg_I_O)         0.096     3.521 r  clk_IBUF_BUFG_inst/O
                         net (fo=31, routed)          1.621     5.142    clk_IBUF_BUFG
    SLICE_X65Y27         FDRE                                         r  fndsel3_reg/C
  -------------------------------------------------------------------    -------------------
    SLICE_X65Y27         FDRE (Prop_fdre_C_Q)         0.456     5.598 r  fndsel3_reg/Q
                         net (fo=1, routed)           1.660     7.259    fndsel3_OBUF
    V4                   OBUF (Prop_obuf_I_O)         3.523    10.782 r  fndsel3_OBUF_inst/O
                         net (fo=0)                   0.000    10.782    fndsel3
    V4                                                                r  fndsel3 (OUT)
  -------------------------------------------------------------------    -------------------





Min Delay Paths
--------------------------------------------------------------------------------------
Slack:                    inf
  Source:                 fndsel3_reg/C
                            (rising edge-triggered cell FDRE clocked by sys_clk  {rise@0.000ns fall@5.000ns period=10.000ns})
  Destination:            fndsel3
                            (output port)
  Path Group:             (none)
  Path Type:              Min at Fast Process Corner
  Data Path Delay:        1.696ns  (logic 1.365ns (80.469%)  route 0.331ns (19.531%))
  Logic Levels:           1  (OBUF=1)
  Clock Uncertainty:      0.025ns  ((TSJ^2 + TIJ^2)^1/2 + DJ) / 2 + PE
    Total System Jitter     (TSJ):    0.050ns
    Total Input Jitter      (TIJ):    0.000ns
    Discrete Jitter          (DJ):    0.000ns
    Phase Error              (PE):    0.000ns

    Location             Delay type                Incr(ns)  Path(ns)    Netlist Resource(s)
  -------------------------------------------------------------------    -------------------
                         (clock sys_clk rise edge)    0.000     0.000 r  
    W5                                                0.000     0.000 r  clk (IN)
                         net (fo=0)                   0.000     0.000    clk
    W5                   IBUF (Prop_ibuf_I_O)         0.226     0.226 r  clk_IBUF_inst/O
                         net (fo=1, routed)           0.631     0.858    clk_IBUF
    BUFGCTRL_X0Y0        BUFG (Prop_bufg_I_O)         0.026     0.884 r  clk_IBUF_BUFG_inst/O
                         net (fo=31, routed)          0.585     1.468    clk_IBUF_BUFG
    SLICE_X65Y27         FDRE                                         r  fndsel3_reg/C
  -------------------------------------------------------------------    -------------------
    SLICE_X65Y27         FDRE (Prop_fdre_C_Q)         0.141     1.609 r  fndsel3_reg/Q
                         net (fo=1, routed)           0.331     1.940    fndsel3_OBUF
    V4                   OBUF (Prop_obuf_I_O)         1.224     3.164 r  fndsel3_OBUF_inst/O
                         net (fo=0)                   0.000     3.164    fndsel3
    V4                                                                r  fndsel3 (OUT)
  -------------------------------------------------------------------    -------------------

Slack:                    inf
  Source:                 fndsel2_reg/C
                            (rising edge-triggered cell FDRE clocked by sys_clk  {rise@0.000ns fall@5.000ns period=10.000ns})
  Destination:            fndsel2
                            (output port)
  Path Group:             (none)
  Path Type:              Min at Fast Process Corner
  Data Path Delay:        1.716ns  (logic 1.381ns (80.503%)  route 0.335ns (19.497%))
  Logic Levels:           1  (OBUF=1)
  Clock Uncertainty:      0.025ns  ((TSJ^2 + TIJ^2)^1/2 + DJ) / 2 + PE
    Total System Jitter     (TSJ):    0.050ns
    Total Input Jitter      (TIJ):    0.000ns
    Discrete Jitter          (DJ):    0.000ns
    Phase Error              (PE):    0.000ns

    Location             Delay type                Incr(ns)  Path(ns)    Netlist Resource(s)
  -------------------------------------------------------------------    -------------------
                         (clock sys_clk rise edge)    0.000     0.000 r  
    W5                                                0.000     0.000 r  clk (IN)
                         net (fo=0)                   0.000     0.000    clk
    W5                   IBUF (Prop_ibuf_I_O)         0.226     0.226 r  clk_IBUF_inst/O
                         net (fo=1, routed)           0.631     0.858    clk_IBUF
    BUFGCTRL_X0Y0        BUFG (Prop_bufg_I_O)         0.026     0.884 r  clk_IBUF_BUFG_inst/O
                         net (fo=31, routed)          0.585     1.468    clk_IBUF_BUFG
    SLICE_X65Y27         FDRE                                         r  fndsel2_reg/C
  -------------------------------------------------------------------    -------------------
    SLICE_X65Y27         FDRE (Prop_fdre_C_Q)         0.128     1.596 r  fndsel2_reg/Q
                         net (fo=1, routed)           0.335     1.931    fndsel2_OBUF
    U4                   OBUF (Prop_obuf_I_O)         1.253     3.184 r  fndsel2_OBUF_inst/O
                         net (fo=0)                   0.000     3.184    fndsel2
    U4                                                                r  fndsel2 (OUT)
  -------------------------------------------------------------------    -------------------

Slack:                    inf
  Source:                 fndsel1_reg/C
                            (rising edge-triggered cell FDRE clocked by sys_clk  {rise@0.000ns fall@5.000ns period=10.000ns})
  Destination:            fndsel1
                            (output port)
  Path Group:             (none)
  Path Type:              Min at Fast Process Corner
  Data Path Delay:        1.750ns  (logic 1.345ns (76.881%)  route 0.404ns (23.119%))
  Logic Levels:           1  (OBUF=1)
  Clock Uncertainty:      0.025ns  ((TSJ^2 + TIJ^2)^1/2 + DJ) / 2 + PE
    Total System Jitter     (TSJ):    0.050ns
    Total Input Jitter      (TIJ):    0.000ns
    Discrete Jitter          (DJ):    0.000ns
    Phase Error              (PE):    0.000ns

    Location             Delay type                Incr(ns)  Path(ns)    Netlist Resource(s)
  -------------------------------------------------------------------    -------------------
                         (clock sys_clk rise edge)    0.000     0.000 r  
    W5                                                0.000     0.000 r  clk (IN)
                         net (fo=0)                   0.000     0.000    clk
    W5                   IBUF (Prop_ibuf_I_O)         0.226     0.226 r  clk_IBUF_inst/O
                         net (fo=1, routed)           0.631     0.858    clk_IBUF
    BUFGCTRL_X0Y0        BUFG (Prop_bufg_I_O)         0.026     0.884 r  clk_IBUF_BUFG_inst/O
                         net (fo=31, routed)          0.585     1.468    clk_IBUF_BUFG
    SLICE_X65Y27         FDRE                                         r  fndsel1_reg/C
  -------------------------------------------------------------------    -------------------
    SLICE_X65Y27         FDRE (Prop_fdre_C_Q)         0.141     1.609 r  fndsel1_reg/Q
                         net (fo=1, routed)           0.404     2.014    fndsel1_OBUF
    U2                   OBUF (Prop_obuf_I_O)         1.204     3.218 r  fndsel1_OBUF_inst/O
                         net (fo=0)                   0.000     3.218    fndsel1
    U2                                                                r  fndsel1 (OUT)
  -------------------------------------------------------------------    -------------------

Slack:                    inf
  Source:                 fndsel4_reg/C
                            (rising edge-triggered cell FDRE clocked by sys_clk  {rise@0.000ns fall@5.000ns period=10.000ns})
  Destination:            fndsel4
                            (output port)
  Path Group:             (none)
  Path Type:              Min at Fast Process Corner
  Data Path Delay:        1.788ns  (logic 1.392ns (77.864%)  route 0.396ns (22.136%))
  Logic Levels:           1  (OBUF=1)
  Clock Uncertainty:      0.025ns  ((TSJ^2 + TIJ^2)^1/2 + DJ) / 2 + PE
    Total System Jitter     (TSJ):    0.050ns
    Total Input Jitter      (TIJ):    0.000ns
    Discrete Jitter          (DJ):    0.000ns
    Phase Error              (PE):    0.000ns

    Location             Delay type                Incr(ns)  Path(ns)    Netlist Resource(s)
  -------------------------------------------------------------------    -------------------
                         (clock sys_clk rise edge)    0.000     0.000 r  
    W5                                                0.000     0.000 r  clk (IN)
                         net (fo=0)                   0.000     0.000    clk
    W5                   IBUF (Prop_ibuf_I_O)         0.226     0.226 r  clk_IBUF_inst/O
                         net (fo=1, routed)           0.631     0.858    clk_IBUF
    BUFGCTRL_X0Y0        BUFG (Prop_bufg_I_O)         0.026     0.884 r  clk_IBUF_BUFG_inst/O
                         net (fo=31, routed)          0.585     1.468    clk_IBUF_BUFG
    SLICE_X65Y27         FDRE                                         r  fndsel4_reg/C
  -------------------------------------------------------------------    -------------------
    SLICE_X65Y27         FDRE (Prop_fdre_C_Q)         0.128     1.596 r  fndsel4_reg/Q
                         net (fo=1, routed)           0.396     1.992    fndsel4_OBUF
    W4                   OBUF (Prop_obuf_I_O)         1.264     3.256 r  fndsel4_OBUF_inst/O
                         net (fo=0)                   0.000     3.256    fndsel4
    W4                                                                r  fndsel4 (OUT)
  -------------------------------------------------------------------    -------------------





